18:00:49 INFO  : Registering command handlers for SDK TCF services
18:00:50 INFO  : Launching XSCT server: xsct.bat -interactive C:\work\teamp1\teamp1.sdk\temp_xsdb_launch_script.tcl
18:00:52 INFO  : XSCT server has started successfully.
18:00:52 INFO  : Successfully done setting XSCT server connection channel  
18:00:52 INFO  : Successfully done setting SDK workspace  
18:00:52 INFO  : Processing command line option -hwspec C:/work/teamp1/teamp1.sdk/system_wrapper.hdf.
18:03:03 INFO  : Refreshed build settings on project tebf
18:03:14 INFO  : Saving repository preferences.
18:03:14 INFO  : Reading in cores from local repositories: 
		 C:\work\ip_repo
18:03:14 INFO  : Cleaning BSP projects in the workspace.
18:04:06 INFO  : Connected to target on host '127.0.0.1' and port '3121'.
18:04:16 INFO  : ----------------XSDB Script----------------
connect -url tcp:127.0.0.1:3121
----------------End of Script----------------

18:04:29 INFO  : Connected to target on host '127.0.0.1' and port '3121'.
18:04:38 INFO  : ----------------XSDB Script----------------
connect -url tcp:127.0.0.1:3121
----------------End of Script----------------

18:05:33 INFO  : Connected to target on host '127.0.0.1' and port '3121'.
18:05:42 INFO  : ----------------XSDB Script----------------
connect -url tcp:127.0.0.1:3121
----------------End of Script----------------

18:06:32 INFO  : Connected to target on host '127.0.0.1' and port '3121'.
18:06:41 INFO  : ----------------XSDB Script----------------
connect -url tcp:127.0.0.1:3121
----------------End of Script----------------

18:07:14 INFO  : No changes in MSS file content so not generating sources.
18:08:43 INFO  : Connected to target on host '127.0.0.1' and port '3121'.
18:08:52 INFO  : ----------------XSDB Script----------------
connect -url tcp:127.0.0.1:3121
----------------End of Script----------------

18:11:49 INFO  : Registering command handlers for SDK TCF services
18:11:50 INFO  : Launching XSCT server: xsct.bat -interactive C:\work\teamp1\teamp1.sdk\temp_xsdb_launch_script.tcl
18:11:52 INFO  : XSCT server has started successfully.
18:11:52 INFO  : Successfully done setting XSCT server connection channel  
18:11:52 INFO  : Successfully done setting SDK workspace  
18:11:52 INFO  : Restoring local repository preferences: 
		 C:\work\ip_repo
18:11:52 INFO  : Processing command line option -hwspec C:/work/teamp1/teamp1.sdk/system_wrapper.hdf.
18:11:52 INFO  : Checking for hwspec changes in the project system_wrapper_hw_platform_0.
18:11:58 INFO  : Connected to target on host '127.0.0.1' and port '3121'.
18:11:59 INFO  : Jtag cable 'Digilent JTAG-HS2 210249B8815C' is selected.
18:11:59 INFO  : 'jtag frequency' command is executed.
18:11:59 INFO  : Sourcing of 'C:/work/teamp1/teamp1.sdk/system_wrapper_hw_platform_0/ps7_init.tcl' is done.
18:11:59 INFO  : Context for 'APU' is selected.
18:11:59 INFO  : System reset is completed.
18:12:02 INFO  : 'after 3000' command is executed.
18:12:02 INFO  : 'targets -set -filter {jtag_cable_name =~ "Digilent JTAG-HS2 210249B8815C" && level==0} -index 1' command is executed.
18:12:06 INFO  : FPGA configured successfully with bitstream "C:/work/teamp1/teamp1.sdk/system_wrapper_hw_platform_0/system_wrapper.bit"
18:12:06 INFO  : Context for 'APU' is selected.
18:12:06 INFO  : Hardware design information is loaded from 'C:/work/teamp1/teamp1.sdk/system_wrapper_hw_platform_0/system.hdf'.
18:12:06 INFO  : 'configparams force-mem-access 1' command is executed.
18:12:06 INFO  : Context for 'APU' is selected.
18:12:06 INFO  : 'ps7_init' command is executed.
18:12:06 INFO  : 'ps7_post_config' command is executed.
18:12:06 INFO  : Context for processor 'ps7_cortexa9_0' is selected.
18:12:07 INFO  : The application 'C:/work/teamp1/teamp1.sdk/tebf/Debug/tebf.elf' is downloaded to processor 'ps7_cortexa9_0'.
18:12:07 INFO  : 'configparams force-mem-access 0' command is executed.
18:12:07 INFO  : ----------------XSDB Script----------------
connect -url tcp:127.0.0.1:3121
source C:/work/teamp1/teamp1.sdk/system_wrapper_hw_platform_0/ps7_init.tcl
targets -set -nocase -filter {name =~"APU*" && jtag_cable_name =~ "Digilent JTAG-HS2 210249B8815C"} -index 0
rst -system
after 3000
targets -set -filter {jtag_cable_name =~ "Digilent JTAG-HS2 210249B8815C" && level==0} -index 1
fpga -file C:/work/teamp1/teamp1.sdk/system_wrapper_hw_platform_0/system_wrapper.bit
targets -set -nocase -filter {name =~"APU*" && jtag_cable_name =~ "Digilent JTAG-HS2 210249B8815C"} -index 0
loadhw -hw C:/work/teamp1/teamp1.sdk/system_wrapper_hw_platform_0/system.hdf -mem-ranges [list {0x40000000 0xbfffffff}]
configparams force-mem-access 1
targets -set -nocase -filter {name =~"APU*" && jtag_cable_name =~ "Digilent JTAG-HS2 210249B8815C"} -index 0
ps7_init
ps7_post_config
targets -set -nocase -filter {name =~ "ARM*#0" && jtag_cable_name =~ "Digilent JTAG-HS2 210249B8815C"} -index 0
dow C:/work/teamp1/teamp1.sdk/tebf/Debug/tebf.elf
configparams force-mem-access 0
----------------End of Script----------------

18:12:07 INFO  : Memory regions updated for context APU
18:12:07 INFO  : Context for processor 'ps7_cortexa9_0' is selected.
18:12:07 INFO  : 'con' command is executed.
18:12:07 INFO  : ----------------XSDB Script (After Launch)----------------
targets -set -nocase -filter {name =~ "ARM*#0" && jtag_cable_name =~ "Digilent JTAG-HS2 210249B8815C"} -index 0
con
----------------End of Script----------------

18:12:07 INFO  : Launch script is exported to file 'C:\work\teamp1\teamp1.sdk\.sdk\launch_scripts\xilinx_c-c++_application_(system_debugger)\debug.tcl'
18:13:45 INFO  : Disconnected from the channel tcfchan#1.
18:13:46 INFO  : Connected to target on host '127.0.0.1' and port '3121'.
18:13:46 INFO  : Jtag cable 'Digilent JTAG-HS2 210249B8815C' is selected.
18:13:46 INFO  : 'jtag frequency' command is executed.
18:13:46 INFO  : Sourcing of 'C:/work/teamp1/teamp1.sdk/system_wrapper_hw_platform_0/ps7_init.tcl' is done.
18:13:46 INFO  : Context for 'APU' is selected.
18:13:46 INFO  : System reset is completed.
18:13:49 INFO  : 'after 3000' command is executed.
18:13:49 INFO  : 'targets -set -filter {jtag_cable_name =~ "Digilent JTAG-HS2 210249B8815C" && level==0} -index 1' command is executed.
18:13:53 INFO  : FPGA configured successfully with bitstream "C:/work/teamp1/teamp1.sdk/system_wrapper_hw_platform_0/system_wrapper.bit"
18:13:53 INFO  : Context for 'APU' is selected.
18:13:54 INFO  : Hardware design information is loaded from 'C:/work/teamp1/teamp1.sdk/system_wrapper_hw_platform_0/system.hdf'.
18:13:54 INFO  : 'configparams force-mem-access 1' command is executed.
18:13:54 INFO  : Context for 'APU' is selected.
18:13:54 INFO  : 'ps7_init' command is executed.
18:13:54 INFO  : 'ps7_post_config' command is executed.
18:13:54 INFO  : Context for processor 'ps7_cortexa9_0' is selected.
18:13:54 INFO  : The application 'C:/work/teamp1/teamp1.sdk/tebf/Debug/tebf.elf' is downloaded to processor 'ps7_cortexa9_0'.
18:13:54 INFO  : 'configparams force-mem-access 0' command is executed.
18:13:54 INFO  : ----------------XSDB Script----------------
connect -url tcp:127.0.0.1:3121
source C:/work/teamp1/teamp1.sdk/system_wrapper_hw_platform_0/ps7_init.tcl
targets -set -nocase -filter {name =~"APU*" && jtag_cable_name =~ "Digilent JTAG-HS2 210249B8815C"} -index 0
rst -system
after 3000
targets -set -filter {jtag_cable_name =~ "Digilent JTAG-HS2 210249B8815C" && level==0} -index 1
fpga -file C:/work/teamp1/teamp1.sdk/system_wrapper_hw_platform_0/system_wrapper.bit
targets -set -nocase -filter {name =~"APU*" && jtag_cable_name =~ "Digilent JTAG-HS2 210249B8815C"} -index 0
loadhw -hw C:/work/teamp1/teamp1.sdk/system_wrapper_hw_platform_0/system.hdf -mem-ranges [list {0x40000000 0xbfffffff}]
configparams force-mem-access 1
targets -set -nocase -filter {name =~"APU*" && jtag_cable_name =~ "Digilent JTAG-HS2 210249B8815C"} -index 0
ps7_init
ps7_post_config
targets -set -nocase -filter {name =~ "ARM*#0" && jtag_cable_name =~ "Digilent JTAG-HS2 210249B8815C"} -index 0
dow C:/work/teamp1/teamp1.sdk/tebf/Debug/tebf.elf
configparams force-mem-access 0
----------------End of Script----------------

18:13:55 INFO  : Memory regions updated for context APU
18:13:55 INFO  : Context for processor 'ps7_cortexa9_0' is selected.
18:13:55 INFO  : 'con' command is executed.
18:13:55 INFO  : ----------------XSDB Script (After Launch)----------------
targets -set -nocase -filter {name =~ "ARM*#0" && jtag_cable_name =~ "Digilent JTAG-HS2 210249B8815C"} -index 0
con
----------------End of Script----------------

18:13:55 INFO  : Launch script is exported to file 'C:\work\teamp1\teamp1.sdk\.sdk\launch_scripts\xilinx_c-c++_application_(system_debugger)\debug.tcl'
18:16:19 INFO  : Disconnected from the channel tcfchan#2.
18:16:20 INFO  : Connected to target on host '127.0.0.1' and port '3121'.
18:16:20 INFO  : Jtag cable 'Digilent JTAG-HS2 210249B8815C' is selected.
18:16:20 INFO  : 'jtag frequency' command is executed.
18:16:20 INFO  : Sourcing of 'C:/work/teamp1/teamp1.sdk/system_wrapper_hw_platform_0/ps7_init.tcl' is done.
18:16:20 INFO  : Context for 'APU' is selected.
18:16:20 INFO  : System reset is completed.
18:16:23 INFO  : 'after 3000' command is executed.
18:16:23 INFO  : 'targets -set -filter {jtag_cable_name =~ "Digilent JTAG-HS2 210249B8815C" && level==0} -index 1' command is executed.
18:16:26 INFO  : FPGA configured successfully with bitstream "C:/work/teamp1/teamp1.sdk/system_wrapper_hw_platform_0/system_wrapper.bit"
18:16:26 INFO  : Context for 'APU' is selected.
18:16:28 INFO  : Hardware design information is loaded from 'C:/work/teamp1/teamp1.sdk/system_wrapper_hw_platform_0/system.hdf'.
18:16:28 INFO  : 'configparams force-mem-access 1' command is executed.
18:16:28 INFO  : Context for 'APU' is selected.
18:16:28 INFO  : 'ps7_init' command is executed.
18:16:28 INFO  : 'ps7_post_config' command is executed.
18:16:28 INFO  : Context for processor 'ps7_cortexa9_0' is selected.
18:16:28 INFO  : The application 'C:/work/teamp1/teamp1.sdk/tebf/Debug/tebf.elf' is downloaded to processor 'ps7_cortexa9_0'.
18:16:28 INFO  : 'configparams force-mem-access 0' command is executed.
18:16:28 INFO  : ----------------XSDB Script----------------
connect -url tcp:127.0.0.1:3121
source C:/work/teamp1/teamp1.sdk/system_wrapper_hw_platform_0/ps7_init.tcl
targets -set -nocase -filter {name =~"APU*" && jtag_cable_name =~ "Digilent JTAG-HS2 210249B8815C"} -index 0
rst -system
after 3000
targets -set -filter {jtag_cable_name =~ "Digilent JTAG-HS2 210249B8815C" && level==0} -index 1
fpga -file C:/work/teamp1/teamp1.sdk/system_wrapper_hw_platform_0/system_wrapper.bit
targets -set -nocase -filter {name =~"APU*" && jtag_cable_name =~ "Digilent JTAG-HS2 210249B8815C"} -index 0
loadhw -hw C:/work/teamp1/teamp1.sdk/system_wrapper_hw_platform_0/system.hdf -mem-ranges [list {0x40000000 0xbfffffff}]
configparams force-mem-access 1
targets -set -nocase -filter {name =~"APU*" && jtag_cable_name =~ "Digilent JTAG-HS2 210249B8815C"} -index 0
ps7_init
ps7_post_config
targets -set -nocase -filter {name =~ "ARM*#0" && jtag_cable_name =~ "Digilent JTAG-HS2 210249B8815C"} -index 0
dow C:/work/teamp1/teamp1.sdk/tebf/Debug/tebf.elf
configparams force-mem-access 0
----------------End of Script----------------

18:16:28 INFO  : Memory regions updated for context APU
18:16:28 INFO  : Context for processor 'ps7_cortexa9_0' is selected.
18:16:28 INFO  : 'con' command is executed.
18:16:28 INFO  : ----------------XSDB Script (After Launch)----------------
targets -set -nocase -filter {name =~ "ARM*#0" && jtag_cable_name =~ "Digilent JTAG-HS2 210249B8815C"} -index 0
con
----------------End of Script----------------

18:16:28 INFO  : Launch script is exported to file 'C:\work\teamp1\teamp1.sdk\.sdk\launch_scripts\xilinx_c-c++_application_(system_debugger)\debug.tcl'
18:42:37 INFO  : Disconnected from the channel tcfchan#3.
18:42:38 INFO  : Connected to target on host '127.0.0.1' and port '3121'.
18:42:39 INFO  : Jtag cable 'Digilent JTAG-HS2 210249B8815C' is selected.
18:42:39 INFO  : 'jtag frequency' command is executed.
18:42:39 INFO  : Sourcing of 'C:/work/teamp1/teamp1.sdk/system_wrapper_hw_platform_0/ps7_init.tcl' is done.
18:42:39 INFO  : Context for 'APU' is selected.
18:42:39 INFO  : System reset is completed.
18:42:42 INFO  : 'after 3000' command is executed.
18:42:42 INFO  : 'targets -set -filter {jtag_cable_name =~ "Digilent JTAG-HS2 210249B8815C" && level==0} -index 1' command is executed.
18:42:45 INFO  : FPGA configured successfully with bitstream "C:/work/teamp1/teamp1.sdk/system_wrapper_hw_platform_0/system_wrapper.bit"
18:42:45 INFO  : Context for 'APU' is selected.
18:42:47 INFO  : Hardware design information is loaded from 'C:/work/teamp1/teamp1.sdk/system_wrapper_hw_platform_0/system.hdf'.
18:42:47 INFO  : 'configparams force-mem-access 1' command is executed.
18:42:47 INFO  : Context for 'APU' is selected.
18:42:47 INFO  : 'ps7_init' command is executed.
18:42:47 INFO  : 'ps7_post_config' command is executed.
18:42:47 INFO  : Context for processor 'ps7_cortexa9_0' is selected.
18:42:47 INFO  : The application 'C:/work/teamp1/teamp1.sdk/tebf/Debug/tebf.elf' is downloaded to processor 'ps7_cortexa9_0'.
18:42:47 INFO  : 'configparams force-mem-access 0' command is executed.
18:42:47 INFO  : ----------------XSDB Script----------------
connect -url tcp:127.0.0.1:3121
source C:/work/teamp1/teamp1.sdk/system_wrapper_hw_platform_0/ps7_init.tcl
targets -set -nocase -filter {name =~"APU*" && jtag_cable_name =~ "Digilent JTAG-HS2 210249B8815C"} -index 0
rst -system
after 3000
targets -set -filter {jtag_cable_name =~ "Digilent JTAG-HS2 210249B8815C" && level==0} -index 1
fpga -file C:/work/teamp1/teamp1.sdk/system_wrapper_hw_platform_0/system_wrapper.bit
targets -set -nocase -filter {name =~"APU*" && jtag_cable_name =~ "Digilent JTAG-HS2 210249B8815C"} -index 0
loadhw -hw C:/work/teamp1/teamp1.sdk/system_wrapper_hw_platform_0/system.hdf -mem-ranges [list {0x40000000 0xbfffffff}]
configparams force-mem-access 1
targets -set -nocase -filter {name =~"APU*" && jtag_cable_name =~ "Digilent JTAG-HS2 210249B8815C"} -index 0
ps7_init
ps7_post_config
targets -set -nocase -filter {name =~ "ARM*#0" && jtag_cable_name =~ "Digilent JTAG-HS2 210249B8815C"} -index 0
dow C:/work/teamp1/teamp1.sdk/tebf/Debug/tebf.elf
configparams force-mem-access 0
----------------End of Script----------------

18:42:47 INFO  : Memory regions updated for context APU
18:42:48 INFO  : Context for processor 'ps7_cortexa9_0' is selected.
18:42:48 INFO  : 'con' command is executed.
18:42:48 INFO  : ----------------XSDB Script (After Launch)----------------
targets -set -nocase -filter {name =~ "ARM*#0" && jtag_cable_name =~ "Digilent JTAG-HS2 210249B8815C"} -index 0
con
----------------End of Script----------------

18:42:48 INFO  : Launch script is exported to file 'C:\work\teamp1\teamp1.sdk\.sdk\launch_scripts\xilinx_c-c++_application_(system_debugger)\debug.tcl'
18:56:26 INFO  : Disconnected from the channel tcfchan#4.
18:56:27 INFO  : Connected to target on host '127.0.0.1' and port '3121'.
18:56:27 INFO  : Jtag cable 'Digilent JTAG-HS2 210249B8815C' is selected.
18:56:27 INFO  : 'jtag frequency' command is executed.
18:56:27 INFO  : Sourcing of 'C:/work/teamp1/teamp1.sdk/system_wrapper_hw_platform_0/ps7_init.tcl' is done.
18:56:27 INFO  : Context for 'APU' is selected.
18:56:27 INFO  : System reset is completed.
18:56:30 INFO  : 'after 3000' command is executed.
18:56:30 INFO  : 'targets -set -filter {jtag_cable_name =~ "Digilent JTAG-HS2 210249B8815C" && level==0} -index 1' command is executed.
18:56:34 INFO  : FPGA configured successfully with bitstream "C:/work/teamp1/teamp1.sdk/system_wrapper_hw_platform_0/system_wrapper.bit"
18:56:34 INFO  : Context for 'APU' is selected.
18:56:35 INFO  : Hardware design information is loaded from 'C:/work/teamp1/teamp1.sdk/system_wrapper_hw_platform_0/system.hdf'.
18:56:35 INFO  : 'configparams force-mem-access 1' command is executed.
18:56:35 INFO  : Context for 'APU' is selected.
18:56:35 INFO  : 'ps7_init' command is executed.
18:56:35 INFO  : 'ps7_post_config' command is executed.
18:56:35 INFO  : Context for processor 'ps7_cortexa9_0' is selected.
18:56:35 INFO  : The application 'C:/work/teamp1/teamp1.sdk/tebf/Debug/tebf.elf' is downloaded to processor 'ps7_cortexa9_0'.
18:56:35 INFO  : 'configparams force-mem-access 0' command is executed.
18:56:35 INFO  : ----------------XSDB Script----------------
connect -url tcp:127.0.0.1:3121
source C:/work/teamp1/teamp1.sdk/system_wrapper_hw_platform_0/ps7_init.tcl
targets -set -nocase -filter {name =~"APU*" && jtag_cable_name =~ "Digilent JTAG-HS2 210249B8815C"} -index 0
rst -system
after 3000
targets -set -filter {jtag_cable_name =~ "Digilent JTAG-HS2 210249B8815C" && level==0} -index 1
fpga -file C:/work/teamp1/teamp1.sdk/system_wrapper_hw_platform_0/system_wrapper.bit
targets -set -nocase -filter {name =~"APU*" && jtag_cable_name =~ "Digilent JTAG-HS2 210249B8815C"} -index 0
loadhw -hw C:/work/teamp1/teamp1.sdk/system_wrapper_hw_platform_0/system.hdf -mem-ranges [list {0x40000000 0xbfffffff}]
configparams force-mem-access 1
targets -set -nocase -filter {name =~"APU*" && jtag_cable_name =~ "Digilent JTAG-HS2 210249B8815C"} -index 0
ps7_init
ps7_post_config
targets -set -nocase -filter {name =~ "ARM*#0" && jtag_cable_name =~ "Digilent JTAG-HS2 210249B8815C"} -index 0
dow C:/work/teamp1/teamp1.sdk/tebf/Debug/tebf.elf
configparams force-mem-access 0
----------------End of Script----------------

18:56:35 INFO  : Memory regions updated for context APU
18:56:35 INFO  : Context for processor 'ps7_cortexa9_0' is selected.
18:56:35 INFO  : 'con' command is executed.
18:56:35 INFO  : ----------------XSDB Script (After Launch)----------------
targets -set -nocase -filter {name =~ "ARM*#0" && jtag_cable_name =~ "Digilent JTAG-HS2 210249B8815C"} -index 0
con
----------------End of Script----------------

18:56:35 INFO  : Launch script is exported to file 'C:\work\teamp1\teamp1.sdk\.sdk\launch_scripts\xilinx_c-c++_application_(system_debugger)\debug.tcl'
18:58:14 INFO  : Disconnected from the channel tcfchan#5.
18:58:15 INFO  : Connected to target on host '127.0.0.1' and port '3121'.
18:58:15 INFO  : Jtag cable 'Digilent JTAG-HS2 210249B8815C' is selected.
18:58:15 INFO  : 'jtag frequency' command is executed.
18:58:15 INFO  : Sourcing of 'C:/work/teamp1/teamp1.sdk/system_wrapper_hw_platform_0/ps7_init.tcl' is done.
18:58:15 INFO  : Context for 'APU' is selected.
18:58:16 INFO  : System reset is completed.
18:58:19 INFO  : 'after 3000' command is executed.
18:58:19 INFO  : 'targets -set -filter {jtag_cable_name =~ "Digilent JTAG-HS2 210249B8815C" && level==0} -index 1' command is executed.
18:58:22 INFO  : FPGA configured successfully with bitstream "C:/work/teamp1/teamp1.sdk/system_wrapper_hw_platform_0/system_wrapper.bit"
18:58:22 INFO  : Context for 'APU' is selected.
18:58:23 INFO  : Hardware design information is loaded from 'C:/work/teamp1/teamp1.sdk/system_wrapper_hw_platform_0/system.hdf'.
18:58:23 INFO  : 'configparams force-mem-access 1' command is executed.
18:58:23 INFO  : Context for 'APU' is selected.
18:58:23 INFO  : 'ps7_init' command is executed.
18:58:23 INFO  : 'ps7_post_config' command is executed.
18:58:23 INFO  : Context for processor 'ps7_cortexa9_0' is selected.
18:58:24 INFO  : The application 'C:/work/teamp1/teamp1.sdk/tebf/Debug/tebf.elf' is downloaded to processor 'ps7_cortexa9_0'.
18:58:24 INFO  : 'configparams force-mem-access 0' command is executed.
18:58:24 INFO  : ----------------XSDB Script----------------
connect -url tcp:127.0.0.1:3121
source C:/work/teamp1/teamp1.sdk/system_wrapper_hw_platform_0/ps7_init.tcl
targets -set -nocase -filter {name =~"APU*" && jtag_cable_name =~ "Digilent JTAG-HS2 210249B8815C"} -index 0
rst -system
after 3000
targets -set -filter {jtag_cable_name =~ "Digilent JTAG-HS2 210249B8815C" && level==0} -index 1
fpga -file C:/work/teamp1/teamp1.sdk/system_wrapper_hw_platform_0/system_wrapper.bit
targets -set -nocase -filter {name =~"APU*" && jtag_cable_name =~ "Digilent JTAG-HS2 210249B8815C"} -index 0
loadhw -hw C:/work/teamp1/teamp1.sdk/system_wrapper_hw_platform_0/system.hdf -mem-ranges [list {0x40000000 0xbfffffff}]
configparams force-mem-access 1
targets -set -nocase -filter {name =~"APU*" && jtag_cable_name =~ "Digilent JTAG-HS2 210249B8815C"} -index 0
ps7_init
ps7_post_config
targets -set -nocase -filter {name =~ "ARM*#0" && jtag_cable_name =~ "Digilent JTAG-HS2 210249B8815C"} -index 0
dow C:/work/teamp1/teamp1.sdk/tebf/Debug/tebf.elf
configparams force-mem-access 0
----------------End of Script----------------

18:58:24 INFO  : Memory regions updated for context APU
18:58:24 INFO  : Context for processor 'ps7_cortexa9_0' is selected.
18:58:24 INFO  : 'con' command is executed.
18:58:24 INFO  : ----------------XSDB Script (After Launch)----------------
targets -set -nocase -filter {name =~ "ARM*#0" && jtag_cable_name =~ "Digilent JTAG-HS2 210249B8815C"} -index 0
con
----------------End of Script----------------

18:58:24 INFO  : Launch script is exported to file 'C:\work\teamp1\teamp1.sdk\.sdk\launch_scripts\xilinx_c-c++_application_(system_debugger)\debug.tcl'
20:15:42 INFO  : Disconnected from the channel tcfchan#6.
20:15:43 INFO  : Connected to target on host '127.0.0.1' and port '3121'.
20:15:43 INFO  : Jtag cable 'Digilent JTAG-HS2 210249B8815C' is selected.
20:15:43 INFO  : 'jtag frequency' command is executed.
20:15:43 INFO  : Sourcing of 'C:/work/teamp1/teamp1.sdk/system_wrapper_hw_platform_0/ps7_init.tcl' is done.
20:15:43 INFO  : Context for 'APU' is selected.
20:15:43 INFO  : System reset is completed.
20:15:46 INFO  : 'after 3000' command is executed.
20:15:46 INFO  : 'targets -set -filter {jtag_cable_name =~ "Digilent JTAG-HS2 210249B8815C" && level==0} -index 1' command is executed.
20:15:50 INFO  : FPGA configured successfully with bitstream "C:/work/teamp1/teamp1.sdk/system_wrapper_hw_platform_0/system_wrapper.bit"
20:15:50 INFO  : Context for 'APU' is selected.
20:15:52 INFO  : Hardware design information is loaded from 'C:/work/teamp1/teamp1.sdk/system_wrapper_hw_platform_0/system.hdf'.
20:15:52 INFO  : 'configparams force-mem-access 1' command is executed.
20:15:52 INFO  : Context for 'APU' is selected.
20:15:52 INFO  : 'ps7_init' command is executed.
20:15:52 INFO  : 'ps7_post_config' command is executed.
20:15:52 INFO  : Context for processor 'ps7_cortexa9_0' is selected.
20:15:52 INFO  : The application 'C:/work/teamp1/teamp1.sdk/tebf/Debug/tebf.elf' is downloaded to processor 'ps7_cortexa9_0'.
20:15:52 INFO  : 'configparams force-mem-access 0' command is executed.
20:15:52 INFO  : ----------------XSDB Script----------------
connect -url tcp:127.0.0.1:3121
source C:/work/teamp1/teamp1.sdk/system_wrapper_hw_platform_0/ps7_init.tcl
targets -set -nocase -filter {name =~"APU*" && jtag_cable_name =~ "Digilent JTAG-HS2 210249B8815C"} -index 0
rst -system
after 3000
targets -set -filter {jtag_cable_name =~ "Digilent JTAG-HS2 210249B8815C" && level==0} -index 1
fpga -file C:/work/teamp1/teamp1.sdk/system_wrapper_hw_platform_0/system_wrapper.bit
targets -set -nocase -filter {name =~"APU*" && jtag_cable_name =~ "Digilent JTAG-HS2 210249B8815C"} -index 0
loadhw -hw C:/work/teamp1/teamp1.sdk/system_wrapper_hw_platform_0/system.hdf -mem-ranges [list {0x40000000 0xbfffffff}]
configparams force-mem-access 1
targets -set -nocase -filter {name =~"APU*" && jtag_cable_name =~ "Digilent JTAG-HS2 210249B8815C"} -index 0
ps7_init
ps7_post_config
targets -set -nocase -filter {name =~ "ARM*#0" && jtag_cable_name =~ "Digilent JTAG-HS2 210249B8815C"} -index 0
dow C:/work/teamp1/teamp1.sdk/tebf/Debug/tebf.elf
configparams force-mem-access 0
----------------End of Script----------------

20:15:52 INFO  : Memory regions updated for context APU
20:15:53 INFO  : Context for processor 'ps7_cortexa9_0' is selected.
20:15:53 INFO  : 'con' command is executed.
20:15:53 INFO  : ----------------XSDB Script (After Launch)----------------
targets -set -nocase -filter {name =~ "ARM*#0" && jtag_cable_name =~ "Digilent JTAG-HS2 210249B8815C"} -index 0
con
----------------End of Script----------------

20:15:53 INFO  : Launch script is exported to file 'C:\work\teamp1\teamp1.sdk\.sdk\launch_scripts\xilinx_c-c++_application_(system_debugger)\debug.tcl'
20:17:59 INFO  : Disconnected from the channel tcfchan#7.
20:18:00 INFO  : Connected to target on host '127.0.0.1' and port '3121'.
20:18:00 INFO  : Jtag cable 'Digilent JTAG-HS2 210249A14ADB' is selected.
20:18:00 INFO  : 'jtag frequency' command is executed.
20:18:00 INFO  : Sourcing of 'C:/work/teamp1/teamp1.sdk/system_wrapper_hw_platform_0/ps7_init.tcl' is done.
20:18:00 INFO  : Context for 'APU' is selected.
20:18:01 INFO  : System reset is completed.
20:18:04 INFO  : 'after 3000' command is executed.
20:18:04 INFO  : 'targets -set -filter {jtag_cable_name =~ "Digilent JTAG-HS2 210249A14ADB" && level==0} -index 1' command is executed.
20:18:07 INFO  : FPGA configured successfully with bitstream "C:/work/teamp1/teamp1.sdk/system_wrapper_hw_platform_0/system_wrapper.bit"
20:18:07 INFO  : Context for 'APU' is selected.
20:18:09 INFO  : Hardware design information is loaded from 'C:/work/teamp1/teamp1.sdk/system_wrapper_hw_platform_0/system.hdf'.
20:18:09 INFO  : 'configparams force-mem-access 1' command is executed.
20:18:09 INFO  : Context for 'APU' is selected.
20:18:09 INFO  : 'ps7_init' command is executed.
20:18:09 INFO  : 'ps7_post_config' command is executed.
20:18:09 INFO  : Context for processor 'ps7_cortexa9_0' is selected.
20:18:09 INFO  : The application 'C:/work/teamp1/teamp1.sdk/tebf/Debug/tebf.elf' is downloaded to processor 'ps7_cortexa9_0'.
20:18:09 INFO  : 'configparams force-mem-access 0' command is executed.
20:18:09 INFO  : ----------------XSDB Script----------------
connect -url tcp:127.0.0.1:3121
source C:/work/teamp1/teamp1.sdk/system_wrapper_hw_platform_0/ps7_init.tcl
targets -set -nocase -filter {name =~"APU*" && jtag_cable_name =~ "Digilent JTAG-HS2 210249A14ADB"} -index 0
rst -system
after 3000
targets -set -filter {jtag_cable_name =~ "Digilent JTAG-HS2 210249A14ADB" && level==0} -index 1
fpga -file C:/work/teamp1/teamp1.sdk/system_wrapper_hw_platform_0/system_wrapper.bit
targets -set -nocase -filter {name =~"APU*" && jtag_cable_name =~ "Digilent JTAG-HS2 210249A14ADB"} -index 0
loadhw -hw C:/work/teamp1/teamp1.sdk/system_wrapper_hw_platform_0/system.hdf -mem-ranges [list {0x40000000 0xbfffffff}]
configparams force-mem-access 1
targets -set -nocase -filter {name =~"APU*" && jtag_cable_name =~ "Digilent JTAG-HS2 210249A14ADB"} -index 0
ps7_init
ps7_post_config
targets -set -nocase -filter {name =~ "ARM*#0" && jtag_cable_name =~ "Digilent JTAG-HS2 210249A14ADB"} -index 0
dow C:/work/teamp1/teamp1.sdk/tebf/Debug/tebf.elf
configparams force-mem-access 0
----------------End of Script----------------

20:18:09 INFO  : Memory regions updated for context APU
20:18:09 INFO  : Context for processor 'ps7_cortexa9_0' is selected.
20:18:09 INFO  : 'con' command is executed.
20:18:09 INFO  : ----------------XSDB Script (After Launch)----------------
targets -set -nocase -filter {name =~ "ARM*#0" && jtag_cable_name =~ "Digilent JTAG-HS2 210249A14ADB"} -index 0
con
----------------End of Script----------------

20:18:09 INFO  : Launch script is exported to file 'C:\work\teamp1\teamp1.sdk\.sdk\launch_scripts\xilinx_c-c++_application_(system_debugger)\debug.tcl'
20:22:47 INFO  : Disconnected from the channel tcfchan#8.
20:22:48 INFO  : Connected to target on host '127.0.0.1' and port '3121'.
20:22:48 INFO  : Jtag cable 'Digilent JTAG-HS2 210249B8815C' is selected.
20:22:48 INFO  : 'jtag frequency' command is executed.
20:22:48 INFO  : Sourcing of 'C:/work/teamp1/teamp1.sdk/system_wrapper_hw_platform_0/ps7_init.tcl' is done.
20:22:48 INFO  : Context for 'APU' is selected.
20:22:48 INFO  : System reset is completed.
20:22:51 INFO  : 'after 3000' command is executed.
20:22:51 INFO  : 'targets -set -filter {jtag_cable_name =~ "Digilent JTAG-HS2 210249B8815C" && level==0} -index 1' command is executed.
20:22:54 INFO  : FPGA configured successfully with bitstream "C:/work/teamp1/teamp1.sdk/system_wrapper_hw_platform_0/system_wrapper.bit"
20:22:54 INFO  : Context for 'APU' is selected.
20:22:56 INFO  : Hardware design information is loaded from 'C:/work/teamp1/teamp1.sdk/system_wrapper_hw_platform_0/system.hdf'.
20:22:56 INFO  : 'configparams force-mem-access 1' command is executed.
20:22:56 INFO  : Context for 'APU' is selected.
20:22:56 INFO  : 'ps7_init' command is executed.
20:22:56 INFO  : 'ps7_post_config' command is executed.
20:22:56 INFO  : Context for processor 'ps7_cortexa9_0' is selected.
20:22:56 INFO  : The application 'C:/work/teamp1/teamp1.sdk/tebf/Debug/tebf.elf' is downloaded to processor 'ps7_cortexa9_0'.
20:22:56 INFO  : 'configparams force-mem-access 0' command is executed.
20:22:56 INFO  : ----------------XSDB Script----------------
connect -url tcp:127.0.0.1:3121
source C:/work/teamp1/teamp1.sdk/system_wrapper_hw_platform_0/ps7_init.tcl
targets -set -nocase -filter {name =~"APU*" && jtag_cable_name =~ "Digilent JTAG-HS2 210249B8815C"} -index 0
rst -system
after 3000
targets -set -filter {jtag_cable_name =~ "Digilent JTAG-HS2 210249B8815C" && level==0} -index 1
fpga -file C:/work/teamp1/teamp1.sdk/system_wrapper_hw_platform_0/system_wrapper.bit
targets -set -nocase -filter {name =~"APU*" && jtag_cable_name =~ "Digilent JTAG-HS2 210249B8815C"} -index 0
loadhw -hw C:/work/teamp1/teamp1.sdk/system_wrapper_hw_platform_0/system.hdf -mem-ranges [list {0x40000000 0xbfffffff}]
configparams force-mem-access 1
targets -set -nocase -filter {name =~"APU*" && jtag_cable_name =~ "Digilent JTAG-HS2 210249B8815C"} -index 0
ps7_init
ps7_post_config
targets -set -nocase -filter {name =~ "ARM*#0" && jtag_cable_name =~ "Digilent JTAG-HS2 210249B8815C"} -index 0
dow C:/work/teamp1/teamp1.sdk/tebf/Debug/tebf.elf
configparams force-mem-access 0
----------------End of Script----------------

20:22:56 INFO  : Memory regions updated for context APU
20:22:56 INFO  : Context for processor 'ps7_cortexa9_0' is selected.
20:22:56 INFO  : 'con' command is executed.
20:22:56 INFO  : ----------------XSDB Script (After Launch)----------------
targets -set -nocase -filter {name =~ "ARM*#0" && jtag_cable_name =~ "Digilent JTAG-HS2 210249B8815C"} -index 0
con
----------------End of Script----------------

20:22:56 INFO  : Launch script is exported to file 'C:\work\teamp1\teamp1.sdk\.sdk\launch_scripts\xilinx_c-c++_application_(system_debugger)\debug.tcl'
20:32:15 INFO  : Disconnected from the channel tcfchan#9.
20:32:16 INFO  : Connected to target on host '127.0.0.1' and port '3121'.
20:32:16 INFO  : Jtag cable 'Digilent JTAG-HS2 210249B8815C' is selected.
20:32:16 INFO  : 'jtag frequency' command is executed.
20:32:16 INFO  : Sourcing of 'C:/work/teamp1/teamp1.sdk/system_wrapper_hw_platform_0/ps7_init.tcl' is done.
20:32:16 INFO  : Context for 'APU' is selected.
20:32:16 INFO  : System reset is completed.
20:32:19 INFO  : 'after 3000' command is executed.
20:32:19 INFO  : 'targets -set -filter {jtag_cable_name =~ "Digilent JTAG-HS2 210249B8815C" && level==0} -index 1' command is executed.
20:32:23 INFO  : FPGA configured successfully with bitstream "C:/work/teamp1/teamp1.sdk/system_wrapper_hw_platform_0/system_wrapper.bit"
20:32:23 INFO  : Context for 'APU' is selected.
20:32:24 INFO  : Hardware design information is loaded from 'C:/work/teamp1/teamp1.sdk/system_wrapper_hw_platform_0/system.hdf'.
20:32:24 INFO  : 'configparams force-mem-access 1' command is executed.
20:32:24 INFO  : Context for 'APU' is selected.
20:32:25 INFO  : 'ps7_init' command is executed.
20:32:25 INFO  : 'ps7_post_config' command is executed.
20:32:25 INFO  : Context for processor 'ps7_cortexa9_0' is selected.
20:32:25 INFO  : The application 'C:/work/teamp1/teamp1.sdk/tebf/Debug/tebf.elf' is downloaded to processor 'ps7_cortexa9_0'.
20:32:25 INFO  : 'configparams force-mem-access 0' command is executed.
20:32:25 INFO  : ----------------XSDB Script----------------
connect -url tcp:127.0.0.1:3121
source C:/work/teamp1/teamp1.sdk/system_wrapper_hw_platform_0/ps7_init.tcl
targets -set -nocase -filter {name =~"APU*" && jtag_cable_name =~ "Digilent JTAG-HS2 210249B8815C"} -index 0
rst -system
after 3000
targets -set -filter {jtag_cable_name =~ "Digilent JTAG-HS2 210249B8815C" && level==0} -index 1
fpga -file C:/work/teamp1/teamp1.sdk/system_wrapper_hw_platform_0/system_wrapper.bit
targets -set -nocase -filter {name =~"APU*" && jtag_cable_name =~ "Digilent JTAG-HS2 210249B8815C"} -index 0
loadhw -hw C:/work/teamp1/teamp1.sdk/system_wrapper_hw_platform_0/system.hdf -mem-ranges [list {0x40000000 0xbfffffff}]
configparams force-mem-access 1
targets -set -nocase -filter {name =~"APU*" && jtag_cable_name =~ "Digilent JTAG-HS2 210249B8815C"} -index 0
ps7_init
ps7_post_config
targets -set -nocase -filter {name =~ "ARM*#0" && jtag_cable_name =~ "Digilent JTAG-HS2 210249B8815C"} -index 0
dow C:/work/teamp1/teamp1.sdk/tebf/Debug/tebf.elf
configparams force-mem-access 0
----------------End of Script----------------

20:32:25 INFO  : Memory regions updated for context APU
20:32:25 INFO  : Context for processor 'ps7_cortexa9_0' is selected.
20:32:25 INFO  : 'con' command is executed.
20:32:25 INFO  : ----------------XSDB Script (After Launch)----------------
targets -set -nocase -filter {name =~ "ARM*#0" && jtag_cable_name =~ "Digilent JTAG-HS2 210249B8815C"} -index 0
con
----------------End of Script----------------

20:32:25 INFO  : Launch script is exported to file 'C:\work\teamp1\teamp1.sdk\.sdk\launch_scripts\xilinx_c-c++_application_(system_debugger)\debug.tcl'
20:33:21 INFO  : Disconnected from the channel tcfchan#10.
20:33:22 INFO  : Connected to target on host '127.0.0.1' and port '3121'.
20:33:22 INFO  : Jtag cable 'Digilent JTAG-HS2 210249B8815C' is selected.
20:33:22 INFO  : 'jtag frequency' command is executed.
20:33:22 INFO  : Sourcing of 'C:/work/teamp1/teamp1.sdk/system_wrapper_hw_platform_0/ps7_init.tcl' is done.
20:33:22 INFO  : Context for 'APU' is selected.
20:33:23 INFO  : System reset is completed.
20:33:26 INFO  : 'after 3000' command is executed.
20:33:26 INFO  : 'targets -set -filter {jtag_cable_name =~ "Digilent JTAG-HS2 210249B8815C" && level==0} -index 1' command is executed.
20:33:29 INFO  : FPGA configured successfully with bitstream "C:/work/teamp1/teamp1.sdk/system_wrapper_hw_platform_0/system_wrapper.bit"
20:33:29 INFO  : Context for 'APU' is selected.
20:33:30 INFO  : Hardware design information is loaded from 'C:/work/teamp1/teamp1.sdk/system_wrapper_hw_platform_0/system.hdf'.
20:33:30 INFO  : 'configparams force-mem-access 1' command is executed.
20:33:30 INFO  : Context for 'APU' is selected.
20:33:31 INFO  : 'ps7_init' command is executed.
20:33:31 INFO  : 'ps7_post_config' command is executed.
20:33:31 INFO  : Context for processor 'ps7_cortexa9_0' is selected.
20:33:31 INFO  : The application 'C:/work/teamp1/teamp1.sdk/tebf/Debug/tebf.elf' is downloaded to processor 'ps7_cortexa9_0'.
20:33:31 INFO  : 'configparams force-mem-access 0' command is executed.
20:33:31 INFO  : ----------------XSDB Script----------------
connect -url tcp:127.0.0.1:3121
source C:/work/teamp1/teamp1.sdk/system_wrapper_hw_platform_0/ps7_init.tcl
targets -set -nocase -filter {name =~"APU*" && jtag_cable_name =~ "Digilent JTAG-HS2 210249B8815C"} -index 0
rst -system
after 3000
targets -set -filter {jtag_cable_name =~ "Digilent JTAG-HS2 210249B8815C" && level==0} -index 1
fpga -file C:/work/teamp1/teamp1.sdk/system_wrapper_hw_platform_0/system_wrapper.bit
targets -set -nocase -filter {name =~"APU*" && jtag_cable_name =~ "Digilent JTAG-HS2 210249B8815C"} -index 0
loadhw -hw C:/work/teamp1/teamp1.sdk/system_wrapper_hw_platform_0/system.hdf -mem-ranges [list {0x40000000 0xbfffffff}]
configparams force-mem-access 1
targets -set -nocase -filter {name =~"APU*" && jtag_cable_name =~ "Digilent JTAG-HS2 210249B8815C"} -index 0
ps7_init
ps7_post_config
targets -set -nocase -filter {name =~ "ARM*#0" && jtag_cable_name =~ "Digilent JTAG-HS2 210249B8815C"} -index 0
dow C:/work/teamp1/teamp1.sdk/tebf/Debug/tebf.elf
configparams force-mem-access 0
----------------End of Script----------------

20:33:31 INFO  : Memory regions updated for context APU
20:33:31 INFO  : Context for processor 'ps7_cortexa9_0' is selected.
20:33:31 INFO  : 'con' command is executed.
20:33:31 INFO  : ----------------XSDB Script (After Launch)----------------
targets -set -nocase -filter {name =~ "ARM*#0" && jtag_cable_name =~ "Digilent JTAG-HS2 210249B8815C"} -index 0
con
----------------End of Script----------------

20:33:31 INFO  : Launch script is exported to file 'C:\work\teamp1\teamp1.sdk\.sdk\launch_scripts\xilinx_c-c++_application_(system_debugger)\debug.tcl'
20:34:15 INFO  : Disconnected from the channel tcfchan#11.
20:34:16 INFO  : Connected to target on host '127.0.0.1' and port '3121'.
20:34:16 INFO  : Jtag cable 'Digilent JTAG-HS2 210249B8815C' is selected.
20:34:16 INFO  : 'jtag frequency' command is executed.
20:34:16 INFO  : Sourcing of 'C:/work/teamp1/teamp1.sdk/system_wrapper_hw_platform_0/ps7_init.tcl' is done.
20:34:16 INFO  : Context for 'APU' is selected.
20:34:16 INFO  : System reset is completed.
20:34:19 INFO  : 'after 3000' command is executed.
20:34:19 INFO  : 'targets -set -filter {jtag_cable_name =~ "Digilent JTAG-HS2 210249B8815C" && level==0} -index 1' command is executed.
20:34:23 INFO  : FPGA configured successfully with bitstream "C:/work/teamp1/teamp1.sdk/system_wrapper_hw_platform_0/system_wrapper.bit"
20:34:23 INFO  : Context for 'APU' is selected.
20:34:24 INFO  : Hardware design information is loaded from 'C:/work/teamp1/teamp1.sdk/system_wrapper_hw_platform_0/system.hdf'.
20:34:24 INFO  : 'configparams force-mem-access 1' command is executed.
20:34:24 INFO  : Context for 'APU' is selected.
20:34:24 INFO  : 'ps7_init' command is executed.
20:34:24 INFO  : 'ps7_post_config' command is executed.
20:34:24 INFO  : Context for processor 'ps7_cortexa9_0' is selected.
20:34:25 INFO  : The application 'C:/work/teamp1/teamp1.sdk/tebf/Debug/tebf.elf' is downloaded to processor 'ps7_cortexa9_0'.
20:34:25 INFO  : 'configparams force-mem-access 0' command is executed.
20:34:25 INFO  : ----------------XSDB Script----------------
connect -url tcp:127.0.0.1:3121
source C:/work/teamp1/teamp1.sdk/system_wrapper_hw_platform_0/ps7_init.tcl
targets -set -nocase -filter {name =~"APU*" && jtag_cable_name =~ "Digilent JTAG-HS2 210249B8815C"} -index 0
rst -system
after 3000
targets -set -filter {jtag_cable_name =~ "Digilent JTAG-HS2 210249B8815C" && level==0} -index 1
fpga -file C:/work/teamp1/teamp1.sdk/system_wrapper_hw_platform_0/system_wrapper.bit
targets -set -nocase -filter {name =~"APU*" && jtag_cable_name =~ "Digilent JTAG-HS2 210249B8815C"} -index 0
loadhw -hw C:/work/teamp1/teamp1.sdk/system_wrapper_hw_platform_0/system.hdf -mem-ranges [list {0x40000000 0xbfffffff}]
configparams force-mem-access 1
targets -set -nocase -filter {name =~"APU*" && jtag_cable_name =~ "Digilent JTAG-HS2 210249B8815C"} -index 0
ps7_init
ps7_post_config
targets -set -nocase -filter {name =~ "ARM*#0" && jtag_cable_name =~ "Digilent JTAG-HS2 210249B8815C"} -index 0
dow C:/work/teamp1/teamp1.sdk/tebf/Debug/tebf.elf
configparams force-mem-access 0
----------------End of Script----------------

20:34:25 INFO  : Memory regions updated for context APU
20:34:25 INFO  : Context for processor 'ps7_cortexa9_0' is selected.
20:34:25 INFO  : 'con' command is executed.
20:34:25 INFO  : ----------------XSDB Script (After Launch)----------------
targets -set -nocase -filter {name =~ "ARM*#0" && jtag_cable_name =~ "Digilent JTAG-HS2 210249B8815C"} -index 0
con
----------------End of Script----------------

20:34:25 INFO  : Launch script is exported to file 'C:\work\teamp1\teamp1.sdk\.sdk\launch_scripts\xilinx_c-c++_application_(system_debugger)\debug.tcl'
20:36:46 INFO  : Disconnected from the channel tcfchan#12.
20:36:49 INFO  : Connected to target on host '127.0.0.1' and port '3121'.
20:36:49 INFO  : Jtag cable 'Digilent JTAG-HS2 210249B8815C' is selected.
20:36:49 INFO  : 'jtag frequency' command is executed.
20:36:49 INFO  : Sourcing of 'C:/work/teamp1/teamp1.sdk/system_wrapper_hw_platform_0/ps7_init.tcl' is done.
20:36:49 INFO  : Context for 'APU' is selected.
20:36:49 INFO  : System reset is completed.
20:36:52 INFO  : 'after 3000' command is executed.
20:36:53 INFO  : 'targets -set -filter {jtag_cable_name =~ "Digilent JTAG-HS2 210249B8815C" && level==0} -index 1' command is executed.
20:36:54 ERROR : 'fpga -file C:/work/teamp1/teamp1.sdk/system_wrapper_hw_platform_0/system_wrapper.bit' is cancelled.
20:36:54 INFO  : Issued abort command to xsdb.
20:36:54 ERROR : Exception occured while running Program FPGA.
java.lang.RuntimeException: 'fpga -file C:/work/teamp1/teamp1.sdk/system_wrapper_hw_platform_0/system_wrapper.bit' is cancelled.
20:36:54 INFO  : ----------------XSDB Script----------------
connect -url tcp:127.0.0.1:3121
source C:/work/teamp1/teamp1.sdk/system_wrapper_hw_platform_0/ps7_init.tcl
targets -set -nocase -filter {name =~"APU*" && jtag_cable_name =~ "Digilent JTAG-HS2 210249B8815C"} -index 0
rst -system
after 3000
----------------End of Script----------------

20:37:40 INFO  : Connected to target on host '127.0.0.1' and port '3121'.
20:37:40 INFO  : Jtag cable 'Digilent JTAG-HS2 210249B8815C' is selected.
20:37:40 INFO  : 'jtag frequency' command is executed.
20:37:40 INFO  : Sourcing of 'C:/work/teamp1/teamp1.sdk/system_wrapper_hw_platform_0/ps7_init.tcl' is done.
20:37:40 INFO  : Context for 'APU' is selected.
20:37:40 INFO  : System reset is completed.
20:37:43 INFO  : 'after 3000' command is executed.
20:37:43 INFO  : 'targets -set -filter {jtag_cable_name =~ "Digilent JTAG-HS2 210249B8815C" && level==0} -index 1' command is executed.
20:37:46 INFO  : FPGA configured successfully with bitstream "C:/work/teamp1/teamp1.sdk/system_wrapper_hw_platform_0/system_wrapper.bit"
20:37:47 INFO  : Context for 'APU' is selected.
20:37:48 INFO  : Hardware design information is loaded from 'C:/work/teamp1/teamp1.sdk/system_wrapper_hw_platform_0/system.hdf'.
20:37:48 INFO  : 'configparams force-mem-access 1' command is executed.
20:37:48 INFO  : Context for 'APU' is selected.
20:37:48 INFO  : 'ps7_init' command is executed.
20:37:48 INFO  : 'ps7_post_config' command is executed.
20:37:48 INFO  : Context for processor 'ps7_cortexa9_0' is selected.
20:37:48 INFO  : The application 'C:/work/teamp1/teamp1.sdk/tebf/Debug/tebf.elf' is downloaded to processor 'ps7_cortexa9_0'.
20:37:48 INFO  : 'configparams force-mem-access 0' command is executed.
20:37:48 INFO  : ----------------XSDB Script----------------
connect -url tcp:127.0.0.1:3121
source C:/work/teamp1/teamp1.sdk/system_wrapper_hw_platform_0/ps7_init.tcl
targets -set -nocase -filter {name =~"APU*" && jtag_cable_name =~ "Digilent JTAG-HS2 210249B8815C"} -index 0
rst -system
after 3000
targets -set -filter {jtag_cable_name =~ "Digilent JTAG-HS2 210249B8815C" && level==0} -index 1
fpga -file C:/work/teamp1/teamp1.sdk/system_wrapper_hw_platform_0/system_wrapper.bit
targets -set -nocase -filter {name =~"APU*" && jtag_cable_name =~ "Digilent JTAG-HS2 210249B8815C"} -index 0
loadhw -hw C:/work/teamp1/teamp1.sdk/system_wrapper_hw_platform_0/system.hdf -mem-ranges [list {0x40000000 0xbfffffff}]
configparams force-mem-access 1
targets -set -nocase -filter {name =~"APU*" && jtag_cable_name =~ "Digilent JTAG-HS2 210249B8815C"} -index 0
ps7_init
ps7_post_config
targets -set -nocase -filter {name =~ "ARM*#0" && jtag_cable_name =~ "Digilent JTAG-HS2 210249B8815C"} -index 0
dow C:/work/teamp1/teamp1.sdk/tebf/Debug/tebf.elf
configparams force-mem-access 0
----------------End of Script----------------

20:37:48 INFO  : Memory regions updated for context APU
20:37:48 INFO  : Context for processor 'ps7_cortexa9_0' is selected.
20:37:48 INFO  : 'con' command is executed.
20:37:48 INFO  : ----------------XSDB Script (After Launch)----------------
targets -set -nocase -filter {name =~ "ARM*#0" && jtag_cable_name =~ "Digilent JTAG-HS2 210249B8815C"} -index 0
con
----------------End of Script----------------

20:37:48 INFO  : Launch script is exported to file 'C:\work\teamp1\teamp1.sdk\.sdk\launch_scripts\xilinx_c-c++_application_(system_debugger)\debug.tcl'
20:43:25 INFO  : Disconnected from the channel tcfchan#13.
20:43:26 INFO  : Connected to target on host '127.0.0.1' and port '3121'.
20:43:26 INFO  : Jtag cable 'Digilent JTAG-HS2 210249B8815C' is selected.
20:43:26 INFO  : 'jtag frequency' command is executed.
20:43:26 INFO  : Sourcing of 'C:/work/teamp1/teamp1.sdk/system_wrapper_hw_platform_0/ps7_init.tcl' is done.
20:43:26 INFO  : Context for 'APU' is selected.
20:43:26 INFO  : System reset is completed.
20:43:29 INFO  : 'after 3000' command is executed.
20:43:29 INFO  : 'targets -set -filter {jtag_cable_name =~ "Digilent JTAG-HS2 210249B8815C" && level==0} -index 1' command is executed.
20:43:33 INFO  : FPGA configured successfully with bitstream "C:/work/teamp1/teamp1.sdk/system_wrapper_hw_platform_0/system_wrapper.bit"
20:43:33 INFO  : Context for 'APU' is selected.
20:43:34 INFO  : Hardware design information is loaded from 'C:/work/teamp1/teamp1.sdk/system_wrapper_hw_platform_0/system.hdf'.
20:43:34 INFO  : 'configparams force-mem-access 1' command is executed.
20:43:34 INFO  : Context for 'APU' is selected.
20:43:34 INFO  : 'ps7_init' command is executed.
20:43:34 INFO  : 'ps7_post_config' command is executed.
20:43:34 INFO  : Context for processor 'ps7_cortexa9_0' is selected.
20:43:35 INFO  : The application 'C:/work/teamp1/teamp1.sdk/tebf/Debug/tebf.elf' is downloaded to processor 'ps7_cortexa9_0'.
20:43:35 INFO  : 'configparams force-mem-access 0' command is executed.
20:43:35 INFO  : ----------------XSDB Script----------------
connect -url tcp:127.0.0.1:3121
source C:/work/teamp1/teamp1.sdk/system_wrapper_hw_platform_0/ps7_init.tcl
targets -set -nocase -filter {name =~"APU*" && jtag_cable_name =~ "Digilent JTAG-HS2 210249B8815C"} -index 0
rst -system
after 3000
targets -set -filter {jtag_cable_name =~ "Digilent JTAG-HS2 210249B8815C" && level==0} -index 1
fpga -file C:/work/teamp1/teamp1.sdk/system_wrapper_hw_platform_0/system_wrapper.bit
targets -set -nocase -filter {name =~"APU*" && jtag_cable_name =~ "Digilent JTAG-HS2 210249B8815C"} -index 0
loadhw -hw C:/work/teamp1/teamp1.sdk/system_wrapper_hw_platform_0/system.hdf -mem-ranges [list {0x40000000 0xbfffffff}]
configparams force-mem-access 1
targets -set -nocase -filter {name =~"APU*" && jtag_cable_name =~ "Digilent JTAG-HS2 210249B8815C"} -index 0
ps7_init
ps7_post_config
targets -set -nocase -filter {name =~ "ARM*#0" && jtag_cable_name =~ "Digilent JTAG-HS2 210249B8815C"} -index 0
dow C:/work/teamp1/teamp1.sdk/tebf/Debug/tebf.elf
configparams force-mem-access 0
----------------End of Script----------------

20:43:35 INFO  : Memory regions updated for context APU
20:43:35 INFO  : Context for processor 'ps7_cortexa9_0' is selected.
20:43:35 INFO  : 'con' command is executed.
20:43:35 INFO  : ----------------XSDB Script (After Launch)----------------
targets -set -nocase -filter {name =~ "ARM*#0" && jtag_cable_name =~ "Digilent JTAG-HS2 210249B8815C"} -index 0
con
----------------End of Script----------------

20:43:35 INFO  : Launch script is exported to file 'C:\work\teamp1\teamp1.sdk\.sdk\launch_scripts\xilinx_c-c++_application_(system_debugger)\debug.tcl'
20:46:02 INFO  : Disconnected from the channel tcfchan#14.
20:46:03 INFO  : Connected to target on host '127.0.0.1' and port '3121'.
20:46:03 INFO  : Jtag cable 'Digilent JTAG-HS2 210249B8815C' is selected.
20:46:03 INFO  : 'jtag frequency' command is executed.
20:46:03 INFO  : Sourcing of 'C:/work/teamp1/teamp1.sdk/system_wrapper_hw_platform_0/ps7_init.tcl' is done.
20:46:03 INFO  : Context for 'APU' is selected.
20:46:03 INFO  : System reset is completed.
20:46:06 INFO  : 'after 3000' command is executed.
20:46:06 INFO  : 'targets -set -filter {jtag_cable_name =~ "Digilent JTAG-HS2 210249B8815C" && level==0} -index 1' command is executed.
20:46:10 INFO  : FPGA configured successfully with bitstream "C:/work/teamp1/teamp1.sdk/system_wrapper_hw_platform_0/system_wrapper.bit"
20:46:10 INFO  : Context for 'APU' is selected.
20:46:11 INFO  : Hardware design information is loaded from 'C:/work/teamp1/teamp1.sdk/system_wrapper_hw_platform_0/system.hdf'.
20:46:11 INFO  : 'configparams force-mem-access 1' command is executed.
20:46:11 INFO  : Context for 'APU' is selected.
20:46:11 INFO  : 'ps7_init' command is executed.
20:46:11 INFO  : 'ps7_post_config' command is executed.
20:46:11 INFO  : Context for processor 'ps7_cortexa9_0' is selected.
20:46:11 INFO  : The application 'C:/work/teamp1/teamp1.sdk/tebf/Debug/tebf.elf' is downloaded to processor 'ps7_cortexa9_0'.
20:46:11 INFO  : 'configparams force-mem-access 0' command is executed.
20:46:11 INFO  : ----------------XSDB Script----------------
connect -url tcp:127.0.0.1:3121
source C:/work/teamp1/teamp1.sdk/system_wrapper_hw_platform_0/ps7_init.tcl
targets -set -nocase -filter {name =~"APU*" && jtag_cable_name =~ "Digilent JTAG-HS2 210249B8815C"} -index 0
rst -system
after 3000
targets -set -filter {jtag_cable_name =~ "Digilent JTAG-HS2 210249B8815C" && level==0} -index 1
fpga -file C:/work/teamp1/teamp1.sdk/system_wrapper_hw_platform_0/system_wrapper.bit
targets -set -nocase -filter {name =~"APU*" && jtag_cable_name =~ "Digilent JTAG-HS2 210249B8815C"} -index 0
loadhw -hw C:/work/teamp1/teamp1.sdk/system_wrapper_hw_platform_0/system.hdf -mem-ranges [list {0x40000000 0xbfffffff}]
configparams force-mem-access 1
targets -set -nocase -filter {name =~"APU*" && jtag_cable_name =~ "Digilent JTAG-HS2 210249B8815C"} -index 0
ps7_init
ps7_post_config
targets -set -nocase -filter {name =~ "ARM*#0" && jtag_cable_name =~ "Digilent JTAG-HS2 210249B8815C"} -index 0
dow C:/work/teamp1/teamp1.sdk/tebf/Debug/tebf.elf
configparams force-mem-access 0
----------------End of Script----------------

20:46:12 INFO  : Memory regions updated for context APU
20:46:12 INFO  : Context for processor 'ps7_cortexa9_0' is selected.
20:46:12 INFO  : 'con' command is executed.
20:46:12 INFO  : ----------------XSDB Script (After Launch)----------------
targets -set -nocase -filter {name =~ "ARM*#0" && jtag_cable_name =~ "Digilent JTAG-HS2 210249B8815C"} -index 0
con
----------------End of Script----------------

20:46:12 INFO  : Launch script is exported to file 'C:\work\teamp1\teamp1.sdk\.sdk\launch_scripts\xilinx_c-c++_application_(system_debugger)\debug.tcl'
20:48:37 INFO  : Disconnected from the channel tcfchan#15.
20:48:38 INFO  : Connected to target on host '127.0.0.1' and port '3121'.
20:48:38 INFO  : Jtag cable 'Digilent JTAG-HS2 210249B8815C' is selected.
20:48:38 INFO  : 'jtag frequency' command is executed.
20:48:38 INFO  : Sourcing of 'C:/work/teamp1/teamp1.sdk/system_wrapper_hw_platform_0/ps7_init.tcl' is done.
20:48:38 INFO  : Context for 'APU' is selected.
20:48:38 INFO  : System reset is completed.
20:48:41 INFO  : 'after 3000' command is executed.
20:48:41 INFO  : 'targets -set -filter {jtag_cable_name =~ "Digilent JTAG-HS2 210249B8815C" && level==0} -index 1' command is executed.
20:48:45 INFO  : FPGA configured successfully with bitstream "C:/work/teamp1/teamp1.sdk/system_wrapper_hw_platform_0/system_wrapper.bit"
20:48:45 INFO  : Context for 'APU' is selected.
20:48:46 INFO  : Hardware design information is loaded from 'C:/work/teamp1/teamp1.sdk/system_wrapper_hw_platform_0/system.hdf'.
20:48:46 INFO  : 'configparams force-mem-access 1' command is executed.
20:48:46 INFO  : Context for 'APU' is selected.
20:48:46 INFO  : 'ps7_init' command is executed.
20:48:46 INFO  : 'ps7_post_config' command is executed.
20:48:46 INFO  : Context for processor 'ps7_cortexa9_0' is selected.
20:48:47 INFO  : The application 'C:/work/teamp1/teamp1.sdk/tebf/Debug/tebf.elf' is downloaded to processor 'ps7_cortexa9_0'.
20:48:47 INFO  : 'configparams force-mem-access 0' command is executed.
20:48:47 INFO  : ----------------XSDB Script----------------
connect -url tcp:127.0.0.1:3121
source C:/work/teamp1/teamp1.sdk/system_wrapper_hw_platform_0/ps7_init.tcl
targets -set -nocase -filter {name =~"APU*" && jtag_cable_name =~ "Digilent JTAG-HS2 210249B8815C"} -index 0
rst -system
after 3000
targets -set -filter {jtag_cable_name =~ "Digilent JTAG-HS2 210249B8815C" && level==0} -index 1
fpga -file C:/work/teamp1/teamp1.sdk/system_wrapper_hw_platform_0/system_wrapper.bit
targets -set -nocase -filter {name =~"APU*" && jtag_cable_name =~ "Digilent JTAG-HS2 210249B8815C"} -index 0
loadhw -hw C:/work/teamp1/teamp1.sdk/system_wrapper_hw_platform_0/system.hdf -mem-ranges [list {0x40000000 0xbfffffff}]
configparams force-mem-access 1
targets -set -nocase -filter {name =~"APU*" && jtag_cable_name =~ "Digilent JTAG-HS2 210249B8815C"} -index 0
ps7_init
ps7_post_config
targets -set -nocase -filter {name =~ "ARM*#0" && jtag_cable_name =~ "Digilent JTAG-HS2 210249B8815C"} -index 0
dow C:/work/teamp1/teamp1.sdk/tebf/Debug/tebf.elf
configparams force-mem-access 0
----------------End of Script----------------

20:48:47 INFO  : Memory regions updated for context APU
20:48:47 INFO  : Context for processor 'ps7_cortexa9_0' is selected.
20:48:47 INFO  : 'con' command is executed.
20:48:47 INFO  : ----------------XSDB Script (After Launch)----------------
targets -set -nocase -filter {name =~ "ARM*#0" && jtag_cable_name =~ "Digilent JTAG-HS2 210249B8815C"} -index 0
con
----------------End of Script----------------

20:48:47 INFO  : Launch script is exported to file 'C:\work\teamp1\teamp1.sdk\.sdk\launch_scripts\xilinx_c-c++_application_(system_debugger)\debug.tcl'
20:52:34 INFO  : Disconnected from the channel tcfchan#16.
20:52:35 INFO  : Connected to target on host '127.0.0.1' and port '3121'.
20:52:35 INFO  : Jtag cable 'Digilent JTAG-HS2 210249B8815C' is selected.
20:52:35 INFO  : 'jtag frequency' command is executed.
20:52:35 INFO  : Sourcing of 'C:/work/teamp1/teamp1.sdk/system_wrapper_hw_platform_0/ps7_init.tcl' is done.
20:52:35 INFO  : Context for 'APU' is selected.
20:52:35 INFO  : System reset is completed.
20:52:38 INFO  : 'after 3000' command is executed.
20:52:38 INFO  : 'targets -set -filter {jtag_cable_name =~ "Digilent JTAG-HS2 210249B8815C" && level==0} -index 1' command is executed.
20:52:42 INFO  : FPGA configured successfully with bitstream "C:/work/teamp1/teamp1.sdk/system_wrapper_hw_platform_0/system_wrapper.bit"
20:52:42 INFO  : Context for 'APU' is selected.
20:52:43 INFO  : Hardware design information is loaded from 'C:/work/teamp1/teamp1.sdk/system_wrapper_hw_platform_0/system.hdf'.
20:52:43 INFO  : 'configparams force-mem-access 1' command is executed.
20:52:43 INFO  : Context for 'APU' is selected.
20:52:43 INFO  : 'ps7_init' command is executed.
20:52:43 INFO  : 'ps7_post_config' command is executed.
20:52:43 INFO  : Context for processor 'ps7_cortexa9_0' is selected.
20:52:44 INFO  : The application 'C:/work/teamp1/teamp1.sdk/tebf/Debug/tebf.elf' is downloaded to processor 'ps7_cortexa9_0'.
20:52:44 INFO  : 'configparams force-mem-access 0' command is executed.
20:52:44 INFO  : ----------------XSDB Script----------------
connect -url tcp:127.0.0.1:3121
source C:/work/teamp1/teamp1.sdk/system_wrapper_hw_platform_0/ps7_init.tcl
targets -set -nocase -filter {name =~"APU*" && jtag_cable_name =~ "Digilent JTAG-HS2 210249B8815C"} -index 0
rst -system
after 3000
targets -set -filter {jtag_cable_name =~ "Digilent JTAG-HS2 210249B8815C" && level==0} -index 1
fpga -file C:/work/teamp1/teamp1.sdk/system_wrapper_hw_platform_0/system_wrapper.bit
targets -set -nocase -filter {name =~"APU*" && jtag_cable_name =~ "Digilent JTAG-HS2 210249B8815C"} -index 0
loadhw -hw C:/work/teamp1/teamp1.sdk/system_wrapper_hw_platform_0/system.hdf -mem-ranges [list {0x40000000 0xbfffffff}]
configparams force-mem-access 1
targets -set -nocase -filter {name =~"APU*" && jtag_cable_name =~ "Digilent JTAG-HS2 210249B8815C"} -index 0
ps7_init
ps7_post_config
targets -set -nocase -filter {name =~ "ARM*#0" && jtag_cable_name =~ "Digilent JTAG-HS2 210249B8815C"} -index 0
dow C:/work/teamp1/teamp1.sdk/tebf/Debug/tebf.elf
configparams force-mem-access 0
----------------End of Script----------------

20:52:44 INFO  : Memory regions updated for context APU
20:52:44 INFO  : Context for processor 'ps7_cortexa9_0' is selected.
20:52:44 INFO  : 'con' command is executed.
20:52:44 INFO  : ----------------XSDB Script (After Launch)----------------
targets -set -nocase -filter {name =~ "ARM*#0" && jtag_cable_name =~ "Digilent JTAG-HS2 210249B8815C"} -index 0
con
----------------End of Script----------------

20:52:44 INFO  : Launch script is exported to file 'C:\work\teamp1\teamp1.sdk\.sdk\launch_scripts\xilinx_c-c++_application_(system_debugger)\debug.tcl'
20:54:45 INFO  : Disconnected from the channel tcfchan#17.
20:54:46 INFO  : Connected to target on host '127.0.0.1' and port '3121'.
20:54:47 INFO  : Jtag cable 'Digilent JTAG-HS2 210249B8815C' is selected.
20:54:47 INFO  : 'jtag frequency' command is executed.
20:54:47 INFO  : Sourcing of 'C:/work/teamp1/teamp1.sdk/system_wrapper_hw_platform_0/ps7_init.tcl' is done.
20:54:47 INFO  : Context for 'APU' is selected.
20:54:47 INFO  : System reset is completed.
20:54:50 INFO  : 'after 3000' command is executed.
20:54:50 INFO  : 'targets -set -filter {jtag_cable_name =~ "Digilent JTAG-HS2 210249B8815C" && level==0} -index 1' command is executed.
20:54:53 INFO  : FPGA configured successfully with bitstream "C:/work/teamp1/teamp1.sdk/system_wrapper_hw_platform_0/system_wrapper.bit"
20:54:53 INFO  : Context for 'APU' is selected.
20:54:54 INFO  : Hardware design information is loaded from 'C:/work/teamp1/teamp1.sdk/system_wrapper_hw_platform_0/system.hdf'.
20:54:54 INFO  : 'configparams force-mem-access 1' command is executed.
20:54:54 INFO  : Context for 'APU' is selected.
20:54:55 INFO  : 'ps7_init' command is executed.
20:54:55 INFO  : 'ps7_post_config' command is executed.
20:54:55 INFO  : Context for processor 'ps7_cortexa9_0' is selected.
20:54:55 INFO  : The application 'C:/work/teamp1/teamp1.sdk/tebf/Debug/tebf.elf' is downloaded to processor 'ps7_cortexa9_0'.
20:54:55 INFO  : 'configparams force-mem-access 0' command is executed.
20:54:55 INFO  : ----------------XSDB Script----------------
connect -url tcp:127.0.0.1:3121
source C:/work/teamp1/teamp1.sdk/system_wrapper_hw_platform_0/ps7_init.tcl
targets -set -nocase -filter {name =~"APU*" && jtag_cable_name =~ "Digilent JTAG-HS2 210249B8815C"} -index 0
rst -system
after 3000
targets -set -filter {jtag_cable_name =~ "Digilent JTAG-HS2 210249B8815C" && level==0} -index 1
fpga -file C:/work/teamp1/teamp1.sdk/system_wrapper_hw_platform_0/system_wrapper.bit
targets -set -nocase -filter {name =~"APU*" && jtag_cable_name =~ "Digilent JTAG-HS2 210249B8815C"} -index 0
loadhw -hw C:/work/teamp1/teamp1.sdk/system_wrapper_hw_platform_0/system.hdf -mem-ranges [list {0x40000000 0xbfffffff}]
configparams force-mem-access 1
targets -set -nocase -filter {name =~"APU*" && jtag_cable_name =~ "Digilent JTAG-HS2 210249B8815C"} -index 0
ps7_init
ps7_post_config
targets -set -nocase -filter {name =~ "ARM*#0" && jtag_cable_name =~ "Digilent JTAG-HS2 210249B8815C"} -index 0
dow C:/work/teamp1/teamp1.sdk/tebf/Debug/tebf.elf
configparams force-mem-access 0
----------------End of Script----------------

20:54:55 INFO  : Memory regions updated for context APU
20:54:55 INFO  : Context for processor 'ps7_cortexa9_0' is selected.
20:54:55 INFO  : 'con' command is executed.
20:54:55 INFO  : ----------------XSDB Script (After Launch)----------------
targets -set -nocase -filter {name =~ "ARM*#0" && jtag_cable_name =~ "Digilent JTAG-HS2 210249B8815C"} -index 0
con
----------------End of Script----------------

20:54:55 INFO  : Launch script is exported to file 'C:\work\teamp1\teamp1.sdk\.sdk\launch_scripts\xilinx_c-c++_application_(system_debugger)\debug.tcl'
20:55:35 INFO  : Disconnected from the channel tcfchan#18.
20:55:36 INFO  : Connected to target on host '127.0.0.1' and port '3121'.
20:55:36 INFO  : Jtag cable 'Digilent JTAG-HS2 210249B8815C' is selected.
20:55:36 INFO  : 'jtag frequency' command is executed.
20:55:36 INFO  : Sourcing of 'C:/work/teamp1/teamp1.sdk/system_wrapper_hw_platform_0/ps7_init.tcl' is done.
20:55:36 INFO  : Context for 'APU' is selected.
20:55:36 INFO  : System reset is completed.
20:55:39 INFO  : 'after 3000' command is executed.
20:55:39 INFO  : 'targets -set -filter {jtag_cable_name =~ "Digilent JTAG-HS2 210249B8815C" && level==0} -index 1' command is executed.
20:55:42 INFO  : FPGA configured successfully with bitstream "C:/work/teamp1/teamp1.sdk/system_wrapper_hw_platform_0/system_wrapper.bit"
20:55:42 INFO  : Context for 'APU' is selected.
20:55:44 INFO  : Hardware design information is loaded from 'C:/work/teamp1/teamp1.sdk/system_wrapper_hw_platform_0/system.hdf'.
20:55:44 INFO  : 'configparams force-mem-access 1' command is executed.
20:55:44 INFO  : Context for 'APU' is selected.
20:55:44 INFO  : 'ps7_init' command is executed.
20:55:44 INFO  : 'ps7_post_config' command is executed.
20:55:44 INFO  : Context for processor 'ps7_cortexa9_0' is selected.
20:55:44 INFO  : The application 'C:/work/teamp1/teamp1.sdk/tebf/Debug/tebf.elf' is downloaded to processor 'ps7_cortexa9_0'.
20:55:44 INFO  : 'configparams force-mem-access 0' command is executed.
20:55:44 INFO  : ----------------XSDB Script----------------
connect -url tcp:127.0.0.1:3121
source C:/work/teamp1/teamp1.sdk/system_wrapper_hw_platform_0/ps7_init.tcl
targets -set -nocase -filter {name =~"APU*" && jtag_cable_name =~ "Digilent JTAG-HS2 210249B8815C"} -index 0
rst -system
after 3000
targets -set -filter {jtag_cable_name =~ "Digilent JTAG-HS2 210249B8815C" && level==0} -index 1
fpga -file C:/work/teamp1/teamp1.sdk/system_wrapper_hw_platform_0/system_wrapper.bit
targets -set -nocase -filter {name =~"APU*" && jtag_cable_name =~ "Digilent JTAG-HS2 210249B8815C"} -index 0
loadhw -hw C:/work/teamp1/teamp1.sdk/system_wrapper_hw_platform_0/system.hdf -mem-ranges [list {0x40000000 0xbfffffff}]
configparams force-mem-access 1
targets -set -nocase -filter {name =~"APU*" && jtag_cable_name =~ "Digilent JTAG-HS2 210249B8815C"} -index 0
ps7_init
ps7_post_config
targets -set -nocase -filter {name =~ "ARM*#0" && jtag_cable_name =~ "Digilent JTAG-HS2 210249B8815C"} -index 0
dow C:/work/teamp1/teamp1.sdk/tebf/Debug/tebf.elf
configparams force-mem-access 0
----------------End of Script----------------

20:55:44 INFO  : Memory regions updated for context APU
20:55:44 INFO  : Context for processor 'ps7_cortexa9_0' is selected.
20:55:44 INFO  : 'con' command is executed.
20:55:44 INFO  : ----------------XSDB Script (After Launch)----------------
targets -set -nocase -filter {name =~ "ARM*#0" && jtag_cable_name =~ "Digilent JTAG-HS2 210249B8815C"} -index 0
con
----------------End of Script----------------

20:55:44 INFO  : Launch script is exported to file 'C:\work\teamp1\teamp1.sdk\.sdk\launch_scripts\xilinx_c-c++_application_(system_debugger)\debug.tcl'
20:56:14 INFO  : Disconnected from the channel tcfchan#19.
20:56:15 INFO  : Connected to target on host '127.0.0.1' and port '3121'.
20:56:16 INFO  : Jtag cable 'Digilent JTAG-HS2 210249B8815C' is selected.
20:56:16 INFO  : 'jtag frequency' command is executed.
20:56:16 INFO  : Sourcing of 'C:/work/teamp1/teamp1.sdk/system_wrapper_hw_platform_0/ps7_init.tcl' is done.
20:56:16 INFO  : Context for 'APU' is selected.
20:56:16 INFO  : System reset is completed.
20:56:19 INFO  : 'after 3000' command is executed.
20:56:19 INFO  : 'targets -set -filter {jtag_cable_name =~ "Digilent JTAG-HS2 210249B8815C" && level==0} -index 1' command is executed.
20:56:22 INFO  : FPGA configured successfully with bitstream "C:/work/teamp1/teamp1.sdk/system_wrapper_hw_platform_0/system_wrapper.bit"
20:56:22 INFO  : Context for 'APU' is selected.
20:56:24 INFO  : Hardware design information is loaded from 'C:/work/teamp1/teamp1.sdk/system_wrapper_hw_platform_0/system.hdf'.
20:56:24 INFO  : 'configparams force-mem-access 1' command is executed.
20:56:24 INFO  : Context for 'APU' is selected.
20:56:24 INFO  : 'ps7_init' command is executed.
20:56:24 INFO  : 'ps7_post_config' command is executed.
20:56:24 INFO  : Context for processor 'ps7_cortexa9_0' is selected.
20:56:24 INFO  : The application 'C:/work/teamp1/teamp1.sdk/tebf/Debug/tebf.elf' is downloaded to processor 'ps7_cortexa9_0'.
20:56:24 INFO  : 'configparams force-mem-access 0' command is executed.
20:56:24 INFO  : ----------------XSDB Script----------------
connect -url tcp:127.0.0.1:3121
source C:/work/teamp1/teamp1.sdk/system_wrapper_hw_platform_0/ps7_init.tcl
targets -set -nocase -filter {name =~"APU*" && jtag_cable_name =~ "Digilent JTAG-HS2 210249B8815C"} -index 0
rst -system
after 3000
targets -set -filter {jtag_cable_name =~ "Digilent JTAG-HS2 210249B8815C" && level==0} -index 1
fpga -file C:/work/teamp1/teamp1.sdk/system_wrapper_hw_platform_0/system_wrapper.bit
targets -set -nocase -filter {name =~"APU*" && jtag_cable_name =~ "Digilent JTAG-HS2 210249B8815C"} -index 0
loadhw -hw C:/work/teamp1/teamp1.sdk/system_wrapper_hw_platform_0/system.hdf -mem-ranges [list {0x40000000 0xbfffffff}]
configparams force-mem-access 1
targets -set -nocase -filter {name =~"APU*" && jtag_cable_name =~ "Digilent JTAG-HS2 210249B8815C"} -index 0
ps7_init
ps7_post_config
targets -set -nocase -filter {name =~ "ARM*#0" && jtag_cable_name =~ "Digilent JTAG-HS2 210249B8815C"} -index 0
dow C:/work/teamp1/teamp1.sdk/tebf/Debug/tebf.elf
configparams force-mem-access 0
----------------End of Script----------------

20:56:24 INFO  : Memory regions updated for context APU
20:56:24 INFO  : Context for processor 'ps7_cortexa9_0' is selected.
20:56:25 INFO  : 'con' command is executed.
20:56:25 INFO  : ----------------XSDB Script (After Launch)----------------
targets -set -nocase -filter {name =~ "ARM*#0" && jtag_cable_name =~ "Digilent JTAG-HS2 210249B8815C"} -index 0
con
----------------End of Script----------------

20:56:25 INFO  : Launch script is exported to file 'C:\work\teamp1\teamp1.sdk\.sdk\launch_scripts\xilinx_c-c++_application_(system_debugger)\debug.tcl'
20:56:50 INFO  : Disconnected from the channel tcfchan#20.
20:56:51 INFO  : Connected to target on host '127.0.0.1' and port '3121'.
20:56:51 INFO  : Jtag cable 'Digilent JTAG-HS2 210249B8815C' is selected.
20:56:51 INFO  : 'jtag frequency' command is executed.
20:56:51 INFO  : Sourcing of 'C:/work/teamp1/teamp1.sdk/system_wrapper_hw_platform_0/ps7_init.tcl' is done.
20:56:51 INFO  : Context for 'APU' is selected.
20:56:51 INFO  : System reset is completed.
20:56:54 INFO  : 'after 3000' command is executed.
20:56:54 INFO  : 'targets -set -filter {jtag_cable_name =~ "Digilent JTAG-HS2 210249B8815C" && level==0} -index 1' command is executed.
20:56:57 INFO  : FPGA configured successfully with bitstream "C:/work/teamp1/teamp1.sdk/system_wrapper_hw_platform_0/system_wrapper.bit"
20:56:57 INFO  : Context for 'APU' is selected.
20:56:59 INFO  : Hardware design information is loaded from 'C:/work/teamp1/teamp1.sdk/system_wrapper_hw_platform_0/system.hdf'.
20:56:59 INFO  : 'configparams force-mem-access 1' command is executed.
20:56:59 INFO  : Context for 'APU' is selected.
20:56:59 INFO  : 'ps7_init' command is executed.
20:56:59 INFO  : 'ps7_post_config' command is executed.
20:56:59 INFO  : Context for processor 'ps7_cortexa9_0' is selected.
20:56:59 INFO  : The application 'C:/work/teamp1/teamp1.sdk/tebf/Debug/tebf.elf' is downloaded to processor 'ps7_cortexa9_0'.
20:56:59 INFO  : 'configparams force-mem-access 0' command is executed.
20:56:59 INFO  : ----------------XSDB Script----------------
connect -url tcp:127.0.0.1:3121
source C:/work/teamp1/teamp1.sdk/system_wrapper_hw_platform_0/ps7_init.tcl
targets -set -nocase -filter {name =~"APU*" && jtag_cable_name =~ "Digilent JTAG-HS2 210249B8815C"} -index 0
rst -system
after 3000
targets -set -filter {jtag_cable_name =~ "Digilent JTAG-HS2 210249B8815C" && level==0} -index 1
fpga -file C:/work/teamp1/teamp1.sdk/system_wrapper_hw_platform_0/system_wrapper.bit
targets -set -nocase -filter {name =~"APU*" && jtag_cable_name =~ "Digilent JTAG-HS2 210249B8815C"} -index 0
loadhw -hw C:/work/teamp1/teamp1.sdk/system_wrapper_hw_platform_0/system.hdf -mem-ranges [list {0x40000000 0xbfffffff}]
configparams force-mem-access 1
targets -set -nocase -filter {name =~"APU*" && jtag_cable_name =~ "Digilent JTAG-HS2 210249B8815C"} -index 0
ps7_init
ps7_post_config
targets -set -nocase -filter {name =~ "ARM*#0" && jtag_cable_name =~ "Digilent JTAG-HS2 210249B8815C"} -index 0
dow C:/work/teamp1/teamp1.sdk/tebf/Debug/tebf.elf
configparams force-mem-access 0
----------------End of Script----------------

20:56:59 INFO  : Memory regions updated for context APU
20:57:00 INFO  : Context for processor 'ps7_cortexa9_0' is selected.
20:57:00 INFO  : 'con' command is executed.
20:57:00 INFO  : ----------------XSDB Script (After Launch)----------------
targets -set -nocase -filter {name =~ "ARM*#0" && jtag_cable_name =~ "Digilent JTAG-HS2 210249B8815C"} -index 0
con
----------------End of Script----------------

20:57:00 INFO  : Launch script is exported to file 'C:\work\teamp1\teamp1.sdk\.sdk\launch_scripts\xilinx_c-c++_application_(system_debugger)\debug.tcl'
20:58:30 INFO  : Disconnected from the channel tcfchan#21.
20:58:31 INFO  : Connected to target on host '127.0.0.1' and port '3121'.
20:58:31 INFO  : Jtag cable 'Digilent JTAG-HS2 210249B8815C' is selected.
20:58:31 INFO  : 'jtag frequency' command is executed.
20:58:31 INFO  : Sourcing of 'C:/work/teamp1/teamp1.sdk/system_wrapper_hw_platform_0/ps7_init.tcl' is done.
20:58:31 INFO  : Context for 'APU' is selected.
20:58:31 INFO  : System reset is completed.
20:58:35 INFO  : 'after 3000' command is executed.
20:58:35 INFO  : Connected to target on host '127.0.0.1' and port '3121'.
20:58:35 INFO  : 'targets -set -filter {jtag_cable_name =~ "Digilent JTAG-HS2 210249B8815C" && level==0} -index 1' command is executed.
20:58:38 INFO  : FPGA configured successfully with bitstream "C:/work/teamp1/teamp1.sdk/system_wrapper_hw_platform_0/system_wrapper.bit"
20:58:38 INFO  : Context for 'APU' is selected.
20:58:39 INFO  : Hardware design information is loaded from 'C:/work/teamp1/teamp1.sdk/system_wrapper_hw_platform_0/system.hdf'.
20:58:39 INFO  : 'configparams force-mem-access 1' command is executed.
20:58:39 INFO  : Context for 'APU' is selected.
20:58:40 INFO  : 'ps7_init' command is executed.
20:58:40 INFO  : Jtag cable 'Digilent JTAG-HS2 210249B8815C' is selected.
20:58:40 INFO  : 'ps7_post_config' command is executed.
20:58:40 INFO  : 'jtag frequency' command is executed.
20:58:40 INFO  : Context for processor 'ps7_cortexa9_0' is selected.
20:58:40 INFO  : Sourcing of 'C:/work/teamp1/teamp1.sdk/system_wrapper_hw_platform_0/ps7_init.tcl' is done.
20:58:40 INFO  : The application 'C:/work/teamp1/teamp1.sdk/tebf/Debug/tebf.elf' is downloaded to processor 'ps7_cortexa9_0'.
20:58:40 INFO  : Context for 'APU' is selected.
20:58:40 INFO  : 'configparams force-mem-access 0' command is executed.
20:58:40 INFO  : ----------------XSDB Script----------------
connect -url tcp:127.0.0.1:3121
source C:/work/teamp1/teamp1.sdk/system_wrapper_hw_platform_0/ps7_init.tcl
targets -set -nocase -filter {name =~"APU*" && jtag_cable_name =~ "Digilent JTAG-HS2 210249B8815C"} -index 0
rst -system
after 3000
targets -set -filter {jtag_cable_name =~ "Digilent JTAG-HS2 210249B8815C" && level==0} -index 1
fpga -file C:/work/teamp1/teamp1.sdk/system_wrapper_hw_platform_0/system_wrapper.bit
targets -set -nocase -filter {name =~"APU*" && jtag_cable_name =~ "Digilent JTAG-HS2 210249B8815C"} -index 0
loadhw -hw C:/work/teamp1/teamp1.sdk/system_wrapper_hw_platform_0/system.hdf -mem-ranges [list {0x40000000 0xbfffffff}]
configparams force-mem-access 1
targets -set -nocase -filter {name =~"APU*" && jtag_cable_name =~ "Digilent JTAG-HS2 210249B8815C"} -index 0
ps7_init
ps7_post_config
targets -set -nocase -filter {name =~ "ARM*#0" && jtag_cable_name =~ "Digilent JTAG-HS2 210249B8815C"} -index 0
dow C:/work/teamp1/teamp1.sdk/tebf/Debug/tebf.elf
configparams force-mem-access 0
----------------End of Script----------------

20:58:40 INFO  : Memory regions updated for context APU
20:58:40 INFO  : System reset is completed.
20:58:40 INFO  : Context for processor 'ps7_cortexa9_0' is selected.
20:58:43 INFO  : 'after 3000' command is executed.
20:58:43 INFO  : 'con' command is executed.
20:58:43 INFO  : ----------------XSDB Script (After Launch)----------------
targets -set -nocase -filter {name =~ "ARM*#0" && jtag_cable_name =~ "Digilent JTAG-HS2 210249B8815C"} -index 0
con
----------------End of Script----------------

20:58:43 INFO  : Launch script is exported to file 'C:\work\teamp1\teamp1.sdk\.sdk\launch_scripts\xilinx_c-c++_application_(system_debugger)\debug.tcl'
20:58:44 INFO  : 'targets -set -filter {jtag_cable_name =~ "Digilent JTAG-HS2 210249B8815C" && level==0} -index 1' command is executed.
20:58:47 INFO  : FPGA configured successfully with bitstream "C:/work/teamp1/teamp1.sdk/system_wrapper_hw_platform_0/system_wrapper.bit"
20:58:47 INFO  : Context for 'APU' is selected.
20:58:47 INFO  : Hardware design information is loaded from 'C:/work/teamp1/teamp1.sdk/system_wrapper_hw_platform_0/system.hdf'.
20:58:47 INFO  : 'configparams force-mem-access 1' command is executed.
20:58:47 INFO  : Context for 'APU' is selected.
20:58:47 INFO  : 'ps7_init' command is executed.
20:58:47 INFO  : 'ps7_post_config' command is executed.
20:58:47 INFO  : Context for processor 'ps7_cortexa9_0' is selected.
20:58:48 INFO  : The application 'C:/work/teamp1/teamp1.sdk/tebf/Debug/tebf.elf' is downloaded to processor 'ps7_cortexa9_0'.
20:58:48 INFO  : 'configparams force-mem-access 0' command is executed.
20:58:48 INFO  : ----------------XSDB Script----------------
connect -url tcp:127.0.0.1:3121
source C:/work/teamp1/teamp1.sdk/system_wrapper_hw_platform_0/ps7_init.tcl
targets -set -nocase -filter {name =~"APU*" && jtag_cable_name =~ "Digilent JTAG-HS2 210249B8815C"} -index 0
rst -system
after 3000
targets -set -filter {jtag_cable_name =~ "Digilent JTAG-HS2 210249B8815C" && level==0} -index 1
fpga -file C:/work/teamp1/teamp1.sdk/system_wrapper_hw_platform_0/system_wrapper.bit
targets -set -nocase -filter {name =~"APU*" && jtag_cable_name =~ "Digilent JTAG-HS2 210249B8815C"} -index 0
loadhw -hw C:/work/teamp1/teamp1.sdk/system_wrapper_hw_platform_0/system.hdf -mem-ranges [list {0x40000000 0xbfffffff}]
configparams force-mem-access 1
targets -set -nocase -filter {name =~"APU*" && jtag_cable_name =~ "Digilent JTAG-HS2 210249B8815C"} -index 0
ps7_init
ps7_post_config
targets -set -nocase -filter {name =~ "ARM*#0" && jtag_cable_name =~ "Digilent JTAG-HS2 210249B8815C"} -index 0
dow C:/work/teamp1/teamp1.sdk/tebf/Debug/tebf.elf
configparams force-mem-access 0
----------------End of Script----------------

20:58:48 INFO  : Memory regions updated for context APU
20:58:48 INFO  : Context for processor 'ps7_cortexa9_0' is selected.
20:58:48 INFO  : 'con' command is executed.
20:58:48 INFO  : ----------------XSDB Script (After Launch)----------------
targets -set -nocase -filter {name =~ "ARM*#0" && jtag_cable_name =~ "Digilent JTAG-HS2 210249B8815C"} -index 0
con
----------------End of Script----------------

20:58:48 INFO  : Launch script is exported to file 'C:\work\teamp1\teamp1.sdk\.sdk\launch_scripts\xilinx_c-c++_application_(system_debugger)\debug.tcl'
21:01:02 INFO  : Disconnected from the channel tcfchan#22.
21:01:03 INFO  : Connected to target on host '127.0.0.1' and port '3121'.
21:01:03 INFO  : Jtag cable 'Digilent JTAG-HS2 210249B8815C' is selected.
21:01:03 INFO  : 'jtag frequency' command is executed.
21:01:03 INFO  : Sourcing of 'C:/work/teamp1/teamp1.sdk/system_wrapper_hw_platform_0/ps7_init.tcl' is done.
21:01:03 INFO  : Context for 'APU' is selected.
21:01:03 INFO  : System reset is completed.
21:01:06 INFO  : 'after 3000' command is executed.
21:01:07 INFO  : 'targets -set -filter {jtag_cable_name =~ "Digilent JTAG-HS2 210249B8815C" && level==0} -index 1' command is executed.
21:01:10 INFO  : FPGA configured successfully with bitstream "C:/work/teamp1/teamp1.sdk/system_wrapper_hw_platform_0/system_wrapper.bit"
21:01:10 INFO  : Context for 'APU' is selected.
21:01:11 INFO  : Hardware design information is loaded from 'C:/work/teamp1/teamp1.sdk/system_wrapper_hw_platform_0/system.hdf'.
21:01:11 INFO  : 'configparams force-mem-access 1' command is executed.
21:01:11 INFO  : Context for 'APU' is selected.
21:01:12 INFO  : 'ps7_init' command is executed.
21:01:12 INFO  : 'ps7_post_config' command is executed.
21:01:12 INFO  : Context for processor 'ps7_cortexa9_0' is selected.
21:01:12 INFO  : The application 'C:/work/teamp1/teamp1.sdk/tebf/Debug/tebf.elf' is downloaded to processor 'ps7_cortexa9_0'.
21:01:12 INFO  : 'configparams force-mem-access 0' command is executed.
21:01:12 INFO  : ----------------XSDB Script----------------
connect -url tcp:127.0.0.1:3121
source C:/work/teamp1/teamp1.sdk/system_wrapper_hw_platform_0/ps7_init.tcl
targets -set -nocase -filter {name =~"APU*" && jtag_cable_name =~ "Digilent JTAG-HS2 210249B8815C"} -index 0
rst -system
after 3000
targets -set -filter {jtag_cable_name =~ "Digilent JTAG-HS2 210249B8815C" && level==0} -index 1
fpga -file C:/work/teamp1/teamp1.sdk/system_wrapper_hw_platform_0/system_wrapper.bit
targets -set -nocase -filter {name =~"APU*" && jtag_cable_name =~ "Digilent JTAG-HS2 210249B8815C"} -index 0
loadhw -hw C:/work/teamp1/teamp1.sdk/system_wrapper_hw_platform_0/system.hdf -mem-ranges [list {0x40000000 0xbfffffff}]
configparams force-mem-access 1
targets -set -nocase -filter {name =~"APU*" && jtag_cable_name =~ "Digilent JTAG-HS2 210249B8815C"} -index 0
ps7_init
ps7_post_config
targets -set -nocase -filter {name =~ "ARM*#0" && jtag_cable_name =~ "Digilent JTAG-HS2 210249B8815C"} -index 0
dow C:/work/teamp1/teamp1.sdk/tebf/Debug/tebf.elf
configparams force-mem-access 0
----------------End of Script----------------

21:01:12 INFO  : Memory regions updated for context APU
21:01:12 INFO  : Context for processor 'ps7_cortexa9_0' is selected.
21:01:12 ERROR : Already running
21:01:12 INFO  : Disconnected from the channel tcfchan#23.
21:12:48 WARN  : channel "tcfchan#22" closed
21:12:49 INFO  : Connected to target on host '127.0.0.1' and port '3121'.
21:12:49 INFO  : Jtag cable 'Digilent JTAG-HS2 210249B8815C' is selected.
21:12:49 INFO  : 'jtag frequency' command is executed.
21:12:49 INFO  : Sourcing of 'C:/work/teamp1/teamp1.sdk/system_wrapper_hw_platform_0/ps7_init.tcl' is done.
21:12:49 INFO  : Context for 'APU' is selected.
21:12:49 INFO  : System reset is completed.
21:12:52 INFO  : 'after 3000' command is executed.
21:12:52 INFO  : 'targets -set -filter {jtag_cable_name =~ "Digilent JTAG-HS2 210249B8815C" && level==0} -index 1' command is executed.
21:12:55 INFO  : FPGA configured successfully with bitstream "C:/work/teamp1/teamp1.sdk/system_wrapper_hw_platform_0/system_wrapper.bit"
21:12:56 INFO  : Context for 'APU' is selected.
21:12:57 INFO  : Hardware design information is loaded from 'C:/work/teamp1/teamp1.sdk/system_wrapper_hw_platform_0/system.hdf'.
21:12:57 INFO  : 'configparams force-mem-access 1' command is executed.
21:12:57 INFO  : Context for 'APU' is selected.
21:12:57 INFO  : 'ps7_init' command is executed.
21:12:57 INFO  : 'ps7_post_config' command is executed.
21:12:57 INFO  : Context for processor 'ps7_cortexa9_0' is selected.
21:12:57 INFO  : The application 'C:/work/teamp1/teamp1.sdk/tebf/Debug/tebf.elf' is downloaded to processor 'ps7_cortexa9_0'.
21:12:57 INFO  : 'configparams force-mem-access 0' command is executed.
21:12:57 INFO  : ----------------XSDB Script----------------
connect -url tcp:127.0.0.1:3121
source C:/work/teamp1/teamp1.sdk/system_wrapper_hw_platform_0/ps7_init.tcl
targets -set -nocase -filter {name =~"APU*" && jtag_cable_name =~ "Digilent JTAG-HS2 210249B8815C"} -index 0
rst -system
after 3000
targets -set -filter {jtag_cable_name =~ "Digilent JTAG-HS2 210249B8815C" && level==0} -index 1
fpga -file C:/work/teamp1/teamp1.sdk/system_wrapper_hw_platform_0/system_wrapper.bit
targets -set -nocase -filter {name =~"APU*" && jtag_cable_name =~ "Digilent JTAG-HS2 210249B8815C"} -index 0
loadhw -hw C:/work/teamp1/teamp1.sdk/system_wrapper_hw_platform_0/system.hdf -mem-ranges [list {0x40000000 0xbfffffff}]
configparams force-mem-access 1
targets -set -nocase -filter {name =~"APU*" && jtag_cable_name =~ "Digilent JTAG-HS2 210249B8815C"} -index 0
ps7_init
ps7_post_config
targets -set -nocase -filter {name =~ "ARM*#0" && jtag_cable_name =~ "Digilent JTAG-HS2 210249B8815C"} -index 0
dow C:/work/teamp1/teamp1.sdk/tebf/Debug/tebf.elf
configparams force-mem-access 0
----------------End of Script----------------

21:12:57 INFO  : Memory regions updated for context APU
21:12:58 INFO  : Context for processor 'ps7_cortexa9_0' is selected.
21:12:58 INFO  : 'con' command is executed.
21:12:58 INFO  : ----------------XSDB Script (After Launch)----------------
targets -set -nocase -filter {name =~ "ARM*#0" && jtag_cable_name =~ "Digilent JTAG-HS2 210249B8815C"} -index 0
con
----------------End of Script----------------

21:12:58 INFO  : Launch script is exported to file 'C:\work\teamp1\teamp1.sdk\.sdk\launch_scripts\xilinx_c-c++_application_(system_debugger)\debug.tcl'
21:15:56 INFO  : Disconnected from the channel tcfchan#24.
21:15:57 INFO  : Connected to target on host '127.0.0.1' and port '3121'.
21:15:57 INFO  : Jtag cable 'Digilent JTAG-HS2 210249B8815C' is selected.
21:15:57 INFO  : 'jtag frequency' command is executed.
21:15:57 INFO  : Sourcing of 'C:/work/teamp1/teamp1.sdk/system_wrapper_hw_platform_0/ps7_init.tcl' is done.
21:15:57 INFO  : Context for 'APU' is selected.
21:15:57 INFO  : System reset is completed.
21:16:00 INFO  : 'after 3000' command is executed.
21:16:00 INFO  : 'targets -set -filter {jtag_cable_name =~ "Digilent JTAG-HS2 210249B8815C" && level==0} -index 1' command is executed.
21:16:03 INFO  : FPGA configured successfully with bitstream "C:/work/teamp1/teamp1.sdk/system_wrapper_hw_platform_0/system_wrapper.bit"
21:16:03 INFO  : Context for 'APU' is selected.
21:16:05 INFO  : Hardware design information is loaded from 'C:/work/teamp1/teamp1.sdk/system_wrapper_hw_platform_0/system.hdf'.
21:16:05 INFO  : 'configparams force-mem-access 1' command is executed.
21:16:05 INFO  : Context for 'APU' is selected.
21:16:05 INFO  : 'ps7_init' command is executed.
21:16:05 INFO  : 'ps7_post_config' command is executed.
21:16:05 INFO  : Context for processor 'ps7_cortexa9_0' is selected.
21:16:05 INFO  : The application 'C:/work/teamp1/teamp1.sdk/tebf/Debug/tebf.elf' is downloaded to processor 'ps7_cortexa9_0'.
21:16:05 INFO  : 'configparams force-mem-access 0' command is executed.
21:16:05 INFO  : ----------------XSDB Script----------------
connect -url tcp:127.0.0.1:3121
source C:/work/teamp1/teamp1.sdk/system_wrapper_hw_platform_0/ps7_init.tcl
targets -set -nocase -filter {name =~"APU*" && jtag_cable_name =~ "Digilent JTAG-HS2 210249B8815C"} -index 0
rst -system
after 3000
targets -set -filter {jtag_cable_name =~ "Digilent JTAG-HS2 210249B8815C" && level==0} -index 1
fpga -file C:/work/teamp1/teamp1.sdk/system_wrapper_hw_platform_0/system_wrapper.bit
targets -set -nocase -filter {name =~"APU*" && jtag_cable_name =~ "Digilent JTAG-HS2 210249B8815C"} -index 0
loadhw -hw C:/work/teamp1/teamp1.sdk/system_wrapper_hw_platform_0/system.hdf -mem-ranges [list {0x40000000 0xbfffffff}]
configparams force-mem-access 1
targets -set -nocase -filter {name =~"APU*" && jtag_cable_name =~ "Digilent JTAG-HS2 210249B8815C"} -index 0
ps7_init
ps7_post_config
targets -set -nocase -filter {name =~ "ARM*#0" && jtag_cable_name =~ "Digilent JTAG-HS2 210249B8815C"} -index 0
dow C:/work/teamp1/teamp1.sdk/tebf/Debug/tebf.elf
configparams force-mem-access 0
----------------End of Script----------------

21:16:05 INFO  : Memory regions updated for context APU
21:16:05 INFO  : Context for processor 'ps7_cortexa9_0' is selected.
21:16:05 INFO  : 'con' command is executed.
21:16:05 INFO  : ----------------XSDB Script (After Launch)----------------
targets -set -nocase -filter {name =~ "ARM*#0" && jtag_cable_name =~ "Digilent JTAG-HS2 210249B8815C"} -index 0
con
----------------End of Script----------------

21:16:05 INFO  : Launch script is exported to file 'C:\work\teamp1\teamp1.sdk\.sdk\launch_scripts\xilinx_c-c++_application_(system_debugger)\debug.tcl'
21:17:01 INFO  : Disconnected from the channel tcfchan#25.
21:17:02 INFO  : Connected to target on host '127.0.0.1' and port '3121'.
21:17:02 INFO  : Jtag cable 'Digilent JTAG-HS2 210249B8815C' is selected.
21:17:02 INFO  : 'jtag frequency' command is executed.
21:17:02 INFO  : Sourcing of 'C:/work/teamp1/teamp1.sdk/system_wrapper_hw_platform_0/ps7_init.tcl' is done.
21:17:02 INFO  : Context for 'APU' is selected.
21:17:02 INFO  : System reset is completed.
21:17:05 INFO  : 'after 3000' command is executed.
21:17:05 INFO  : 'targets -set -filter {jtag_cable_name =~ "Digilent JTAG-HS2 210249B8815C" && level==0} -index 1' command is executed.
21:17:08 INFO  : FPGA configured successfully with bitstream "C:/work/teamp1/teamp1.sdk/system_wrapper_hw_platform_0/system_wrapper.bit"
21:17:08 INFO  : Context for 'APU' is selected.
21:17:09 INFO  : Hardware design information is loaded from 'C:/work/teamp1/teamp1.sdk/system_wrapper_hw_platform_0/system.hdf'.
21:17:09 INFO  : 'configparams force-mem-access 1' command is executed.
21:17:10 INFO  : Context for 'APU' is selected.
21:17:10 INFO  : 'ps7_init' command is executed.
21:17:10 INFO  : 'ps7_post_config' command is executed.
21:17:10 INFO  : Context for processor 'ps7_cortexa9_0' is selected.
21:17:10 INFO  : The application 'C:/work/teamp1/teamp1.sdk/tebf/Debug/tebf.elf' is downloaded to processor 'ps7_cortexa9_0'.
21:17:10 INFO  : 'configparams force-mem-access 0' command is executed.
21:17:10 INFO  : ----------------XSDB Script----------------
connect -url tcp:127.0.0.1:3121
source C:/work/teamp1/teamp1.sdk/system_wrapper_hw_platform_0/ps7_init.tcl
targets -set -nocase -filter {name =~"APU*" && jtag_cable_name =~ "Digilent JTAG-HS2 210249B8815C"} -index 0
rst -system
after 3000
targets -set -filter {jtag_cable_name =~ "Digilent JTAG-HS2 210249B8815C" && level==0} -index 1
fpga -file C:/work/teamp1/teamp1.sdk/system_wrapper_hw_platform_0/system_wrapper.bit
targets -set -nocase -filter {name =~"APU*" && jtag_cable_name =~ "Digilent JTAG-HS2 210249B8815C"} -index 0
loadhw -hw C:/work/teamp1/teamp1.sdk/system_wrapper_hw_platform_0/system.hdf -mem-ranges [list {0x40000000 0xbfffffff}]
configparams force-mem-access 1
targets -set -nocase -filter {name =~"APU*" && jtag_cable_name =~ "Digilent JTAG-HS2 210249B8815C"} -index 0
ps7_init
ps7_post_config
targets -set -nocase -filter {name =~ "ARM*#0" && jtag_cable_name =~ "Digilent JTAG-HS2 210249B8815C"} -index 0
dow C:/work/teamp1/teamp1.sdk/tebf/Debug/tebf.elf
configparams force-mem-access 0
----------------End of Script----------------

21:17:10 INFO  : Memory regions updated for context APU
21:17:10 INFO  : Context for processor 'ps7_cortexa9_0' is selected.
21:17:10 INFO  : 'con' command is executed.
21:17:10 INFO  : ----------------XSDB Script (After Launch)----------------
targets -set -nocase -filter {name =~ "ARM*#0" && jtag_cable_name =~ "Digilent JTAG-HS2 210249B8815C"} -index 0
con
----------------End of Script----------------

21:17:10 INFO  : Launch script is exported to file 'C:\work\teamp1\teamp1.sdk\.sdk\launch_scripts\xilinx_c-c++_application_(system_debugger)\debug.tcl'
21:17:54 INFO  : Disconnected from the channel tcfchan#26.
21:17:55 INFO  : Connected to target on host '127.0.0.1' and port '3121'.
21:17:55 INFO  : Jtag cable 'Digilent JTAG-HS2 210249B8815C' is selected.
21:17:55 INFO  : 'jtag frequency' command is executed.
21:17:55 INFO  : Sourcing of 'C:/work/teamp1/teamp1.sdk/system_wrapper_hw_platform_0/ps7_init.tcl' is done.
21:17:55 INFO  : Context for 'APU' is selected.
21:17:55 INFO  : System reset is completed.
21:17:58 INFO  : 'after 3000' command is executed.
21:17:58 INFO  : 'targets -set -filter {jtag_cable_name =~ "Digilent JTAG-HS2 210249B8815C" && level==0} -index 1' command is executed.
21:18:00 ERROR : 'fpga -file C:/work/teamp1/teamp1.sdk/system_wrapper_hw_platform_0/system_wrapper.bit' is cancelled.
21:18:00 INFO  : Issued abort command to xsdb.
21:18:00 ERROR : Exception occured while running Program FPGA.
java.lang.RuntimeException: 'fpga -file C:/work/teamp1/teamp1.sdk/system_wrapper_hw_platform_0/system_wrapper.bit' is cancelled.
21:18:00 INFO  : ----------------XSDB Script----------------
connect -url tcp:127.0.0.1:3121
source C:/work/teamp1/teamp1.sdk/system_wrapper_hw_platform_0/ps7_init.tcl
targets -set -nocase -filter {name =~"APU*" && jtag_cable_name =~ "Digilent JTAG-HS2 210249B8815C"} -index 0
rst -system
after 3000
----------------End of Script----------------

21:18:13 INFO  : Connected to target on host '127.0.0.1' and port '3121'.
21:18:13 INFO  : Jtag cable 'Digilent JTAG-HS2 210249B8815C' is selected.
21:18:13 INFO  : 'jtag frequency' command is executed.
21:18:13 INFO  : Sourcing of 'C:/work/teamp1/teamp1.sdk/system_wrapper_hw_platform_0/ps7_init.tcl' is done.
21:18:13 INFO  : Context for 'APU' is selected.
21:18:13 INFO  : System reset is completed.
21:18:16 INFO  : 'after 3000' command is executed.
21:18:16 INFO  : 'targets -set -filter {jtag_cable_name =~ "Digilent JTAG-HS2 210249B8815C" && level==0} -index 1' command is executed.
21:18:20 INFO  : FPGA configured successfully with bitstream "C:/work/teamp1/teamp1.sdk/system_wrapper_hw_platform_0/system_wrapper.bit"
21:18:20 INFO  : Context for 'APU' is selected.
21:18:21 INFO  : Hardware design information is loaded from 'C:/work/teamp1/teamp1.sdk/system_wrapper_hw_platform_0/system.hdf'.
21:18:21 INFO  : 'configparams force-mem-access 1' command is executed.
21:18:21 INFO  : Context for 'APU' is selected.
21:18:21 INFO  : 'ps7_init' command is executed.
21:18:21 INFO  : 'ps7_post_config' command is executed.
21:18:21 INFO  : Context for processor 'ps7_cortexa9_0' is selected.
21:18:22 INFO  : The application 'C:/work/teamp1/teamp1.sdk/tebf/Debug/tebf.elf' is downloaded to processor 'ps7_cortexa9_0'.
21:18:22 INFO  : 'configparams force-mem-access 0' command is executed.
21:18:22 INFO  : ----------------XSDB Script----------------
connect -url tcp:127.0.0.1:3121
source C:/work/teamp1/teamp1.sdk/system_wrapper_hw_platform_0/ps7_init.tcl
targets -set -nocase -filter {name =~"APU*" && jtag_cable_name =~ "Digilent JTAG-HS2 210249B8815C"} -index 0
rst -system
after 3000
targets -set -filter {jtag_cable_name =~ "Digilent JTAG-HS2 210249B8815C" && level==0} -index 1
fpga -file C:/work/teamp1/teamp1.sdk/system_wrapper_hw_platform_0/system_wrapper.bit
targets -set -nocase -filter {name =~"APU*" && jtag_cable_name =~ "Digilent JTAG-HS2 210249B8815C"} -index 0
loadhw -hw C:/work/teamp1/teamp1.sdk/system_wrapper_hw_platform_0/system.hdf -mem-ranges [list {0x40000000 0xbfffffff}]
configparams force-mem-access 1
targets -set -nocase -filter {name =~"APU*" && jtag_cable_name =~ "Digilent JTAG-HS2 210249B8815C"} -index 0
ps7_init
ps7_post_config
targets -set -nocase -filter {name =~ "ARM*#0" && jtag_cable_name =~ "Digilent JTAG-HS2 210249B8815C"} -index 0
dow C:/work/teamp1/teamp1.sdk/tebf/Debug/tebf.elf
configparams force-mem-access 0
----------------End of Script----------------

21:18:22 INFO  : Memory regions updated for context APU
21:18:22 INFO  : Context for processor 'ps7_cortexa9_0' is selected.
21:18:22 INFO  : 'con' command is executed.
21:18:22 INFO  : ----------------XSDB Script (After Launch)----------------
targets -set -nocase -filter {name =~ "ARM*#0" && jtag_cable_name =~ "Digilent JTAG-HS2 210249B8815C"} -index 0
con
----------------End of Script----------------

21:18:22 INFO  : Launch script is exported to file 'C:\work\teamp1\teamp1.sdk\.sdk\launch_scripts\xilinx_c-c++_application_(system_debugger)\debug.tcl'
21:19:00 INFO  : Disconnected from the channel tcfchan#27.
21:19:02 INFO  : Connected to target on host '127.0.0.1' and port '3121'.
21:19:02 INFO  : Jtag cable 'Digilent JTAG-HS2 210249B8815C' is selected.
21:19:02 INFO  : 'jtag frequency' command is executed.
21:19:02 INFO  : Sourcing of 'C:/work/teamp1/teamp1.sdk/system_wrapper_hw_platform_0/ps7_init.tcl' is done.
21:19:02 INFO  : Context for 'APU' is selected.
21:19:02 INFO  : System reset is completed.
21:19:05 INFO  : 'after 3000' command is executed.
21:19:05 INFO  : 'targets -set -filter {jtag_cable_name =~ "Digilent JTAG-HS2 210249B8815C" && level==0} -index 1' command is executed.
21:19:08 INFO  : FPGA configured successfully with bitstream "C:/work/teamp1/teamp1.sdk/system_wrapper_hw_platform_0/system_wrapper.bit"
21:19:08 INFO  : Context for 'APU' is selected.
21:19:09 INFO  : Hardware design information is loaded from 'C:/work/teamp1/teamp1.sdk/system_wrapper_hw_platform_0/system.hdf'.
21:19:09 INFO  : 'configparams force-mem-access 1' command is executed.
21:19:09 INFO  : Context for 'APU' is selected.
21:19:10 INFO  : 'ps7_init' command is executed.
21:19:10 INFO  : 'ps7_post_config' command is executed.
21:19:10 INFO  : Context for processor 'ps7_cortexa9_0' is selected.
21:19:10 INFO  : The application 'C:/work/teamp1/teamp1.sdk/tebf/Debug/tebf.elf' is downloaded to processor 'ps7_cortexa9_0'.
21:19:10 INFO  : 'configparams force-mem-access 0' command is executed.
21:19:10 INFO  : ----------------XSDB Script----------------
connect -url tcp:127.0.0.1:3121
source C:/work/teamp1/teamp1.sdk/system_wrapper_hw_platform_0/ps7_init.tcl
targets -set -nocase -filter {name =~"APU*" && jtag_cable_name =~ "Digilent JTAG-HS2 210249B8815C"} -index 0
rst -system
after 3000
targets -set -filter {jtag_cable_name =~ "Digilent JTAG-HS2 210249B8815C" && level==0} -index 1
fpga -file C:/work/teamp1/teamp1.sdk/system_wrapper_hw_platform_0/system_wrapper.bit
targets -set -nocase -filter {name =~"APU*" && jtag_cable_name =~ "Digilent JTAG-HS2 210249B8815C"} -index 0
loadhw -hw C:/work/teamp1/teamp1.sdk/system_wrapper_hw_platform_0/system.hdf -mem-ranges [list {0x40000000 0xbfffffff}]
configparams force-mem-access 1
targets -set -nocase -filter {name =~"APU*" && jtag_cable_name =~ "Digilent JTAG-HS2 210249B8815C"} -index 0
ps7_init
ps7_post_config
targets -set -nocase -filter {name =~ "ARM*#0" && jtag_cable_name =~ "Digilent JTAG-HS2 210249B8815C"} -index 0
dow C:/work/teamp1/teamp1.sdk/tebf/Debug/tebf.elf
configparams force-mem-access 0
----------------End of Script----------------

21:19:10 INFO  : Memory regions updated for context APU
21:19:10 INFO  : Context for processor 'ps7_cortexa9_0' is selected.
21:19:10 INFO  : 'con' command is executed.
21:19:10 INFO  : ----------------XSDB Script (After Launch)----------------
targets -set -nocase -filter {name =~ "ARM*#0" && jtag_cable_name =~ "Digilent JTAG-HS2 210249B8815C"} -index 0
con
----------------End of Script----------------

21:19:10 INFO  : Launch script is exported to file 'C:\work\teamp1\teamp1.sdk\.sdk\launch_scripts\xilinx_c-c++_application_(system_debugger)\debug.tcl'
21:21:21 INFO  : Disconnected from the channel tcfchan#28.
21:21:22 INFO  : Connected to target on host '127.0.0.1' and port '3121'.
21:21:22 INFO  : Jtag cable 'Digilent JTAG-HS2 210249B8815C' is selected.
21:21:22 INFO  : 'jtag frequency' command is executed.
21:21:22 INFO  : Sourcing of 'C:/work/teamp1/teamp1.sdk/system_wrapper_hw_platform_0/ps7_init.tcl' is done.
21:21:22 INFO  : Context for 'APU' is selected.
21:21:22 INFO  : System reset is completed.
21:21:25 INFO  : 'after 3000' command is executed.
21:21:25 INFO  : 'targets -set -filter {jtag_cable_name =~ "Digilent JTAG-HS2 210249B8815C" && level==0} -index 1' command is executed.
21:21:28 INFO  : FPGA configured successfully with bitstream "C:/work/teamp1/teamp1.sdk/system_wrapper_hw_platform_0/system_wrapper.bit"
21:21:28 INFO  : Context for 'APU' is selected.
21:21:29 INFO  : Hardware design information is loaded from 'C:/work/teamp1/teamp1.sdk/system_wrapper_hw_platform_0/system.hdf'.
21:21:29 INFO  : 'configparams force-mem-access 1' command is executed.
21:21:30 INFO  : Context for 'APU' is selected.
21:21:30 INFO  : 'ps7_init' command is executed.
21:21:30 INFO  : 'ps7_post_config' command is executed.
21:21:30 INFO  : Context for processor 'ps7_cortexa9_0' is selected.
21:21:30 INFO  : The application 'C:/work/teamp1/teamp1.sdk/tebf/Debug/tebf.elf' is downloaded to processor 'ps7_cortexa9_0'.
21:21:30 INFO  : 'configparams force-mem-access 0' command is executed.
21:21:30 INFO  : ----------------XSDB Script----------------
connect -url tcp:127.0.0.1:3121
source C:/work/teamp1/teamp1.sdk/system_wrapper_hw_platform_0/ps7_init.tcl
targets -set -nocase -filter {name =~"APU*" && jtag_cable_name =~ "Digilent JTAG-HS2 210249B8815C"} -index 0
rst -system
after 3000
targets -set -filter {jtag_cable_name =~ "Digilent JTAG-HS2 210249B8815C" && level==0} -index 1
fpga -file C:/work/teamp1/teamp1.sdk/system_wrapper_hw_platform_0/system_wrapper.bit
targets -set -nocase -filter {name =~"APU*" && jtag_cable_name =~ "Digilent JTAG-HS2 210249B8815C"} -index 0
loadhw -hw C:/work/teamp1/teamp1.sdk/system_wrapper_hw_platform_0/system.hdf -mem-ranges [list {0x40000000 0xbfffffff}]
configparams force-mem-access 1
targets -set -nocase -filter {name =~"APU*" && jtag_cable_name =~ "Digilent JTAG-HS2 210249B8815C"} -index 0
ps7_init
ps7_post_config
targets -set -nocase -filter {name =~ "ARM*#0" && jtag_cable_name =~ "Digilent JTAG-HS2 210249B8815C"} -index 0
dow C:/work/teamp1/teamp1.sdk/tebf/Debug/tebf.elf
configparams force-mem-access 0
----------------End of Script----------------

21:21:30 INFO  : Memory regions updated for context APU
21:21:30 INFO  : Context for processor 'ps7_cortexa9_0' is selected.
21:21:30 INFO  : 'con' command is executed.
21:21:30 INFO  : ----------------XSDB Script (After Launch)----------------
targets -set -nocase -filter {name =~ "ARM*#0" && jtag_cable_name =~ "Digilent JTAG-HS2 210249B8815C"} -index 0
con
----------------End of Script----------------

21:21:30 INFO  : Launch script is exported to file 'C:\work\teamp1\teamp1.sdk\.sdk\launch_scripts\xilinx_c-c++_application_(system_debugger)\debug.tcl'
21:22:10 INFO  : Disconnected from the channel tcfchan#29.
21:22:11 INFO  : Connected to target on host '127.0.0.1' and port '3121'.
21:22:11 INFO  : Jtag cable 'Digilent JTAG-HS2 210249B8815C' is selected.
21:22:11 INFO  : 'jtag frequency' command is executed.
21:22:11 INFO  : Sourcing of 'C:/work/teamp1/teamp1.sdk/system_wrapper_hw_platform_0/ps7_init.tcl' is done.
21:22:11 INFO  : Context for 'APU' is selected.
21:22:11 INFO  : System reset is completed.
21:22:14 INFO  : 'after 3000' command is executed.
21:22:14 INFO  : 'targets -set -filter {jtag_cable_name =~ "Digilent JTAG-HS2 210249B8815C" && level==0} -index 1' command is executed.
21:22:17 INFO  : FPGA configured successfully with bitstream "C:/work/teamp1/teamp1.sdk/system_wrapper_hw_platform_0/system_wrapper.bit"
21:22:17 INFO  : Context for 'APU' is selected.
21:22:19 INFO  : Hardware design information is loaded from 'C:/work/teamp1/teamp1.sdk/system_wrapper_hw_platform_0/system.hdf'.
21:22:19 INFO  : 'configparams force-mem-access 1' command is executed.
21:22:19 INFO  : Context for 'APU' is selected.
21:22:19 INFO  : 'ps7_init' command is executed.
21:22:19 INFO  : 'ps7_post_config' command is executed.
21:22:19 INFO  : Context for processor 'ps7_cortexa9_0' is selected.
21:22:19 INFO  : The application 'C:/work/teamp1/teamp1.sdk/tebf/Debug/tebf.elf' is downloaded to processor 'ps7_cortexa9_0'.
21:22:19 INFO  : 'configparams force-mem-access 0' command is executed.
21:22:19 INFO  : ----------------XSDB Script----------------
connect -url tcp:127.0.0.1:3121
source C:/work/teamp1/teamp1.sdk/system_wrapper_hw_platform_0/ps7_init.tcl
targets -set -nocase -filter {name =~"APU*" && jtag_cable_name =~ "Digilent JTAG-HS2 210249B8815C"} -index 0
rst -system
after 3000
targets -set -filter {jtag_cable_name =~ "Digilent JTAG-HS2 210249B8815C" && level==0} -index 1
fpga -file C:/work/teamp1/teamp1.sdk/system_wrapper_hw_platform_0/system_wrapper.bit
targets -set -nocase -filter {name =~"APU*" && jtag_cable_name =~ "Digilent JTAG-HS2 210249B8815C"} -index 0
loadhw -hw C:/work/teamp1/teamp1.sdk/system_wrapper_hw_platform_0/system.hdf -mem-ranges [list {0x40000000 0xbfffffff}]
configparams force-mem-access 1
targets -set -nocase -filter {name =~"APU*" && jtag_cable_name =~ "Digilent JTAG-HS2 210249B8815C"} -index 0
ps7_init
ps7_post_config
targets -set -nocase -filter {name =~ "ARM*#0" && jtag_cable_name =~ "Digilent JTAG-HS2 210249B8815C"} -index 0
dow C:/work/teamp1/teamp1.sdk/tebf/Debug/tebf.elf
configparams force-mem-access 0
----------------End of Script----------------

21:22:19 INFO  : Memory regions updated for context APU
21:22:19 INFO  : Context for processor 'ps7_cortexa9_0' is selected.
21:22:19 INFO  : 'con' command is executed.
21:22:19 INFO  : ----------------XSDB Script (After Launch)----------------
targets -set -nocase -filter {name =~ "ARM*#0" && jtag_cable_name =~ "Digilent JTAG-HS2 210249B8815C"} -index 0
con
----------------End of Script----------------

21:22:19 INFO  : Launch script is exported to file 'C:\work\teamp1\teamp1.sdk\.sdk\launch_scripts\xilinx_c-c++_application_(system_debugger)\debug.tcl'
21:23:20 INFO  : Disconnected from the channel tcfchan#30.
21:23:21 INFO  : Connected to target on host '127.0.0.1' and port '3121'.
21:23:21 INFO  : Jtag cable 'Digilent JTAG-HS2 210249B8815C' is selected.
21:23:21 INFO  : 'jtag frequency' command is executed.
21:23:21 INFO  : Sourcing of 'C:/work/teamp1/teamp1.sdk/system_wrapper_hw_platform_0/ps7_init.tcl' is done.
21:23:21 INFO  : Context for 'APU' is selected.
21:23:21 INFO  : System reset is completed.
21:23:24 INFO  : 'after 3000' command is executed.
21:23:24 INFO  : 'targets -set -filter {jtag_cable_name =~ "Digilent JTAG-HS2 210249B8815C" && level==0} -index 1' command is executed.
21:23:27 INFO  : FPGA configured successfully with bitstream "C:/work/teamp1/teamp1.sdk/system_wrapper_hw_platform_0/system_wrapper.bit"
21:23:27 INFO  : Context for 'APU' is selected.
21:23:28 INFO  : Hardware design information is loaded from 'C:/work/teamp1/teamp1.sdk/system_wrapper_hw_platform_0/system.hdf'.
21:23:28 INFO  : 'configparams force-mem-access 1' command is executed.
21:23:29 INFO  : Context for 'APU' is selected.
21:23:29 INFO  : 'ps7_init' command is executed.
21:23:29 INFO  : 'ps7_post_config' command is executed.
21:23:29 INFO  : Context for processor 'ps7_cortexa9_0' is selected.
21:23:29 INFO  : The application 'C:/work/teamp1/teamp1.sdk/tebf/Debug/tebf.elf' is downloaded to processor 'ps7_cortexa9_0'.
21:23:29 INFO  : 'configparams force-mem-access 0' command is executed.
21:23:29 INFO  : ----------------XSDB Script----------------
connect -url tcp:127.0.0.1:3121
source C:/work/teamp1/teamp1.sdk/system_wrapper_hw_platform_0/ps7_init.tcl
targets -set -nocase -filter {name =~"APU*" && jtag_cable_name =~ "Digilent JTAG-HS2 210249B8815C"} -index 0
rst -system
after 3000
targets -set -filter {jtag_cable_name =~ "Digilent JTAG-HS2 210249B8815C" && level==0} -index 1
fpga -file C:/work/teamp1/teamp1.sdk/system_wrapper_hw_platform_0/system_wrapper.bit
targets -set -nocase -filter {name =~"APU*" && jtag_cable_name =~ "Digilent JTAG-HS2 210249B8815C"} -index 0
loadhw -hw C:/work/teamp1/teamp1.sdk/system_wrapper_hw_platform_0/system.hdf -mem-ranges [list {0x40000000 0xbfffffff}]
configparams force-mem-access 1
targets -set -nocase -filter {name =~"APU*" && jtag_cable_name =~ "Digilent JTAG-HS2 210249B8815C"} -index 0
ps7_init
ps7_post_config
targets -set -nocase -filter {name =~ "ARM*#0" && jtag_cable_name =~ "Digilent JTAG-HS2 210249B8815C"} -index 0
dow C:/work/teamp1/teamp1.sdk/tebf/Debug/tebf.elf
configparams force-mem-access 0
----------------End of Script----------------

21:23:29 INFO  : Memory regions updated for context APU
21:23:29 INFO  : Context for processor 'ps7_cortexa9_0' is selected.
21:23:29 INFO  : 'con' command is executed.
21:23:29 INFO  : ----------------XSDB Script (After Launch)----------------
targets -set -nocase -filter {name =~ "ARM*#0" && jtag_cable_name =~ "Digilent JTAG-HS2 210249B8815C"} -index 0
con
----------------End of Script----------------

21:23:29 INFO  : Launch script is exported to file 'C:\work\teamp1\teamp1.sdk\.sdk\launch_scripts\xilinx_c-c++_application_(system_debugger)\debug.tcl'
21:24:23 INFO  : Disconnected from the channel tcfchan#31.
21:24:24 INFO  : Connected to target on host '127.0.0.1' and port '3121'.
21:24:24 INFO  : Jtag cable 'Digilent JTAG-HS2 210249B8815C' is selected.
21:24:24 INFO  : 'jtag frequency' command is executed.
21:24:24 INFO  : Sourcing of 'C:/work/teamp1/teamp1.sdk/system_wrapper_hw_platform_0/ps7_init.tcl' is done.
21:24:24 INFO  : Context for 'APU' is selected.
21:24:24 INFO  : System reset is completed.
21:24:27 INFO  : 'after 3000' command is executed.
21:24:27 INFO  : 'targets -set -filter {jtag_cable_name =~ "Digilent JTAG-HS2 210249B8815C" && level==0} -index 1' command is executed.
21:24:30 INFO  : FPGA configured successfully with bitstream "C:/work/teamp1/teamp1.sdk/system_wrapper_hw_platform_0/system_wrapper.bit"
21:24:30 INFO  : Context for 'APU' is selected.
21:24:31 INFO  : Hardware design information is loaded from 'C:/work/teamp1/teamp1.sdk/system_wrapper_hw_platform_0/system.hdf'.
21:24:31 INFO  : 'configparams force-mem-access 1' command is executed.
21:24:31 INFO  : Context for 'APU' is selected.
21:24:32 INFO  : 'ps7_init' command is executed.
21:24:32 INFO  : 'ps7_post_config' command is executed.
21:24:32 INFO  : Context for processor 'ps7_cortexa9_0' is selected.
21:24:32 INFO  : The application 'C:/work/teamp1/teamp1.sdk/tebf/Debug/tebf.elf' is downloaded to processor 'ps7_cortexa9_0'.
21:24:32 INFO  : 'configparams force-mem-access 0' command is executed.
21:24:32 INFO  : ----------------XSDB Script----------------
connect -url tcp:127.0.0.1:3121
source C:/work/teamp1/teamp1.sdk/system_wrapper_hw_platform_0/ps7_init.tcl
targets -set -nocase -filter {name =~"APU*" && jtag_cable_name =~ "Digilent JTAG-HS2 210249B8815C"} -index 0
rst -system
after 3000
targets -set -filter {jtag_cable_name =~ "Digilent JTAG-HS2 210249B8815C" && level==0} -index 1
fpga -file C:/work/teamp1/teamp1.sdk/system_wrapper_hw_platform_0/system_wrapper.bit
targets -set -nocase -filter {name =~"APU*" && jtag_cable_name =~ "Digilent JTAG-HS2 210249B8815C"} -index 0
loadhw -hw C:/work/teamp1/teamp1.sdk/system_wrapper_hw_platform_0/system.hdf -mem-ranges [list {0x40000000 0xbfffffff}]
configparams force-mem-access 1
targets -set -nocase -filter {name =~"APU*" && jtag_cable_name =~ "Digilent JTAG-HS2 210249B8815C"} -index 0
ps7_init
ps7_post_config
targets -set -nocase -filter {name =~ "ARM*#0" && jtag_cable_name =~ "Digilent JTAG-HS2 210249B8815C"} -index 0
dow C:/work/teamp1/teamp1.sdk/tebf/Debug/tebf.elf
configparams force-mem-access 0
----------------End of Script----------------

21:24:32 INFO  : Memory regions updated for context APU
21:24:32 INFO  : Context for processor 'ps7_cortexa9_0' is selected.
21:24:32 INFO  : 'con' command is executed.
21:24:32 INFO  : ----------------XSDB Script (After Launch)----------------
targets -set -nocase -filter {name =~ "ARM*#0" && jtag_cable_name =~ "Digilent JTAG-HS2 210249B8815C"} -index 0
con
----------------End of Script----------------

21:24:32 INFO  : Launch script is exported to file 'C:\work\teamp1\teamp1.sdk\.sdk\launch_scripts\xilinx_c-c++_application_(system_debugger)\debug.tcl'
21:25:11 INFO  : Disconnected from the channel tcfchan#32.
21:25:12 INFO  : Connected to target on host '127.0.0.1' and port '3121'.
21:25:12 INFO  : Jtag cable 'Digilent JTAG-HS2 210249B8815C' is selected.
21:25:12 INFO  : 'jtag frequency' command is executed.
21:25:12 INFO  : Sourcing of 'C:/work/teamp1/teamp1.sdk/system_wrapper_hw_platform_0/ps7_init.tcl' is done.
21:25:12 INFO  : Context for 'APU' is selected.
21:25:12 INFO  : System reset is completed.
21:25:15 INFO  : 'after 3000' command is executed.
21:25:15 INFO  : 'targets -set -filter {jtag_cable_name =~ "Digilent JTAG-HS2 210249B8815C" && level==0} -index 1' command is executed.
21:25:18 INFO  : FPGA configured successfully with bitstream "C:/work/teamp1/teamp1.sdk/system_wrapper_hw_platform_0/system_wrapper.bit"
21:25:18 INFO  : Context for 'APU' is selected.
21:25:20 INFO  : Hardware design information is loaded from 'C:/work/teamp1/teamp1.sdk/system_wrapper_hw_platform_0/system.hdf'.
21:25:20 INFO  : 'configparams force-mem-access 1' command is executed.
21:25:20 INFO  : Context for 'APU' is selected.
21:25:20 INFO  : 'ps7_init' command is executed.
21:25:20 INFO  : 'ps7_post_config' command is executed.
21:25:20 INFO  : Context for processor 'ps7_cortexa9_0' is selected.
21:25:20 INFO  : The application 'C:/work/teamp1/teamp1.sdk/tebf/Debug/tebf.elf' is downloaded to processor 'ps7_cortexa9_0'.
21:25:20 INFO  : 'configparams force-mem-access 0' command is executed.
21:25:20 INFO  : ----------------XSDB Script----------------
connect -url tcp:127.0.0.1:3121
source C:/work/teamp1/teamp1.sdk/system_wrapper_hw_platform_0/ps7_init.tcl
targets -set -nocase -filter {name =~"APU*" && jtag_cable_name =~ "Digilent JTAG-HS2 210249B8815C"} -index 0
rst -system
after 3000
targets -set -filter {jtag_cable_name =~ "Digilent JTAG-HS2 210249B8815C" && level==0} -index 1
fpga -file C:/work/teamp1/teamp1.sdk/system_wrapper_hw_platform_0/system_wrapper.bit
targets -set -nocase -filter {name =~"APU*" && jtag_cable_name =~ "Digilent JTAG-HS2 210249B8815C"} -index 0
loadhw -hw C:/work/teamp1/teamp1.sdk/system_wrapper_hw_platform_0/system.hdf -mem-ranges [list {0x40000000 0xbfffffff}]
configparams force-mem-access 1
targets -set -nocase -filter {name =~"APU*" && jtag_cable_name =~ "Digilent JTAG-HS2 210249B8815C"} -index 0
ps7_init
ps7_post_config
targets -set -nocase -filter {name =~ "ARM*#0" && jtag_cable_name =~ "Digilent JTAG-HS2 210249B8815C"} -index 0
dow C:/work/teamp1/teamp1.sdk/tebf/Debug/tebf.elf
configparams force-mem-access 0
----------------End of Script----------------

21:25:20 INFO  : Memory regions updated for context APU
21:25:20 INFO  : Context for processor 'ps7_cortexa9_0' is selected.
21:25:20 INFO  : 'con' command is executed.
21:25:20 INFO  : ----------------XSDB Script (After Launch)----------------
targets -set -nocase -filter {name =~ "ARM*#0" && jtag_cable_name =~ "Digilent JTAG-HS2 210249B8815C"} -index 0
con
----------------End of Script----------------

21:25:20 INFO  : Launch script is exported to file 'C:\work\teamp1\teamp1.sdk\.sdk\launch_scripts\xilinx_c-c++_application_(system_debugger)\debug.tcl'
21:27:07 INFO  : Disconnected from the channel tcfchan#33.
21:27:08 INFO  : Connected to target on host '127.0.0.1' and port '3121'.
21:27:08 INFO  : Jtag cable 'Digilent JTAG-HS2 210249B8815C' is selected.
21:27:08 INFO  : 'jtag frequency' command is executed.
21:27:08 INFO  : Sourcing of 'C:/work/teamp1/teamp1.sdk/system_wrapper_hw_platform_0/ps7_init.tcl' is done.
21:27:08 INFO  : Context for 'APU' is selected.
21:27:08 INFO  : System reset is completed.
21:27:11 INFO  : 'after 3000' command is executed.
21:27:12 INFO  : 'targets -set -filter {jtag_cable_name =~ "Digilent JTAG-HS2 210249B8815C" && level==0} -index 1' command is executed.
21:27:15 INFO  : FPGA configured successfully with bitstream "C:/work/teamp1/teamp1.sdk/system_wrapper_hw_platform_0/system_wrapper.bit"
21:27:15 INFO  : Context for 'APU' is selected.
21:27:16 INFO  : Hardware design information is loaded from 'C:/work/teamp1/teamp1.sdk/system_wrapper_hw_platform_0/system.hdf'.
21:27:16 INFO  : 'configparams force-mem-access 1' command is executed.
21:27:16 INFO  : Context for 'APU' is selected.
21:27:16 INFO  : 'ps7_init' command is executed.
21:27:16 INFO  : 'ps7_post_config' command is executed.
21:27:16 INFO  : Context for processor 'ps7_cortexa9_0' is selected.
21:27:17 INFO  : The application 'C:/work/teamp1/teamp1.sdk/tebf/Debug/tebf.elf' is downloaded to processor 'ps7_cortexa9_0'.
21:27:17 INFO  : 'configparams force-mem-access 0' command is executed.
21:27:17 INFO  : ----------------XSDB Script----------------
connect -url tcp:127.0.0.1:3121
source C:/work/teamp1/teamp1.sdk/system_wrapper_hw_platform_0/ps7_init.tcl
targets -set -nocase -filter {name =~"APU*" && jtag_cable_name =~ "Digilent JTAG-HS2 210249B8815C"} -index 0
rst -system
after 3000
targets -set -filter {jtag_cable_name =~ "Digilent JTAG-HS2 210249B8815C" && level==0} -index 1
fpga -file C:/work/teamp1/teamp1.sdk/system_wrapper_hw_platform_0/system_wrapper.bit
targets -set -nocase -filter {name =~"APU*" && jtag_cable_name =~ "Digilent JTAG-HS2 210249B8815C"} -index 0
loadhw -hw C:/work/teamp1/teamp1.sdk/system_wrapper_hw_platform_0/system.hdf -mem-ranges [list {0x40000000 0xbfffffff}]
configparams force-mem-access 1
targets -set -nocase -filter {name =~"APU*" && jtag_cable_name =~ "Digilent JTAG-HS2 210249B8815C"} -index 0
ps7_init
ps7_post_config
targets -set -nocase -filter {name =~ "ARM*#0" && jtag_cable_name =~ "Digilent JTAG-HS2 210249B8815C"} -index 0
dow C:/work/teamp1/teamp1.sdk/tebf/Debug/tebf.elf
configparams force-mem-access 0
----------------End of Script----------------

21:27:17 INFO  : Memory regions updated for context APU
21:27:17 INFO  : Context for processor 'ps7_cortexa9_0' is selected.
21:27:17 INFO  : 'con' command is executed.
21:27:17 INFO  : ----------------XSDB Script (After Launch)----------------
targets -set -nocase -filter {name =~ "ARM*#0" && jtag_cable_name =~ "Digilent JTAG-HS2 210249B8815C"} -index 0
con
----------------End of Script----------------

21:27:17 INFO  : Launch script is exported to file 'C:\work\teamp1\teamp1.sdk\.sdk\launch_scripts\xilinx_c-c++_application_(system_debugger)\debug.tcl'
21:28:44 INFO  : Disconnected from the channel tcfchan#34.
21:28:45 INFO  : Connected to target on host '127.0.0.1' and port '3121'.
21:28:46 INFO  : Jtag cable 'Digilent JTAG-HS2 210249B8815C' is selected.
21:28:46 INFO  : 'jtag frequency' command is executed.
21:28:46 INFO  : Sourcing of 'C:/work/teamp1/teamp1.sdk/system_wrapper_hw_platform_0/ps7_init.tcl' is done.
21:28:46 INFO  : Context for 'APU' is selected.
21:28:46 INFO  : System reset is completed.
21:28:49 INFO  : 'after 3000' command is executed.
21:28:49 INFO  : 'targets -set -filter {jtag_cable_name =~ "Digilent JTAG-HS2 210249B8815C" && level==0} -index 1' command is executed.
21:28:52 INFO  : FPGA configured successfully with bitstream "C:/work/teamp1/teamp1.sdk/system_wrapper_hw_platform_0/system_wrapper.bit"
21:28:52 INFO  : Context for 'APU' is selected.
21:28:53 INFO  : Hardware design information is loaded from 'C:/work/teamp1/teamp1.sdk/system_wrapper_hw_platform_0/system.hdf'.
21:28:53 INFO  : 'configparams force-mem-access 1' command is executed.
21:28:53 INFO  : Context for 'APU' is selected.
21:28:54 INFO  : 'ps7_init' command is executed.
21:28:54 INFO  : 'ps7_post_config' command is executed.
21:28:54 INFO  : Context for processor 'ps7_cortexa9_0' is selected.
21:28:54 INFO  : The application 'C:/work/teamp1/teamp1.sdk/tebf/Debug/tebf.elf' is downloaded to processor 'ps7_cortexa9_0'.
21:28:54 INFO  : 'configparams force-mem-access 0' command is executed.
21:28:54 INFO  : ----------------XSDB Script----------------
connect -url tcp:127.0.0.1:3121
source C:/work/teamp1/teamp1.sdk/system_wrapper_hw_platform_0/ps7_init.tcl
targets -set -nocase -filter {name =~"APU*" && jtag_cable_name =~ "Digilent JTAG-HS2 210249B8815C"} -index 0
rst -system
after 3000
targets -set -filter {jtag_cable_name =~ "Digilent JTAG-HS2 210249B8815C" && level==0} -index 1
fpga -file C:/work/teamp1/teamp1.sdk/system_wrapper_hw_platform_0/system_wrapper.bit
targets -set -nocase -filter {name =~"APU*" && jtag_cable_name =~ "Digilent JTAG-HS2 210249B8815C"} -index 0
loadhw -hw C:/work/teamp1/teamp1.sdk/system_wrapper_hw_platform_0/system.hdf -mem-ranges [list {0x40000000 0xbfffffff}]
configparams force-mem-access 1
targets -set -nocase -filter {name =~"APU*" && jtag_cable_name =~ "Digilent JTAG-HS2 210249B8815C"} -index 0
ps7_init
ps7_post_config
targets -set -nocase -filter {name =~ "ARM*#0" && jtag_cable_name =~ "Digilent JTAG-HS2 210249B8815C"} -index 0
dow C:/work/teamp1/teamp1.sdk/tebf/Debug/tebf.elf
configparams force-mem-access 0
----------------End of Script----------------

21:28:54 INFO  : Memory regions updated for context APU
21:28:54 INFO  : Context for processor 'ps7_cortexa9_0' is selected.
21:28:54 INFO  : 'con' command is executed.
21:28:54 INFO  : ----------------XSDB Script (After Launch)----------------
targets -set -nocase -filter {name =~ "ARM*#0" && jtag_cable_name =~ "Digilent JTAG-HS2 210249B8815C"} -index 0
con
----------------End of Script----------------

21:28:54 INFO  : Launch script is exported to file 'C:\work\teamp1\teamp1.sdk\.sdk\launch_scripts\xilinx_c-c++_application_(system_debugger)\debug.tcl'
21:30:25 INFO  : Disconnected from the channel tcfchan#35.
21:30:26 INFO  : Connected to target on host '127.0.0.1' and port '3121'.
21:30:26 INFO  : Jtag cable 'Digilent JTAG-HS2 210249B8815C' is selected.
21:30:26 INFO  : 'jtag frequency' command is executed.
21:30:26 INFO  : Sourcing of 'C:/work/teamp1/teamp1.sdk/system_wrapper_hw_platform_0/ps7_init.tcl' is done.
21:30:26 INFO  : Context for 'APU' is selected.
21:30:26 INFO  : System reset is completed.
21:30:29 INFO  : 'after 3000' command is executed.
21:30:29 INFO  : 'targets -set -filter {jtag_cable_name =~ "Digilent JTAG-HS2 210249B8815C" && level==0} -index 1' command is executed.
21:30:33 INFO  : FPGA configured successfully with bitstream "C:/work/teamp1/teamp1.sdk/system_wrapper_hw_platform_0/system_wrapper.bit"
21:30:33 INFO  : Context for 'APU' is selected.
21:30:34 INFO  : Hardware design information is loaded from 'C:/work/teamp1/teamp1.sdk/system_wrapper_hw_platform_0/system.hdf'.
21:30:34 INFO  : 'configparams force-mem-access 1' command is executed.
21:30:34 INFO  : Context for 'APU' is selected.
21:30:34 INFO  : 'ps7_init' command is executed.
21:30:34 INFO  : 'ps7_post_config' command is executed.
21:30:34 INFO  : Context for processor 'ps7_cortexa9_0' is selected.
21:30:35 INFO  : The application 'C:/work/teamp1/teamp1.sdk/tebf/Debug/tebf.elf' is downloaded to processor 'ps7_cortexa9_0'.
21:30:35 INFO  : 'configparams force-mem-access 0' command is executed.
21:30:35 INFO  : ----------------XSDB Script----------------
connect -url tcp:127.0.0.1:3121
source C:/work/teamp1/teamp1.sdk/system_wrapper_hw_platform_0/ps7_init.tcl
targets -set -nocase -filter {name =~"APU*" && jtag_cable_name =~ "Digilent JTAG-HS2 210249B8815C"} -index 0
rst -system
after 3000
targets -set -filter {jtag_cable_name =~ "Digilent JTAG-HS2 210249B8815C" && level==0} -index 1
fpga -file C:/work/teamp1/teamp1.sdk/system_wrapper_hw_platform_0/system_wrapper.bit
targets -set -nocase -filter {name =~"APU*" && jtag_cable_name =~ "Digilent JTAG-HS2 210249B8815C"} -index 0
loadhw -hw C:/work/teamp1/teamp1.sdk/system_wrapper_hw_platform_0/system.hdf -mem-ranges [list {0x40000000 0xbfffffff}]
configparams force-mem-access 1
targets -set -nocase -filter {name =~"APU*" && jtag_cable_name =~ "Digilent JTAG-HS2 210249B8815C"} -index 0
ps7_init
ps7_post_config
targets -set -nocase -filter {name =~ "ARM*#0" && jtag_cable_name =~ "Digilent JTAG-HS2 210249B8815C"} -index 0
dow C:/work/teamp1/teamp1.sdk/tebf/Debug/tebf.elf
configparams force-mem-access 0
----------------End of Script----------------

21:30:35 INFO  : Memory regions updated for context APU
21:30:35 INFO  : Context for processor 'ps7_cortexa9_0' is selected.
21:30:35 INFO  : 'con' command is executed.
21:30:35 INFO  : ----------------XSDB Script (After Launch)----------------
targets -set -nocase -filter {name =~ "ARM*#0" && jtag_cable_name =~ "Digilent JTAG-HS2 210249B8815C"} -index 0
con
----------------End of Script----------------

21:30:35 INFO  : Launch script is exported to file 'C:\work\teamp1\teamp1.sdk\.sdk\launch_scripts\xilinx_c-c++_application_(system_debugger)\debug.tcl'
21:31:21 INFO  : Disconnected from the channel tcfchan#36.
21:31:22 INFO  : Connected to target on host '127.0.0.1' and port '3121'.
21:31:22 INFO  : Jtag cable 'Digilent JTAG-HS2 210249B8815C' is selected.
21:31:22 INFO  : 'jtag frequency' command is executed.
21:31:22 INFO  : Sourcing of 'C:/work/teamp1/teamp1.sdk/system_wrapper_hw_platform_0/ps7_init.tcl' is done.
21:31:22 INFO  : Context for 'APU' is selected.
21:31:22 INFO  : System reset is completed.
21:31:25 INFO  : 'after 3000' command is executed.
21:31:25 INFO  : 'targets -set -filter {jtag_cable_name =~ "Digilent JTAG-HS2 210249B8815C" && level==0} -index 1' command is executed.
21:31:27 ERROR : 'fpga -file C:/work/teamp1/teamp1.sdk/system_wrapper_hw_platform_0/system_wrapper.bit' is cancelled.
21:31:27 INFO  : Issued abort command to xsdb.
21:31:27 ERROR : Exception occured while running Program FPGA.
java.lang.RuntimeException: 'fpga -file C:/work/teamp1/teamp1.sdk/system_wrapper_hw_platform_0/system_wrapper.bit' is cancelled.
21:31:27 INFO  : ----------------XSDB Script----------------
connect -url tcp:127.0.0.1:3121
source C:/work/teamp1/teamp1.sdk/system_wrapper_hw_platform_0/ps7_init.tcl
targets -set -nocase -filter {name =~"APU*" && jtag_cable_name =~ "Digilent JTAG-HS2 210249B8815C"} -index 0
rst -system
after 3000
----------------End of Script----------------

21:32:15 INFO  : Connected to target on host '127.0.0.1' and port '3121'.
21:32:16 INFO  : Jtag cable 'Digilent JTAG-HS2 210249B8815C' is selected.
21:32:16 INFO  : 'jtag frequency' command is executed.
21:32:16 INFO  : Sourcing of 'C:/work/teamp1/teamp1.sdk/system_wrapper_hw_platform_0/ps7_init.tcl' is done.
21:32:16 INFO  : Context for 'APU' is selected.
21:32:16 INFO  : System reset is completed.
21:32:19 INFO  : 'after 3000' command is executed.
21:32:19 INFO  : 'targets -set -filter {jtag_cable_name =~ "Digilent JTAG-HS2 210249B8815C" && level==0} -index 1' command is executed.
21:32:22 INFO  : FPGA configured successfully with bitstream "C:/work/teamp1/teamp1.sdk/system_wrapper_hw_platform_0/system_wrapper.bit"
21:32:22 INFO  : Context for 'APU' is selected.
21:32:23 INFO  : Hardware design information is loaded from 'C:/work/teamp1/teamp1.sdk/system_wrapper_hw_platform_0/system.hdf'.
21:32:23 INFO  : 'configparams force-mem-access 1' command is executed.
21:32:23 INFO  : Context for 'APU' is selected.
21:32:23 INFO  : 'ps7_init' command is executed.
21:32:23 INFO  : 'ps7_post_config' command is executed.
21:32:23 INFO  : Context for processor 'ps7_cortexa9_0' is selected.
21:32:24 INFO  : The application 'C:/work/teamp1/teamp1.sdk/tebf/Debug/tebf.elf' is downloaded to processor 'ps7_cortexa9_0'.
21:32:24 INFO  : 'configparams force-mem-access 0' command is executed.
21:32:24 INFO  : ----------------XSDB Script----------------
connect -url tcp:127.0.0.1:3121
source C:/work/teamp1/teamp1.sdk/system_wrapper_hw_platform_0/ps7_init.tcl
targets -set -nocase -filter {name =~"APU*" && jtag_cable_name =~ "Digilent JTAG-HS2 210249B8815C"} -index 0
rst -system
after 3000
targets -set -filter {jtag_cable_name =~ "Digilent JTAG-HS2 210249B8815C" && level==0} -index 1
fpga -file C:/work/teamp1/teamp1.sdk/system_wrapper_hw_platform_0/system_wrapper.bit
targets -set -nocase -filter {name =~"APU*" && jtag_cable_name =~ "Digilent JTAG-HS2 210249B8815C"} -index 0
loadhw -hw C:/work/teamp1/teamp1.sdk/system_wrapper_hw_platform_0/system.hdf -mem-ranges [list {0x40000000 0xbfffffff}]
configparams force-mem-access 1
targets -set -nocase -filter {name =~"APU*" && jtag_cable_name =~ "Digilent JTAG-HS2 210249B8815C"} -index 0
ps7_init
ps7_post_config
targets -set -nocase -filter {name =~ "ARM*#0" && jtag_cable_name =~ "Digilent JTAG-HS2 210249B8815C"} -index 0
dow C:/work/teamp1/teamp1.sdk/tebf/Debug/tebf.elf
configparams force-mem-access 0
----------------End of Script----------------

21:32:24 INFO  : Memory regions updated for context APU
21:32:24 INFO  : Context for processor 'ps7_cortexa9_0' is selected.
21:32:24 INFO  : 'con' command is executed.
21:32:24 INFO  : ----------------XSDB Script (After Launch)----------------
targets -set -nocase -filter {name =~ "ARM*#0" && jtag_cable_name =~ "Digilent JTAG-HS2 210249B8815C"} -index 0
con
----------------End of Script----------------

21:32:24 INFO  : Launch script is exported to file 'C:\work\teamp1\teamp1.sdk\.sdk\launch_scripts\xilinx_c-c++_application_(system_debugger)\debug.tcl'
21:40:52 INFO  : Disconnected from the channel tcfchan#37.
21:40:53 INFO  : Connected to target on host '127.0.0.1' and port '3121'.
21:40:53 INFO  : Jtag cable 'Digilent JTAG-HS2 210249B8815C' is selected.
21:40:53 INFO  : 'jtag frequency' command is executed.
21:40:53 INFO  : Sourcing of 'C:/work/teamp1/teamp1.sdk/system_wrapper_hw_platform_0/ps7_init.tcl' is done.
21:40:53 INFO  : Context for 'APU' is selected.
21:40:53 INFO  : System reset is completed.
21:40:56 INFO  : 'after 3000' command is executed.
21:40:56 INFO  : 'targets -set -filter {jtag_cable_name =~ "Digilent JTAG-HS2 210249B8815C" && level==0} -index 1' command is executed.
21:41:00 INFO  : FPGA configured successfully with bitstream "C:/work/teamp1/teamp1.sdk/system_wrapper_hw_platform_0/system_wrapper.bit"
21:41:00 INFO  : Context for 'APU' is selected.
21:41:01 INFO  : Hardware design information is loaded from 'C:/work/teamp1/teamp1.sdk/system_wrapper_hw_platform_0/system.hdf'.
21:41:01 INFO  : 'configparams force-mem-access 1' command is executed.
21:41:01 INFO  : Context for 'APU' is selected.
21:41:01 INFO  : 'ps7_init' command is executed.
21:41:01 INFO  : 'ps7_post_config' command is executed.
21:41:01 INFO  : Context for processor 'ps7_cortexa9_0' is selected.
21:41:02 INFO  : The application 'C:/work/teamp1/teamp1.sdk/tebf/Debug/tebf.elf' is downloaded to processor 'ps7_cortexa9_0'.
21:41:02 INFO  : 'configparams force-mem-access 0' command is executed.
21:41:02 INFO  : ----------------XSDB Script----------------
connect -url tcp:127.0.0.1:3121
source C:/work/teamp1/teamp1.sdk/system_wrapper_hw_platform_0/ps7_init.tcl
targets -set -nocase -filter {name =~"APU*" && jtag_cable_name =~ "Digilent JTAG-HS2 210249B8815C"} -index 0
rst -system
after 3000
targets -set -filter {jtag_cable_name =~ "Digilent JTAG-HS2 210249B8815C" && level==0} -index 1
fpga -file C:/work/teamp1/teamp1.sdk/system_wrapper_hw_platform_0/system_wrapper.bit
targets -set -nocase -filter {name =~"APU*" && jtag_cable_name =~ "Digilent JTAG-HS2 210249B8815C"} -index 0
loadhw -hw C:/work/teamp1/teamp1.sdk/system_wrapper_hw_platform_0/system.hdf -mem-ranges [list {0x40000000 0xbfffffff}]
configparams force-mem-access 1
targets -set -nocase -filter {name =~"APU*" && jtag_cable_name =~ "Digilent JTAG-HS2 210249B8815C"} -index 0
ps7_init
ps7_post_config
targets -set -nocase -filter {name =~ "ARM*#0" && jtag_cable_name =~ "Digilent JTAG-HS2 210249B8815C"} -index 0
dow C:/work/teamp1/teamp1.sdk/tebf/Debug/tebf.elf
configparams force-mem-access 0
----------------End of Script----------------

21:41:02 INFO  : Memory regions updated for context APU
21:41:02 INFO  : Context for processor 'ps7_cortexa9_0' is selected.
21:41:02 INFO  : 'con' command is executed.
21:41:02 INFO  : ----------------XSDB Script (After Launch)----------------
targets -set -nocase -filter {name =~ "ARM*#0" && jtag_cable_name =~ "Digilent JTAG-HS2 210249B8815C"} -index 0
con
----------------End of Script----------------

21:41:02 INFO  : Launch script is exported to file 'C:\work\teamp1\teamp1.sdk\.sdk\launch_scripts\xilinx_c-c++_application_(system_debugger)\debug.tcl'
21:45:28 INFO  : Disconnected from the channel tcfchan#38.
21:45:29 INFO  : Connected to target on host '127.0.0.1' and port '3121'.
21:45:29 INFO  : Jtag cable 'Digilent JTAG-HS2 210249B8815C' is selected.
21:45:29 INFO  : 'jtag frequency' command is executed.
21:45:29 INFO  : Sourcing of 'C:/work/teamp1/teamp1.sdk/system_wrapper_hw_platform_0/ps7_init.tcl' is done.
21:45:29 INFO  : Context for 'APU' is selected.
21:45:29 INFO  : System reset is completed.
21:45:32 INFO  : 'after 3000' command is executed.
21:45:32 INFO  : 'targets -set -filter {jtag_cable_name =~ "Digilent JTAG-HS2 210249B8815C" && level==0} -index 1' command is executed.
21:45:36 INFO  : FPGA configured successfully with bitstream "C:/work/teamp1/teamp1.sdk/system_wrapper_hw_platform_0/system_wrapper.bit"
21:45:36 INFO  : Context for 'APU' is selected.
21:45:37 INFO  : Hardware design information is loaded from 'C:/work/teamp1/teamp1.sdk/system_wrapper_hw_platform_0/system.hdf'.
21:45:37 INFO  : 'configparams force-mem-access 1' command is executed.
21:45:37 INFO  : Context for 'APU' is selected.
21:45:37 INFO  : 'ps7_init' command is executed.
21:45:37 INFO  : 'ps7_post_config' command is executed.
21:45:37 INFO  : Context for processor 'ps7_cortexa9_0' is selected.
21:45:38 INFO  : The application 'C:/work/teamp1/teamp1.sdk/tebf/Debug/tebf.elf' is downloaded to processor 'ps7_cortexa9_0'.
21:45:38 INFO  : 'configparams force-mem-access 0' command is executed.
21:45:38 INFO  : ----------------XSDB Script----------------
connect -url tcp:127.0.0.1:3121
source C:/work/teamp1/teamp1.sdk/system_wrapper_hw_platform_0/ps7_init.tcl
targets -set -nocase -filter {name =~"APU*" && jtag_cable_name =~ "Digilent JTAG-HS2 210249B8815C"} -index 0
rst -system
after 3000
targets -set -filter {jtag_cable_name =~ "Digilent JTAG-HS2 210249B8815C" && level==0} -index 1
fpga -file C:/work/teamp1/teamp1.sdk/system_wrapper_hw_platform_0/system_wrapper.bit
targets -set -nocase -filter {name =~"APU*" && jtag_cable_name =~ "Digilent JTAG-HS2 210249B8815C"} -index 0
loadhw -hw C:/work/teamp1/teamp1.sdk/system_wrapper_hw_platform_0/system.hdf -mem-ranges [list {0x40000000 0xbfffffff}]
configparams force-mem-access 1
targets -set -nocase -filter {name =~"APU*" && jtag_cable_name =~ "Digilent JTAG-HS2 210249B8815C"} -index 0
ps7_init
ps7_post_config
targets -set -nocase -filter {name =~ "ARM*#0" && jtag_cable_name =~ "Digilent JTAG-HS2 210249B8815C"} -index 0
dow C:/work/teamp1/teamp1.sdk/tebf/Debug/tebf.elf
configparams force-mem-access 0
----------------End of Script----------------

21:45:38 INFO  : Memory regions updated for context APU
21:45:38 INFO  : Context for processor 'ps7_cortexa9_0' is selected.
21:45:38 INFO  : 'con' command is executed.
21:45:38 INFO  : ----------------XSDB Script (After Launch)----------------
targets -set -nocase -filter {name =~ "ARM*#0" && jtag_cable_name =~ "Digilent JTAG-HS2 210249B8815C"} -index 0
con
----------------End of Script----------------

21:45:38 INFO  : Launch script is exported to file 'C:\work\teamp1\teamp1.sdk\.sdk\launch_scripts\xilinx_c-c++_application_(system_debugger)\debug.tcl'
21:51:54 INFO  : Disconnected from the channel tcfchan#39.
14:35:25 INFO  : Registering command handlers for SDK TCF services
14:35:26 INFO  : Launching XSCT server: xsct.bat -interactive C:\work\teamp1\teamp1.sdk\temp_xsdb_launch_script.tcl
14:35:30 INFO  : XSCT server has started successfully.
14:35:35 INFO  : Successfully done setting XSCT server connection channel  
14:35:35 INFO  : Successfully done setting SDK workspace  
14:35:35 INFO  : Restoring local repository preferences: 
		 C:\work\ip_repo
14:35:35 INFO  : Processing command line option -hwspec C:/work/teamp1/teamp1.sdk/system_wrapper.hdf.
14:35:35 INFO  : Checking for hwspec changes in the project system_wrapper_hw_platform_0.
14:35:53 INFO  : Connected to target on host '127.0.0.1' and port '3121'.
14:35:53 INFO  : Jtag cable 'Digilent JTAG-HS2 210249B8815C' is selected.
14:35:53 INFO  : 'jtag frequency' command is executed.
14:35:53 INFO  : Sourcing of 'C:/work/teamp1/teamp1.sdk/system_wrapper_hw_platform_0/ps7_init.tcl' is done.
14:35:53 INFO  : Context for 'APU' is selected.
14:35:53 INFO  : System reset is completed.
14:35:56 INFO  : 'after 3000' command is executed.
14:35:56 INFO  : 'targets -set -filter {jtag_cable_name =~ "Digilent JTAG-HS2 210249B8815C" && level==0} -index 1' command is executed.
14:36:00 INFO  : FPGA configured successfully with bitstream "C:/work/teamp1/teamp1.sdk/system_wrapper_hw_platform_0/system_wrapper.bit"
14:36:00 INFO  : Context for 'APU' is selected.
14:36:00 INFO  : Hardware design information is loaded from 'C:/work/teamp1/teamp1.sdk/system_wrapper_hw_platform_0/system.hdf'.
14:36:00 INFO  : 'configparams force-mem-access 1' command is executed.
14:36:00 INFO  : Context for 'APU' is selected.
14:36:00 INFO  : 'ps7_init' command is executed.
14:36:00 INFO  : 'ps7_post_config' command is executed.
14:36:00 INFO  : Context for processor 'ps7_cortexa9_0' is selected.
14:36:01 INFO  : The application 'C:/work/teamp1/teamp1.sdk/tebf/Debug/tebf.elf' is downloaded to processor 'ps7_cortexa9_0'.
14:36:01 INFO  : 'configparams force-mem-access 0' command is executed.
14:36:01 INFO  : ----------------XSDB Script----------------
connect -url tcp:127.0.0.1:3121
source C:/work/teamp1/teamp1.sdk/system_wrapper_hw_platform_0/ps7_init.tcl
targets -set -nocase -filter {name =~"APU*" && jtag_cable_name =~ "Digilent JTAG-HS2 210249B8815C"} -index 0
rst -system
after 3000
targets -set -filter {jtag_cable_name =~ "Digilent JTAG-HS2 210249B8815C" && level==0} -index 1
fpga -file C:/work/teamp1/teamp1.sdk/system_wrapper_hw_platform_0/system_wrapper.bit
targets -set -nocase -filter {name =~"APU*" && jtag_cable_name =~ "Digilent JTAG-HS2 210249B8815C"} -index 0
loadhw -hw C:/work/teamp1/teamp1.sdk/system_wrapper_hw_platform_0/system.hdf -mem-ranges [list {0x40000000 0xbfffffff}]
configparams force-mem-access 1
targets -set -nocase -filter {name =~"APU*" && jtag_cable_name =~ "Digilent JTAG-HS2 210249B8815C"} -index 0
ps7_init
ps7_post_config
targets -set -nocase -filter {name =~ "ARM*#0" && jtag_cable_name =~ "Digilent JTAG-HS2 210249B8815C"} -index 0
dow C:/work/teamp1/teamp1.sdk/tebf/Debug/tebf.elf
configparams force-mem-access 0
----------------End of Script----------------

14:36:01 INFO  : Memory regions updated for context APU
14:36:01 INFO  : Context for processor 'ps7_cortexa9_0' is selected.
14:36:01 INFO  : 'con' command is executed.
14:36:01 INFO  : ----------------XSDB Script (After Launch)----------------
targets -set -nocase -filter {name =~ "ARM*#0" && jtag_cable_name =~ "Digilent JTAG-HS2 210249B8815C"} -index 0
con
----------------End of Script----------------

14:36:01 INFO  : Launch script is exported to file 'C:\work\teamp1\teamp1.sdk\.sdk\launch_scripts\xilinx_c-c++_application_(system_debugger)\debug.tcl'
14:37:41 INFO  : Disconnected from the channel tcfchan#1.
14:37:42 INFO  : Connected to target on host '127.0.0.1' and port '3121'.
14:37:42 INFO  : Jtag cable 'Digilent JTAG-HS2 210249B8815C' is selected.
14:37:42 INFO  : 'jtag frequency' command is executed.
14:37:42 INFO  : Sourcing of 'C:/work/teamp1/teamp1.sdk/system_wrapper_hw_platform_0/ps7_init.tcl' is done.
14:37:42 INFO  : Context for 'APU' is selected.
14:37:42 INFO  : System reset is completed.
14:37:45 INFO  : 'after 3000' command is executed.
14:37:45 INFO  : 'targets -set -filter {jtag_cable_name =~ "Digilent JTAG-HS2 210249B8815C" && level==0} -index 1' command is executed.
14:37:49 INFO  : FPGA configured successfully with bitstream "C:/work/teamp1/teamp1.sdk/system_wrapper_hw_platform_0/system_wrapper.bit"
14:37:49 INFO  : Context for 'APU' is selected.
14:37:50 INFO  : Hardware design information is loaded from 'C:/work/teamp1/teamp1.sdk/system_wrapper_hw_platform_0/system.hdf'.
14:37:50 INFO  : 'configparams force-mem-access 1' command is executed.
14:37:50 INFO  : Context for 'APU' is selected.
14:37:50 INFO  : 'ps7_init' command is executed.
14:37:50 INFO  : 'ps7_post_config' command is executed.
14:37:50 INFO  : Context for processor 'ps7_cortexa9_0' is selected.
14:37:51 INFO  : The application 'C:/work/teamp1/teamp1.sdk/tebf/Debug/tebf.elf' is downloaded to processor 'ps7_cortexa9_0'.
14:37:51 INFO  : 'configparams force-mem-access 0' command is executed.
14:37:51 INFO  : ----------------XSDB Script----------------
connect -url tcp:127.0.0.1:3121
source C:/work/teamp1/teamp1.sdk/system_wrapper_hw_platform_0/ps7_init.tcl
targets -set -nocase -filter {name =~"APU*" && jtag_cable_name =~ "Digilent JTAG-HS2 210249B8815C"} -index 0
rst -system
after 3000
targets -set -filter {jtag_cable_name =~ "Digilent JTAG-HS2 210249B8815C" && level==0} -index 1
fpga -file C:/work/teamp1/teamp1.sdk/system_wrapper_hw_platform_0/system_wrapper.bit
targets -set -nocase -filter {name =~"APU*" && jtag_cable_name =~ "Digilent JTAG-HS2 210249B8815C"} -index 0
loadhw -hw C:/work/teamp1/teamp1.sdk/system_wrapper_hw_platform_0/system.hdf -mem-ranges [list {0x40000000 0xbfffffff}]
configparams force-mem-access 1
targets -set -nocase -filter {name =~"APU*" && jtag_cable_name =~ "Digilent JTAG-HS2 210249B8815C"} -index 0
ps7_init
ps7_post_config
targets -set -nocase -filter {name =~ "ARM*#0" && jtag_cable_name =~ "Digilent JTAG-HS2 210249B8815C"} -index 0
dow C:/work/teamp1/teamp1.sdk/tebf/Debug/tebf.elf
configparams force-mem-access 0
----------------End of Script----------------

14:37:51 INFO  : Memory regions updated for context APU
14:37:51 INFO  : Context for processor 'ps7_cortexa9_0' is selected.
14:37:51 INFO  : 'con' command is executed.
14:37:51 INFO  : ----------------XSDB Script (After Launch)----------------
targets -set -nocase -filter {name =~ "ARM*#0" && jtag_cable_name =~ "Digilent JTAG-HS2 210249B8815C"} -index 0
con
----------------End of Script----------------

14:37:51 INFO  : Launch script is exported to file 'C:\work\teamp1\teamp1.sdk\.sdk\launch_scripts\xilinx_c-c++_application_(system_debugger)\debug.tcl'
14:42:13 INFO  : Disconnected from the channel tcfchan#2.
14:42:14 INFO  : Connected to target on host '127.0.0.1' and port '3121'.
14:42:14 INFO  : Jtag cable 'Digilent JTAG-HS2 210249B8815C' is selected.
14:42:14 INFO  : 'jtag frequency' command is executed.
14:42:14 INFO  : Sourcing of 'C:/work/teamp1/teamp1.sdk/system_wrapper_hw_platform_0/ps7_init.tcl' is done.
14:42:14 INFO  : Context for 'APU' is selected.
14:42:14 INFO  : System reset is completed.
14:42:17 INFO  : 'after 3000' command is executed.
14:42:17 INFO  : 'targets -set -filter {jtag_cable_name =~ "Digilent JTAG-HS2 210249B8815C" && level==0} -index 1' command is executed.
14:42:21 INFO  : FPGA configured successfully with bitstream "C:/work/teamp1/teamp1.sdk/system_wrapper_hw_platform_0/system_wrapper.bit"
14:42:21 INFO  : Context for 'APU' is selected.
14:42:22 INFO  : Hardware design information is loaded from 'C:/work/teamp1/teamp1.sdk/system_wrapper_hw_platform_0/system.hdf'.
14:42:22 INFO  : 'configparams force-mem-access 1' command is executed.
14:42:22 INFO  : Context for 'APU' is selected.
14:42:22 INFO  : 'ps7_init' command is executed.
14:42:22 INFO  : 'ps7_post_config' command is executed.
14:42:22 INFO  : Context for processor 'ps7_cortexa9_0' is selected.
14:42:23 INFO  : The application 'C:/work/teamp1/teamp1.sdk/tebf/Debug/tebf.elf' is downloaded to processor 'ps7_cortexa9_0'.
14:42:23 INFO  : 'configparams force-mem-access 0' command is executed.
14:42:23 INFO  : ----------------XSDB Script----------------
connect -url tcp:127.0.0.1:3121
source C:/work/teamp1/teamp1.sdk/system_wrapper_hw_platform_0/ps7_init.tcl
targets -set -nocase -filter {name =~"APU*" && jtag_cable_name =~ "Digilent JTAG-HS2 210249B8815C"} -index 0
rst -system
after 3000
targets -set -filter {jtag_cable_name =~ "Digilent JTAG-HS2 210249B8815C" && level==0} -index 1
fpga -file C:/work/teamp1/teamp1.sdk/system_wrapper_hw_platform_0/system_wrapper.bit
targets -set -nocase -filter {name =~"APU*" && jtag_cable_name =~ "Digilent JTAG-HS2 210249B8815C"} -index 0
loadhw -hw C:/work/teamp1/teamp1.sdk/system_wrapper_hw_platform_0/system.hdf -mem-ranges [list {0x40000000 0xbfffffff}]
configparams force-mem-access 1
targets -set -nocase -filter {name =~"APU*" && jtag_cable_name =~ "Digilent JTAG-HS2 210249B8815C"} -index 0
ps7_init
ps7_post_config
targets -set -nocase -filter {name =~ "ARM*#0" && jtag_cable_name =~ "Digilent JTAG-HS2 210249B8815C"} -index 0
dow C:/work/teamp1/teamp1.sdk/tebf/Debug/tebf.elf
configparams force-mem-access 0
----------------End of Script----------------

14:42:23 INFO  : Memory regions updated for context APU
14:42:23 INFO  : Context for processor 'ps7_cortexa9_0' is selected.
14:42:23 INFO  : 'con' command is executed.
14:42:23 INFO  : ----------------XSDB Script (After Launch)----------------
targets -set -nocase -filter {name =~ "ARM*#0" && jtag_cable_name =~ "Digilent JTAG-HS2 210249B8815C"} -index 0
con
----------------End of Script----------------

14:42:23 INFO  : Launch script is exported to file 'C:\work\teamp1\teamp1.sdk\.sdk\launch_scripts\xilinx_c-c++_application_(system_debugger)\debug.tcl'
14:43:18 INFO  : Disconnected from the channel tcfchan#3.
14:43:19 INFO  : Connected to target on host '127.0.0.1' and port '3121'.
14:43:19 INFO  : Jtag cable 'Digilent JTAG-HS2 210249B8815C' is selected.
14:43:19 INFO  : 'jtag frequency' command is executed.
14:43:19 INFO  : Sourcing of 'C:/work/teamp1/teamp1.sdk/system_wrapper_hw_platform_0/ps7_init.tcl' is done.
14:43:19 INFO  : Context for 'APU' is selected.
14:43:19 INFO  : System reset is completed.
14:43:22 INFO  : 'after 3000' command is executed.
14:43:22 INFO  : 'targets -set -filter {jtag_cable_name =~ "Digilent JTAG-HS2 210249B8815C" && level==0} -index 1' command is executed.
14:43:26 INFO  : FPGA configured successfully with bitstream "C:/work/teamp1/teamp1.sdk/system_wrapper_hw_platform_0/system_wrapper.bit"
14:43:26 INFO  : Context for 'APU' is selected.
14:43:27 INFO  : Hardware design information is loaded from 'C:/work/teamp1/teamp1.sdk/system_wrapper_hw_platform_0/system.hdf'.
14:43:27 INFO  : 'configparams force-mem-access 1' command is executed.
14:43:27 INFO  : Context for 'APU' is selected.
14:43:28 INFO  : 'ps7_init' command is executed.
14:43:28 INFO  : 'ps7_post_config' command is executed.
14:43:28 INFO  : Context for processor 'ps7_cortexa9_0' is selected.
14:43:28 INFO  : The application 'C:/work/teamp1/teamp1.sdk/tebf/Debug/tebf.elf' is downloaded to processor 'ps7_cortexa9_0'.
14:43:28 INFO  : 'configparams force-mem-access 0' command is executed.
14:43:28 INFO  : ----------------XSDB Script----------------
connect -url tcp:127.0.0.1:3121
source C:/work/teamp1/teamp1.sdk/system_wrapper_hw_platform_0/ps7_init.tcl
targets -set -nocase -filter {name =~"APU*" && jtag_cable_name =~ "Digilent JTAG-HS2 210249B8815C"} -index 0
rst -system
after 3000
targets -set -filter {jtag_cable_name =~ "Digilent JTAG-HS2 210249B8815C" && level==0} -index 1
fpga -file C:/work/teamp1/teamp1.sdk/system_wrapper_hw_platform_0/system_wrapper.bit
targets -set -nocase -filter {name =~"APU*" && jtag_cable_name =~ "Digilent JTAG-HS2 210249B8815C"} -index 0
loadhw -hw C:/work/teamp1/teamp1.sdk/system_wrapper_hw_platform_0/system.hdf -mem-ranges [list {0x40000000 0xbfffffff}]
configparams force-mem-access 1
targets -set -nocase -filter {name =~"APU*" && jtag_cable_name =~ "Digilent JTAG-HS2 210249B8815C"} -index 0
ps7_init
ps7_post_config
targets -set -nocase -filter {name =~ "ARM*#0" && jtag_cable_name =~ "Digilent JTAG-HS2 210249B8815C"} -index 0
dow C:/work/teamp1/teamp1.sdk/tebf/Debug/tebf.elf
configparams force-mem-access 0
----------------End of Script----------------

14:43:28 INFO  : Memory regions updated for context APU
14:43:28 INFO  : Context for processor 'ps7_cortexa9_0' is selected.
14:43:28 INFO  : 'con' command is executed.
14:43:28 INFO  : ----------------XSDB Script (After Launch)----------------
targets -set -nocase -filter {name =~ "ARM*#0" && jtag_cable_name =~ "Digilent JTAG-HS2 210249B8815C"} -index 0
con
----------------End of Script----------------

14:43:28 INFO  : Launch script is exported to file 'C:\work\teamp1\teamp1.sdk\.sdk\launch_scripts\xilinx_c-c++_application_(system_debugger)\debug.tcl'
14:44:20 INFO  : Disconnected from the channel tcfchan#4.
14:44:21 INFO  : Connected to target on host '127.0.0.1' and port '3121'.
14:44:22 INFO  : Jtag cable 'Digilent JTAG-HS2 210249B8815C' is selected.
14:44:22 INFO  : 'jtag frequency' command is executed.
14:44:22 INFO  : Sourcing of 'C:/work/teamp1/teamp1.sdk/system_wrapper_hw_platform_0/ps7_init.tcl' is done.
14:44:22 INFO  : Context for 'APU' is selected.
14:44:22 INFO  : System reset is completed.
14:44:25 INFO  : 'after 3000' command is executed.
14:44:25 INFO  : 'targets -set -filter {jtag_cable_name =~ "Digilent JTAG-HS2 210249B8815C" && level==0} -index 1' command is executed.
14:44:28 INFO  : FPGA configured successfully with bitstream "C:/work/teamp1/teamp1.sdk/system_wrapper_hw_platform_0/system_wrapper.bit"
14:44:28 INFO  : Context for 'APU' is selected.
14:44:32 INFO  : Hardware design information is loaded from 'C:/work/teamp1/teamp1.sdk/system_wrapper_hw_platform_0/system.hdf'.
14:44:32 INFO  : 'configparams force-mem-access 1' command is executed.
14:44:32 INFO  : Context for 'APU' is selected.
14:44:33 INFO  : 'ps7_init' command is executed.
14:44:33 INFO  : 'ps7_post_config' command is executed.
14:44:33 INFO  : Context for processor 'ps7_cortexa9_0' is selected.
14:44:33 INFO  : The application 'C:/work/teamp1/teamp1.sdk/tebf/Debug/tebf.elf' is downloaded to processor 'ps7_cortexa9_0'.
14:44:33 INFO  : 'configparams force-mem-access 0' command is executed.
14:44:33 INFO  : ----------------XSDB Script----------------
connect -url tcp:127.0.0.1:3121
source C:/work/teamp1/teamp1.sdk/system_wrapper_hw_platform_0/ps7_init.tcl
targets -set -nocase -filter {name =~"APU*" && jtag_cable_name =~ "Digilent JTAG-HS2 210249B8815C"} -index 0
rst -system
after 3000
targets -set -filter {jtag_cable_name =~ "Digilent JTAG-HS2 210249B8815C" && level==0} -index 1
fpga -file C:/work/teamp1/teamp1.sdk/system_wrapper_hw_platform_0/system_wrapper.bit
targets -set -nocase -filter {name =~"APU*" && jtag_cable_name =~ "Digilent JTAG-HS2 210249B8815C"} -index 0
loadhw -hw C:/work/teamp1/teamp1.sdk/system_wrapper_hw_platform_0/system.hdf -mem-ranges [list {0x40000000 0xbfffffff}]
configparams force-mem-access 1
targets -set -nocase -filter {name =~"APU*" && jtag_cable_name =~ "Digilent JTAG-HS2 210249B8815C"} -index 0
ps7_init
ps7_post_config
targets -set -nocase -filter {name =~ "ARM*#0" && jtag_cable_name =~ "Digilent JTAG-HS2 210249B8815C"} -index 0
dow C:/work/teamp1/teamp1.sdk/tebf/Debug/tebf.elf
configparams force-mem-access 0
----------------End of Script----------------

14:44:33 INFO  : Memory regions updated for context APU
14:44:34 INFO  : Context for processor 'ps7_cortexa9_0' is selected.
14:44:34 INFO  : 'con' command is executed.
14:44:34 INFO  : ----------------XSDB Script (After Launch)----------------
targets -set -nocase -filter {name =~ "ARM*#0" && jtag_cable_name =~ "Digilent JTAG-HS2 210249B8815C"} -index 0
con
----------------End of Script----------------

14:44:34 INFO  : Launch script is exported to file 'C:\work\teamp1\teamp1.sdk\.sdk\launch_scripts\xilinx_c-c++_application_(system_debugger)\debug.tcl'
14:49:35 INFO  : Disconnected from the channel tcfchan#5.
14:49:36 INFO  : Connected to target on host '127.0.0.1' and port '3121'.
14:49:36 INFO  : Jtag cable 'Digilent JTAG-HS2 210249B8815C' is selected.
14:49:36 INFO  : 'jtag frequency' command is executed.
14:49:36 INFO  : Sourcing of 'C:/work/teamp1/teamp1.sdk/system_wrapper_hw_platform_0/ps7_init.tcl' is done.
14:49:36 INFO  : Context for 'APU' is selected.
14:49:36 INFO  : System reset is completed.
14:49:39 INFO  : 'after 3000' command is executed.
14:49:39 INFO  : 'targets -set -filter {jtag_cable_name =~ "Digilent JTAG-HS2 210249B8815C" && level==0} -index 1' command is executed.
14:49:43 INFO  : FPGA configured successfully with bitstream "C:/work/teamp1/teamp1.sdk/system_wrapper_hw_platform_0/system_wrapper.bit"
14:49:43 INFO  : Context for 'APU' is selected.
14:49:44 INFO  : Hardware design information is loaded from 'C:/work/teamp1/teamp1.sdk/system_wrapper_hw_platform_0/system.hdf'.
14:49:44 INFO  : 'configparams force-mem-access 1' command is executed.
14:49:44 INFO  : Context for 'APU' is selected.
14:49:44 INFO  : 'ps7_init' command is executed.
14:49:44 INFO  : 'ps7_post_config' command is executed.
14:49:44 INFO  : Context for processor 'ps7_cortexa9_0' is selected.
14:49:45 INFO  : The application 'C:/work/teamp1/teamp1.sdk/tebf/Debug/tebf.elf' is downloaded to processor 'ps7_cortexa9_0'.
14:49:45 INFO  : 'configparams force-mem-access 0' command is executed.
14:49:45 INFO  : ----------------XSDB Script----------------
connect -url tcp:127.0.0.1:3121
source C:/work/teamp1/teamp1.sdk/system_wrapper_hw_platform_0/ps7_init.tcl
targets -set -nocase -filter {name =~"APU*" && jtag_cable_name =~ "Digilent JTAG-HS2 210249B8815C"} -index 0
rst -system
after 3000
targets -set -filter {jtag_cable_name =~ "Digilent JTAG-HS2 210249B8815C" && level==0} -index 1
fpga -file C:/work/teamp1/teamp1.sdk/system_wrapper_hw_platform_0/system_wrapper.bit
targets -set -nocase -filter {name =~"APU*" && jtag_cable_name =~ "Digilent JTAG-HS2 210249B8815C"} -index 0
loadhw -hw C:/work/teamp1/teamp1.sdk/system_wrapper_hw_platform_0/system.hdf -mem-ranges [list {0x40000000 0xbfffffff}]
configparams force-mem-access 1
targets -set -nocase -filter {name =~"APU*" && jtag_cable_name =~ "Digilent JTAG-HS2 210249B8815C"} -index 0
ps7_init
ps7_post_config
targets -set -nocase -filter {name =~ "ARM*#0" && jtag_cable_name =~ "Digilent JTAG-HS2 210249B8815C"} -index 0
dow C:/work/teamp1/teamp1.sdk/tebf/Debug/tebf.elf
configparams force-mem-access 0
----------------End of Script----------------

14:49:45 INFO  : Memory regions updated for context APU
14:49:45 INFO  : Context for processor 'ps7_cortexa9_0' is selected.
14:49:45 INFO  : 'con' command is executed.
14:49:45 INFO  : ----------------XSDB Script (After Launch)----------------
targets -set -nocase -filter {name =~ "ARM*#0" && jtag_cable_name =~ "Digilent JTAG-HS2 210249B8815C"} -index 0
con
----------------End of Script----------------

14:49:45 INFO  : Launch script is exported to file 'C:\work\teamp1\teamp1.sdk\.sdk\launch_scripts\xilinx_c-c++_application_(system_debugger)\debug.tcl'
14:50:45 INFO  : Disconnected from the channel tcfchan#6.
14:50:46 INFO  : Connected to target on host '127.0.0.1' and port '3121'.
14:50:46 INFO  : Jtag cable 'Digilent JTAG-HS2 210249B8815C' is selected.
14:50:46 INFO  : 'jtag frequency' command is executed.
14:50:46 INFO  : Sourcing of 'C:/work/teamp1/teamp1.sdk/system_wrapper_hw_platform_0/ps7_init.tcl' is done.
14:50:46 INFO  : Context for 'APU' is selected.
14:50:47 INFO  : System reset is completed.
14:50:50 INFO  : 'after 3000' command is executed.
14:50:50 INFO  : 'targets -set -filter {jtag_cable_name =~ "Digilent JTAG-HS2 210249B8815C" && level==0} -index 1' command is executed.
14:50:53 INFO  : FPGA configured successfully with bitstream "C:/work/teamp1/teamp1.sdk/system_wrapper_hw_platform_0/system_wrapper.bit"
14:50:53 INFO  : Context for 'APU' is selected.
14:50:54 INFO  : Hardware design information is loaded from 'C:/work/teamp1/teamp1.sdk/system_wrapper_hw_platform_0/system.hdf'.
14:50:54 INFO  : 'configparams force-mem-access 1' command is executed.
14:50:54 INFO  : Context for 'APU' is selected.
14:50:55 INFO  : 'ps7_init' command is executed.
14:50:55 INFO  : 'ps7_post_config' command is executed.
14:50:55 INFO  : Context for processor 'ps7_cortexa9_0' is selected.
14:50:55 INFO  : The application 'C:/work/teamp1/teamp1.sdk/tebf/Debug/tebf.elf' is downloaded to processor 'ps7_cortexa9_0'.
14:50:55 INFO  : 'configparams force-mem-access 0' command is executed.
14:50:55 INFO  : ----------------XSDB Script----------------
connect -url tcp:127.0.0.1:3121
source C:/work/teamp1/teamp1.sdk/system_wrapper_hw_platform_0/ps7_init.tcl
targets -set -nocase -filter {name =~"APU*" && jtag_cable_name =~ "Digilent JTAG-HS2 210249B8815C"} -index 0
rst -system
after 3000
targets -set -filter {jtag_cable_name =~ "Digilent JTAG-HS2 210249B8815C" && level==0} -index 1
fpga -file C:/work/teamp1/teamp1.sdk/system_wrapper_hw_platform_0/system_wrapper.bit
targets -set -nocase -filter {name =~"APU*" && jtag_cable_name =~ "Digilent JTAG-HS2 210249B8815C"} -index 0
loadhw -hw C:/work/teamp1/teamp1.sdk/system_wrapper_hw_platform_0/system.hdf -mem-ranges [list {0x40000000 0xbfffffff}]
configparams force-mem-access 1
targets -set -nocase -filter {name =~"APU*" && jtag_cable_name =~ "Digilent JTAG-HS2 210249B8815C"} -index 0
ps7_init
ps7_post_config
targets -set -nocase -filter {name =~ "ARM*#0" && jtag_cable_name =~ "Digilent JTAG-HS2 210249B8815C"} -index 0
dow C:/work/teamp1/teamp1.sdk/tebf/Debug/tebf.elf
configparams force-mem-access 0
----------------End of Script----------------

14:50:55 INFO  : Memory regions updated for context APU
14:50:55 INFO  : Context for processor 'ps7_cortexa9_0' is selected.
14:50:55 INFO  : 'con' command is executed.
14:50:55 INFO  : ----------------XSDB Script (After Launch)----------------
targets -set -nocase -filter {name =~ "ARM*#0" && jtag_cable_name =~ "Digilent JTAG-HS2 210249B8815C"} -index 0
con
----------------End of Script----------------

14:50:55 INFO  : Launch script is exported to file 'C:\work\teamp1\teamp1.sdk\.sdk\launch_scripts\xilinx_c-c++_application_(system_debugger)\debug.tcl'
14:54:45 INFO  : Disconnected from the channel tcfchan#7.
14:54:46 INFO  : Connected to target on host '127.0.0.1' and port '3121'.
14:54:46 INFO  : Jtag cable 'Digilent JTAG-HS2 210249B8815C' is selected.
14:54:46 INFO  : 'jtag frequency' command is executed.
14:54:46 INFO  : Sourcing of 'C:/work/teamp1/teamp1.sdk/system_wrapper_hw_platform_0/ps7_init.tcl' is done.
14:54:46 INFO  : Context for 'APU' is selected.
14:54:46 INFO  : System reset is completed.
14:54:49 INFO  : 'after 3000' command is executed.
14:54:49 INFO  : 'targets -set -filter {jtag_cable_name =~ "Digilent JTAG-HS2 210249B8815C" && level==0} -index 1' command is executed.
14:54:53 INFO  : FPGA configured successfully with bitstream "C:/work/teamp1/teamp1.sdk/system_wrapper_hw_platform_0/system_wrapper.bit"
14:54:53 INFO  : Context for 'APU' is selected.
14:54:54 INFO  : Hardware design information is loaded from 'C:/work/teamp1/teamp1.sdk/system_wrapper_hw_platform_0/system.hdf'.
14:54:54 INFO  : 'configparams force-mem-access 1' command is executed.
14:54:54 INFO  : Context for 'APU' is selected.
14:54:54 INFO  : 'ps7_init' command is executed.
14:54:54 INFO  : 'ps7_post_config' command is executed.
14:54:54 INFO  : Context for processor 'ps7_cortexa9_0' is selected.
14:54:55 INFO  : The application 'C:/work/teamp1/teamp1.sdk/tebf/Debug/tebf.elf' is downloaded to processor 'ps7_cortexa9_0'.
14:54:55 INFO  : 'configparams force-mem-access 0' command is executed.
14:54:55 INFO  : ----------------XSDB Script----------------
connect -url tcp:127.0.0.1:3121
source C:/work/teamp1/teamp1.sdk/system_wrapper_hw_platform_0/ps7_init.tcl
targets -set -nocase -filter {name =~"APU*" && jtag_cable_name =~ "Digilent JTAG-HS2 210249B8815C"} -index 0
rst -system
after 3000
targets -set -filter {jtag_cable_name =~ "Digilent JTAG-HS2 210249B8815C" && level==0} -index 1
fpga -file C:/work/teamp1/teamp1.sdk/system_wrapper_hw_platform_0/system_wrapper.bit
targets -set -nocase -filter {name =~"APU*" && jtag_cable_name =~ "Digilent JTAG-HS2 210249B8815C"} -index 0
loadhw -hw C:/work/teamp1/teamp1.sdk/system_wrapper_hw_platform_0/system.hdf -mem-ranges [list {0x40000000 0xbfffffff}]
configparams force-mem-access 1
targets -set -nocase -filter {name =~"APU*" && jtag_cable_name =~ "Digilent JTAG-HS2 210249B8815C"} -index 0
ps7_init
ps7_post_config
targets -set -nocase -filter {name =~ "ARM*#0" && jtag_cable_name =~ "Digilent JTAG-HS2 210249B8815C"} -index 0
dow C:/work/teamp1/teamp1.sdk/tebf/Debug/tebf.elf
configparams force-mem-access 0
----------------End of Script----------------

14:54:55 INFO  : Memory regions updated for context APU
14:54:55 INFO  : Context for processor 'ps7_cortexa9_0' is selected.
14:54:55 INFO  : 'con' command is executed.
14:54:55 INFO  : ----------------XSDB Script (After Launch)----------------
targets -set -nocase -filter {name =~ "ARM*#0" && jtag_cable_name =~ "Digilent JTAG-HS2 210249B8815C"} -index 0
con
----------------End of Script----------------

14:54:55 INFO  : Launch script is exported to file 'C:\work\teamp1\teamp1.sdk\.sdk\launch_scripts\xilinx_c-c++_application_(system_debugger)\debug.tcl'
14:56:40 INFO  : Disconnected from the channel tcfchan#8.
14:56:41 INFO  : Connected to target on host '127.0.0.1' and port '3121'.
14:56:41 INFO  : Jtag cable 'Digilent JTAG-HS2 210249B8815C' is selected.
14:56:41 INFO  : 'jtag frequency' command is executed.
14:56:41 INFO  : Sourcing of 'C:/work/teamp1/teamp1.sdk/system_wrapper_hw_platform_0/ps7_init.tcl' is done.
14:56:41 INFO  : Context for 'APU' is selected.
14:56:41 INFO  : System reset is completed.
14:56:44 INFO  : 'after 3000' command is executed.
14:56:44 INFO  : 'targets -set -filter {jtag_cable_name =~ "Digilent JTAG-HS2 210249B8815C" && level==0} -index 1' command is executed.
14:56:48 INFO  : FPGA configured successfully with bitstream "C:/work/teamp1/teamp1.sdk/system_wrapper_hw_platform_0/system_wrapper.bit"
14:56:48 INFO  : Context for 'APU' is selected.
14:56:49 INFO  : Hardware design information is loaded from 'C:/work/teamp1/teamp1.sdk/system_wrapper_hw_platform_0/system.hdf'.
14:56:49 INFO  : 'configparams force-mem-access 1' command is executed.
14:56:49 INFO  : Context for 'APU' is selected.
14:56:49 INFO  : 'ps7_init' command is executed.
14:56:49 INFO  : 'ps7_post_config' command is executed.
14:56:49 INFO  : Context for processor 'ps7_cortexa9_0' is selected.
14:56:50 INFO  : The application 'C:/work/teamp1/teamp1.sdk/tebf/Debug/tebf.elf' is downloaded to processor 'ps7_cortexa9_0'.
14:56:50 INFO  : 'configparams force-mem-access 0' command is executed.
14:56:50 INFO  : ----------------XSDB Script----------------
connect -url tcp:127.0.0.1:3121
source C:/work/teamp1/teamp1.sdk/system_wrapper_hw_platform_0/ps7_init.tcl
targets -set -nocase -filter {name =~"APU*" && jtag_cable_name =~ "Digilent JTAG-HS2 210249B8815C"} -index 0
rst -system
after 3000
targets -set -filter {jtag_cable_name =~ "Digilent JTAG-HS2 210249B8815C" && level==0} -index 1
fpga -file C:/work/teamp1/teamp1.sdk/system_wrapper_hw_platform_0/system_wrapper.bit
targets -set -nocase -filter {name =~"APU*" && jtag_cable_name =~ "Digilent JTAG-HS2 210249B8815C"} -index 0
loadhw -hw C:/work/teamp1/teamp1.sdk/system_wrapper_hw_platform_0/system.hdf -mem-ranges [list {0x40000000 0xbfffffff}]
configparams force-mem-access 1
targets -set -nocase -filter {name =~"APU*" && jtag_cable_name =~ "Digilent JTAG-HS2 210249B8815C"} -index 0
ps7_init
ps7_post_config
targets -set -nocase -filter {name =~ "ARM*#0" && jtag_cable_name =~ "Digilent JTAG-HS2 210249B8815C"} -index 0
dow C:/work/teamp1/teamp1.sdk/tebf/Debug/tebf.elf
configparams force-mem-access 0
----------------End of Script----------------

14:56:50 INFO  : Memory regions updated for context APU
14:56:50 INFO  : Context for processor 'ps7_cortexa9_0' is selected.
14:56:50 INFO  : 'con' command is executed.
14:56:50 INFO  : ----------------XSDB Script (After Launch)----------------
targets -set -nocase -filter {name =~ "ARM*#0" && jtag_cable_name =~ "Digilent JTAG-HS2 210249B8815C"} -index 0
con
----------------End of Script----------------

14:56:50 INFO  : Launch script is exported to file 'C:\work\teamp1\teamp1.sdk\.sdk\launch_scripts\xilinx_c-c++_application_(system_debugger)\debug.tcl'
14:58:38 INFO  : Disconnected from the channel tcfchan#9.
14:58:39 INFO  : Connected to target on host '127.0.0.1' and port '3121'.
14:58:39 INFO  : Jtag cable 'Digilent JTAG-HS2 210249B8815C' is selected.
14:58:39 INFO  : 'jtag frequency' command is executed.
14:58:39 INFO  : Sourcing of 'C:/work/teamp1/teamp1.sdk/system_wrapper_hw_platform_0/ps7_init.tcl' is done.
14:58:39 INFO  : Context for 'APU' is selected.
14:58:39 INFO  : System reset is completed.
14:58:42 INFO  : 'after 3000' command is executed.
14:58:42 INFO  : 'targets -set -filter {jtag_cable_name =~ "Digilent JTAG-HS2 210249B8815C" && level==0} -index 1' command is executed.
14:58:46 INFO  : FPGA configured successfully with bitstream "C:/work/teamp1/teamp1.sdk/system_wrapper_hw_platform_0/system_wrapper.bit"
14:58:46 INFO  : Context for 'APU' is selected.
14:58:47 INFO  : Hardware design information is loaded from 'C:/work/teamp1/teamp1.sdk/system_wrapper_hw_platform_0/system.hdf'.
14:58:47 INFO  : 'configparams force-mem-access 1' command is executed.
14:58:47 INFO  : Context for 'APU' is selected.
14:58:47 INFO  : 'ps7_init' command is executed.
14:58:47 INFO  : 'ps7_post_config' command is executed.
14:58:47 INFO  : Context for processor 'ps7_cortexa9_0' is selected.
14:58:48 INFO  : The application 'C:/work/teamp1/teamp1.sdk/tebf/Debug/tebf.elf' is downloaded to processor 'ps7_cortexa9_0'.
14:58:48 INFO  : 'configparams force-mem-access 0' command is executed.
14:58:48 INFO  : ----------------XSDB Script----------------
connect -url tcp:127.0.0.1:3121
source C:/work/teamp1/teamp1.sdk/system_wrapper_hw_platform_0/ps7_init.tcl
targets -set -nocase -filter {name =~"APU*" && jtag_cable_name =~ "Digilent JTAG-HS2 210249B8815C"} -index 0
rst -system
after 3000
targets -set -filter {jtag_cable_name =~ "Digilent JTAG-HS2 210249B8815C" && level==0} -index 1
fpga -file C:/work/teamp1/teamp1.sdk/system_wrapper_hw_platform_0/system_wrapper.bit
targets -set -nocase -filter {name =~"APU*" && jtag_cable_name =~ "Digilent JTAG-HS2 210249B8815C"} -index 0
loadhw -hw C:/work/teamp1/teamp1.sdk/system_wrapper_hw_platform_0/system.hdf -mem-ranges [list {0x40000000 0xbfffffff}]
configparams force-mem-access 1
targets -set -nocase -filter {name =~"APU*" && jtag_cable_name =~ "Digilent JTAG-HS2 210249B8815C"} -index 0
ps7_init
ps7_post_config
targets -set -nocase -filter {name =~ "ARM*#0" && jtag_cable_name =~ "Digilent JTAG-HS2 210249B8815C"} -index 0
dow C:/work/teamp1/teamp1.sdk/tebf/Debug/tebf.elf
configparams force-mem-access 0
----------------End of Script----------------

14:58:48 INFO  : Memory regions updated for context APU
14:58:48 INFO  : Context for processor 'ps7_cortexa9_0' is selected.
14:58:48 INFO  : 'con' command is executed.
14:58:48 INFO  : ----------------XSDB Script (After Launch)----------------
targets -set -nocase -filter {name =~ "ARM*#0" && jtag_cable_name =~ "Digilent JTAG-HS2 210249B8815C"} -index 0
con
----------------End of Script----------------

14:58:48 INFO  : Launch script is exported to file 'C:\work\teamp1\teamp1.sdk\.sdk\launch_scripts\xilinx_c-c++_application_(system_debugger)\debug.tcl'
15:04:57 INFO  : Disconnected from the channel tcfchan#10.
15:04:58 INFO  : Connected to target on host '127.0.0.1' and port '3121'.
15:04:58 INFO  : Jtag cable 'Digilent JTAG-HS2 210249B8815C' is selected.
15:04:58 INFO  : 'jtag frequency' command is executed.
15:04:58 INFO  : Sourcing of 'C:/work/teamp1/teamp1.sdk/system_wrapper_hw_platform_0/ps7_init.tcl' is done.
15:04:58 INFO  : Context for 'APU' is selected.
15:04:58 INFO  : System reset is completed.
15:05:01 INFO  : 'after 3000' command is executed.
15:05:01 INFO  : 'targets -set -filter {jtag_cable_name =~ "Digilent JTAG-HS2 210249B8815C" && level==0} -index 1' command is executed.
15:05:05 INFO  : FPGA configured successfully with bitstream "C:/work/teamp1/teamp1.sdk/system_wrapper_hw_platform_0/system_wrapper.bit"
15:05:05 INFO  : Context for 'APU' is selected.
15:05:06 INFO  : Hardware design information is loaded from 'C:/work/teamp1/teamp1.sdk/system_wrapper_hw_platform_0/system.hdf'.
15:05:06 INFO  : 'configparams force-mem-access 1' command is executed.
15:05:06 INFO  : Context for 'APU' is selected.
15:05:06 INFO  : 'ps7_init' command is executed.
15:05:06 INFO  : 'ps7_post_config' command is executed.
15:05:06 INFO  : Context for processor 'ps7_cortexa9_0' is selected.
15:05:07 INFO  : The application 'C:/work/teamp1/teamp1.sdk/tebf/Debug/tebf.elf' is downloaded to processor 'ps7_cortexa9_0'.
15:05:07 INFO  : 'configparams force-mem-access 0' command is executed.
15:05:07 INFO  : ----------------XSDB Script----------------
connect -url tcp:127.0.0.1:3121
source C:/work/teamp1/teamp1.sdk/system_wrapper_hw_platform_0/ps7_init.tcl
targets -set -nocase -filter {name =~"APU*" && jtag_cable_name =~ "Digilent JTAG-HS2 210249B8815C"} -index 0
rst -system
after 3000
targets -set -filter {jtag_cable_name =~ "Digilent JTAG-HS2 210249B8815C" && level==0} -index 1
fpga -file C:/work/teamp1/teamp1.sdk/system_wrapper_hw_platform_0/system_wrapper.bit
targets -set -nocase -filter {name =~"APU*" && jtag_cable_name =~ "Digilent JTAG-HS2 210249B8815C"} -index 0
loadhw -hw C:/work/teamp1/teamp1.sdk/system_wrapper_hw_platform_0/system.hdf -mem-ranges [list {0x40000000 0xbfffffff}]
configparams force-mem-access 1
targets -set -nocase -filter {name =~"APU*" && jtag_cable_name =~ "Digilent JTAG-HS2 210249B8815C"} -index 0
ps7_init
ps7_post_config
targets -set -nocase -filter {name =~ "ARM*#0" && jtag_cable_name =~ "Digilent JTAG-HS2 210249B8815C"} -index 0
dow C:/work/teamp1/teamp1.sdk/tebf/Debug/tebf.elf
configparams force-mem-access 0
----------------End of Script----------------

15:05:07 INFO  : Memory regions updated for context APU
15:05:07 INFO  : Context for processor 'ps7_cortexa9_0' is selected.
15:05:07 INFO  : 'con' command is executed.
15:05:07 INFO  : ----------------XSDB Script (After Launch)----------------
targets -set -nocase -filter {name =~ "ARM*#0" && jtag_cable_name =~ "Digilent JTAG-HS2 210249B8815C"} -index 0
con
----------------End of Script----------------

15:05:07 INFO  : Launch script is exported to file 'C:\work\teamp1\teamp1.sdk\.sdk\launch_scripts\xilinx_c-c++_application_(system_debugger)\debug.tcl'
15:06:00 INFO  : Disconnected from the channel tcfchan#11.
15:06:01 INFO  : Connected to target on host '127.0.0.1' and port '3121'.
15:06:01 INFO  : Jtag cable 'Digilent JTAG-HS2 210249B8815C' is selected.
15:06:01 INFO  : 'jtag frequency' command is executed.
15:06:01 INFO  : Sourcing of 'C:/work/teamp1/teamp1.sdk/system_wrapper_hw_platform_0/ps7_init.tcl' is done.
15:06:01 INFO  : Context for 'APU' is selected.
15:06:01 INFO  : System reset is completed.
15:06:04 INFO  : 'after 3000' command is executed.
15:06:04 INFO  : 'targets -set -filter {jtag_cable_name =~ "Digilent JTAG-HS2 210249B8815C" && level==0} -index 1' command is executed.
15:06:08 INFO  : FPGA configured successfully with bitstream "C:/work/teamp1/teamp1.sdk/system_wrapper_hw_platform_0/system_wrapper.bit"
15:06:08 INFO  : Context for 'APU' is selected.
15:06:09 INFO  : Hardware design information is loaded from 'C:/work/teamp1/teamp1.sdk/system_wrapper_hw_platform_0/system.hdf'.
15:06:09 INFO  : 'configparams force-mem-access 1' command is executed.
15:06:09 INFO  : Context for 'APU' is selected.
15:06:09 INFO  : 'ps7_init' command is executed.
15:06:09 INFO  : 'ps7_post_config' command is executed.
15:06:09 INFO  : Context for processor 'ps7_cortexa9_0' is selected.
15:06:10 INFO  : The application 'C:/work/teamp1/teamp1.sdk/tebf/Debug/tebf.elf' is downloaded to processor 'ps7_cortexa9_0'.
15:06:10 INFO  : 'configparams force-mem-access 0' command is executed.
15:06:10 INFO  : ----------------XSDB Script----------------
connect -url tcp:127.0.0.1:3121
source C:/work/teamp1/teamp1.sdk/system_wrapper_hw_platform_0/ps7_init.tcl
targets -set -nocase -filter {name =~"APU*" && jtag_cable_name =~ "Digilent JTAG-HS2 210249B8815C"} -index 0
rst -system
after 3000
targets -set -filter {jtag_cable_name =~ "Digilent JTAG-HS2 210249B8815C" && level==0} -index 1
fpga -file C:/work/teamp1/teamp1.sdk/system_wrapper_hw_platform_0/system_wrapper.bit
targets -set -nocase -filter {name =~"APU*" && jtag_cable_name =~ "Digilent JTAG-HS2 210249B8815C"} -index 0
loadhw -hw C:/work/teamp1/teamp1.sdk/system_wrapper_hw_platform_0/system.hdf -mem-ranges [list {0x40000000 0xbfffffff}]
configparams force-mem-access 1
targets -set -nocase -filter {name =~"APU*" && jtag_cable_name =~ "Digilent JTAG-HS2 210249B8815C"} -index 0
ps7_init
ps7_post_config
targets -set -nocase -filter {name =~ "ARM*#0" && jtag_cable_name =~ "Digilent JTAG-HS2 210249B8815C"} -index 0
dow C:/work/teamp1/teamp1.sdk/tebf/Debug/tebf.elf
configparams force-mem-access 0
----------------End of Script----------------

15:06:10 INFO  : Memory regions updated for context APU
15:06:10 INFO  : Context for processor 'ps7_cortexa9_0' is selected.
15:06:10 INFO  : 'con' command is executed.
15:06:10 INFO  : ----------------XSDB Script (After Launch)----------------
targets -set -nocase -filter {name =~ "ARM*#0" && jtag_cable_name =~ "Digilent JTAG-HS2 210249B8815C"} -index 0
con
----------------End of Script----------------

15:06:10 INFO  : Launch script is exported to file 'C:\work\teamp1\teamp1.sdk\.sdk\launch_scripts\xilinx_c-c++_application_(system_debugger)\debug.tcl'
15:11:14 INFO  : Disconnected from the channel tcfchan#12.
15:11:15 INFO  : Connected to target on host '127.0.0.1' and port '3121'.
15:11:16 INFO  : Jtag cable 'Digilent JTAG-HS2 210249B8815C' is selected.
15:11:16 INFO  : 'jtag frequency' command is executed.
15:11:16 INFO  : Sourcing of 'C:/work/teamp1/teamp1.sdk/system_wrapper_hw_platform_0/ps7_init.tcl' is done.
15:11:16 INFO  : Context for 'APU' is selected.
15:11:16 INFO  : System reset is completed.
15:11:19 INFO  : 'after 3000' command is executed.
15:11:19 INFO  : 'targets -set -filter {jtag_cable_name =~ "Digilent JTAG-HS2 210249B8815C" && level==0} -index 1' command is executed.
15:11:22 INFO  : FPGA configured successfully with bitstream "C:/work/teamp1/teamp1.sdk/system_wrapper_hw_platform_0/system_wrapper.bit"
15:11:22 INFO  : Context for 'APU' is selected.
15:11:23 INFO  : Hardware design information is loaded from 'C:/work/teamp1/teamp1.sdk/system_wrapper_hw_platform_0/system.hdf'.
15:11:23 INFO  : 'configparams force-mem-access 1' command is executed.
15:11:23 INFO  : Context for 'APU' is selected.
15:11:24 INFO  : 'ps7_init' command is executed.
15:11:24 INFO  : 'ps7_post_config' command is executed.
15:11:24 INFO  : Context for processor 'ps7_cortexa9_0' is selected.
15:11:24 INFO  : The application 'C:/work/teamp1/teamp1.sdk/tebf/Debug/tebf.elf' is downloaded to processor 'ps7_cortexa9_0'.
15:11:24 INFO  : 'configparams force-mem-access 0' command is executed.
15:11:24 INFO  : ----------------XSDB Script----------------
connect -url tcp:127.0.0.1:3121
source C:/work/teamp1/teamp1.sdk/system_wrapper_hw_platform_0/ps7_init.tcl
targets -set -nocase -filter {name =~"APU*" && jtag_cable_name =~ "Digilent JTAG-HS2 210249B8815C"} -index 0
rst -system
after 3000
targets -set -filter {jtag_cable_name =~ "Digilent JTAG-HS2 210249B8815C" && level==0} -index 1
fpga -file C:/work/teamp1/teamp1.sdk/system_wrapper_hw_platform_0/system_wrapper.bit
targets -set -nocase -filter {name =~"APU*" && jtag_cable_name =~ "Digilent JTAG-HS2 210249B8815C"} -index 0
loadhw -hw C:/work/teamp1/teamp1.sdk/system_wrapper_hw_platform_0/system.hdf -mem-ranges [list {0x40000000 0xbfffffff}]
configparams force-mem-access 1
targets -set -nocase -filter {name =~"APU*" && jtag_cable_name =~ "Digilent JTAG-HS2 210249B8815C"} -index 0
ps7_init
ps7_post_config
targets -set -nocase -filter {name =~ "ARM*#0" && jtag_cable_name =~ "Digilent JTAG-HS2 210249B8815C"} -index 0
dow C:/work/teamp1/teamp1.sdk/tebf/Debug/tebf.elf
configparams force-mem-access 0
----------------End of Script----------------

15:11:24 INFO  : Memory regions updated for context APU
15:11:24 INFO  : Context for processor 'ps7_cortexa9_0' is selected.
15:11:24 INFO  : 'con' command is executed.
15:11:24 INFO  : ----------------XSDB Script (After Launch)----------------
targets -set -nocase -filter {name =~ "ARM*#0" && jtag_cable_name =~ "Digilent JTAG-HS2 210249B8815C"} -index 0
con
----------------End of Script----------------

15:11:24 INFO  : Launch script is exported to file 'C:\work\teamp1\teamp1.sdk\.sdk\launch_scripts\xilinx_c-c++_application_(system_debugger)\debug.tcl'
15:14:48 INFO  : Disconnected from the channel tcfchan#13.
15:14:49 INFO  : Connected to target on host '127.0.0.1' and port '3121'.
15:14:49 INFO  : Jtag cable 'Digilent JTAG-HS2 210249B8815C' is selected.
15:14:49 INFO  : 'jtag frequency' command is executed.
15:14:49 INFO  : Sourcing of 'C:/work/teamp1/teamp1.sdk/system_wrapper_hw_platform_0/ps7_init.tcl' is done.
15:14:49 INFO  : Context for 'APU' is selected.
15:14:49 INFO  : System reset is completed.
15:14:52 INFO  : 'after 3000' command is executed.
15:14:52 INFO  : 'targets -set -filter {jtag_cable_name =~ "Digilent JTAG-HS2 210249B8815C" && level==0} -index 1' command is executed.
15:14:56 INFO  : FPGA configured successfully with bitstream "C:/work/teamp1/teamp1.sdk/system_wrapper_hw_platform_0/system_wrapper.bit"
15:14:56 INFO  : Context for 'APU' is selected.
15:14:57 INFO  : Hardware design information is loaded from 'C:/work/teamp1/teamp1.sdk/system_wrapper_hw_platform_0/system.hdf'.
15:14:57 INFO  : 'configparams force-mem-access 1' command is executed.
15:14:57 INFO  : Context for 'APU' is selected.
15:14:57 INFO  : 'ps7_init' command is executed.
15:14:57 INFO  : 'ps7_post_config' command is executed.
15:14:57 INFO  : Context for processor 'ps7_cortexa9_0' is selected.
15:14:57 INFO  : The application 'C:/work/teamp1/teamp1.sdk/tebf/Debug/tebf.elf' is downloaded to processor 'ps7_cortexa9_0'.
15:14:57 INFO  : 'configparams force-mem-access 0' command is executed.
15:14:57 INFO  : ----------------XSDB Script----------------
connect -url tcp:127.0.0.1:3121
source C:/work/teamp1/teamp1.sdk/system_wrapper_hw_platform_0/ps7_init.tcl
targets -set -nocase -filter {name =~"APU*" && jtag_cable_name =~ "Digilent JTAG-HS2 210249B8815C"} -index 0
rst -system
after 3000
targets -set -filter {jtag_cable_name =~ "Digilent JTAG-HS2 210249B8815C" && level==0} -index 1
fpga -file C:/work/teamp1/teamp1.sdk/system_wrapper_hw_platform_0/system_wrapper.bit
targets -set -nocase -filter {name =~"APU*" && jtag_cable_name =~ "Digilent JTAG-HS2 210249B8815C"} -index 0
loadhw -hw C:/work/teamp1/teamp1.sdk/system_wrapper_hw_platform_0/system.hdf -mem-ranges [list {0x40000000 0xbfffffff}]
configparams force-mem-access 1
targets -set -nocase -filter {name =~"APU*" && jtag_cable_name =~ "Digilent JTAG-HS2 210249B8815C"} -index 0
ps7_init
ps7_post_config
targets -set -nocase -filter {name =~ "ARM*#0" && jtag_cable_name =~ "Digilent JTAG-HS2 210249B8815C"} -index 0
dow C:/work/teamp1/teamp1.sdk/tebf/Debug/tebf.elf
configparams force-mem-access 0
----------------End of Script----------------

15:14:58 INFO  : Memory regions updated for context APU
15:14:58 INFO  : Context for processor 'ps7_cortexa9_0' is selected.
15:14:58 INFO  : 'con' command is executed.
15:14:58 INFO  : ----------------XSDB Script (After Launch)----------------
targets -set -nocase -filter {name =~ "ARM*#0" && jtag_cable_name =~ "Digilent JTAG-HS2 210249B8815C"} -index 0
con
----------------End of Script----------------

15:14:58 INFO  : Launch script is exported to file 'C:\work\teamp1\teamp1.sdk\.sdk\launch_scripts\xilinx_c-c++_application_(system_debugger)\debug.tcl'
15:18:07 INFO  : Disconnected from the channel tcfchan#14.
15:18:08 INFO  : Connected to target on host '127.0.0.1' and port '3121'.
15:18:08 INFO  : Jtag cable 'Digilent JTAG-HS2 210249B8815C' is selected.
15:18:08 INFO  : 'jtag frequency' command is executed.
15:18:08 INFO  : Sourcing of 'C:/work/teamp1/teamp1.sdk/system_wrapper_hw_platform_0/ps7_init.tcl' is done.
15:18:08 INFO  : Context for 'APU' is selected.
15:18:08 INFO  : System reset is completed.
15:18:11 INFO  : 'after 3000' command is executed.
15:18:11 INFO  : 'targets -set -filter {jtag_cable_name =~ "Digilent JTAG-HS2 210249B8815C" && level==0} -index 1' command is executed.
15:18:15 INFO  : FPGA configured successfully with bitstream "C:/work/teamp1/teamp1.sdk/system_wrapper_hw_platform_0/system_wrapper.bit"
15:18:15 INFO  : Context for 'APU' is selected.
15:18:16 INFO  : Hardware design information is loaded from 'C:/work/teamp1/teamp1.sdk/system_wrapper_hw_platform_0/system.hdf'.
15:18:16 INFO  : 'configparams force-mem-access 1' command is executed.
15:18:16 INFO  : Context for 'APU' is selected.
15:18:16 INFO  : 'ps7_init' command is executed.
15:18:16 INFO  : 'ps7_post_config' command is executed.
15:18:16 INFO  : Context for processor 'ps7_cortexa9_0' is selected.
15:18:17 INFO  : The application 'C:/work/teamp1/teamp1.sdk/tebf/Debug/tebf.elf' is downloaded to processor 'ps7_cortexa9_0'.
15:18:17 INFO  : 'configparams force-mem-access 0' command is executed.
15:18:17 INFO  : ----------------XSDB Script----------------
connect -url tcp:127.0.0.1:3121
source C:/work/teamp1/teamp1.sdk/system_wrapper_hw_platform_0/ps7_init.tcl
targets -set -nocase -filter {name =~"APU*" && jtag_cable_name =~ "Digilent JTAG-HS2 210249B8815C"} -index 0
rst -system
after 3000
targets -set -filter {jtag_cable_name =~ "Digilent JTAG-HS2 210249B8815C" && level==0} -index 1
fpga -file C:/work/teamp1/teamp1.sdk/system_wrapper_hw_platform_0/system_wrapper.bit
targets -set -nocase -filter {name =~"APU*" && jtag_cable_name =~ "Digilent JTAG-HS2 210249B8815C"} -index 0
loadhw -hw C:/work/teamp1/teamp1.sdk/system_wrapper_hw_platform_0/system.hdf -mem-ranges [list {0x40000000 0xbfffffff}]
configparams force-mem-access 1
targets -set -nocase -filter {name =~"APU*" && jtag_cable_name =~ "Digilent JTAG-HS2 210249B8815C"} -index 0
ps7_init
ps7_post_config
targets -set -nocase -filter {name =~ "ARM*#0" && jtag_cable_name =~ "Digilent JTAG-HS2 210249B8815C"} -index 0
dow C:/work/teamp1/teamp1.sdk/tebf/Debug/tebf.elf
configparams force-mem-access 0
----------------End of Script----------------

15:18:17 INFO  : Memory regions updated for context APU
15:18:17 INFO  : Context for processor 'ps7_cortexa9_0' is selected.
15:18:17 INFO  : 'con' command is executed.
15:18:17 INFO  : ----------------XSDB Script (After Launch)----------------
targets -set -nocase -filter {name =~ "ARM*#0" && jtag_cable_name =~ "Digilent JTAG-HS2 210249B8815C"} -index 0
con
----------------End of Script----------------

15:18:17 INFO  : Launch script is exported to file 'C:\work\teamp1\teamp1.sdk\.sdk\launch_scripts\xilinx_c-c++_application_(system_debugger)\debug.tcl'
15:21:52 INFO  : Disconnected from the channel tcfchan#15.
15:21:53 INFO  : Connected to target on host '127.0.0.1' and port '3121'.
15:21:53 INFO  : Jtag cable 'Digilent JTAG-HS2 210249B8815C' is selected.
15:21:53 INFO  : 'jtag frequency' command is executed.
15:21:53 INFO  : Sourcing of 'C:/work/teamp1/teamp1.sdk/system_wrapper_hw_platform_0/ps7_init.tcl' is done.
15:21:53 INFO  : Context for 'APU' is selected.
15:21:53 INFO  : System reset is completed.
15:21:56 INFO  : 'after 3000' command is executed.
15:21:56 INFO  : 'targets -set -filter {jtag_cable_name =~ "Digilent JTAG-HS2 210249B8815C" && level==0} -index 1' command is executed.
15:21:59 INFO  : FPGA configured successfully with bitstream "C:/work/teamp1/teamp1.sdk/system_wrapper_hw_platform_0/system_wrapper.bit"
15:21:59 INFO  : Context for 'APU' is selected.
15:22:00 INFO  : Hardware design information is loaded from 'C:/work/teamp1/teamp1.sdk/system_wrapper_hw_platform_0/system.hdf'.
15:22:00 INFO  : 'configparams force-mem-access 1' command is executed.
15:22:00 INFO  : Context for 'APU' is selected.
15:22:01 INFO  : 'ps7_init' command is executed.
15:22:01 INFO  : 'ps7_post_config' command is executed.
15:22:01 INFO  : Context for processor 'ps7_cortexa9_0' is selected.
15:22:01 INFO  : The application 'C:/work/teamp1/teamp1.sdk/tebf/Debug/tebf.elf' is downloaded to processor 'ps7_cortexa9_0'.
15:22:01 INFO  : 'configparams force-mem-access 0' command is executed.
15:22:01 INFO  : ----------------XSDB Script----------------
connect -url tcp:127.0.0.1:3121
source C:/work/teamp1/teamp1.sdk/system_wrapper_hw_platform_0/ps7_init.tcl
targets -set -nocase -filter {name =~"APU*" && jtag_cable_name =~ "Digilent JTAG-HS2 210249B8815C"} -index 0
rst -system
after 3000
targets -set -filter {jtag_cable_name =~ "Digilent JTAG-HS2 210249B8815C" && level==0} -index 1
fpga -file C:/work/teamp1/teamp1.sdk/system_wrapper_hw_platform_0/system_wrapper.bit
targets -set -nocase -filter {name =~"APU*" && jtag_cable_name =~ "Digilent JTAG-HS2 210249B8815C"} -index 0
loadhw -hw C:/work/teamp1/teamp1.sdk/system_wrapper_hw_platform_0/system.hdf -mem-ranges [list {0x40000000 0xbfffffff}]
configparams force-mem-access 1
targets -set -nocase -filter {name =~"APU*" && jtag_cable_name =~ "Digilent JTAG-HS2 210249B8815C"} -index 0
ps7_init
ps7_post_config
targets -set -nocase -filter {name =~ "ARM*#0" && jtag_cable_name =~ "Digilent JTAG-HS2 210249B8815C"} -index 0
dow C:/work/teamp1/teamp1.sdk/tebf/Debug/tebf.elf
configparams force-mem-access 0
----------------End of Script----------------

15:22:01 INFO  : Memory regions updated for context APU
15:22:01 INFO  : Context for processor 'ps7_cortexa9_0' is selected.
15:22:01 INFO  : 'con' command is executed.
15:22:01 INFO  : ----------------XSDB Script (After Launch)----------------
targets -set -nocase -filter {name =~ "ARM*#0" && jtag_cable_name =~ "Digilent JTAG-HS2 210249B8815C"} -index 0
con
----------------End of Script----------------

15:22:01 INFO  : Launch script is exported to file 'C:\work\teamp1\teamp1.sdk\.sdk\launch_scripts\xilinx_c-c++_application_(system_debugger)\debug.tcl'
15:23:42 INFO  : Disconnected from the channel tcfchan#16.
15:23:43 INFO  : Connected to target on host '127.0.0.1' and port '3121'.
15:23:43 INFO  : Jtag cable 'Digilent JTAG-HS2 210249B8815C' is selected.
15:23:43 INFO  : 'jtag frequency' command is executed.
15:23:43 INFO  : Sourcing of 'C:/work/teamp1/teamp1.sdk/system_wrapper_hw_platform_0/ps7_init.tcl' is done.
15:23:43 INFO  : Context for 'APU' is selected.
15:23:43 INFO  : System reset is completed.
15:23:46 INFO  : 'after 3000' command is executed.
15:23:46 INFO  : 'targets -set -filter {jtag_cable_name =~ "Digilent JTAG-HS2 210249B8815C" && level==0} -index 1' command is executed.
15:23:50 INFO  : FPGA configured successfully with bitstream "C:/work/teamp1/teamp1.sdk/system_wrapper_hw_platform_0/system_wrapper.bit"
15:23:50 INFO  : Context for 'APU' is selected.
15:23:51 INFO  : Hardware design information is loaded from 'C:/work/teamp1/teamp1.sdk/system_wrapper_hw_platform_0/system.hdf'.
15:23:51 INFO  : 'configparams force-mem-access 1' command is executed.
15:23:51 INFO  : Context for 'APU' is selected.
15:23:51 INFO  : 'ps7_init' command is executed.
15:23:51 INFO  : 'ps7_post_config' command is executed.
15:23:51 INFO  : Context for processor 'ps7_cortexa9_0' is selected.
15:23:51 INFO  : The application 'C:/work/teamp1/teamp1.sdk/tebf/Debug/tebf.elf' is downloaded to processor 'ps7_cortexa9_0'.
15:23:51 INFO  : 'configparams force-mem-access 0' command is executed.
15:23:51 INFO  : ----------------XSDB Script----------------
connect -url tcp:127.0.0.1:3121
source C:/work/teamp1/teamp1.sdk/system_wrapper_hw_platform_0/ps7_init.tcl
targets -set -nocase -filter {name =~"APU*" && jtag_cable_name =~ "Digilent JTAG-HS2 210249B8815C"} -index 0
rst -system
after 3000
targets -set -filter {jtag_cable_name =~ "Digilent JTAG-HS2 210249B8815C" && level==0} -index 1
fpga -file C:/work/teamp1/teamp1.sdk/system_wrapper_hw_platform_0/system_wrapper.bit
targets -set -nocase -filter {name =~"APU*" && jtag_cable_name =~ "Digilent JTAG-HS2 210249B8815C"} -index 0
loadhw -hw C:/work/teamp1/teamp1.sdk/system_wrapper_hw_platform_0/system.hdf -mem-ranges [list {0x40000000 0xbfffffff}]
configparams force-mem-access 1
targets -set -nocase -filter {name =~"APU*" && jtag_cable_name =~ "Digilent JTAG-HS2 210249B8815C"} -index 0
ps7_init
ps7_post_config
targets -set -nocase -filter {name =~ "ARM*#0" && jtag_cable_name =~ "Digilent JTAG-HS2 210249B8815C"} -index 0
dow C:/work/teamp1/teamp1.sdk/tebf/Debug/tebf.elf
configparams force-mem-access 0
----------------End of Script----------------

15:23:52 INFO  : Memory regions updated for context APU
15:23:52 INFO  : Context for processor 'ps7_cortexa9_0' is selected.
15:23:52 INFO  : 'con' command is executed.
15:23:52 INFO  : ----------------XSDB Script (After Launch)----------------
targets -set -nocase -filter {name =~ "ARM*#0" && jtag_cable_name =~ "Digilent JTAG-HS2 210249B8815C"} -index 0
con
----------------End of Script----------------

15:23:52 INFO  : Launch script is exported to file 'C:\work\teamp1\teamp1.sdk\.sdk\launch_scripts\xilinx_c-c++_application_(system_debugger)\debug.tcl'
15:24:44 INFO  : Disconnected from the channel tcfchan#17.
15:24:45 INFO  : Connected to target on host '127.0.0.1' and port '3121'.
15:24:45 INFO  : Jtag cable 'Digilent JTAG-HS2 210249B8815C' is selected.
15:24:45 INFO  : 'jtag frequency' command is executed.
15:24:45 INFO  : Sourcing of 'C:/work/teamp1/teamp1.sdk/system_wrapper_hw_platform_0/ps7_init.tcl' is done.
15:24:45 INFO  : Context for 'APU' is selected.
15:24:45 INFO  : System reset is completed.
15:24:48 INFO  : 'after 3000' command is executed.
15:24:48 INFO  : 'targets -set -filter {jtag_cable_name =~ "Digilent JTAG-HS2 210249B8815C" && level==0} -index 1' command is executed.
15:24:52 INFO  : FPGA configured successfully with bitstream "C:/work/teamp1/teamp1.sdk/system_wrapper_hw_platform_0/system_wrapper.bit"
15:24:52 INFO  : Context for 'APU' is selected.
15:24:53 INFO  : Hardware design information is loaded from 'C:/work/teamp1/teamp1.sdk/system_wrapper_hw_platform_0/system.hdf'.
15:24:53 INFO  : 'configparams force-mem-access 1' command is executed.
15:24:53 INFO  : Context for 'APU' is selected.
15:24:53 INFO  : 'ps7_init' command is executed.
15:24:53 INFO  : 'ps7_post_config' command is executed.
15:24:53 INFO  : Context for processor 'ps7_cortexa9_0' is selected.
15:24:53 INFO  : The application 'C:/work/teamp1/teamp1.sdk/tebf/Debug/tebf.elf' is downloaded to processor 'ps7_cortexa9_0'.
15:24:53 INFO  : 'configparams force-mem-access 0' command is executed.
15:24:53 INFO  : ----------------XSDB Script----------------
connect -url tcp:127.0.0.1:3121
source C:/work/teamp1/teamp1.sdk/system_wrapper_hw_platform_0/ps7_init.tcl
targets -set -nocase -filter {name =~"APU*" && jtag_cable_name =~ "Digilent JTAG-HS2 210249B8815C"} -index 0
rst -system
after 3000
targets -set -filter {jtag_cable_name =~ "Digilent JTAG-HS2 210249B8815C" && level==0} -index 1
fpga -file C:/work/teamp1/teamp1.sdk/system_wrapper_hw_platform_0/system_wrapper.bit
targets -set -nocase -filter {name =~"APU*" && jtag_cable_name =~ "Digilent JTAG-HS2 210249B8815C"} -index 0
loadhw -hw C:/work/teamp1/teamp1.sdk/system_wrapper_hw_platform_0/system.hdf -mem-ranges [list {0x40000000 0xbfffffff}]
configparams force-mem-access 1
targets -set -nocase -filter {name =~"APU*" && jtag_cable_name =~ "Digilent JTAG-HS2 210249B8815C"} -index 0
ps7_init
ps7_post_config
targets -set -nocase -filter {name =~ "ARM*#0" && jtag_cable_name =~ "Digilent JTAG-HS2 210249B8815C"} -index 0
dow C:/work/teamp1/teamp1.sdk/tebf/Debug/tebf.elf
configparams force-mem-access 0
----------------End of Script----------------

15:24:54 INFO  : Memory regions updated for context APU
15:24:54 INFO  : Context for processor 'ps7_cortexa9_0' is selected.
15:24:54 INFO  : 'con' command is executed.
15:24:54 INFO  : ----------------XSDB Script (After Launch)----------------
targets -set -nocase -filter {name =~ "ARM*#0" && jtag_cable_name =~ "Digilent JTAG-HS2 210249B8815C"} -index 0
con
----------------End of Script----------------

15:24:54 INFO  : Launch script is exported to file 'C:\work\teamp1\teamp1.sdk\.sdk\launch_scripts\xilinx_c-c++_application_(system_debugger)\debug.tcl'
15:26:35 INFO  : Disconnected from the channel tcfchan#18.
15:26:36 INFO  : Connected to target on host '127.0.0.1' and port '3121'.
15:26:36 INFO  : Jtag cable 'Digilent JTAG-HS2 210249B8815C' is selected.
15:26:36 INFO  : 'jtag frequency' command is executed.
15:26:36 INFO  : Sourcing of 'C:/work/teamp1/teamp1.sdk/system_wrapper_hw_platform_0/ps7_init.tcl' is done.
15:26:36 INFO  : Context for 'APU' is selected.
15:26:36 INFO  : System reset is completed.
15:26:39 INFO  : 'after 3000' command is executed.
15:26:39 INFO  : 'targets -set -filter {jtag_cable_name =~ "Digilent JTAG-HS2 210249B8815C" && level==0} -index 1' command is executed.
15:26:43 INFO  : FPGA configured successfully with bitstream "C:/work/teamp1/teamp1.sdk/system_wrapper_hw_platform_0/system_wrapper.bit"
15:26:43 INFO  : Context for 'APU' is selected.
15:26:44 INFO  : Hardware design information is loaded from 'C:/work/teamp1/teamp1.sdk/system_wrapper_hw_platform_0/system.hdf'.
15:26:44 INFO  : 'configparams force-mem-access 1' command is executed.
15:26:44 INFO  : Context for 'APU' is selected.
15:26:44 INFO  : 'ps7_init' command is executed.
15:26:44 INFO  : 'ps7_post_config' command is executed.
15:26:44 INFO  : Context for processor 'ps7_cortexa9_0' is selected.
15:26:45 INFO  : The application 'C:/work/teamp1/teamp1.sdk/tebf/Debug/tebf.elf' is downloaded to processor 'ps7_cortexa9_0'.
15:26:45 INFO  : 'configparams force-mem-access 0' command is executed.
15:26:45 INFO  : ----------------XSDB Script----------------
connect -url tcp:127.0.0.1:3121
source C:/work/teamp1/teamp1.sdk/system_wrapper_hw_platform_0/ps7_init.tcl
targets -set -nocase -filter {name =~"APU*" && jtag_cable_name =~ "Digilent JTAG-HS2 210249B8815C"} -index 0
rst -system
after 3000
targets -set -filter {jtag_cable_name =~ "Digilent JTAG-HS2 210249B8815C" && level==0} -index 1
fpga -file C:/work/teamp1/teamp1.sdk/system_wrapper_hw_platform_0/system_wrapper.bit
targets -set -nocase -filter {name =~"APU*" && jtag_cable_name =~ "Digilent JTAG-HS2 210249B8815C"} -index 0
loadhw -hw C:/work/teamp1/teamp1.sdk/system_wrapper_hw_platform_0/system.hdf -mem-ranges [list {0x40000000 0xbfffffff}]
configparams force-mem-access 1
targets -set -nocase -filter {name =~"APU*" && jtag_cable_name =~ "Digilent JTAG-HS2 210249B8815C"} -index 0
ps7_init
ps7_post_config
targets -set -nocase -filter {name =~ "ARM*#0" && jtag_cable_name =~ "Digilent JTAG-HS2 210249B8815C"} -index 0
dow C:/work/teamp1/teamp1.sdk/tebf/Debug/tebf.elf
configparams force-mem-access 0
----------------End of Script----------------

15:26:45 INFO  : Memory regions updated for context APU
15:26:45 INFO  : Context for processor 'ps7_cortexa9_0' is selected.
15:26:45 INFO  : 'con' command is executed.
15:26:45 INFO  : ----------------XSDB Script (After Launch)----------------
targets -set -nocase -filter {name =~ "ARM*#0" && jtag_cable_name =~ "Digilent JTAG-HS2 210249B8815C"} -index 0
con
----------------End of Script----------------

15:26:45 INFO  : Launch script is exported to file 'C:\work\teamp1\teamp1.sdk\.sdk\launch_scripts\xilinx_c-c++_application_(system_debugger)\debug.tcl'
15:37:59 INFO  : Disconnected from the channel tcfchan#19.
15:38:00 INFO  : Connected to target on host '127.0.0.1' and port '3121'.
15:38:01 INFO  : Jtag cable 'Digilent JTAG-HS2 210249B8815C' is selected.
15:38:01 INFO  : 'jtag frequency' command is executed.
15:38:01 INFO  : Sourcing of 'C:/work/teamp1/teamp1.sdk/system_wrapper_hw_platform_0/ps7_init.tcl' is done.
15:38:01 INFO  : Context for 'APU' is selected.
15:38:01 INFO  : System reset is completed.
15:38:04 INFO  : 'after 3000' command is executed.
15:38:04 INFO  : 'targets -set -filter {jtag_cable_name =~ "Digilent JTAG-HS2 210249B8815C" && level==0} -index 1' command is executed.
15:38:07 INFO  : FPGA configured successfully with bitstream "C:/work/teamp1/teamp1.sdk/system_wrapper_hw_platform_0/system_wrapper.bit"
15:38:07 INFO  : Context for 'APU' is selected.
15:38:08 INFO  : Hardware design information is loaded from 'C:/work/teamp1/teamp1.sdk/system_wrapper_hw_platform_0/system.hdf'.
15:38:08 INFO  : 'configparams force-mem-access 1' command is executed.
15:38:08 INFO  : Context for 'APU' is selected.
15:38:09 INFO  : 'ps7_init' command is executed.
15:38:09 INFO  : 'ps7_post_config' command is executed.
15:38:09 INFO  : Context for processor 'ps7_cortexa9_0' is selected.
15:38:09 INFO  : The application 'C:/work/teamp1/teamp1.sdk/tebf/Debug/tebf.elf' is downloaded to processor 'ps7_cortexa9_0'.
15:38:09 INFO  : 'configparams force-mem-access 0' command is executed.
15:38:09 INFO  : ----------------XSDB Script----------------
connect -url tcp:127.0.0.1:3121
source C:/work/teamp1/teamp1.sdk/system_wrapper_hw_platform_0/ps7_init.tcl
targets -set -nocase -filter {name =~"APU*" && jtag_cable_name =~ "Digilent JTAG-HS2 210249B8815C"} -index 0
rst -system
after 3000
targets -set -filter {jtag_cable_name =~ "Digilent JTAG-HS2 210249B8815C" && level==0} -index 1
fpga -file C:/work/teamp1/teamp1.sdk/system_wrapper_hw_platform_0/system_wrapper.bit
targets -set -nocase -filter {name =~"APU*" && jtag_cable_name =~ "Digilent JTAG-HS2 210249B8815C"} -index 0
loadhw -hw C:/work/teamp1/teamp1.sdk/system_wrapper_hw_platform_0/system.hdf -mem-ranges [list {0x40000000 0xbfffffff}]
configparams force-mem-access 1
targets -set -nocase -filter {name =~"APU*" && jtag_cable_name =~ "Digilent JTAG-HS2 210249B8815C"} -index 0
ps7_init
ps7_post_config
targets -set -nocase -filter {name =~ "ARM*#0" && jtag_cable_name =~ "Digilent JTAG-HS2 210249B8815C"} -index 0
dow C:/work/teamp1/teamp1.sdk/tebf/Debug/tebf.elf
configparams force-mem-access 0
----------------End of Script----------------

15:38:09 INFO  : Memory regions updated for context APU
15:38:09 INFO  : Context for processor 'ps7_cortexa9_0' is selected.
15:38:09 INFO  : 'con' command is executed.
15:38:09 INFO  : ----------------XSDB Script (After Launch)----------------
targets -set -nocase -filter {name =~ "ARM*#0" && jtag_cable_name =~ "Digilent JTAG-HS2 210249B8815C"} -index 0
con
----------------End of Script----------------

15:38:09 INFO  : Launch script is exported to file 'C:\work\teamp1\teamp1.sdk\.sdk\launch_scripts\xilinx_c-c++_application_(system_debugger)\debug.tcl'
15:43:30 INFO  : Disconnected from the channel tcfchan#20.
15:43:31 INFO  : Connected to target on host '127.0.0.1' and port '3121'.
15:43:31 INFO  : Jtag cable 'Digilent JTAG-HS2 210249B8815C' is selected.
15:43:31 INFO  : 'jtag frequency' command is executed.
15:43:31 INFO  : Sourcing of 'C:/work/teamp1/teamp1.sdk/system_wrapper_hw_platform_0/ps7_init.tcl' is done.
15:43:31 INFO  : Context for 'APU' is selected.
15:43:31 INFO  : System reset is completed.
15:43:34 INFO  : 'after 3000' command is executed.
15:43:34 INFO  : 'targets -set -filter {jtag_cable_name =~ "Digilent JTAG-HS2 210249B8815C" && level==0} -index 1' command is executed.
15:43:37 INFO  : FPGA configured successfully with bitstream "C:/work/teamp1/teamp1.sdk/system_wrapper_hw_platform_0/system_wrapper.bit"
15:43:38 INFO  : Context for 'APU' is selected.
15:43:39 INFO  : Hardware design information is loaded from 'C:/work/teamp1/teamp1.sdk/system_wrapper_hw_platform_0/system.hdf'.
15:43:39 INFO  : 'configparams force-mem-access 1' command is executed.
15:43:39 INFO  : Context for 'APU' is selected.
15:43:39 INFO  : 'ps7_init' command is executed.
15:43:39 INFO  : 'ps7_post_config' command is executed.
15:43:39 INFO  : Context for processor 'ps7_cortexa9_0' is selected.
15:43:39 INFO  : The application 'C:/work/teamp1/teamp1.sdk/tebf/Debug/tebf.elf' is downloaded to processor 'ps7_cortexa9_0'.
15:43:40 INFO  : 'configparams force-mem-access 0' command is executed.
15:43:40 INFO  : ----------------XSDB Script----------------
connect -url tcp:127.0.0.1:3121
source C:/work/teamp1/teamp1.sdk/system_wrapper_hw_platform_0/ps7_init.tcl
targets -set -nocase -filter {name =~"APU*" && jtag_cable_name =~ "Digilent JTAG-HS2 210249B8815C"} -index 0
rst -system
after 3000
targets -set -filter {jtag_cable_name =~ "Digilent JTAG-HS2 210249B8815C" && level==0} -index 1
fpga -file C:/work/teamp1/teamp1.sdk/system_wrapper_hw_platform_0/system_wrapper.bit
targets -set -nocase -filter {name =~"APU*" && jtag_cable_name =~ "Digilent JTAG-HS2 210249B8815C"} -index 0
loadhw -hw C:/work/teamp1/teamp1.sdk/system_wrapper_hw_platform_0/system.hdf -mem-ranges [list {0x40000000 0xbfffffff}]
configparams force-mem-access 1
targets -set -nocase -filter {name =~"APU*" && jtag_cable_name =~ "Digilent JTAG-HS2 210249B8815C"} -index 0
ps7_init
ps7_post_config
targets -set -nocase -filter {name =~ "ARM*#0" && jtag_cable_name =~ "Digilent JTAG-HS2 210249B8815C"} -index 0
dow C:/work/teamp1/teamp1.sdk/tebf/Debug/tebf.elf
configparams force-mem-access 0
----------------End of Script----------------

15:43:40 INFO  : Memory regions updated for context APU
15:43:40 INFO  : Context for processor 'ps7_cortexa9_0' is selected.
15:43:40 INFO  : 'con' command is executed.
15:43:40 INFO  : ----------------XSDB Script (After Launch)----------------
targets -set -nocase -filter {name =~ "ARM*#0" && jtag_cable_name =~ "Digilent JTAG-HS2 210249B8815C"} -index 0
con
----------------End of Script----------------

15:43:40 INFO  : Launch script is exported to file 'C:\work\teamp1\teamp1.sdk\.sdk\launch_scripts\xilinx_c-c++_application_(system_debugger)\debug.tcl'
15:44:37 INFO  : Disconnected from the channel tcfchan#21.
15:44:38 INFO  : Connected to target on host '127.0.0.1' and port '3121'.
15:44:38 INFO  : Jtag cable 'Digilent JTAG-HS2 210249B8815C' is selected.
15:44:38 INFO  : 'jtag frequency' command is executed.
15:44:38 INFO  : Sourcing of 'C:/work/teamp1/teamp1.sdk/system_wrapper_hw_platform_0/ps7_init.tcl' is done.
15:44:38 INFO  : Context for 'APU' is selected.
15:44:38 INFO  : System reset is completed.
15:44:41 INFO  : 'after 3000' command is executed.
15:44:41 INFO  : 'targets -set -filter {jtag_cable_name =~ "Digilent JTAG-HS2 210249B8815C" && level==0} -index 1' command is executed.
15:44:44 INFO  : FPGA configured successfully with bitstream "C:/work/teamp1/teamp1.sdk/system_wrapper_hw_platform_0/system_wrapper.bit"
15:44:45 INFO  : Context for 'APU' is selected.
15:44:46 INFO  : Hardware design information is loaded from 'C:/work/teamp1/teamp1.sdk/system_wrapper_hw_platform_0/system.hdf'.
15:44:46 INFO  : 'configparams force-mem-access 1' command is executed.
15:44:46 INFO  : Context for 'APU' is selected.
15:44:46 INFO  : 'ps7_init' command is executed.
15:44:46 INFO  : 'ps7_post_config' command is executed.
15:44:46 INFO  : Context for processor 'ps7_cortexa9_0' is selected.
15:44:46 INFO  : The application 'C:/work/teamp1/teamp1.sdk/tebf/Debug/tebf.elf' is downloaded to processor 'ps7_cortexa9_0'.
15:44:46 INFO  : 'configparams force-mem-access 0' command is executed.
15:44:46 INFO  : ----------------XSDB Script----------------
connect -url tcp:127.0.0.1:3121
source C:/work/teamp1/teamp1.sdk/system_wrapper_hw_platform_0/ps7_init.tcl
targets -set -nocase -filter {name =~"APU*" && jtag_cable_name =~ "Digilent JTAG-HS2 210249B8815C"} -index 0
rst -system
after 3000
targets -set -filter {jtag_cable_name =~ "Digilent JTAG-HS2 210249B8815C" && level==0} -index 1
fpga -file C:/work/teamp1/teamp1.sdk/system_wrapper_hw_platform_0/system_wrapper.bit
targets -set -nocase -filter {name =~"APU*" && jtag_cable_name =~ "Digilent JTAG-HS2 210249B8815C"} -index 0
loadhw -hw C:/work/teamp1/teamp1.sdk/system_wrapper_hw_platform_0/system.hdf -mem-ranges [list {0x40000000 0xbfffffff}]
configparams force-mem-access 1
targets -set -nocase -filter {name =~"APU*" && jtag_cable_name =~ "Digilent JTAG-HS2 210249B8815C"} -index 0
ps7_init
ps7_post_config
targets -set -nocase -filter {name =~ "ARM*#0" && jtag_cable_name =~ "Digilent JTAG-HS2 210249B8815C"} -index 0
dow C:/work/teamp1/teamp1.sdk/tebf/Debug/tebf.elf
configparams force-mem-access 0
----------------End of Script----------------

15:44:46 INFO  : Memory regions updated for context APU
15:44:47 INFO  : Context for processor 'ps7_cortexa9_0' is selected.
15:44:47 INFO  : 'con' command is executed.
15:44:47 INFO  : ----------------XSDB Script (After Launch)----------------
targets -set -nocase -filter {name =~ "ARM*#0" && jtag_cable_name =~ "Digilent JTAG-HS2 210249B8815C"} -index 0
con
----------------End of Script----------------

15:44:47 INFO  : Launch script is exported to file 'C:\work\teamp1\teamp1.sdk\.sdk\launch_scripts\xilinx_c-c++_application_(system_debugger)\debug.tcl'
15:46:17 INFO  : Disconnected from the channel tcfchan#22.
15:46:18 INFO  : Connected to target on host '127.0.0.1' and port '3121'.
15:46:19 INFO  : Jtag cable 'Digilent JTAG-HS2 210249B8815C' is selected.
15:46:19 INFO  : 'jtag frequency' command is executed.
15:46:19 INFO  : Sourcing of 'C:/work/teamp1/teamp1.sdk/system_wrapper_hw_platform_0/ps7_init.tcl' is done.
15:46:19 INFO  : Context for 'APU' is selected.
15:46:19 INFO  : System reset is completed.
15:46:22 INFO  : 'after 3000' command is executed.
15:46:22 INFO  : 'targets -set -filter {jtag_cable_name =~ "Digilent JTAG-HS2 210249B8815C" && level==0} -index 1' command is executed.
15:46:25 INFO  : FPGA configured successfully with bitstream "C:/work/teamp1/teamp1.sdk/system_wrapper_hw_platform_0/system_wrapper.bit"
15:46:25 INFO  : Context for 'APU' is selected.
15:46:26 INFO  : Hardware design information is loaded from 'C:/work/teamp1/teamp1.sdk/system_wrapper_hw_platform_0/system.hdf'.
15:46:26 INFO  : 'configparams force-mem-access 1' command is executed.
15:46:26 INFO  : Context for 'APU' is selected.
15:46:26 INFO  : 'ps7_init' command is executed.
15:46:26 INFO  : 'ps7_post_config' command is executed.
15:46:27 INFO  : Context for processor 'ps7_cortexa9_0' is selected.
15:46:27 INFO  : The application 'C:/work/teamp1/teamp1.sdk/tebf/Debug/tebf.elf' is downloaded to processor 'ps7_cortexa9_0'.
15:46:27 INFO  : 'configparams force-mem-access 0' command is executed.
15:46:27 INFO  : ----------------XSDB Script----------------
connect -url tcp:127.0.0.1:3121
source C:/work/teamp1/teamp1.sdk/system_wrapper_hw_platform_0/ps7_init.tcl
targets -set -nocase -filter {name =~"APU*" && jtag_cable_name =~ "Digilent JTAG-HS2 210249B8815C"} -index 0
rst -system
after 3000
targets -set -filter {jtag_cable_name =~ "Digilent JTAG-HS2 210249B8815C" && level==0} -index 1
fpga -file C:/work/teamp1/teamp1.sdk/system_wrapper_hw_platform_0/system_wrapper.bit
targets -set -nocase -filter {name =~"APU*" && jtag_cable_name =~ "Digilent JTAG-HS2 210249B8815C"} -index 0
loadhw -hw C:/work/teamp1/teamp1.sdk/system_wrapper_hw_platform_0/system.hdf -mem-ranges [list {0x40000000 0xbfffffff}]
configparams force-mem-access 1
targets -set -nocase -filter {name =~"APU*" && jtag_cable_name =~ "Digilent JTAG-HS2 210249B8815C"} -index 0
ps7_init
ps7_post_config
targets -set -nocase -filter {name =~ "ARM*#0" && jtag_cable_name =~ "Digilent JTAG-HS2 210249B8815C"} -index 0
dow C:/work/teamp1/teamp1.sdk/tebf/Debug/tebf.elf
configparams force-mem-access 0
----------------End of Script----------------

15:46:27 INFO  : Memory regions updated for context APU
15:46:27 INFO  : Context for processor 'ps7_cortexa9_0' is selected.
15:46:27 INFO  : 'con' command is executed.
15:46:27 INFO  : ----------------XSDB Script (After Launch)----------------
targets -set -nocase -filter {name =~ "ARM*#0" && jtag_cable_name =~ "Digilent JTAG-HS2 210249B8815C"} -index 0
con
----------------End of Script----------------

15:46:27 INFO  : Launch script is exported to file 'C:\work\teamp1\teamp1.sdk\.sdk\launch_scripts\xilinx_c-c++_application_(system_debugger)\debug.tcl'
15:51:43 INFO  : Disconnected from the channel tcfchan#23.
15:51:44 INFO  : Connected to target on host '127.0.0.1' and port '3121'.
15:51:44 INFO  : Jtag cable 'Digilent JTAG-HS2 210249B8815C' is selected.
15:51:44 INFO  : 'jtag frequency' command is executed.
15:51:44 INFO  : Sourcing of 'C:/work/teamp1/teamp1.sdk/system_wrapper_hw_platform_0/ps7_init.tcl' is done.
15:51:44 INFO  : Context for 'APU' is selected.
15:51:44 INFO  : System reset is completed.
15:51:47 INFO  : 'after 3000' command is executed.
15:51:47 INFO  : 'targets -set -filter {jtag_cable_name =~ "Digilent JTAG-HS2 210249B8815C" && level==0} -index 1' command is executed.
15:51:50 INFO  : FPGA configured successfully with bitstream "C:/work/teamp1/teamp1.sdk/system_wrapper_hw_platform_0/system_wrapper.bit"
15:51:50 INFO  : Context for 'APU' is selected.
15:51:52 INFO  : Hardware design information is loaded from 'C:/work/teamp1/teamp1.sdk/system_wrapper_hw_platform_0/system.hdf'.
15:51:52 INFO  : 'configparams force-mem-access 1' command is executed.
15:51:52 INFO  : Context for 'APU' is selected.
15:51:52 INFO  : 'ps7_init' command is executed.
15:51:52 INFO  : 'ps7_post_config' command is executed.
15:51:52 INFO  : Context for processor 'ps7_cortexa9_0' is selected.
15:51:52 INFO  : The application 'C:/work/teamp1/teamp1.sdk/tebf/Debug/tebf.elf' is downloaded to processor 'ps7_cortexa9_0'.
15:51:52 INFO  : 'configparams force-mem-access 0' command is executed.
15:51:52 INFO  : ----------------XSDB Script----------------
connect -url tcp:127.0.0.1:3121
source C:/work/teamp1/teamp1.sdk/system_wrapper_hw_platform_0/ps7_init.tcl
targets -set -nocase -filter {name =~"APU*" && jtag_cable_name =~ "Digilent JTAG-HS2 210249B8815C"} -index 0
rst -system
after 3000
targets -set -filter {jtag_cable_name =~ "Digilent JTAG-HS2 210249B8815C" && level==0} -index 1
fpga -file C:/work/teamp1/teamp1.sdk/system_wrapper_hw_platform_0/system_wrapper.bit
targets -set -nocase -filter {name =~"APU*" && jtag_cable_name =~ "Digilent JTAG-HS2 210249B8815C"} -index 0
loadhw -hw C:/work/teamp1/teamp1.sdk/system_wrapper_hw_platform_0/system.hdf -mem-ranges [list {0x40000000 0xbfffffff}]
configparams force-mem-access 1
targets -set -nocase -filter {name =~"APU*" && jtag_cable_name =~ "Digilent JTAG-HS2 210249B8815C"} -index 0
ps7_init
ps7_post_config
targets -set -nocase -filter {name =~ "ARM*#0" && jtag_cable_name =~ "Digilent JTAG-HS2 210249B8815C"} -index 0
dow C:/work/teamp1/teamp1.sdk/tebf/Debug/tebf.elf
configparams force-mem-access 0
----------------End of Script----------------

15:51:52 INFO  : Memory regions updated for context APU
15:51:52 INFO  : Context for processor 'ps7_cortexa9_0' is selected.
15:51:52 INFO  : 'con' command is executed.
15:51:52 INFO  : ----------------XSDB Script (After Launch)----------------
targets -set -nocase -filter {name =~ "ARM*#0" && jtag_cable_name =~ "Digilent JTAG-HS2 210249B8815C"} -index 0
con
----------------End of Script----------------

15:51:52 INFO  : Launch script is exported to file 'C:\work\teamp1\teamp1.sdk\.sdk\launch_scripts\xilinx_c-c++_application_(system_debugger)\debug.tcl'
15:54:29 INFO  : Disconnected from the channel tcfchan#24.
15:54:30 INFO  : Connected to target on host '127.0.0.1' and port '3121'.
15:54:30 INFO  : Jtag cable 'Digilent JTAG-HS2 210249B8815C' is selected.
15:54:30 INFO  : 'jtag frequency' command is executed.
15:54:30 INFO  : Sourcing of 'C:/work/teamp1/teamp1.sdk/system_wrapper_hw_platform_0/ps7_init.tcl' is done.
15:54:30 INFO  : Context for 'APU' is selected.
15:54:31 INFO  : System reset is completed.
15:54:34 INFO  : 'after 3000' command is executed.
15:54:34 INFO  : 'targets -set -filter {jtag_cable_name =~ "Digilent JTAG-HS2 210249B8815C" && level==0} -index 1' command is executed.
15:54:37 INFO  : FPGA configured successfully with bitstream "C:/work/teamp1/teamp1.sdk/system_wrapper_hw_platform_0/system_wrapper.bit"
15:54:37 INFO  : Context for 'APU' is selected.
15:54:38 INFO  : Hardware design information is loaded from 'C:/work/teamp1/teamp1.sdk/system_wrapper_hw_platform_0/system.hdf'.
15:54:38 INFO  : 'configparams force-mem-access 1' command is executed.
15:54:38 INFO  : Context for 'APU' is selected.
15:54:39 INFO  : 'ps7_init' command is executed.
15:54:39 INFO  : 'ps7_post_config' command is executed.
15:54:39 INFO  : Context for processor 'ps7_cortexa9_0' is selected.
15:54:39 INFO  : The application 'C:/work/teamp1/teamp1.sdk/tebf/Debug/tebf.elf' is downloaded to processor 'ps7_cortexa9_0'.
15:54:39 INFO  : 'configparams force-mem-access 0' command is executed.
15:54:39 INFO  : ----------------XSDB Script----------------
connect -url tcp:127.0.0.1:3121
source C:/work/teamp1/teamp1.sdk/system_wrapper_hw_platform_0/ps7_init.tcl
targets -set -nocase -filter {name =~"APU*" && jtag_cable_name =~ "Digilent JTAG-HS2 210249B8815C"} -index 0
rst -system
after 3000
targets -set -filter {jtag_cable_name =~ "Digilent JTAG-HS2 210249B8815C" && level==0} -index 1
fpga -file C:/work/teamp1/teamp1.sdk/system_wrapper_hw_platform_0/system_wrapper.bit
targets -set -nocase -filter {name =~"APU*" && jtag_cable_name =~ "Digilent JTAG-HS2 210249B8815C"} -index 0
loadhw -hw C:/work/teamp1/teamp1.sdk/system_wrapper_hw_platform_0/system.hdf -mem-ranges [list {0x40000000 0xbfffffff}]
configparams force-mem-access 1
targets -set -nocase -filter {name =~"APU*" && jtag_cable_name =~ "Digilent JTAG-HS2 210249B8815C"} -index 0
ps7_init
ps7_post_config
targets -set -nocase -filter {name =~ "ARM*#0" && jtag_cable_name =~ "Digilent JTAG-HS2 210249B8815C"} -index 0
dow C:/work/teamp1/teamp1.sdk/tebf/Debug/tebf.elf
configparams force-mem-access 0
----------------End of Script----------------

15:54:39 INFO  : Memory regions updated for context APU
15:54:39 INFO  : Context for processor 'ps7_cortexa9_0' is selected.
15:54:39 INFO  : 'con' command is executed.
15:54:39 INFO  : ----------------XSDB Script (After Launch)----------------
targets -set -nocase -filter {name =~ "ARM*#0" && jtag_cable_name =~ "Digilent JTAG-HS2 210249B8815C"} -index 0
con
----------------End of Script----------------

15:54:39 INFO  : Launch script is exported to file 'C:\work\teamp1\teamp1.sdk\.sdk\launch_scripts\xilinx_c-c++_application_(system_debugger)\debug.tcl'
15:54:56 INFO  : Disconnected from the channel tcfchan#25.
15:54:57 INFO  : Connected to target on host '127.0.0.1' and port '3121'.
15:54:57 INFO  : Jtag cable 'Digilent JTAG-HS2 210249B8815C' is selected.
15:54:57 INFO  : 'jtag frequency' command is executed.
15:54:57 INFO  : Sourcing of 'C:/work/teamp1/teamp1.sdk/system_wrapper_hw_platform_0/ps7_init.tcl' is done.
15:54:57 INFO  : Context for 'APU' is selected.
15:54:57 INFO  : System reset is completed.
15:55:00 INFO  : 'after 3000' command is executed.
15:55:00 INFO  : 'targets -set -filter {jtag_cable_name =~ "Digilent JTAG-HS2 210249B8815C" && level==0} -index 1' command is executed.
15:55:04 INFO  : FPGA configured successfully with bitstream "C:/work/teamp1/teamp1.sdk/system_wrapper_hw_platform_0/system_wrapper.bit"
15:55:04 INFO  : Context for 'APU' is selected.
15:55:05 INFO  : Hardware design information is loaded from 'C:/work/teamp1/teamp1.sdk/system_wrapper_hw_platform_0/system.hdf'.
15:55:05 INFO  : 'configparams force-mem-access 1' command is executed.
15:55:05 INFO  : Context for 'APU' is selected.
15:55:05 INFO  : 'ps7_init' command is executed.
15:55:05 INFO  : 'ps7_post_config' command is executed.
15:55:05 INFO  : Context for processor 'ps7_cortexa9_0' is selected.
15:55:06 INFO  : The application 'C:/work/teamp1/teamp1.sdk/tebf/Debug/tebf.elf' is downloaded to processor 'ps7_cortexa9_0'.
15:55:06 INFO  : 'configparams force-mem-access 0' command is executed.
15:55:06 INFO  : ----------------XSDB Script----------------
connect -url tcp:127.0.0.1:3121
source C:/work/teamp1/teamp1.sdk/system_wrapper_hw_platform_0/ps7_init.tcl
targets -set -nocase -filter {name =~"APU*" && jtag_cable_name =~ "Digilent JTAG-HS2 210249B8815C"} -index 0
rst -system
after 3000
targets -set -filter {jtag_cable_name =~ "Digilent JTAG-HS2 210249B8815C" && level==0} -index 1
fpga -file C:/work/teamp1/teamp1.sdk/system_wrapper_hw_platform_0/system_wrapper.bit
targets -set -nocase -filter {name =~"APU*" && jtag_cable_name =~ "Digilent JTAG-HS2 210249B8815C"} -index 0
loadhw -hw C:/work/teamp1/teamp1.sdk/system_wrapper_hw_platform_0/system.hdf -mem-ranges [list {0x40000000 0xbfffffff}]
configparams force-mem-access 1
targets -set -nocase -filter {name =~"APU*" && jtag_cable_name =~ "Digilent JTAG-HS2 210249B8815C"} -index 0
ps7_init
ps7_post_config
targets -set -nocase -filter {name =~ "ARM*#0" && jtag_cable_name =~ "Digilent JTAG-HS2 210249B8815C"} -index 0
dow C:/work/teamp1/teamp1.sdk/tebf/Debug/tebf.elf
configparams force-mem-access 0
----------------End of Script----------------

15:55:06 INFO  : Memory regions updated for context APU
15:55:06 INFO  : Context for processor 'ps7_cortexa9_0' is selected.
15:55:06 INFO  : 'con' command is executed.
15:55:06 INFO  : ----------------XSDB Script (After Launch)----------------
targets -set -nocase -filter {name =~ "ARM*#0" && jtag_cable_name =~ "Digilent JTAG-HS2 210249B8815C"} -index 0
con
----------------End of Script----------------

15:55:06 INFO  : Launch script is exported to file 'C:\work\teamp1\teamp1.sdk\.sdk\launch_scripts\xilinx_c-c++_application_(system_debugger)\debug.tcl'
15:57:39 INFO  : Disconnected from the channel tcfchan#26.
15:57:40 INFO  : Connected to target on host '127.0.0.1' and port '3121'.
15:57:41 INFO  : Jtag cable 'Digilent JTAG-HS2 210249B8815C' is selected.
15:57:41 INFO  : 'jtag frequency' command is executed.
15:57:41 INFO  : Sourcing of 'C:/work/teamp1/teamp1.sdk/system_wrapper_hw_platform_0/ps7_init.tcl' is done.
15:57:41 INFO  : Context for 'APU' is selected.
15:57:41 INFO  : System reset is completed.
15:57:44 INFO  : 'after 3000' command is executed.
15:57:44 INFO  : 'targets -set -filter {jtag_cable_name =~ "Digilent JTAG-HS2 210249B8815C" && level==0} -index 1' command is executed.
15:57:47 INFO  : FPGA configured successfully with bitstream "C:/work/teamp1/teamp1.sdk/system_wrapper_hw_platform_0/system_wrapper.bit"
15:57:47 INFO  : Context for 'APU' is selected.
15:57:49 INFO  : Hardware design information is loaded from 'C:/work/teamp1/teamp1.sdk/system_wrapper_hw_platform_0/system.hdf'.
15:57:49 INFO  : 'configparams force-mem-access 1' command is executed.
15:57:49 INFO  : Context for 'APU' is selected.
15:57:49 INFO  : 'ps7_init' command is executed.
15:57:49 INFO  : 'ps7_post_config' command is executed.
15:57:49 INFO  : Context for processor 'ps7_cortexa9_0' is selected.
15:57:49 INFO  : The application 'C:/work/teamp1/teamp1.sdk/tebf/Debug/tebf.elf' is downloaded to processor 'ps7_cortexa9_0'.
15:57:49 INFO  : 'configparams force-mem-access 0' command is executed.
15:57:49 INFO  : ----------------XSDB Script----------------
connect -url tcp:127.0.0.1:3121
source C:/work/teamp1/teamp1.sdk/system_wrapper_hw_platform_0/ps7_init.tcl
targets -set -nocase -filter {name =~"APU*" && jtag_cable_name =~ "Digilent JTAG-HS2 210249B8815C"} -index 0
rst -system
after 3000
targets -set -filter {jtag_cable_name =~ "Digilent JTAG-HS2 210249B8815C" && level==0} -index 1
fpga -file C:/work/teamp1/teamp1.sdk/system_wrapper_hw_platform_0/system_wrapper.bit
targets -set -nocase -filter {name =~"APU*" && jtag_cable_name =~ "Digilent JTAG-HS2 210249B8815C"} -index 0
loadhw -hw C:/work/teamp1/teamp1.sdk/system_wrapper_hw_platform_0/system.hdf -mem-ranges [list {0x40000000 0xbfffffff}]
configparams force-mem-access 1
targets -set -nocase -filter {name =~"APU*" && jtag_cable_name =~ "Digilent JTAG-HS2 210249B8815C"} -index 0
ps7_init
ps7_post_config
targets -set -nocase -filter {name =~ "ARM*#0" && jtag_cable_name =~ "Digilent JTAG-HS2 210249B8815C"} -index 0
dow C:/work/teamp1/teamp1.sdk/tebf/Debug/tebf.elf
configparams force-mem-access 0
----------------End of Script----------------

15:57:49 INFO  : Memory regions updated for context APU
15:57:49 INFO  : Context for processor 'ps7_cortexa9_0' is selected.
15:57:49 INFO  : 'con' command is executed.
15:57:49 INFO  : ----------------XSDB Script (After Launch)----------------
targets -set -nocase -filter {name =~ "ARM*#0" && jtag_cable_name =~ "Digilent JTAG-HS2 210249B8815C"} -index 0
con
----------------End of Script----------------

15:57:49 INFO  : Launch script is exported to file 'C:\work\teamp1\teamp1.sdk\.sdk\launch_scripts\xilinx_c-c++_application_(system_debugger)\debug.tcl'
16:00:50 INFO  : Disconnected from the channel tcfchan#27.
16:00:51 INFO  : Connected to target on host '127.0.0.1' and port '3121'.
16:00:51 INFO  : Jtag cable 'Digilent JTAG-HS2 210249B8815C' is selected.
16:00:51 INFO  : 'jtag frequency' command is executed.
16:00:51 INFO  : Sourcing of 'C:/work/teamp1/teamp1.sdk/system_wrapper_hw_platform_0/ps7_init.tcl' is done.
16:00:51 INFO  : Context for 'APU' is selected.
16:00:51 INFO  : System reset is completed.
16:00:54 INFO  : 'after 3000' command is executed.
16:00:54 INFO  : 'targets -set -filter {jtag_cable_name =~ "Digilent JTAG-HS2 210249B8815C" && level==0} -index 1' command is executed.
16:00:58 INFO  : FPGA configured successfully with bitstream "C:/work/teamp1/teamp1.sdk/system_wrapper_hw_platform_0/system_wrapper.bit"
16:00:58 INFO  : Context for 'APU' is selected.
16:00:59 INFO  : Hardware design information is loaded from 'C:/work/teamp1/teamp1.sdk/system_wrapper_hw_platform_0/system.hdf'.
16:00:59 INFO  : 'configparams force-mem-access 1' command is executed.
16:00:59 INFO  : Context for 'APU' is selected.
16:00:59 INFO  : 'ps7_init' command is executed.
16:00:59 INFO  : 'ps7_post_config' command is executed.
16:00:59 INFO  : Context for processor 'ps7_cortexa9_0' is selected.
16:01:00 INFO  : The application 'C:/work/teamp1/teamp1.sdk/tebf/Debug/tebf.elf' is downloaded to processor 'ps7_cortexa9_0'.
16:01:00 INFO  : 'configparams force-mem-access 0' command is executed.
16:01:00 INFO  : ----------------XSDB Script----------------
connect -url tcp:127.0.0.1:3121
source C:/work/teamp1/teamp1.sdk/system_wrapper_hw_platform_0/ps7_init.tcl
targets -set -nocase -filter {name =~"APU*" && jtag_cable_name =~ "Digilent JTAG-HS2 210249B8815C"} -index 0
rst -system
after 3000
targets -set -filter {jtag_cable_name =~ "Digilent JTAG-HS2 210249B8815C" && level==0} -index 1
fpga -file C:/work/teamp1/teamp1.sdk/system_wrapper_hw_platform_0/system_wrapper.bit
targets -set -nocase -filter {name =~"APU*" && jtag_cable_name =~ "Digilent JTAG-HS2 210249B8815C"} -index 0
loadhw -hw C:/work/teamp1/teamp1.sdk/system_wrapper_hw_platform_0/system.hdf -mem-ranges [list {0x40000000 0xbfffffff}]
configparams force-mem-access 1
targets -set -nocase -filter {name =~"APU*" && jtag_cable_name =~ "Digilent JTAG-HS2 210249B8815C"} -index 0
ps7_init
ps7_post_config
targets -set -nocase -filter {name =~ "ARM*#0" && jtag_cable_name =~ "Digilent JTAG-HS2 210249B8815C"} -index 0
dow C:/work/teamp1/teamp1.sdk/tebf/Debug/tebf.elf
configparams force-mem-access 0
----------------End of Script----------------

16:01:00 INFO  : Memory regions updated for context APU
16:01:00 INFO  : Context for processor 'ps7_cortexa9_0' is selected.
16:01:00 INFO  : 'con' command is executed.
16:01:00 INFO  : ----------------XSDB Script (After Launch)----------------
targets -set -nocase -filter {name =~ "ARM*#0" && jtag_cable_name =~ "Digilent JTAG-HS2 210249B8815C"} -index 0
con
----------------End of Script----------------

16:01:00 INFO  : Launch script is exported to file 'C:\work\teamp1\teamp1.sdk\.sdk\launch_scripts\xilinx_c-c++_application_(system_debugger)\debug.tcl'
16:01:40 INFO  : Disconnected from the channel tcfchan#28.
16:01:41 INFO  : Connected to target on host '127.0.0.1' and port '3121'.
16:01:41 INFO  : Jtag cable 'Digilent JTAG-HS2 210249B8815C' is selected.
16:01:41 INFO  : 'jtag frequency' command is executed.
16:01:41 INFO  : Sourcing of 'C:/work/teamp1/teamp1.sdk/system_wrapper_hw_platform_0/ps7_init.tcl' is done.
16:01:41 INFO  : Context for 'APU' is selected.
16:01:41 INFO  : System reset is completed.
16:01:44 INFO  : 'after 3000' command is executed.
16:01:44 INFO  : 'targets -set -filter {jtag_cable_name =~ "Digilent JTAG-HS2 210249B8815C" && level==0} -index 1' command is executed.
16:01:47 INFO  : FPGA configured successfully with bitstream "C:/work/teamp1/teamp1.sdk/system_wrapper_hw_platform_0/system_wrapper.bit"
16:01:48 INFO  : Context for 'APU' is selected.
16:01:49 INFO  : Hardware design information is loaded from 'C:/work/teamp1/teamp1.sdk/system_wrapper_hw_platform_0/system.hdf'.
16:01:49 INFO  : 'configparams force-mem-access 1' command is executed.
16:01:49 INFO  : Context for 'APU' is selected.
16:01:49 INFO  : 'ps7_init' command is executed.
16:01:49 INFO  : 'ps7_post_config' command is executed.
16:01:49 INFO  : Context for processor 'ps7_cortexa9_0' is selected.
16:01:49 INFO  : The application 'C:/work/teamp1/teamp1.sdk/tebf/Debug/tebf.elf' is downloaded to processor 'ps7_cortexa9_0'.
16:01:49 INFO  : 'configparams force-mem-access 0' command is executed.
16:01:49 INFO  : ----------------XSDB Script----------------
connect -url tcp:127.0.0.1:3121
source C:/work/teamp1/teamp1.sdk/system_wrapper_hw_platform_0/ps7_init.tcl
targets -set -nocase -filter {name =~"APU*" && jtag_cable_name =~ "Digilent JTAG-HS2 210249B8815C"} -index 0
rst -system
after 3000
targets -set -filter {jtag_cable_name =~ "Digilent JTAG-HS2 210249B8815C" && level==0} -index 1
fpga -file C:/work/teamp1/teamp1.sdk/system_wrapper_hw_platform_0/system_wrapper.bit
targets -set -nocase -filter {name =~"APU*" && jtag_cable_name =~ "Digilent JTAG-HS2 210249B8815C"} -index 0
loadhw -hw C:/work/teamp1/teamp1.sdk/system_wrapper_hw_platform_0/system.hdf -mem-ranges [list {0x40000000 0xbfffffff}]
configparams force-mem-access 1
targets -set -nocase -filter {name =~"APU*" && jtag_cable_name =~ "Digilent JTAG-HS2 210249B8815C"} -index 0
ps7_init
ps7_post_config
targets -set -nocase -filter {name =~ "ARM*#0" && jtag_cable_name =~ "Digilent JTAG-HS2 210249B8815C"} -index 0
dow C:/work/teamp1/teamp1.sdk/tebf/Debug/tebf.elf
configparams force-mem-access 0
----------------End of Script----------------

16:01:49 INFO  : Memory regions updated for context APU
16:01:50 INFO  : Context for processor 'ps7_cortexa9_0' is selected.
16:01:50 INFO  : 'con' command is executed.
16:01:50 INFO  : ----------------XSDB Script (After Launch)----------------
targets -set -nocase -filter {name =~ "ARM*#0" && jtag_cable_name =~ "Digilent JTAG-HS2 210249B8815C"} -index 0
con
----------------End of Script----------------

16:01:50 INFO  : Launch script is exported to file 'C:\work\teamp1\teamp1.sdk\.sdk\launch_scripts\xilinx_c-c++_application_(system_debugger)\debug.tcl'
16:02:39 INFO  : Disconnected from the channel tcfchan#29.
16:02:40 INFO  : Connected to target on host '127.0.0.1' and port '3121'.
16:02:40 INFO  : Jtag cable 'Digilent JTAG-HS2 210249B8815C' is selected.
16:02:40 INFO  : 'jtag frequency' command is executed.
16:02:40 INFO  : Sourcing of 'C:/work/teamp1/teamp1.sdk/system_wrapper_hw_platform_0/ps7_init.tcl' is done.
16:02:40 INFO  : Context for 'APU' is selected.
16:02:40 INFO  : System reset is completed.
16:02:43 INFO  : 'after 3000' command is executed.
16:02:43 INFO  : 'targets -set -filter {jtag_cable_name =~ "Digilent JTAG-HS2 210249B8815C" && level==0} -index 1' command is executed.
16:02:46 INFO  : FPGA configured successfully with bitstream "C:/work/teamp1/teamp1.sdk/system_wrapper_hw_platform_0/system_wrapper.bit"
16:02:47 INFO  : Context for 'APU' is selected.
16:02:48 INFO  : Hardware design information is loaded from 'C:/work/teamp1/teamp1.sdk/system_wrapper_hw_platform_0/system.hdf'.
16:02:48 INFO  : 'configparams force-mem-access 1' command is executed.
16:02:48 INFO  : Context for 'APU' is selected.
16:02:48 INFO  : 'ps7_init' command is executed.
16:02:48 INFO  : 'ps7_post_config' command is executed.
16:02:48 INFO  : Context for processor 'ps7_cortexa9_0' is selected.
16:02:48 INFO  : The application 'C:/work/teamp1/teamp1.sdk/tebf/Debug/tebf.elf' is downloaded to processor 'ps7_cortexa9_0'.
16:02:48 INFO  : 'configparams force-mem-access 0' command is executed.
16:02:48 INFO  : ----------------XSDB Script----------------
connect -url tcp:127.0.0.1:3121
source C:/work/teamp1/teamp1.sdk/system_wrapper_hw_platform_0/ps7_init.tcl
targets -set -nocase -filter {name =~"APU*" && jtag_cable_name =~ "Digilent JTAG-HS2 210249B8815C"} -index 0
rst -system
after 3000
targets -set -filter {jtag_cable_name =~ "Digilent JTAG-HS2 210249B8815C" && level==0} -index 1
fpga -file C:/work/teamp1/teamp1.sdk/system_wrapper_hw_platform_0/system_wrapper.bit
targets -set -nocase -filter {name =~"APU*" && jtag_cable_name =~ "Digilent JTAG-HS2 210249B8815C"} -index 0
loadhw -hw C:/work/teamp1/teamp1.sdk/system_wrapper_hw_platform_0/system.hdf -mem-ranges [list {0x40000000 0xbfffffff}]
configparams force-mem-access 1
targets -set -nocase -filter {name =~"APU*" && jtag_cable_name =~ "Digilent JTAG-HS2 210249B8815C"} -index 0
ps7_init
ps7_post_config
targets -set -nocase -filter {name =~ "ARM*#0" && jtag_cable_name =~ "Digilent JTAG-HS2 210249B8815C"} -index 0
dow C:/work/teamp1/teamp1.sdk/tebf/Debug/tebf.elf
configparams force-mem-access 0
----------------End of Script----------------

16:02:49 INFO  : Memory regions updated for context APU
16:02:49 INFO  : Context for processor 'ps7_cortexa9_0' is selected.
16:02:49 INFO  : 'con' command is executed.
16:02:49 INFO  : ----------------XSDB Script (After Launch)----------------
targets -set -nocase -filter {name =~ "ARM*#0" && jtag_cable_name =~ "Digilent JTAG-HS2 210249B8815C"} -index 0
con
----------------End of Script----------------

16:02:49 INFO  : Launch script is exported to file 'C:\work\teamp1\teamp1.sdk\.sdk\launch_scripts\xilinx_c-c++_application_(system_debugger)\debug.tcl'
16:03:23 INFO  : Disconnected from the channel tcfchan#30.
16:03:24 INFO  : Connected to target on host '127.0.0.1' and port '3121'.
16:03:24 INFO  : Jtag cable 'Digilent JTAG-HS2 210249B8815C' is selected.
16:03:24 INFO  : 'jtag frequency' command is executed.
16:03:24 INFO  : Sourcing of 'C:/work/teamp1/teamp1.sdk/system_wrapper_hw_platform_0/ps7_init.tcl' is done.
16:03:24 INFO  : Context for 'APU' is selected.
16:03:24 INFO  : System reset is completed.
16:03:27 INFO  : 'after 3000' command is executed.
16:03:27 INFO  : 'targets -set -filter {jtag_cable_name =~ "Digilent JTAG-HS2 210249B8815C" && level==0} -index 1' command is executed.
16:03:31 INFO  : FPGA configured successfully with bitstream "C:/work/teamp1/teamp1.sdk/system_wrapper_hw_platform_0/system_wrapper.bit"
16:03:31 INFO  : Context for 'APU' is selected.
16:03:32 INFO  : Hardware design information is loaded from 'C:/work/teamp1/teamp1.sdk/system_wrapper_hw_platform_0/system.hdf'.
16:03:32 INFO  : 'configparams force-mem-access 1' command is executed.
16:03:32 INFO  : Context for 'APU' is selected.
16:03:32 INFO  : 'ps7_init' command is executed.
16:03:32 INFO  : 'ps7_post_config' command is executed.
16:03:32 INFO  : Context for processor 'ps7_cortexa9_0' is selected.
16:03:32 INFO  : The application 'C:/work/teamp1/teamp1.sdk/tebf/Debug/tebf.elf' is downloaded to processor 'ps7_cortexa9_0'.
16:03:32 INFO  : 'configparams force-mem-access 0' command is executed.
16:03:32 INFO  : ----------------XSDB Script----------------
connect -url tcp:127.0.0.1:3121
source C:/work/teamp1/teamp1.sdk/system_wrapper_hw_platform_0/ps7_init.tcl
targets -set -nocase -filter {name =~"APU*" && jtag_cable_name =~ "Digilent JTAG-HS2 210249B8815C"} -index 0
rst -system
after 3000
targets -set -filter {jtag_cable_name =~ "Digilent JTAG-HS2 210249B8815C" && level==0} -index 1
fpga -file C:/work/teamp1/teamp1.sdk/system_wrapper_hw_platform_0/system_wrapper.bit
targets -set -nocase -filter {name =~"APU*" && jtag_cable_name =~ "Digilent JTAG-HS2 210249B8815C"} -index 0
loadhw -hw C:/work/teamp1/teamp1.sdk/system_wrapper_hw_platform_0/system.hdf -mem-ranges [list {0x40000000 0xbfffffff}]
configparams force-mem-access 1
targets -set -nocase -filter {name =~"APU*" && jtag_cable_name =~ "Digilent JTAG-HS2 210249B8815C"} -index 0
ps7_init
ps7_post_config
targets -set -nocase -filter {name =~ "ARM*#0" && jtag_cable_name =~ "Digilent JTAG-HS2 210249B8815C"} -index 0
dow C:/work/teamp1/teamp1.sdk/tebf/Debug/tebf.elf
configparams force-mem-access 0
----------------End of Script----------------

16:03:33 INFO  : Memory regions updated for context APU
16:03:33 INFO  : Context for processor 'ps7_cortexa9_0' is selected.
16:03:33 INFO  : 'con' command is executed.
16:03:33 INFO  : ----------------XSDB Script (After Launch)----------------
targets -set -nocase -filter {name =~ "ARM*#0" && jtag_cable_name =~ "Digilent JTAG-HS2 210249B8815C"} -index 0
con
----------------End of Script----------------

16:03:33 INFO  : Launch script is exported to file 'C:\work\teamp1\teamp1.sdk\.sdk\launch_scripts\xilinx_c-c++_application_(system_debugger)\debug.tcl'
16:08:15 INFO  : Disconnected from the channel tcfchan#31.
16:08:16 INFO  : Connected to target on host '127.0.0.1' and port '3121'.
16:08:16 INFO  : Jtag cable 'Digilent JTAG-HS2 210249B8815C' is selected.
16:08:16 INFO  : 'jtag frequency' command is executed.
16:08:16 INFO  : Sourcing of 'C:/work/teamp1/teamp1.sdk/system_wrapper_hw_platform_0/ps7_init.tcl' is done.
16:08:16 INFO  : Context for 'APU' is selected.
16:08:16 INFO  : System reset is completed.
16:08:19 INFO  : 'after 3000' command is executed.
16:08:19 INFO  : 'targets -set -filter {jtag_cable_name =~ "Digilent JTAG-HS2 210249B8815C" && level==0} -index 1' command is executed.
16:08:23 INFO  : FPGA configured successfully with bitstream "C:/work/teamp1/teamp1.sdk/system_wrapper_hw_platform_0/system_wrapper.bit"
16:08:23 INFO  : Context for 'APU' is selected.
16:08:24 INFO  : Hardware design information is loaded from 'C:/work/teamp1/teamp1.sdk/system_wrapper_hw_platform_0/system.hdf'.
16:08:24 INFO  : 'configparams force-mem-access 1' command is executed.
16:08:24 INFO  : Context for 'APU' is selected.
16:08:24 INFO  : 'ps7_init' command is executed.
16:08:24 INFO  : 'ps7_post_config' command is executed.
16:08:24 INFO  : Context for processor 'ps7_cortexa9_0' is selected.
16:08:24 INFO  : The application 'C:/work/teamp1/teamp1.sdk/tebf/Debug/tebf.elf' is downloaded to processor 'ps7_cortexa9_0'.
16:08:24 INFO  : 'configparams force-mem-access 0' command is executed.
16:08:24 INFO  : ----------------XSDB Script----------------
connect -url tcp:127.0.0.1:3121
source C:/work/teamp1/teamp1.sdk/system_wrapper_hw_platform_0/ps7_init.tcl
targets -set -nocase -filter {name =~"APU*" && jtag_cable_name =~ "Digilent JTAG-HS2 210249B8815C"} -index 0
rst -system
after 3000
targets -set -filter {jtag_cable_name =~ "Digilent JTAG-HS2 210249B8815C" && level==0} -index 1
fpga -file C:/work/teamp1/teamp1.sdk/system_wrapper_hw_platform_0/system_wrapper.bit
targets -set -nocase -filter {name =~"APU*" && jtag_cable_name =~ "Digilent JTAG-HS2 210249B8815C"} -index 0
loadhw -hw C:/work/teamp1/teamp1.sdk/system_wrapper_hw_platform_0/system.hdf -mem-ranges [list {0x40000000 0xbfffffff}]
configparams force-mem-access 1
targets -set -nocase -filter {name =~"APU*" && jtag_cable_name =~ "Digilent JTAG-HS2 210249B8815C"} -index 0
ps7_init
ps7_post_config
targets -set -nocase -filter {name =~ "ARM*#0" && jtag_cable_name =~ "Digilent JTAG-HS2 210249B8815C"} -index 0
dow C:/work/teamp1/teamp1.sdk/tebf/Debug/tebf.elf
configparams force-mem-access 0
----------------End of Script----------------

16:08:25 INFO  : Memory regions updated for context APU
16:08:25 INFO  : Context for processor 'ps7_cortexa9_0' is selected.
16:08:25 INFO  : 'con' command is executed.
16:08:25 INFO  : ----------------XSDB Script (After Launch)----------------
targets -set -nocase -filter {name =~ "ARM*#0" && jtag_cable_name =~ "Digilent JTAG-HS2 210249B8815C"} -index 0
con
----------------End of Script----------------

16:08:25 INFO  : Launch script is exported to file 'C:\work\teamp1\teamp1.sdk\.sdk\launch_scripts\xilinx_c-c++_application_(system_debugger)\debug.tcl'
16:09:16 INFO  : Disconnected from the channel tcfchan#32.
16:09:17 INFO  : Connected to target on host '127.0.0.1' and port '3121'.
16:09:18 INFO  : Jtag cable 'Digilent JTAG-HS2 210249B8815C' is selected.
16:09:18 INFO  : 'jtag frequency' command is executed.
16:09:18 INFO  : Sourcing of 'C:/work/teamp1/teamp1.sdk/system_wrapper_hw_platform_0/ps7_init.tcl' is done.
16:09:18 INFO  : Context for 'APU' is selected.
16:09:18 INFO  : System reset is completed.
16:09:21 INFO  : 'after 3000' command is executed.
16:09:21 INFO  : 'targets -set -filter {jtag_cable_name =~ "Digilent JTAG-HS2 210249B8815C" && level==0} -index 1' command is executed.
16:09:23 ERROR : 'fpga -file C:/work/teamp1/teamp1.sdk/system_wrapper_hw_platform_0/system_wrapper.bit' is cancelled.
16:09:23 INFO  : Issued abort command to xsdb.
16:09:23 ERROR : Exception occured while running Program FPGA.
java.lang.RuntimeException: 'fpga -file C:/work/teamp1/teamp1.sdk/system_wrapper_hw_platform_0/system_wrapper.bit' is cancelled.
16:09:23 INFO  : ----------------XSDB Script----------------
connect -url tcp:127.0.0.1:3121
source C:/work/teamp1/teamp1.sdk/system_wrapper_hw_platform_0/ps7_init.tcl
targets -set -nocase -filter {name =~"APU*" && jtag_cable_name =~ "Digilent JTAG-HS2 210249B8815C"} -index 0
rst -system
after 3000
----------------End of Script----------------

16:11:46 INFO  : Connected to target on host '127.0.0.1' and port '3121'.
16:11:47 INFO  : Jtag cable 'Digilent JTAG-HS2 210249B8815C' is selected.
16:11:47 INFO  : 'jtag frequency' command is executed.
16:11:47 INFO  : Sourcing of 'C:/work/teamp1/teamp1.sdk/system_wrapper_hw_platform_0/ps7_init.tcl' is done.
16:11:47 INFO  : Context for 'APU' is selected.
16:11:47 INFO  : System reset is completed.
16:11:50 INFO  : 'after 3000' command is executed.
16:11:50 INFO  : 'targets -set -filter {jtag_cable_name =~ "Digilent JTAG-HS2 210249B8815C" && level==0} -index 1' command is executed.
16:11:53 INFO  : FPGA configured successfully with bitstream "C:/work/teamp1/teamp1.sdk/system_wrapper_hw_platform_0/system_wrapper.bit"
16:11:53 INFO  : Context for 'APU' is selected.
16:11:54 INFO  : Hardware design information is loaded from 'C:/work/teamp1/teamp1.sdk/system_wrapper_hw_platform_0/system.hdf'.
16:11:54 INFO  : 'configparams force-mem-access 1' command is executed.
16:11:54 INFO  : Context for 'APU' is selected.
16:11:54 INFO  : 'ps7_init' command is executed.
16:11:54 INFO  : 'ps7_post_config' command is executed.
16:11:55 INFO  : Context for processor 'ps7_cortexa9_0' is selected.
16:11:55 INFO  : The application 'C:/work/teamp1/teamp1.sdk/tebf/Debug/tebf.elf' is downloaded to processor 'ps7_cortexa9_0'.
16:11:55 INFO  : 'configparams force-mem-access 0' command is executed.
16:11:55 INFO  : ----------------XSDB Script----------------
connect -url tcp:127.0.0.1:3121
source C:/work/teamp1/teamp1.sdk/system_wrapper_hw_platform_0/ps7_init.tcl
targets -set -nocase -filter {name =~"APU*" && jtag_cable_name =~ "Digilent JTAG-HS2 210249B8815C"} -index 0
rst -system
after 3000
targets -set -filter {jtag_cable_name =~ "Digilent JTAG-HS2 210249B8815C" && level==0} -index 1
fpga -file C:/work/teamp1/teamp1.sdk/system_wrapper_hw_platform_0/system_wrapper.bit
targets -set -nocase -filter {name =~"APU*" && jtag_cable_name =~ "Digilent JTAG-HS2 210249B8815C"} -index 0
loadhw -hw C:/work/teamp1/teamp1.sdk/system_wrapper_hw_platform_0/system.hdf -mem-ranges [list {0x40000000 0xbfffffff}]
configparams force-mem-access 1
targets -set -nocase -filter {name =~"APU*" && jtag_cable_name =~ "Digilent JTAG-HS2 210249B8815C"} -index 0
ps7_init
ps7_post_config
targets -set -nocase -filter {name =~ "ARM*#0" && jtag_cable_name =~ "Digilent JTAG-HS2 210249B8815C"} -index 0
dow C:/work/teamp1/teamp1.sdk/tebf/Debug/tebf.elf
configparams force-mem-access 0
----------------End of Script----------------

16:11:55 INFO  : Memory regions updated for context APU
16:11:55 INFO  : Context for processor 'ps7_cortexa9_0' is selected.
16:11:55 INFO  : 'con' command is executed.
16:11:55 INFO  : ----------------XSDB Script (After Launch)----------------
targets -set -nocase -filter {name =~ "ARM*#0" && jtag_cable_name =~ "Digilent JTAG-HS2 210249B8815C"} -index 0
con
----------------End of Script----------------

16:11:55 INFO  : Launch script is exported to file 'C:\work\teamp1\teamp1.sdk\.sdk\launch_scripts\xilinx_c-c++_application_(system_debugger)\debug.tcl'
16:17:46 INFO  : Disconnected from the channel tcfchan#33.
16:17:47 INFO  : Connected to target on host '127.0.0.1' and port '3121'.
16:17:47 INFO  : Jtag cable 'Digilent JTAG-HS2 210249B8815C' is selected.
16:17:47 INFO  : 'jtag frequency' command is executed.
16:17:47 INFO  : Sourcing of 'C:/work/teamp1/teamp1.sdk/system_wrapper_hw_platform_0/ps7_init.tcl' is done.
16:17:47 INFO  : Context for 'APU' is selected.
16:17:48 INFO  : System reset is completed.
16:17:51 INFO  : 'after 3000' command is executed.
16:17:51 INFO  : 'targets -set -filter {jtag_cable_name =~ "Digilent JTAG-HS2 210249B8815C" && level==0} -index 1' command is executed.
16:17:54 INFO  : FPGA configured successfully with bitstream "C:/work/teamp1/teamp1.sdk/system_wrapper_hw_platform_0/system_wrapper.bit"
16:17:54 INFO  : Context for 'APU' is selected.
16:17:55 INFO  : Hardware design information is loaded from 'C:/work/teamp1/teamp1.sdk/system_wrapper_hw_platform_0/system.hdf'.
16:17:55 INFO  : 'configparams force-mem-access 1' command is executed.
16:17:55 INFO  : Context for 'APU' is selected.
16:17:56 INFO  : 'ps7_init' command is executed.
16:17:56 INFO  : 'ps7_post_config' command is executed.
16:17:56 INFO  : Context for processor 'ps7_cortexa9_0' is selected.
16:17:56 INFO  : The application 'C:/work/teamp1/teamp1.sdk/tebf/Debug/tebf.elf' is downloaded to processor 'ps7_cortexa9_0'.
16:17:56 INFO  : 'configparams force-mem-access 0' command is executed.
16:17:56 INFO  : ----------------XSDB Script----------------
connect -url tcp:127.0.0.1:3121
source C:/work/teamp1/teamp1.sdk/system_wrapper_hw_platform_0/ps7_init.tcl
targets -set -nocase -filter {name =~"APU*" && jtag_cable_name =~ "Digilent JTAG-HS2 210249B8815C"} -index 0
rst -system
after 3000
targets -set -filter {jtag_cable_name =~ "Digilent JTAG-HS2 210249B8815C" && level==0} -index 1
fpga -file C:/work/teamp1/teamp1.sdk/system_wrapper_hw_platform_0/system_wrapper.bit
targets -set -nocase -filter {name =~"APU*" && jtag_cable_name =~ "Digilent JTAG-HS2 210249B8815C"} -index 0
loadhw -hw C:/work/teamp1/teamp1.sdk/system_wrapper_hw_platform_0/system.hdf -mem-ranges [list {0x40000000 0xbfffffff}]
configparams force-mem-access 1
targets -set -nocase -filter {name =~"APU*" && jtag_cable_name =~ "Digilent JTAG-HS2 210249B8815C"} -index 0
ps7_init
ps7_post_config
targets -set -nocase -filter {name =~ "ARM*#0" && jtag_cable_name =~ "Digilent JTAG-HS2 210249B8815C"} -index 0
dow C:/work/teamp1/teamp1.sdk/tebf/Debug/tebf.elf
configparams force-mem-access 0
----------------End of Script----------------

16:17:56 INFO  : Memory regions updated for context APU
16:17:56 INFO  : Context for processor 'ps7_cortexa9_0' is selected.
16:17:56 INFO  : 'con' command is executed.
16:17:56 INFO  : ----------------XSDB Script (After Launch)----------------
targets -set -nocase -filter {name =~ "ARM*#0" && jtag_cable_name =~ "Digilent JTAG-HS2 210249B8815C"} -index 0
con
----------------End of Script----------------

16:17:56 INFO  : Launch script is exported to file 'C:\work\teamp1\teamp1.sdk\.sdk\launch_scripts\xilinx_c-c++_application_(system_debugger)\debug.tcl'
16:20:49 INFO  : Disconnected from the channel tcfchan#34.
16:20:50 INFO  : Connected to target on host '127.0.0.1' and port '3121'.
16:20:50 INFO  : Jtag cable 'Digilent JTAG-HS2 210249B8815C' is selected.
16:20:50 INFO  : 'jtag frequency' command is executed.
16:20:50 INFO  : Sourcing of 'C:/work/teamp1/teamp1.sdk/system_wrapper_hw_platform_0/ps7_init.tcl' is done.
16:20:50 INFO  : Context for 'APU' is selected.
16:20:50 INFO  : System reset is completed.
16:20:53 INFO  : 'after 3000' command is executed.
16:20:53 INFO  : 'targets -set -filter {jtag_cable_name =~ "Digilent JTAG-HS2 210249B8815C" && level==0} -index 1' command is executed.
16:20:56 INFO  : FPGA configured successfully with bitstream "C:/work/teamp1/teamp1.sdk/system_wrapper_hw_platform_0/system_wrapper.bit"
16:20:56 INFO  : Context for 'APU' is selected.
16:20:58 INFO  : Hardware design information is loaded from 'C:/work/teamp1/teamp1.sdk/system_wrapper_hw_platform_0/system.hdf'.
16:20:58 INFO  : 'configparams force-mem-access 1' command is executed.
16:20:58 INFO  : Context for 'APU' is selected.
16:20:58 INFO  : 'ps7_init' command is executed.
16:20:58 INFO  : 'ps7_post_config' command is executed.
16:20:58 INFO  : Context for processor 'ps7_cortexa9_0' is selected.
16:20:58 INFO  : The application 'C:/work/teamp1/teamp1.sdk/tebf/Debug/tebf.elf' is downloaded to processor 'ps7_cortexa9_0'.
16:20:58 INFO  : 'configparams force-mem-access 0' command is executed.
16:20:58 INFO  : ----------------XSDB Script----------------
connect -url tcp:127.0.0.1:3121
source C:/work/teamp1/teamp1.sdk/system_wrapper_hw_platform_0/ps7_init.tcl
targets -set -nocase -filter {name =~"APU*" && jtag_cable_name =~ "Digilent JTAG-HS2 210249B8815C"} -index 0
rst -system
after 3000
targets -set -filter {jtag_cable_name =~ "Digilent JTAG-HS2 210249B8815C" && level==0} -index 1
fpga -file C:/work/teamp1/teamp1.sdk/system_wrapper_hw_platform_0/system_wrapper.bit
targets -set -nocase -filter {name =~"APU*" && jtag_cable_name =~ "Digilent JTAG-HS2 210249B8815C"} -index 0
loadhw -hw C:/work/teamp1/teamp1.sdk/system_wrapper_hw_platform_0/system.hdf -mem-ranges [list {0x40000000 0xbfffffff}]
configparams force-mem-access 1
targets -set -nocase -filter {name =~"APU*" && jtag_cable_name =~ "Digilent JTAG-HS2 210249B8815C"} -index 0
ps7_init
ps7_post_config
targets -set -nocase -filter {name =~ "ARM*#0" && jtag_cable_name =~ "Digilent JTAG-HS2 210249B8815C"} -index 0
dow C:/work/teamp1/teamp1.sdk/tebf/Debug/tebf.elf
configparams force-mem-access 0
----------------End of Script----------------

16:20:58 INFO  : Memory regions updated for context APU
16:20:58 INFO  : Context for processor 'ps7_cortexa9_0' is selected.
16:20:58 INFO  : 'con' command is executed.
16:20:58 INFO  : ----------------XSDB Script (After Launch)----------------
targets -set -nocase -filter {name =~ "ARM*#0" && jtag_cable_name =~ "Digilent JTAG-HS2 210249B8815C"} -index 0
con
----------------End of Script----------------

16:20:58 INFO  : Launch script is exported to file 'C:\work\teamp1\teamp1.sdk\.sdk\launch_scripts\xilinx_c-c++_application_(system_debugger)\debug.tcl'
16:29:01 INFO  : Disconnected from the channel tcfchan#35.
16:29:02 INFO  : Connected to target on host '127.0.0.1' and port '3121'.
16:29:02 INFO  : Jtag cable 'Digilent JTAG-HS2 210249B8815C' is selected.
16:29:02 INFO  : 'jtag frequency' command is executed.
16:29:02 INFO  : Sourcing of 'C:/work/teamp1/teamp1.sdk/system_wrapper_hw_platform_0/ps7_init.tcl' is done.
16:29:02 INFO  : Context for 'APU' is selected.
16:29:02 INFO  : System reset is completed.
16:29:05 INFO  : 'after 3000' command is executed.
16:29:05 INFO  : 'targets -set -filter {jtag_cable_name =~ "Digilent JTAG-HS2 210249B8815C" && level==0} -index 1' command is executed.
16:29:09 INFO  : FPGA configured successfully with bitstream "C:/work/teamp1/teamp1.sdk/system_wrapper_hw_platform_0/system_wrapper.bit"
16:29:09 INFO  : Context for 'APU' is selected.
16:29:10 INFO  : Hardware design information is loaded from 'C:/work/teamp1/teamp1.sdk/system_wrapper_hw_platform_0/system.hdf'.
16:29:10 INFO  : 'configparams force-mem-access 1' command is executed.
16:29:10 INFO  : Context for 'APU' is selected.
16:29:11 INFO  : 'ps7_init' command is executed.
16:29:11 INFO  : 'ps7_post_config' command is executed.
16:29:11 INFO  : Context for processor 'ps7_cortexa9_0' is selected.
16:29:11 INFO  : The application 'C:/work/teamp1/teamp1.sdk/tebf/Debug/tebf.elf' is downloaded to processor 'ps7_cortexa9_0'.
16:29:11 INFO  : 'configparams force-mem-access 0' command is executed.
16:29:11 INFO  : ----------------XSDB Script----------------
connect -url tcp:127.0.0.1:3121
source C:/work/teamp1/teamp1.sdk/system_wrapper_hw_platform_0/ps7_init.tcl
targets -set -nocase -filter {name =~"APU*" && jtag_cable_name =~ "Digilent JTAG-HS2 210249B8815C"} -index 0
rst -system
after 3000
targets -set -filter {jtag_cable_name =~ "Digilent JTAG-HS2 210249B8815C" && level==0} -index 1
fpga -file C:/work/teamp1/teamp1.sdk/system_wrapper_hw_platform_0/system_wrapper.bit
targets -set -nocase -filter {name =~"APU*" && jtag_cable_name =~ "Digilent JTAG-HS2 210249B8815C"} -index 0
loadhw -hw C:/work/teamp1/teamp1.sdk/system_wrapper_hw_platform_0/system.hdf -mem-ranges [list {0x40000000 0xbfffffff}]
configparams force-mem-access 1
targets -set -nocase -filter {name =~"APU*" && jtag_cable_name =~ "Digilent JTAG-HS2 210249B8815C"} -index 0
ps7_init
ps7_post_config
targets -set -nocase -filter {name =~ "ARM*#0" && jtag_cable_name =~ "Digilent JTAG-HS2 210249B8815C"} -index 0
dow C:/work/teamp1/teamp1.sdk/tebf/Debug/tebf.elf
configparams force-mem-access 0
----------------End of Script----------------

16:29:11 INFO  : Memory regions updated for context APU
16:29:11 INFO  : Context for processor 'ps7_cortexa9_0' is selected.
16:29:11 INFO  : 'con' command is executed.
16:29:11 INFO  : ----------------XSDB Script (After Launch)----------------
targets -set -nocase -filter {name =~ "ARM*#0" && jtag_cable_name =~ "Digilent JTAG-HS2 210249B8815C"} -index 0
con
----------------End of Script----------------

16:29:11 INFO  : Launch script is exported to file 'C:\work\teamp1\teamp1.sdk\.sdk\launch_scripts\xilinx_c-c++_application_(system_debugger)\debug.tcl'
16:37:40 INFO  : Disconnected from the channel tcfchan#36.
16:37:41 INFO  : Connected to target on host '127.0.0.1' and port '3121'.
16:37:42 INFO  : Jtag cable 'Digilent JTAG-HS2 210249B8815C' is selected.
16:37:42 INFO  : 'jtag frequency' command is executed.
16:37:42 INFO  : Sourcing of 'C:/work/teamp1/teamp1.sdk/system_wrapper_hw_platform_0/ps7_init.tcl' is done.
16:37:42 INFO  : Context for 'APU' is selected.
16:37:42 INFO  : System reset is completed.
16:37:45 INFO  : 'after 3000' command is executed.
16:37:45 INFO  : 'targets -set -filter {jtag_cable_name =~ "Digilent JTAG-HS2 210249B8815C" && level==0} -index 1' command is executed.
16:37:48 INFO  : FPGA configured successfully with bitstream "C:/work/teamp1/teamp1.sdk/system_wrapper_hw_platform_0/system_wrapper.bit"
16:37:48 INFO  : Context for 'APU' is selected.
16:37:49 INFO  : Hardware design information is loaded from 'C:/work/teamp1/teamp1.sdk/system_wrapper_hw_platform_0/system.hdf'.
16:37:49 INFO  : 'configparams force-mem-access 1' command is executed.
16:37:50 INFO  : Context for 'APU' is selected.
16:37:50 INFO  : 'ps7_init' command is executed.
16:37:50 INFO  : 'ps7_post_config' command is executed.
16:37:50 INFO  : Context for processor 'ps7_cortexa9_0' is selected.
16:37:50 INFO  : The application 'C:/work/teamp1/teamp1.sdk/tebf/Debug/tebf.elf' is downloaded to processor 'ps7_cortexa9_0'.
16:37:50 INFO  : 'configparams force-mem-access 0' command is executed.
16:37:50 INFO  : ----------------XSDB Script----------------
connect -url tcp:127.0.0.1:3121
source C:/work/teamp1/teamp1.sdk/system_wrapper_hw_platform_0/ps7_init.tcl
targets -set -nocase -filter {name =~"APU*" && jtag_cable_name =~ "Digilent JTAG-HS2 210249B8815C"} -index 0
rst -system
after 3000
targets -set -filter {jtag_cable_name =~ "Digilent JTAG-HS2 210249B8815C" && level==0} -index 1
fpga -file C:/work/teamp1/teamp1.sdk/system_wrapper_hw_platform_0/system_wrapper.bit
targets -set -nocase -filter {name =~"APU*" && jtag_cable_name =~ "Digilent JTAG-HS2 210249B8815C"} -index 0
loadhw -hw C:/work/teamp1/teamp1.sdk/system_wrapper_hw_platform_0/system.hdf -mem-ranges [list {0x40000000 0xbfffffff}]
configparams force-mem-access 1
targets -set -nocase -filter {name =~"APU*" && jtag_cable_name =~ "Digilent JTAG-HS2 210249B8815C"} -index 0
ps7_init
ps7_post_config
targets -set -nocase -filter {name =~ "ARM*#0" && jtag_cable_name =~ "Digilent JTAG-HS2 210249B8815C"} -index 0
dow C:/work/teamp1/teamp1.sdk/tebf/Debug/tebf.elf
configparams force-mem-access 0
----------------End of Script----------------

16:37:50 INFO  : Memory regions updated for context APU
16:37:50 INFO  : Context for processor 'ps7_cortexa9_0' is selected.
16:37:50 INFO  : 'con' command is executed.
16:37:50 INFO  : ----------------XSDB Script (After Launch)----------------
targets -set -nocase -filter {name =~ "ARM*#0" && jtag_cable_name =~ "Digilent JTAG-HS2 210249B8815C"} -index 0
con
----------------End of Script----------------

16:37:50 INFO  : Launch script is exported to file 'C:\work\teamp1\teamp1.sdk\.sdk\launch_scripts\xilinx_c-c++_application_(system_debugger)\debug.tcl'
16:38:38 INFO  : Disconnected from the channel tcfchan#37.
16:38:39 INFO  : Connected to target on host '127.0.0.1' and port '3121'.
16:38:39 INFO  : Jtag cable 'Digilent JTAG-HS2 210249B8815C' is selected.
16:38:39 INFO  : 'jtag frequency' command is executed.
16:38:39 INFO  : Sourcing of 'C:/work/teamp1/teamp1.sdk/system_wrapper_hw_platform_0/ps7_init.tcl' is done.
16:38:39 INFO  : Context for 'APU' is selected.
16:38:40 INFO  : System reset is completed.
16:38:43 INFO  : 'after 3000' command is executed.
16:38:43 INFO  : 'targets -set -filter {jtag_cable_name =~ "Digilent JTAG-HS2 210249B8815C" && level==0} -index 1' command is executed.
16:38:46 INFO  : FPGA configured successfully with bitstream "C:/work/teamp1/teamp1.sdk/system_wrapper_hw_platform_0/system_wrapper.bit"
16:38:46 INFO  : Context for 'APU' is selected.
16:38:48 INFO  : Hardware design information is loaded from 'C:/work/teamp1/teamp1.sdk/system_wrapper_hw_platform_0/system.hdf'.
16:38:48 INFO  : 'configparams force-mem-access 1' command is executed.
16:38:48 INFO  : Context for 'APU' is selected.
16:38:49 INFO  : 'ps7_init' command is executed.
16:38:49 INFO  : 'ps7_post_config' command is executed.
16:38:49 INFO  : Context for processor 'ps7_cortexa9_0' is selected.
16:38:49 INFO  : The application 'C:/work/teamp1/teamp1.sdk/tebf/Debug/tebf.elf' is downloaded to processor 'ps7_cortexa9_0'.
16:38:49 INFO  : 'configparams force-mem-access 0' command is executed.
16:38:49 INFO  : ----------------XSDB Script----------------
connect -url tcp:127.0.0.1:3121
source C:/work/teamp1/teamp1.sdk/system_wrapper_hw_platform_0/ps7_init.tcl
targets -set -nocase -filter {name =~"APU*" && jtag_cable_name =~ "Digilent JTAG-HS2 210249B8815C"} -index 0
rst -system
after 3000
targets -set -filter {jtag_cable_name =~ "Digilent JTAG-HS2 210249B8815C" && level==0} -index 1
fpga -file C:/work/teamp1/teamp1.sdk/system_wrapper_hw_platform_0/system_wrapper.bit
targets -set -nocase -filter {name =~"APU*" && jtag_cable_name =~ "Digilent JTAG-HS2 210249B8815C"} -index 0
loadhw -hw C:/work/teamp1/teamp1.sdk/system_wrapper_hw_platform_0/system.hdf -mem-ranges [list {0x40000000 0xbfffffff}]
configparams force-mem-access 1
targets -set -nocase -filter {name =~"APU*" && jtag_cable_name =~ "Digilent JTAG-HS2 210249B8815C"} -index 0
ps7_init
ps7_post_config
targets -set -nocase -filter {name =~ "ARM*#0" && jtag_cable_name =~ "Digilent JTAG-HS2 210249B8815C"} -index 0
dow C:/work/teamp1/teamp1.sdk/tebf/Debug/tebf.elf
configparams force-mem-access 0
----------------End of Script----------------

16:38:49 INFO  : Memory regions updated for context APU
16:38:49 INFO  : Context for processor 'ps7_cortexa9_0' is selected.
16:38:49 INFO  : 'con' command is executed.
16:38:49 INFO  : ----------------XSDB Script (After Launch)----------------
targets -set -nocase -filter {name =~ "ARM*#0" && jtag_cable_name =~ "Digilent JTAG-HS2 210249B8815C"} -index 0
con
----------------End of Script----------------

16:38:49 INFO  : Launch script is exported to file 'C:\work\teamp1\teamp1.sdk\.sdk\launch_scripts\xilinx_c-c++_application_(system_debugger)\debug.tcl'
16:39:06 INFO  : Disconnected from the channel tcfchan#38.
16:39:07 INFO  : Connected to target on host '127.0.0.1' and port '3121'.
16:39:07 INFO  : Jtag cable 'Digilent JTAG-HS2 210249B8815C' is selected.
16:39:07 INFO  : 'jtag frequency' command is executed.
16:39:07 INFO  : Sourcing of 'C:/work/teamp1/teamp1.sdk/system_wrapper_hw_platform_0/ps7_init.tcl' is done.
16:39:07 INFO  : Context for 'APU' is selected.
16:39:07 INFO  : System reset is completed.
16:39:10 INFO  : 'after 3000' command is executed.
16:39:10 INFO  : 'targets -set -filter {jtag_cable_name =~ "Digilent JTAG-HS2 210249B8815C" && level==0} -index 1' command is executed.
16:39:13 INFO  : FPGA configured successfully with bitstream "C:/work/teamp1/teamp1.sdk/system_wrapper_hw_platform_0/system_wrapper.bit"
16:39:13 INFO  : Context for 'APU' is selected.
16:39:15 INFO  : Hardware design information is loaded from 'C:/work/teamp1/teamp1.sdk/system_wrapper_hw_platform_0/system.hdf'.
16:39:15 INFO  : 'configparams force-mem-access 1' command is executed.
16:39:15 INFO  : Context for 'APU' is selected.
16:39:15 INFO  : 'ps7_init' command is executed.
16:39:15 INFO  : 'ps7_post_config' command is executed.
16:39:15 INFO  : Context for processor 'ps7_cortexa9_0' is selected.
16:39:15 INFO  : The application 'C:/work/teamp1/teamp1.sdk/tebf/Debug/tebf.elf' is downloaded to processor 'ps7_cortexa9_0'.
16:39:15 INFO  : 'configparams force-mem-access 0' command is executed.
16:39:15 INFO  : ----------------XSDB Script----------------
connect -url tcp:127.0.0.1:3121
source C:/work/teamp1/teamp1.sdk/system_wrapper_hw_platform_0/ps7_init.tcl
targets -set -nocase -filter {name =~"APU*" && jtag_cable_name =~ "Digilent JTAG-HS2 210249B8815C"} -index 0
rst -system
after 3000
targets -set -filter {jtag_cable_name =~ "Digilent JTAG-HS2 210249B8815C" && level==0} -index 1
fpga -file C:/work/teamp1/teamp1.sdk/system_wrapper_hw_platform_0/system_wrapper.bit
targets -set -nocase -filter {name =~"APU*" && jtag_cable_name =~ "Digilent JTAG-HS2 210249B8815C"} -index 0
loadhw -hw C:/work/teamp1/teamp1.sdk/system_wrapper_hw_platform_0/system.hdf -mem-ranges [list {0x40000000 0xbfffffff}]
configparams force-mem-access 1
targets -set -nocase -filter {name =~"APU*" && jtag_cable_name =~ "Digilent JTAG-HS2 210249B8815C"} -index 0
ps7_init
ps7_post_config
targets -set -nocase -filter {name =~ "ARM*#0" && jtag_cable_name =~ "Digilent JTAG-HS2 210249B8815C"} -index 0
dow C:/work/teamp1/teamp1.sdk/tebf/Debug/tebf.elf
configparams force-mem-access 0
----------------End of Script----------------

16:39:15 INFO  : Memory regions updated for context APU
16:39:15 INFO  : Context for processor 'ps7_cortexa9_0' is selected.
16:39:15 INFO  : 'con' command is executed.
16:39:15 INFO  : ----------------XSDB Script (After Launch)----------------
targets -set -nocase -filter {name =~ "ARM*#0" && jtag_cable_name =~ "Digilent JTAG-HS2 210249B8815C"} -index 0
con
----------------End of Script----------------

16:39:15 INFO  : Launch script is exported to file 'C:\work\teamp1\teamp1.sdk\.sdk\launch_scripts\xilinx_c-c++_application_(system_debugger)\debug.tcl'
16:46:28 INFO  : Disconnected from the channel tcfchan#39.
16:46:29 INFO  : Connected to target on host '127.0.0.1' and port '3121'.
16:46:29 INFO  : Jtag cable 'Digilent JTAG-HS2 210249B8815C' is selected.
16:46:29 INFO  : 'jtag frequency' command is executed.
16:46:29 INFO  : Sourcing of 'C:/work/teamp1/teamp1.sdk/system_wrapper_hw_platform_0/ps7_init.tcl' is done.
16:46:29 INFO  : Context for 'APU' is selected.
16:46:30 INFO  : System reset is completed.
16:46:33 INFO  : 'after 3000' command is executed.
16:46:33 INFO  : 'targets -set -filter {jtag_cable_name =~ "Digilent JTAG-HS2 210249B8815C" && level==0} -index 1' command is executed.
16:46:36 INFO  : FPGA configured successfully with bitstream "C:/work/teamp1/teamp1.sdk/system_wrapper_hw_platform_0/system_wrapper.bit"
16:46:36 INFO  : Context for 'APU' is selected.
16:46:38 INFO  : Hardware design information is loaded from 'C:/work/teamp1/teamp1.sdk/system_wrapper_hw_platform_0/system.hdf'.
16:46:38 INFO  : 'configparams force-mem-access 1' command is executed.
16:46:38 INFO  : Context for 'APU' is selected.
16:46:38 INFO  : 'ps7_init' command is executed.
16:46:38 INFO  : 'ps7_post_config' command is executed.
16:46:38 INFO  : Context for processor 'ps7_cortexa9_0' is selected.
16:46:38 INFO  : The application 'C:/work/teamp1/teamp1.sdk/tebf/Debug/tebf.elf' is downloaded to processor 'ps7_cortexa9_0'.
16:46:38 INFO  : 'configparams force-mem-access 0' command is executed.
16:46:38 INFO  : ----------------XSDB Script----------------
connect -url tcp:127.0.0.1:3121
source C:/work/teamp1/teamp1.sdk/system_wrapper_hw_platform_0/ps7_init.tcl
targets -set -nocase -filter {name =~"APU*" && jtag_cable_name =~ "Digilent JTAG-HS2 210249B8815C"} -index 0
rst -system
after 3000
targets -set -filter {jtag_cable_name =~ "Digilent JTAG-HS2 210249B8815C" && level==0} -index 1
fpga -file C:/work/teamp1/teamp1.sdk/system_wrapper_hw_platform_0/system_wrapper.bit
targets -set -nocase -filter {name =~"APU*" && jtag_cable_name =~ "Digilent JTAG-HS2 210249B8815C"} -index 0
loadhw -hw C:/work/teamp1/teamp1.sdk/system_wrapper_hw_platform_0/system.hdf -mem-ranges [list {0x40000000 0xbfffffff}]
configparams force-mem-access 1
targets -set -nocase -filter {name =~"APU*" && jtag_cable_name =~ "Digilent JTAG-HS2 210249B8815C"} -index 0
ps7_init
ps7_post_config
targets -set -nocase -filter {name =~ "ARM*#0" && jtag_cable_name =~ "Digilent JTAG-HS2 210249B8815C"} -index 0
dow C:/work/teamp1/teamp1.sdk/tebf/Debug/tebf.elf
configparams force-mem-access 0
----------------End of Script----------------

16:46:39 INFO  : Memory regions updated for context APU
16:46:39 INFO  : Context for processor 'ps7_cortexa9_0' is selected.
16:46:39 INFO  : 'con' command is executed.
16:46:39 INFO  : ----------------XSDB Script (After Launch)----------------
targets -set -nocase -filter {name =~ "ARM*#0" && jtag_cable_name =~ "Digilent JTAG-HS2 210249B8815C"} -index 0
con
----------------End of Script----------------

16:46:39 INFO  : Launch script is exported to file 'C:\work\teamp1\teamp1.sdk\.sdk\launch_scripts\xilinx_c-c++_application_(system_debugger)\debug.tcl'
16:47:04 INFO  : Disconnected from the channel tcfchan#40.
16:47:05 INFO  : Connected to target on host '127.0.0.1' and port '3121'.
16:47:06 INFO  : Jtag cable 'Digilent JTAG-HS2 210249B8815C' is selected.
16:47:06 INFO  : 'jtag frequency' command is executed.
16:47:06 INFO  : Sourcing of 'C:/work/teamp1/teamp1.sdk/system_wrapper_hw_platform_0/ps7_init.tcl' is done.
16:47:06 INFO  : Context for 'APU' is selected.
16:47:06 INFO  : System reset is completed.
16:47:09 INFO  : 'after 3000' command is executed.
16:47:09 INFO  : 'targets -set -filter {jtag_cable_name =~ "Digilent JTAG-HS2 210249B8815C" && level==0} -index 1' command is executed.
16:47:12 INFO  : FPGA configured successfully with bitstream "C:/work/teamp1/teamp1.sdk/system_wrapper_hw_platform_0/system_wrapper.bit"
16:47:12 INFO  : Context for 'APU' is selected.
16:47:14 INFO  : Hardware design information is loaded from 'C:/work/teamp1/teamp1.sdk/system_wrapper_hw_platform_0/system.hdf'.
16:47:14 INFO  : 'configparams force-mem-access 1' command is executed.
16:47:14 INFO  : Context for 'APU' is selected.
16:47:14 INFO  : 'ps7_init' command is executed.
16:47:14 INFO  : 'ps7_post_config' command is executed.
16:47:14 INFO  : Context for processor 'ps7_cortexa9_0' is selected.
16:47:14 INFO  : The application 'C:/work/teamp1/teamp1.sdk/tebf/Debug/tebf.elf' is downloaded to processor 'ps7_cortexa9_0'.
16:47:14 INFO  : 'configparams force-mem-access 0' command is executed.
16:47:14 INFO  : ----------------XSDB Script----------------
connect -url tcp:127.0.0.1:3121
source C:/work/teamp1/teamp1.sdk/system_wrapper_hw_platform_0/ps7_init.tcl
targets -set -nocase -filter {name =~"APU*" && jtag_cable_name =~ "Digilent JTAG-HS2 210249B8815C"} -index 0
rst -system
after 3000
targets -set -filter {jtag_cable_name =~ "Digilent JTAG-HS2 210249B8815C" && level==0} -index 1
fpga -file C:/work/teamp1/teamp1.sdk/system_wrapper_hw_platform_0/system_wrapper.bit
targets -set -nocase -filter {name =~"APU*" && jtag_cable_name =~ "Digilent JTAG-HS2 210249B8815C"} -index 0
loadhw -hw C:/work/teamp1/teamp1.sdk/system_wrapper_hw_platform_0/system.hdf -mem-ranges [list {0x40000000 0xbfffffff}]
configparams force-mem-access 1
targets -set -nocase -filter {name =~"APU*" && jtag_cable_name =~ "Digilent JTAG-HS2 210249B8815C"} -index 0
ps7_init
ps7_post_config
targets -set -nocase -filter {name =~ "ARM*#0" && jtag_cable_name =~ "Digilent JTAG-HS2 210249B8815C"} -index 0
dow C:/work/teamp1/teamp1.sdk/tebf/Debug/tebf.elf
configparams force-mem-access 0
----------------End of Script----------------

16:47:14 INFO  : Memory regions updated for context APU
16:47:14 INFO  : Context for processor 'ps7_cortexa9_0' is selected.
16:47:14 INFO  : 'con' command is executed.
16:47:14 INFO  : ----------------XSDB Script (After Launch)----------------
targets -set -nocase -filter {name =~ "ARM*#0" && jtag_cable_name =~ "Digilent JTAG-HS2 210249B8815C"} -index 0
con
----------------End of Script----------------

16:47:14 INFO  : Launch script is exported to file 'C:\work\teamp1\teamp1.sdk\.sdk\launch_scripts\xilinx_c-c++_application_(system_debugger)\debug.tcl'
16:47:41 INFO  : Disconnected from the channel tcfchan#41.
16:47:42 INFO  : Connected to target on host '127.0.0.1' and port '3121'.
16:47:42 INFO  : Jtag cable 'Digilent JTAG-HS2 210249B8815C' is selected.
16:47:42 INFO  : 'jtag frequency' command is executed.
16:47:42 INFO  : Sourcing of 'C:/work/teamp1/teamp1.sdk/system_wrapper_hw_platform_0/ps7_init.tcl' is done.
16:47:42 INFO  : Context for 'APU' is selected.
16:47:42 INFO  : System reset is completed.
16:47:45 INFO  : 'after 3000' command is executed.
16:47:45 INFO  : 'targets -set -filter {jtag_cable_name =~ "Digilent JTAG-HS2 210249B8815C" && level==0} -index 1' command is executed.
16:47:49 INFO  : FPGA configured successfully with bitstream "C:/work/teamp1/teamp1.sdk/system_wrapper_hw_platform_0/system_wrapper.bit"
16:47:49 INFO  : Context for 'APU' is selected.
16:47:50 INFO  : Hardware design information is loaded from 'C:/work/teamp1/teamp1.sdk/system_wrapper_hw_platform_0/system.hdf'.
16:47:50 INFO  : 'configparams force-mem-access 1' command is executed.
16:47:50 INFO  : Context for 'APU' is selected.
16:47:51 INFO  : 'ps7_init' command is executed.
16:47:51 INFO  : 'ps7_post_config' command is executed.
16:47:51 INFO  : Context for processor 'ps7_cortexa9_0' is selected.
16:47:51 INFO  : The application 'C:/work/teamp1/teamp1.sdk/tebf/Debug/tebf.elf' is downloaded to processor 'ps7_cortexa9_0'.
16:47:51 INFO  : 'configparams force-mem-access 0' command is executed.
16:47:51 INFO  : ----------------XSDB Script----------------
connect -url tcp:127.0.0.1:3121
source C:/work/teamp1/teamp1.sdk/system_wrapper_hw_platform_0/ps7_init.tcl
targets -set -nocase -filter {name =~"APU*" && jtag_cable_name =~ "Digilent JTAG-HS2 210249B8815C"} -index 0
rst -system
after 3000
targets -set -filter {jtag_cable_name =~ "Digilent JTAG-HS2 210249B8815C" && level==0} -index 1
fpga -file C:/work/teamp1/teamp1.sdk/system_wrapper_hw_platform_0/system_wrapper.bit
targets -set -nocase -filter {name =~"APU*" && jtag_cable_name =~ "Digilent JTAG-HS2 210249B8815C"} -index 0
loadhw -hw C:/work/teamp1/teamp1.sdk/system_wrapper_hw_platform_0/system.hdf -mem-ranges [list {0x40000000 0xbfffffff}]
configparams force-mem-access 1
targets -set -nocase -filter {name =~"APU*" && jtag_cable_name =~ "Digilent JTAG-HS2 210249B8815C"} -index 0
ps7_init
ps7_post_config
targets -set -nocase -filter {name =~ "ARM*#0" && jtag_cable_name =~ "Digilent JTAG-HS2 210249B8815C"} -index 0
dow C:/work/teamp1/teamp1.sdk/tebf/Debug/tebf.elf
configparams force-mem-access 0
----------------End of Script----------------

16:47:51 INFO  : Memory regions updated for context APU
16:47:51 INFO  : Context for processor 'ps7_cortexa9_0' is selected.
16:47:51 INFO  : 'con' command is executed.
16:47:51 INFO  : ----------------XSDB Script (After Launch)----------------
targets -set -nocase -filter {name =~ "ARM*#0" && jtag_cable_name =~ "Digilent JTAG-HS2 210249B8815C"} -index 0
con
----------------End of Script----------------

16:47:51 INFO  : Launch script is exported to file 'C:\work\teamp1\teamp1.sdk\.sdk\launch_scripts\xilinx_c-c++_application_(system_debugger)\debug.tcl'
16:50:19 INFO  : Disconnected from the channel tcfchan#42.
16:50:20 INFO  : Connected to target on host '127.0.0.1' and port '3121'.
16:50:20 INFO  : Jtag cable 'Digilent JTAG-HS2 210249B8815C' is selected.
16:50:20 INFO  : 'jtag frequency' command is executed.
16:50:20 INFO  : Sourcing of 'C:/work/teamp1/teamp1.sdk/system_wrapper_hw_platform_0/ps7_init.tcl' is done.
16:50:21 INFO  : Context for 'APU' is selected.
16:50:21 INFO  : System reset is completed.
16:50:24 INFO  : 'after 3000' command is executed.
16:50:24 INFO  : 'targets -set -filter {jtag_cable_name =~ "Digilent JTAG-HS2 210249B8815C" && level==0} -index 1' command is executed.
16:50:27 INFO  : FPGA configured successfully with bitstream "C:/work/teamp1/teamp1.sdk/system_wrapper_hw_platform_0/system_wrapper.bit"
16:50:27 INFO  : Context for 'APU' is selected.
16:50:28 INFO  : Hardware design information is loaded from 'C:/work/teamp1/teamp1.sdk/system_wrapper_hw_platform_0/system.hdf'.
16:50:28 INFO  : 'configparams force-mem-access 1' command is executed.
16:50:28 INFO  : Context for 'APU' is selected.
16:50:29 INFO  : 'ps7_init' command is executed.
16:50:29 INFO  : 'ps7_post_config' command is executed.
16:50:29 INFO  : Context for processor 'ps7_cortexa9_0' is selected.
16:50:29 INFO  : The application 'C:/work/teamp1/teamp1.sdk/tebf/Debug/tebf.elf' is downloaded to processor 'ps7_cortexa9_0'.
16:50:29 INFO  : 'configparams force-mem-access 0' command is executed.
16:50:29 INFO  : ----------------XSDB Script----------------
connect -url tcp:127.0.0.1:3121
source C:/work/teamp1/teamp1.sdk/system_wrapper_hw_platform_0/ps7_init.tcl
targets -set -nocase -filter {name =~"APU*" && jtag_cable_name =~ "Digilent JTAG-HS2 210249B8815C"} -index 0
rst -system
after 3000
targets -set -filter {jtag_cable_name =~ "Digilent JTAG-HS2 210249B8815C" && level==0} -index 1
fpga -file C:/work/teamp1/teamp1.sdk/system_wrapper_hw_platform_0/system_wrapper.bit
targets -set -nocase -filter {name =~"APU*" && jtag_cable_name =~ "Digilent JTAG-HS2 210249B8815C"} -index 0
loadhw -hw C:/work/teamp1/teamp1.sdk/system_wrapper_hw_platform_0/system.hdf -mem-ranges [list {0x40000000 0xbfffffff}]
configparams force-mem-access 1
targets -set -nocase -filter {name =~"APU*" && jtag_cable_name =~ "Digilent JTAG-HS2 210249B8815C"} -index 0
ps7_init
ps7_post_config
targets -set -nocase -filter {name =~ "ARM*#0" && jtag_cable_name =~ "Digilent JTAG-HS2 210249B8815C"} -index 0
dow C:/work/teamp1/teamp1.sdk/tebf/Debug/tebf.elf
configparams force-mem-access 0
----------------End of Script----------------

16:50:29 INFO  : Memory regions updated for context APU
16:50:29 INFO  : Context for processor 'ps7_cortexa9_0' is selected.
16:50:29 INFO  : 'con' command is executed.
16:50:29 INFO  : ----------------XSDB Script (After Launch)----------------
targets -set -nocase -filter {name =~ "ARM*#0" && jtag_cable_name =~ "Digilent JTAG-HS2 210249B8815C"} -index 0
con
----------------End of Script----------------

16:50:29 INFO  : Launch script is exported to file 'C:\work\teamp1\teamp1.sdk\.sdk\launch_scripts\xilinx_c-c++_application_(system_debugger)\debug.tcl'
16:51:06 INFO  : Disconnected from the channel tcfchan#43.
16:51:07 INFO  : Connected to target on host '127.0.0.1' and port '3121'.
16:51:07 INFO  : Jtag cable 'Digilent JTAG-HS2 210249B8815C' is selected.
16:51:07 INFO  : 'jtag frequency' command is executed.
16:51:07 INFO  : Sourcing of 'C:/work/teamp1/teamp1.sdk/system_wrapper_hw_platform_0/ps7_init.tcl' is done.
16:51:08 INFO  : Context for 'APU' is selected.
16:51:08 INFO  : System reset is completed.
16:51:11 INFO  : 'after 3000' command is executed.
16:51:11 INFO  : 'targets -set -filter {jtag_cable_name =~ "Digilent JTAG-HS2 210249B8815C" && level==0} -index 1' command is executed.
16:51:14 INFO  : FPGA configured successfully with bitstream "C:/work/teamp1/teamp1.sdk/system_wrapper_hw_platform_0/system_wrapper.bit"
16:51:14 INFO  : Context for 'APU' is selected.
16:51:16 INFO  : Hardware design information is loaded from 'C:/work/teamp1/teamp1.sdk/system_wrapper_hw_platform_0/system.hdf'.
16:51:16 INFO  : 'configparams force-mem-access 1' command is executed.
16:51:16 INFO  : Context for 'APU' is selected.
16:51:16 INFO  : 'ps7_init' command is executed.
16:51:16 INFO  : 'ps7_post_config' command is executed.
16:51:16 INFO  : Context for processor 'ps7_cortexa9_0' is selected.
16:51:16 INFO  : The application 'C:/work/teamp1/teamp1.sdk/tebf/Debug/tebf.elf' is downloaded to processor 'ps7_cortexa9_0'.
16:51:16 INFO  : 'configparams force-mem-access 0' command is executed.
16:51:16 INFO  : ----------------XSDB Script----------------
connect -url tcp:127.0.0.1:3121
source C:/work/teamp1/teamp1.sdk/system_wrapper_hw_platform_0/ps7_init.tcl
targets -set -nocase -filter {name =~"APU*" && jtag_cable_name =~ "Digilent JTAG-HS2 210249B8815C"} -index 0
rst -system
after 3000
targets -set -filter {jtag_cable_name =~ "Digilent JTAG-HS2 210249B8815C" && level==0} -index 1
fpga -file C:/work/teamp1/teamp1.sdk/system_wrapper_hw_platform_0/system_wrapper.bit
targets -set -nocase -filter {name =~"APU*" && jtag_cable_name =~ "Digilent JTAG-HS2 210249B8815C"} -index 0
loadhw -hw C:/work/teamp1/teamp1.sdk/system_wrapper_hw_platform_0/system.hdf -mem-ranges [list {0x40000000 0xbfffffff}]
configparams force-mem-access 1
targets -set -nocase -filter {name =~"APU*" && jtag_cable_name =~ "Digilent JTAG-HS2 210249B8815C"} -index 0
ps7_init
ps7_post_config
targets -set -nocase -filter {name =~ "ARM*#0" && jtag_cable_name =~ "Digilent JTAG-HS2 210249B8815C"} -index 0
dow C:/work/teamp1/teamp1.sdk/tebf/Debug/tebf.elf
configparams force-mem-access 0
----------------End of Script----------------

16:51:16 INFO  : Memory regions updated for context APU
16:51:17 INFO  : Context for processor 'ps7_cortexa9_0' is selected.
16:51:17 INFO  : 'con' command is executed.
16:51:17 INFO  : ----------------XSDB Script (After Launch)----------------
targets -set -nocase -filter {name =~ "ARM*#0" && jtag_cable_name =~ "Digilent JTAG-HS2 210249B8815C"} -index 0
con
----------------End of Script----------------

16:51:17 INFO  : Launch script is exported to file 'C:\work\teamp1\teamp1.sdk\.sdk\launch_scripts\xilinx_c-c++_application_(system_debugger)\debug.tcl'
16:52:02 INFO  : Disconnected from the channel tcfchan#44.
16:52:03 INFO  : Connected to target on host '127.0.0.1' and port '3121'.
16:52:03 INFO  : Jtag cable 'Digilent JTAG-HS2 210249B8815C' is selected.
16:52:03 INFO  : 'jtag frequency' command is executed.
16:52:03 INFO  : Sourcing of 'C:/work/teamp1/teamp1.sdk/system_wrapper_hw_platform_0/ps7_init.tcl' is done.
16:52:03 INFO  : Context for 'APU' is selected.
16:52:04 INFO  : System reset is completed.
16:52:07 INFO  : 'after 3000' command is executed.
16:52:07 INFO  : 'targets -set -filter {jtag_cable_name =~ "Digilent JTAG-HS2 210249B8815C" && level==0} -index 1' command is executed.
16:52:10 INFO  : FPGA configured successfully with bitstream "C:/work/teamp1/teamp1.sdk/system_wrapper_hw_platform_0/system_wrapper.bit"
16:52:10 INFO  : Context for 'APU' is selected.
16:52:11 INFO  : Hardware design information is loaded from 'C:/work/teamp1/teamp1.sdk/system_wrapper_hw_platform_0/system.hdf'.
16:52:11 INFO  : 'configparams force-mem-access 1' command is executed.
16:52:11 INFO  : Context for 'APU' is selected.
16:52:12 INFO  : 'ps7_init' command is executed.
16:52:12 INFO  : 'ps7_post_config' command is executed.
16:52:12 INFO  : Context for processor 'ps7_cortexa9_0' is selected.
16:52:12 INFO  : The application 'C:/work/teamp1/teamp1.sdk/tebf/Debug/tebf.elf' is downloaded to processor 'ps7_cortexa9_0'.
16:52:12 INFO  : 'configparams force-mem-access 0' command is executed.
16:52:12 INFO  : ----------------XSDB Script----------------
connect -url tcp:127.0.0.1:3121
source C:/work/teamp1/teamp1.sdk/system_wrapper_hw_platform_0/ps7_init.tcl
targets -set -nocase -filter {name =~"APU*" && jtag_cable_name =~ "Digilent JTAG-HS2 210249B8815C"} -index 0
rst -system
after 3000
targets -set -filter {jtag_cable_name =~ "Digilent JTAG-HS2 210249B8815C" && level==0} -index 1
fpga -file C:/work/teamp1/teamp1.sdk/system_wrapper_hw_platform_0/system_wrapper.bit
targets -set -nocase -filter {name =~"APU*" && jtag_cable_name =~ "Digilent JTAG-HS2 210249B8815C"} -index 0
loadhw -hw C:/work/teamp1/teamp1.sdk/system_wrapper_hw_platform_0/system.hdf -mem-ranges [list {0x40000000 0xbfffffff}]
configparams force-mem-access 1
targets -set -nocase -filter {name =~"APU*" && jtag_cable_name =~ "Digilent JTAG-HS2 210249B8815C"} -index 0
ps7_init
ps7_post_config
targets -set -nocase -filter {name =~ "ARM*#0" && jtag_cable_name =~ "Digilent JTAG-HS2 210249B8815C"} -index 0
dow C:/work/teamp1/teamp1.sdk/tebf/Debug/tebf.elf
configparams force-mem-access 0
----------------End of Script----------------

16:52:12 INFO  : Memory regions updated for context APU
16:52:12 INFO  : Context for processor 'ps7_cortexa9_0' is selected.
16:52:12 INFO  : 'con' command is executed.
16:52:12 INFO  : ----------------XSDB Script (After Launch)----------------
targets -set -nocase -filter {name =~ "ARM*#0" && jtag_cable_name =~ "Digilent JTAG-HS2 210249B8815C"} -index 0
con
----------------End of Script----------------

16:52:12 INFO  : Launch script is exported to file 'C:\work\teamp1\teamp1.sdk\.sdk\launch_scripts\xilinx_c-c++_application_(system_debugger)\debug.tcl'
07:45:38 INFO  : Disconnected from the channel tcfchan#45.
19:59:37 INFO  : Registering command handlers for SDK TCF services
19:59:38 INFO  : Launching XSCT server: xsct.bat -interactive C:\work\teamp1\teamp1.sdk\temp_xsdb_launch_script.tcl
19:59:42 INFO  : XSCT server has started successfully.
19:59:47 INFO  : Successfully done setting XSCT server connection channel  
19:59:47 INFO  : Successfully done setting SDK workspace  
19:59:47 INFO  : Restoring local repository preferences: 
		 C:\work\ip_repo
19:59:47 INFO  : Processing command line option -hwspec C:/work/teamp1/teamp1.sdk/system_wrapper.hdf.
19:59:47 INFO  : Checking for hwspec changes in the project system_wrapper_hw_platform_0.
