18:01:12 **** Build of project tebf_bsp ****
make -k all 
"Running Make include in ps7_cortexa9_0/libsrc/coresightps_dcc_v1_5/src"
make -C ps7_cortexa9_0/libsrc/coresightps_dcc_v1_5/src -s include  "SHELL=CMD" "COMPILER=arm-none-eabi-gcc" "ARCHIVER=arm-none-eabi-ar" "COMPILER_FLAGS=  -O2 -c" "EXTRA_COMPILER_FLAGS=-mcpu=cortex-a9 -mfpu=vfpv3 -mfloat-abi=hard -nostartfiles -g -Wall -Wextra"
"Running Make include in ps7_cortexa9_0/libsrc/cpu_cortexa9_v2_7/src"
make -C ps7_cortexa9_0/libsrc/cpu_cortexa9_v2_7/src -s include  "SHELL=CMD" "COMPILER=arm-none-eabi-gcc" "ARCHIVER=arm-none-eabi-ar" "COMPILER_FLAGS=  -O2 -c" "EXTRA_COMPILER_FLAGS=-mcpu=cortex-a9 -mfpu=vfpv3 -mfloat-abi=hard -nostartfiles -g -Wall -Wextra"
"Running Make include in ps7_cortexa9_0/libsrc/ddrps_v1_0/src"
make -C ps7_cortexa9_0/libsrc/ddrps_v1_0/src -s include  "SHELL=CMD" "COMPILER=arm-none-eabi-gcc" "ARCHIVER=arm-none-eabi-ar" "COMPILER_FLAGS=  -O2 -c" "EXTRA_COMPILER_FLAGS=-mcpu=cortex-a9 -mfpu=vfpv3 -mfloat-abi=hard -nostartfiles -g -Wall -Wextra"
"Running Make include in ps7_cortexa9_0/libsrc/devcfg_v3_5/src"
make -C ps7_cortexa9_0/libsrc/devcfg_v3_5/src -s include  "SHELL=CMD" "COMPILER=arm-none-eabi-gcc" "ARCHIVER=arm-none-eabi-ar" "COMPILER_FLAGS=  -O2 -c" "EXTRA_COMPILER_FLAGS=-mcpu=cortex-a9 -mfpu=vfpv3 -mfloat-abi=hard -nostartfiles -g -Wall -Wextra"
"Running Make include in ps7_cortexa9_0/libsrc/dmaps_v2_4/src"
make -C ps7_cortexa9_0/libsrc/dmaps_v2_4/src -s include  "SHELL=CMD" "COMPILER=arm-none-eabi-gcc" "ARCHIVER=arm-none-eabi-ar" "COMPILER_FLAGS=  -O2 -c" "EXTRA_COMPILER_FLAGS=-mcpu=cortex-a9 -mfpu=vfpv3 -mfloat-abi=hard -nostartfiles -g -Wall -Wextra"
"Running Make include in ps7_cortexa9_0/libsrc/gpio_v4_4/src"
make -C ps7_cortexa9_0/libsrc/gpio_v4_4/src -s include  "SHELL=CMD" "COMPILER=arm-none-eabi-gcc" "ARCHIVER=arm-none-eabi-ar" "COMPILER_FLAGS=  -O2 -c" "EXTRA_COMPILER_FLAGS=-mcpu=cortex-a9 -mfpu=vfpv3 -mfloat-abi=hard -nostartfiles -g -Wall -Wextra"
"Running Make include in ps7_cortexa9_0/libsrc/iicps_v3_9/src"
make -C ps7_cortexa9_0/libsrc/iicps_v3_9/src -s include  "SHELL=CMD" "COMPILER=arm-none-eabi-gcc" "ARCHIVER=arm-none-eabi-ar" "COMPILER_FLAGS=  -O2 -c" "EXTRA_COMPILER_FLAGS=-mcpu=cortex-a9 -mfpu=vfpv3 -mfloat-abi=hard -nostartfiles -g -Wall -Wextra"
"Running Make include in ps7_cortexa9_0/libsrc/scugic_v4_0/src"
make -C ps7_cortexa9_0/libsrc/scugic_v4_0/src -s include  "SHELL=CMD" "COMPILER=arm-none-eabi-gcc" "ARCHIVER=arm-none-eabi-ar" "COMPILER_FLAGS=  -O2 -c" "EXTRA_COMPILER_FLAGS=-mcpu=cortex-a9 -mfpu=vfpv3 -mfloat-abi=hard -nostartfiles -g -Wall -Wextra"
"Running Make include in ps7_cortexa9_0/libsrc/scutimer_v2_1/src"
make -C ps7_cortexa9_0/libsrc/scutimer_v2_1/src -s include  "SHELL=CMD" "COMPILER=arm-none-eabi-gcc" "ARCHIVER=arm-none-eabi-ar" "COMPILER_FLAGS=  -O2 -c" "EXTRA_COMPILER_FLAGS=-mcpu=cortex-a9 -mfpu=vfpv3 -mfloat-abi=hard -nostartfiles -g -Wall -Wextra"
"Running Make include in ps7_cortexa9_0/libsrc/scuwdt_v2_1/src"
make -C ps7_cortexa9_0/libsrc/scuwdt_v2_1/src -s include  "SHELL=CMD" "COMPILER=arm-none-eabi-gcc" "ARCHIVER=arm-none-eabi-ar" "COMPILER_FLAGS=  -O2 -c" "EXTRA_COMPILER_FLAGS=-mcpu=cortex-a9 -mfpu=vfpv3 -mfloat-abi=hard -nostartfiles -g -Wall -Wextra"
"Running Make include in ps7_cortexa9_0/libsrc/sdps_v3_7/src"
make -C ps7_cortexa9_0/libsrc/sdps_v3_7/src -s include  "SHELL=CMD" "COMPILER=arm-none-eabi-gcc" "ARCHIVER=arm-none-eabi-ar" "COMPILER_FLAGS=  -O2 -c" "EXTRA_COMPILER_FLAGS=-mcpu=cortex-a9 -mfpu=vfpv3 -mfloat-abi=hard -nostartfiles -g -Wall -Wextra"
"Running Make include in ps7_cortexa9_0/libsrc/seven_seg_v1_0/src"
make -C ps7_cortexa9_0/libsrc/seven_seg_v1_0/src -s include  "SHELL=CMD" "COMPILER=arm-none-eabi-gcc" "ARCHIVER=arm-none-eabi-ar" "COMPILER_FLAGS=  -O2 -c" "EXTRA_COMPILER_FLAGS=-mcpu=cortex-a9 -mfpu=vfpv3 -mfloat-abi=hard -nostartfiles -g -Wall -Wextra"
"Running Make include in ps7_cortexa9_0/libsrc/standalone_v7_0/src"
make -C ps7_cortexa9_0/libsrc/standalone_v7_0/src -s include  "SHELL=CMD" "COMPILER=arm-none-eabi-gcc" "ARCHIVER=arm-none-eabi-ar" "COMPILER_FLAGS=  -O2 -c" "EXTRA_COMPILER_FLAGS=-mcpu=cortex-a9 -mfpu=vfpv3 -mfloat-abi=hard -nostartfiles -g -Wall -Wextra"
"Running Make include in ps7_cortexa9_0/libsrc/textlcd_v1_0/src"
make -C ps7_cortexa9_0/libsrc/textlcd_v1_0/src -s include  "SHELL=CMD" "COMPILER=arm-none-eabi-gcc" "ARCHIVER=arm-none-eabi-ar" "COMPILER_FLAGS=  -O2 -c" "EXTRA_COMPILER_FLAGS=-mcpu=cortex-a9 -mfpu=vfpv3 -mfloat-abi=hard -nostartfiles -g -Wall -Wextra"
"Running Make include in ps7_cortexa9_0/libsrc/tftlcd_v1_0/src"
make -C ps7_cortexa9_0/libsrc/tftlcd_v1_0/src -s include  "SHELL=CMD" "COMPILER=arm-none-eabi-gcc" "ARCHIVER=arm-none-eabi-ar" "COMPILER_FLAGS=  -O2 -c" "EXTRA_COMPILER_FLAGS=-mcpu=cortex-a9 -mfpu=vfpv3 -mfloat-abi=hard -nostartfiles -g -Wall -Wextra"
"Running Make include in ps7_cortexa9_0/libsrc/uartps_v3_7/src"
make -C ps7_cortexa9_0/libsrc/uartps_v3_7/src -s include  "SHELL=CMD" "COMPILER=arm-none-eabi-gcc" "ARCHIVER=arm-none-eabi-ar" "COMPILER_FLAGS=  -O2 -c" "EXTRA_COMPILER_FLAGS=-mcpu=cortex-a9 -mfpu=vfpv3 -mfloat-abi=hard -nostartfiles -g -Wall -Wextra"
"Running Make include in ps7_cortexa9_0/libsrc/xadcps_v2_3/src"
make -C ps7_cortexa9_0/libsrc/xadcps_v2_3/src -s include  "SHELL=CMD" "COMPILER=arm-none-eabi-gcc" "ARCHIVER=arm-none-eabi-ar" "COMPILER_FLAGS=  -O2 -c" "EXTRA_COMPILER_FLAGS=-mcpu=cortex-a9 -mfpu=vfpv3 -mfloat-abi=hard -nostartfiles -g -Wall -Wextra"
"Running Make libs in ps7_cortexa9_0/libsrc/coresightps_dcc_v1_5/src"
make -C ps7_cortexa9_0/libsrc/coresightps_dcc_v1_5/src -s libs  "SHELL=CMD" "COMPILER=arm-none-eabi-gcc" "ARCHIVER=arm-none-eabi-ar" "COMPILER_FLAGS=  -O2 -c" "EXTRA_COMPILER_FLAGS=-mcpu=cortex-a9 -mfpu=vfpv3 -mfloat-abi=hard -nostartfiles -g -Wall -Wextra"
"Compiling coresightps_dcc"
arm-none-eabi-ar: creating ../../../lib/libxil.a
"Running Make libs in ps7_cortexa9_0/libsrc/cpu_cortexa9_v2_7/src"
make -C ps7_cortexa9_0/libsrc/cpu_cortexa9_v2_7/src -s libs  "SHELL=CMD" "COMPILER=arm-none-eabi-gcc" "ARCHIVER=arm-none-eabi-ar" "COMPILER_FLAGS=  -O2 -c" "EXTRA_COMPILER_FLAGS=-mcpu=cortex-a9 -mfpu=vfpv3 -mfloat-abi=hard -nostartfiles -g -Wall -Wextra"
"Compiling cpu_cortexa9"
"Running Make libs in ps7_cortexa9_0/libsrc/ddrps_v1_0/src"
make -C ps7_cortexa9_0/libsrc/ddrps_v1_0/src -s libs  "SHELL=CMD" "COMPILER=arm-none-eabi-gcc" "ARCHIVER=arm-none-eabi-ar" "COMPILER_FLAGS=  -O2 -c" "EXTRA_COMPILER_FLAGS=-mcpu=cortex-a9 -mfpu=vfpv3 -mfloat-abi=hard -nostartfiles -g -Wall -Wextra"
"Compiling ddrps"
"Running Make libs in ps7_cortexa9_0/libsrc/devcfg_v3_5/src"
make -C ps7_cortexa9_0/libsrc/devcfg_v3_5/src -s libs  "SHELL=CMD" "COMPILER=arm-none-eabi-gcc" "ARCHIVER=arm-none-eabi-ar" "COMPILER_FLAGS=  -O2 -c" "EXTRA_COMPILER_FLAGS=-mcpu=cortex-a9 -mfpu=vfpv3 -mfloat-abi=hard -nostartfiles -g -Wall -Wextra"
"Compiling devcfg"
"Running Make libs in ps7_cortexa9_0/libsrc/dmaps_v2_4/src"
make -C ps7_cortexa9_0/libsrc/dmaps_v2_4/src -s libs  "SHELL=CMD" "COMPILER=arm-none-eabi-gcc" "ARCHIVER=arm-none-eabi-ar" "COMPILER_FLAGS=  -O2 -c" "EXTRA_COMPILER_FLAGS=-mcpu=cortex-a9 -mfpu=vfpv3 -mfloat-abi=hard -nostartfiles -g -Wall -Wextra"
"Compiling dmaps"
"Running Make libs in ps7_cortexa9_0/libsrc/gpio_v4_4/src"
make -C ps7_cortexa9_0/libsrc/gpio_v4_4/src -s libs  "SHELL=CMD" "COMPILER=arm-none-eabi-gcc" "ARCHIVER=arm-none-eabi-ar" "COMPILER_FLAGS=  -O2 -c" "EXTRA_COMPILER_FLAGS=-mcpu=cortex-a9 -mfpu=vfpv3 -mfloat-abi=hard -nostartfiles -g -Wall -Wextra"
"Compiling gpio"
"Running Make libs in ps7_cortexa9_0/libsrc/iicps_v3_9/src"
make -C ps7_cortexa9_0/libsrc/iicps_v3_9/src -s libs  "SHELL=CMD" "COMPILER=arm-none-eabi-gcc" "ARCHIVER=arm-none-eabi-ar" "COMPILER_FLAGS=  -O2 -c" "EXTRA_COMPILER_FLAGS=-mcpu=cortex-a9 -mfpu=vfpv3 -mfloat-abi=hard -nostartfiles -g -Wall -Wextra"
"Compiling iicps"
"Running Make libs in ps7_cortexa9_0/libsrc/scugic_v4_0/src"
make -C ps7_cortexa9_0/libsrc/scugic_v4_0/src -s libs  "SHELL=CMD" "COMPILER=arm-none-eabi-gcc" "ARCHIVER=arm-none-eabi-ar" "COMPILER_FLAGS=  -O2 -c" "EXTRA_COMPILER_FLAGS=-mcpu=cortex-a9 -mfpu=vfpv3 -mfloat-abi=hard -nostartfiles -g -Wall -Wextra"
"Compiling scugic"
"Running Make libs in ps7_cortexa9_0/libsrc/scutimer_v2_1/src"
make -C ps7_cortexa9_0/libsrc/scutimer_v2_1/src -s libs  "SHELL=CMD" "COMPILER=arm-none-eabi-gcc" "ARCHIVER=arm-none-eabi-ar" "COMPILER_FLAGS=  -O2 -c" "EXTRA_COMPILER_FLAGS=-mcpu=cortex-a9 -mfpu=vfpv3 -mfloat-abi=hard -nostartfiles -g -Wall -Wextra"
"Compiling scutimer"
"Running Make libs in ps7_cortexa9_0/libsrc/scuwdt_v2_1/src"
make -C ps7_cortexa9_0/libsrc/scuwdt_v2_1/src -s libs  "SHELL=CMD" "COMPILER=arm-none-eabi-gcc" "ARCHIVER=arm-none-eabi-ar" "COMPILER_FLAGS=  -O2 -c" "EXTRA_COMPILER_FLAGS=-mcpu=cortex-a9 -mfpu=vfpv3 -mfloat-abi=hard -nostartfiles -g -Wall -Wextra"
"Compiling scuwdt"
"Running Make libs in ps7_cortexa9_0/libsrc/sdps_v3_7/src"
make -C ps7_cortexa9_0/libsrc/sdps_v3_7/src -s libs  "SHELL=CMD" "COMPILER=arm-none-eabi-gcc" "ARCHIVER=arm-none-eabi-ar" "COMPILER_FLAGS=  -O2 -c" "EXTRA_COMPILER_FLAGS=-mcpu=cortex-a9 -mfpu=vfpv3 -mfloat-abi=hard -nostartfiles -g -Wall -Wextra"
"Compiling sdps"
"Running Make libs in ps7_cortexa9_0/libsrc/seven_seg_v1_0/src"
make -C ps7_cortexa9_0/libsrc/seven_seg_v1_0/src -s libs  "SHELL=CMD" "COMPILER=arm-none-eabi-gcc" "ARCHIVER=arm-none-eabi-ar" "COMPILER_FLAGS=  -O2 -c" "EXTRA_COMPILER_FLAGS=-mcpu=cortex-a9 -mfpu=vfpv3 -mfloat-abi=hard -nostartfiles -g -Wall -Wextra"
"Compiling seven_seg..."
seven_seg_selftest.c: In function 'SEVEN_SEG_Reg_SelfTest':
seven_seg_selftest.c:52:58: warning: comparison of integer expressions of different signedness: 'u32' {aka 'long unsigned int'} and 'int' [-Wsign-compare]
    if ( SEVEN_SEG_mReadReg (baseaddr, read_loop_index*4) != (read_loop_index+1)*READ_WRITE_MUL_FACTOR){
                                                          ^~
seven_seg_selftest.c:36:6: warning: unused variable 'Index' [-Wunused-variable]
  int Index;
      ^~~~~
"Running Make libs in ps7_cortexa9_0/libsrc/standalone_v7_0/src"
make -C ps7_cortexa9_0/libsrc/standalone_v7_0/src -s libs  "SHELL=CMD" "COMPILER=arm-none-eabi-gcc" "ARCHIVER=arm-none-eabi-ar" "COMPILER_FLAGS=  -O2 -c" "EXTRA_COMPILER_FLAGS=-mcpu=cortex-a9 -mfpu=vfpv3 -mfloat-abi=hard -nostartfiles -g -Wall -Wextra"
"Compiling standalone"
In file included from usleep.c:56:
xtime_l.h:87:9: note: #pragma message: For the sleep routines, Global timer is being used
 #pragma message ("For the sleep routines, Global timer is being used")
         ^~~~~~~
In file included from xil_sleeptimer.c:51:
xtime_l.h:87:9: note: #pragma message: For the sleep routines, Global timer is being used
 #pragma message ("For the sleep routines, Global timer is being used")
         ^~~~~~~
In file included from xtime_l.c:49:
xtime_l.h:87:9: note: #pragma message: For the sleep routines, Global timer is being used
 #pragma message ("For the sleep routines, Global timer is being used")
         ^~~~~~~
In file included from sleep.c:53:
xtime_l.h:87:9: note: #pragma message: For the sleep routines, Global timer is being used
 #pragma message ("For the sleep routines, Global timer is being used")
         ^~~~~~~
"Running Make libs in ps7_cortexa9_0/libsrc/textlcd_v1_0/src"
make -C ps7_cortexa9_0/libsrc/textlcd_v1_0/src -s libs  "SHELL=CMD" "COMPILER=arm-none-eabi-gcc" "ARCHIVER=arm-none-eabi-ar" "COMPILER_FLAGS=  -O2 -c" "EXTRA_COMPILER_FLAGS=-mcpu=cortex-a9 -mfpu=vfpv3 -mfloat-abi=hard -nostartfiles -g -Wall -Wextra"
"Compiling textlcd..."
textlcd_selftest.c: In function 'TEXTLCD_Reg_SelfTest':
textlcd_selftest.c:52:56: warning: comparison of integer expressions of different signedness: 'u32' {aka 'long unsigned int'} and 'int' [-Wsign-compare]
    if ( TEXTLCD_mReadReg (baseaddr, read_loop_index*4) != (read_loop_index+1)*READ_WRITE_MUL_FACTOR){
                                                        ^~
textlcd_selftest.c:36:6: warning: unused variable 'Index' [-Wunused-variable]
  int Index;
      ^~~~~
"Running Make libs in ps7_cortexa9_0/libsrc/tftlcd_v1_0/src"
make -C ps7_cortexa9_0/libsrc/tftlcd_v1_0/src -s libs  "SHELL=CMD" "COMPILER=arm-none-eabi-gcc" "ARCHIVER=arm-none-eabi-ar" "COMPILER_FLAGS=  -O2 -c" "EXTRA_COMPILER_FLAGS=-mcpu=cortex-a9 -mfpu=vfpv3 -mfloat-abi=hard -nostartfiles -g -Wall -Wextra"
"Compiling tftlcd..."
tftlcd_selftest.c: In function 'TFTLCD_Reg_SelfTest':
tftlcd_selftest.c:52:55: warning: comparison of integer expressions of different signedness: 'u32' {aka 'long unsigned int'} and 'int' [-Wsign-compare]
    if ( TFTLCD_mReadReg (baseaddr, read_loop_index*4) != (read_loop_index+1)*READ_WRITE_MUL_FACTOR){
                                                       ^~
tftlcd_selftest.c:36:6: warning: unused variable 'Index' [-Wunused-variable]
  int Index;
      ^~~~~
"Running Make libs in ps7_cortexa9_0/libsrc/uartps_v3_7/src"
make -C ps7_cortexa9_0/libsrc/uartps_v3_7/src -s libs  "SHELL=CMD" "COMPILER=arm-none-eabi-gcc" "ARCHIVER=arm-none-eabi-ar" "COMPILER_FLAGS=  -O2 -c" "EXTRA_COMPILER_FLAGS=-mcpu=cortex-a9 -mfpu=vfpv3 -mfloat-abi=hard -nostartfiles -g -Wall -Wextra"
"Compiling uartps"
"Running Make libs in ps7_cortexa9_0/libsrc/xadcps_v2_3/src"
make -C ps7_cortexa9_0/libsrc/xadcps_v2_3/src -s libs  "SHELL=CMD" "COMPILER=arm-none-eabi-gcc" "ARCHIVER=arm-none-eabi-ar" "COMPILER_FLAGS=  -O2 -c" "EXTRA_COMPILER_FLAGS=-mcpu=cortex-a9 -mfpu=vfpv3 -mfloat-abi=hard -nostartfiles -g -Wall -Wextra"
"Compiling xadcps"
'Finished building libraries'
18:03:14 **** Clean-only build of project tebf_bsp ****
make -k clean 
make -C ps7_cortexa9_0/libsrc/coresightps_dcc_v1_5/src -s clean 
make -C ps7_cortexa9_0/libsrc/cpu_cortexa9_v2_7/src -s clean 
make -C ps7_cortexa9_0/libsrc/ddrps_v1_0/src -s clean 
make -C ps7_cortexa9_0/libsrc/devcfg_v3_5/src -s clean 
make -C ps7_cortexa9_0/libsrc/dmaps_v2_4/src -s clean 
make -C ps7_cortexa9_0/libsrc/gpio_v4_4/src -s clean 
make -C ps7_cortexa9_0/libsrc/iicps_v3_9/src -s clean 
make -C ps7_cortexa9_0/libsrc/scugic_v4_0/src -s clean 
make -C ps7_cortexa9_0/libsrc/scutimer_v2_1/src -s clean 
make -C ps7_cortexa9_0/libsrc/scuwdt_v2_1/src -s clean 
make -C ps7_cortexa9_0/libsrc/sdps_v3_7/src -s clean 
make -C ps7_cortexa9_0/libsrc/seven_seg_v1_0/src -s clean 
make -C ps7_cortexa9_0/libsrc/standalone_v7_0/src -s clean 
make -C ps7_cortexa9_0/libsrc/textlcd_v1_0/src -s clean 
make -C ps7_cortexa9_0/libsrc/tftlcd_v1_0/src -s clean 
make -C ps7_cortexa9_0/libsrc/uartps_v3_7/src -s clean 
make -C ps7_cortexa9_0/libsrc/xadcps_v2_3/src -s clean 
make -C ps7_cortexa9_0/libsrc/xilffs_v4_1/src -s clean 
rm -f ps7_cortexa9_0/lib/libxil.a
18:03:19 **** Build of project tebf_bsp ****
make -k all 
"Running Make include in ps7_cortexa9_0/libsrc/coresightps_dcc_v1_5/src"
make -C ps7_cortexa9_0/libsrc/coresightps_dcc_v1_5/src -s include  "SHELL=CMD" "COMPILER=arm-none-eabi-gcc" "ARCHIVER=arm-none-eabi-ar" "COMPILER_FLAGS=  -O2 -c" "EXTRA_COMPILER_FLAGS=-mcpu=cortex-a9 -mfpu=vfpv3 -mfloat-abi=hard -nostartfiles -g -Wall -Wextra"
"Running Make include in ps7_cortexa9_0/libsrc/cpu_cortexa9_v2_7/src"
make -C ps7_cortexa9_0/libsrc/cpu_cortexa9_v2_7/src -s include  "SHELL=CMD" "COMPILER=arm-none-eabi-gcc" "ARCHIVER=arm-none-eabi-ar" "COMPILER_FLAGS=  -O2 -c" "EXTRA_COMPILER_FLAGS=-mcpu=cortex-a9 -mfpu=vfpv3 -mfloat-abi=hard -nostartfiles -g -Wall -Wextra"
"Running Make include in ps7_cortexa9_0/libsrc/ddrps_v1_0/src"
make -C ps7_cortexa9_0/libsrc/ddrps_v1_0/src -s include  "SHELL=CMD" "COMPILER=arm-none-eabi-gcc" "ARCHIVER=arm-none-eabi-ar" "COMPILER_FLAGS=  -O2 -c" "EXTRA_COMPILER_FLAGS=-mcpu=cortex-a9 -mfpu=vfpv3 -mfloat-abi=hard -nostartfiles -g -Wall -Wextra"
"Running Make include in ps7_cortexa9_0/libsrc/devcfg_v3_5/src"
make -C ps7_cortexa9_0/libsrc/devcfg_v3_5/src -s include  "SHELL=CMD" "COMPILER=arm-none-eabi-gcc" "ARCHIVER=arm-none-eabi-ar" "COMPILER_FLAGS=  -O2 -c" "EXTRA_COMPILER_FLAGS=-mcpu=cortex-a9 -mfpu=vfpv3 -mfloat-abi=hard -nostartfiles -g -Wall -Wextra"
"Running Make include in ps7_cortexa9_0/libsrc/dmaps_v2_4/src"
make -C ps7_cortexa9_0/libsrc/dmaps_v2_4/src -s include  "SHELL=CMD" "COMPILER=arm-none-eabi-gcc" "ARCHIVER=arm-none-eabi-ar" "COMPILER_FLAGS=  -O2 -c" "EXTRA_COMPILER_FLAGS=-mcpu=cortex-a9 -mfpu=vfpv3 -mfloat-abi=hard -nostartfiles -g -Wall -Wextra"
"Running Make include in ps7_cortexa9_0/libsrc/gpio_v4_4/src"
make -C ps7_cortexa9_0/libsrc/gpio_v4_4/src -s include  "SHELL=CMD" "COMPILER=arm-none-eabi-gcc" "ARCHIVER=arm-none-eabi-ar" "COMPILER_FLAGS=  -O2 -c" "EXTRA_COMPILER_FLAGS=-mcpu=cortex-a9 -mfpu=vfpv3 -mfloat-abi=hard -nostartfiles -g -Wall -Wextra"
"Running Make include in ps7_cortexa9_0/libsrc/iicps_v3_9/src"
make -C ps7_cortexa9_0/libsrc/iicps_v3_9/src -s include  "SHELL=CMD" "COMPILER=arm-none-eabi-gcc" "ARCHIVER=arm-none-eabi-ar" "COMPILER_FLAGS=  -O2 -c" "EXTRA_COMPILER_FLAGS=-mcpu=cortex-a9 -mfpu=vfpv3 -mfloat-abi=hard -nostartfiles -g -Wall -Wextra"
"Running Make include in ps7_cortexa9_0/libsrc/scugic_v4_0/src"
make -C ps7_cortexa9_0/libsrc/scugic_v4_0/src -s include  "SHELL=CMD" "COMPILER=arm-none-eabi-gcc" "ARCHIVER=arm-none-eabi-ar" "COMPILER_FLAGS=  -O2 -c" "EXTRA_COMPILER_FLAGS=-mcpu=cortex-a9 -mfpu=vfpv3 -mfloat-abi=hard -nostartfiles -g -Wall -Wextra"
"Running Make include in ps7_cortexa9_0/libsrc/scutimer_v2_1/src"
make -C ps7_cortexa9_0/libsrc/scutimer_v2_1/src -s include  "SHELL=CMD" "COMPILER=arm-none-eabi-gcc" "ARCHIVER=arm-none-eabi-ar" "COMPILER_FLAGS=  -O2 -c" "EXTRA_COMPILER_FLAGS=-mcpu=cortex-a9 -mfpu=vfpv3 -mfloat-abi=hard -nostartfiles -g -Wall -Wextra"
"Running Make include in ps7_cortexa9_0/libsrc/scuwdt_v2_1/src"
make -C ps7_cortexa9_0/libsrc/scuwdt_v2_1/src -s include  "SHELL=CMD" "COMPILER=arm-none-eabi-gcc" "ARCHIVER=arm-none-eabi-ar" "COMPILER_FLAGS=  -O2 -c" "EXTRA_COMPILER_FLAGS=-mcpu=cortex-a9 -mfpu=vfpv3 -mfloat-abi=hard -nostartfiles -g -Wall -Wextra"
"Running Make include in ps7_cortexa9_0/libsrc/sdps_v3_7/src"
make -C ps7_cortexa9_0/libsrc/sdps_v3_7/src -s include  "SHELL=CMD" "COMPILER=arm-none-eabi-gcc" "ARCHIVER=arm-none-eabi-ar" "COMPILER_FLAGS=  -O2 -c" "EXTRA_COMPILER_FLAGS=-mcpu=cortex-a9 -mfpu=vfpv3 -mfloat-abi=hard -nostartfiles -g -Wall -Wextra"
"Running Make include in ps7_cortexa9_0/libsrc/seven_seg_v1_0/src"
make -C ps7_cortexa9_0/libsrc/seven_seg_v1_0/src -s include  "SHELL=CMD" "COMPILER=arm-none-eabi-gcc" "ARCHIVER=arm-none-eabi-ar" "COMPILER_FLAGS=  -O2 -c" "EXTRA_COMPILER_FLAGS=-mcpu=cortex-a9 -mfpu=vfpv3 -mfloat-abi=hard -nostartfiles -g -Wall -Wextra"
"Running Make include in ps7_cortexa9_0/libsrc/standalone_v7_0/src"
make -C ps7_cortexa9_0/libsrc/standalone_v7_0/src -s include  "SHELL=CMD" "COMPILER=arm-none-eabi-gcc" "ARCHIVER=arm-none-eabi-ar" "COMPILER_FLAGS=  -O2 -c" "EXTRA_COMPILER_FLAGS=-mcpu=cortex-a9 -mfpu=vfpv3 -mfloat-abi=hard -nostartfiles -g -Wall -Wextra"
"Running Make include in ps7_cortexa9_0/libsrc/textlcd_v1_0/src"
make -C ps7_cortexa9_0/libsrc/textlcd_v1_0/src -s include  "SHELL=CMD" "COMPILER=arm-none-eabi-gcc" "ARCHIVER=arm-none-eabi-ar" "COMPILER_FLAGS=  -O2 -c" "EXTRA_COMPILER_FLAGS=-mcpu=cortex-a9 -mfpu=vfpv3 -mfloat-abi=hard -nostartfiles -g -Wall -Wextra"
"Running Make include in ps7_cortexa9_0/libsrc/tftlcd_v1_0/src"
make -C ps7_cortexa9_0/libsrc/tftlcd_v1_0/src -s include  "SHELL=CMD" "COMPILER=arm-none-eabi-gcc" "ARCHIVER=arm-none-eabi-ar" "COMPILER_FLAGS=  -O2 -c" "EXTRA_COMPILER_FLAGS=-mcpu=cortex-a9 -mfpu=vfpv3 -mfloat-abi=hard -nostartfiles -g -Wall -Wextra"
"Running Make include in ps7_cortexa9_0/libsrc/uartps_v3_7/src"
make -C ps7_cortexa9_0/libsrc/uartps_v3_7/src -s include  "SHELL=CMD" "COMPILER=arm-none-eabi-gcc" "ARCHIVER=arm-none-eabi-ar" "COMPILER_FLAGS=  -O2 -c" "EXTRA_COMPILER_FLAGS=-mcpu=cortex-a9 -mfpu=vfpv3 -mfloat-abi=hard -nostartfiles -g -Wall -Wextra"
"Running Make include in ps7_cortexa9_0/libsrc/xadcps_v2_3/src"
make -C ps7_cortexa9_0/libsrc/xadcps_v2_3/src -s include  "SHELL=CMD" "COMPILER=arm-none-eabi-gcc" "ARCHIVER=arm-none-eabi-ar" "COMPILER_FLAGS=  -O2 -c" "EXTRA_COMPILER_FLAGS=-mcpu=cortex-a9 -mfpu=vfpv3 -mfloat-abi=hard -nostartfiles -g -Wall -Wextra"
"Running Make include in ps7_cortexa9_0/libsrc/xilffs_v4_1/src"
make -C ps7_cortexa9_0/libsrc/xilffs_v4_1/src -s include  "SHELL=CMD" "COMPILER=arm-none-eabi-gcc" "ARCHIVER=arm-none-eabi-ar" "COMPILER_FLAGS=  -O2 -c" "EXTRA_COMPILER_FLAGS=-mcpu=cortex-a9 -mfpu=vfpv3 -mfloat-abi=hard -nostartfiles -g -Wall -Wextra"
"Running Make libs in ps7_cortexa9_0/libsrc/coresightps_dcc_v1_5/src"
make -C ps7_cortexa9_0/libsrc/coresightps_dcc_v1_5/src -s libs  "SHELL=CMD" "COMPILER=arm-none-eabi-gcc" "ARCHIVER=arm-none-eabi-ar" "COMPILER_FLAGS=  -O2 -c" "EXTRA_COMPILER_FLAGS=-mcpu=cortex-a9 -mfpu=vfpv3 -mfloat-abi=hard -nostartfiles -g -Wall -Wextra"
"Compiling coresightps_dcc"
arm-none-eabi-ar: creating ../../../lib/libxil.a
"Running Make libs in ps7_cortexa9_0/libsrc/cpu_cortexa9_v2_7/src"
make -C ps7_cortexa9_0/libsrc/cpu_cortexa9_v2_7/src -s libs  "SHELL=CMD" "COMPILER=arm-none-eabi-gcc" "ARCHIVER=arm-none-eabi-ar" "COMPILER_FLAGS=  -O2 -c" "EXTRA_COMPILER_FLAGS=-mcpu=cortex-a9 -mfpu=vfpv3 -mfloat-abi=hard -nostartfiles -g -Wall -Wextra"
"Compiling cpu_cortexa9"
"Running Make libs in ps7_cortexa9_0/libsrc/ddrps_v1_0/src"
make -C ps7_cortexa9_0/libsrc/ddrps_v1_0/src -s libs  "SHELL=CMD" "COMPILER=arm-none-eabi-gcc" "ARCHIVER=arm-none-eabi-ar" "COMPILER_FLAGS=  -O2 -c" "EXTRA_COMPILER_FLAGS=-mcpu=cortex-a9 -mfpu=vfpv3 -mfloat-abi=hard -nostartfiles -g -Wall -Wextra"
"Compiling ddrps"
"Running Make libs in ps7_cortexa9_0/libsrc/devcfg_v3_5/src"
make -C ps7_cortexa9_0/libsrc/devcfg_v3_5/src -s libs  "SHELL=CMD" "COMPILER=arm-none-eabi-gcc" "ARCHIVER=arm-none-eabi-ar" "COMPILER_FLAGS=  -O2 -c" "EXTRA_COMPILER_FLAGS=-mcpu=cortex-a9 -mfpu=vfpv3 -mfloat-abi=hard -nostartfiles -g -Wall -Wextra"
"Compiling devcfg"
"Running Make libs in ps7_cortexa9_0/libsrc/dmaps_v2_4/src"
make -C ps7_cortexa9_0/libsrc/dmaps_v2_4/src -s libs  "SHELL=CMD" "COMPILER=arm-none-eabi-gcc" "ARCHIVER=arm-none-eabi-ar" "COMPILER_FLAGS=  -O2 -c" "EXTRA_COMPILER_FLAGS=-mcpu=cortex-a9 -mfpu=vfpv3 -mfloat-abi=hard -nostartfiles -g -Wall -Wextra"
"Compiling dmaps"
"Running Make libs in ps7_cortexa9_0/libsrc/gpio_v4_4/src"
make -C ps7_cortexa9_0/libsrc/gpio_v4_4/src -s libs  "SHELL=CMD" "COMPILER=arm-none-eabi-gcc" "ARCHIVER=arm-none-eabi-ar" "COMPILER_FLAGS=  -O2 -c" "EXTRA_COMPILER_FLAGS=-mcpu=cortex-a9 -mfpu=vfpv3 -mfloat-abi=hard -nostartfiles -g -Wall -Wextra"
"Compiling gpio"
"Running Make libs in ps7_cortexa9_0/libsrc/iicps_v3_9/src"
make -C ps7_cortexa9_0/libsrc/iicps_v3_9/src -s libs  "SHELL=CMD" "COMPILER=arm-none-eabi-gcc" "ARCHIVER=arm-none-eabi-ar" "COMPILER_FLAGS=  -O2 -c" "EXTRA_COMPILER_FLAGS=-mcpu=cortex-a9 -mfpu=vfpv3 -mfloat-abi=hard -nostartfiles -g -Wall -Wextra"
"Compiling iicps"
"Running Make libs in ps7_cortexa9_0/libsrc/scugic_v4_0/src"
make -C ps7_cortexa9_0/libsrc/scugic_v4_0/src -s libs  "SHELL=CMD" "COMPILER=arm-none-eabi-gcc" "ARCHIVER=arm-none-eabi-ar" "COMPILER_FLAGS=  -O2 -c" "EXTRA_COMPILER_FLAGS=-mcpu=cortex-a9 -mfpu=vfpv3 -mfloat-abi=hard -nostartfiles -g -Wall -Wextra"
"Compiling scugic"
"Running Make libs in ps7_cortexa9_0/libsrc/scutimer_v2_1/src"
make -C ps7_cortexa9_0/libsrc/scutimer_v2_1/src -s libs  "SHELL=CMD" "COMPILER=arm-none-eabi-gcc" "ARCHIVER=arm-none-eabi-ar" "COMPILER_FLAGS=  -O2 -c" "EXTRA_COMPILER_FLAGS=-mcpu=cortex-a9 -mfpu=vfpv3 -mfloat-abi=hard -nostartfiles -g -Wall -Wextra"
"Compiling scutimer"
"Running Make libs in ps7_cortexa9_0/libsrc/scuwdt_v2_1/src"
make -C ps7_cortexa9_0/libsrc/scuwdt_v2_1/src -s libs  "SHELL=CMD" "COMPILER=arm-none-eabi-gcc" "ARCHIVER=arm-none-eabi-ar" "COMPILER_FLAGS=  -O2 -c" "EXTRA_COMPILER_FLAGS=-mcpu=cortex-a9 -mfpu=vfpv3 -mfloat-abi=hard -nostartfiles -g -Wall -Wextra"
"Compiling scuwdt"
"Running Make libs in ps7_cortexa9_0/libsrc/sdps_v3_7/src"
make -C ps7_cortexa9_0/libsrc/sdps_v3_7/src -s libs  "SHELL=CMD" "COMPILER=arm-none-eabi-gcc" "ARCHIVER=arm-none-eabi-ar" "COMPILER_FLAGS=  -O2 -c" "EXTRA_COMPILER_FLAGS=-mcpu=cortex-a9 -mfpu=vfpv3 -mfloat-abi=hard -nostartfiles -g -Wall -Wextra"
"Compiling sdps"
"Running Make libs in ps7_cortexa9_0/libsrc/seven_seg_v1_0/src"
make -C ps7_cortexa9_0/libsrc/seven_seg_v1_0/src -s libs  "SHELL=CMD" "COMPILER=arm-none-eabi-gcc" "ARCHIVER=arm-none-eabi-ar" "COMPILER_FLAGS=  -O2 -c" "EXTRA_COMPILER_FLAGS=-mcpu=cortex-a9 -mfpu=vfpv3 -mfloat-abi=hard -nostartfiles -g -Wall -Wextra"
"Compiling seven_seg..."
seven_seg_selftest.c: In function 'SEVEN_SEG_Reg_SelfTest':
seven_seg_selftest.c:52:58: warning: comparison of integer expressions of different signedness: 'u32' {aka 'long unsigned int'} and 'int' [-Wsign-compare]
    if ( SEVEN_SEG_mReadReg (baseaddr, read_loop_index*4) != (read_loop_index+1)*READ_WRITE_MUL_FACTOR){
                                                          ^~
seven_seg_selftest.c:36:6: warning: unused variable 'Index' [-Wunused-variable]
  int Index;
      ^~~~~
"Running Make libs in ps7_cortexa9_0/libsrc/standalone_v7_0/src"
make -C ps7_cortexa9_0/libsrc/standalone_v7_0/src -s libs  "SHELL=CMD" "COMPILER=arm-none-eabi-gcc" "ARCHIVER=arm-none-eabi-ar" "COMPILER_FLAGS=  -O2 -c" "EXTRA_COMPILER_FLAGS=-mcpu=cortex-a9 -mfpu=vfpv3 -mfloat-abi=hard -nostartfiles -g -Wall -Wextra"
"Compiling standalone"
In file included from usleep.c:56:
xtime_l.h:87:9: note: #pragma message: For the sleep routines, Global timer is being used
 #pragma message ("For the sleep routines, Global timer is being used")
         ^~~~~~~
In file included from xil_sleeptimer.c:51:
xtime_l.h:87:9: note: #pragma message: For the sleep routines, Global timer is being used
 #pragma message ("For the sleep routines, Global timer is being used")
         ^~~~~~~
In file included from xtime_l.c:49:
xtime_l.h:87:9: note: #pragma message: For the sleep routines, Global timer is being used
 #pragma message ("For the sleep routines, Global timer is being used")
         ^~~~~~~
In file included from sleep.c:53:
xtime_l.h:87:9: note: #pragma message: For the sleep routines, Global timer is being used
 #pragma message ("For the sleep routines, Global timer is being used")
         ^~~~~~~
"Running Make libs in ps7_cortexa9_0/libsrc/textlcd_v1_0/src"
make -C ps7_cortexa9_0/libsrc/textlcd_v1_0/src -s libs  "SHELL=CMD" "COMPILER=arm-none-eabi-gcc" "ARCHIVER=arm-none-eabi-ar" "COMPILER_FLAGS=  -O2 -c" "EXTRA_COMPILER_FLAGS=-mcpu=cortex-a9 -mfpu=vfpv3 -mfloat-abi=hard -nostartfiles -g -Wall -Wextra"
"Compiling textlcd..."
textlcd_selftest.c: In function 'TEXTLCD_Reg_SelfTest':
textlcd_selftest.c:52:56: warning: comparison of integer expressions of different signedness: 'u32' {aka 'long unsigned int'} and 'int' [-Wsign-compare]
    if ( TEXTLCD_mReadReg (baseaddr, read_loop_index*4) != (read_loop_index+1)*READ_WRITE_MUL_FACTOR){
                                                        ^~
textlcd_selftest.c:36:6: warning: unused variable 'Index' [-Wunused-variable]
  int Index;
      ^~~~~
"Running Make libs in ps7_cortexa9_0/libsrc/tftlcd_v1_0/src"
make -C ps7_cortexa9_0/libsrc/tftlcd_v1_0/src -s libs  "SHELL=CMD" "COMPILER=arm-none-eabi-gcc" "ARCHIVER=arm-none-eabi-ar" "COMPILER_FLAGS=  -O2 -c" "EXTRA_COMPILER_FLAGS=-mcpu=cortex-a9 -mfpu=vfpv3 -mfloat-abi=hard -nostartfiles -g -Wall -Wextra"
"Compiling tftlcd..."
tftlcd_selftest.c: In function 'TFTLCD_Reg_SelfTest':
tftlcd_selftest.c:52:55: warning: comparison of integer expressions of different signedness: 'u32' {aka 'long unsigned int'} and 'int' [-Wsign-compare]
    if ( TFTLCD_mReadReg (baseaddr, read_loop_index*4) != (read_loop_index+1)*READ_WRITE_MUL_FACTOR){
                                                       ^~
tftlcd_selftest.c:36:6: warning: unused variable 'Index' [-Wunused-variable]
  int Index;
      ^~~~~
"Running Make libs in ps7_cortexa9_0/libsrc/uartps_v3_7/src"
make -C ps7_cortexa9_0/libsrc/uartps_v3_7/src -s libs  "SHELL=CMD" "COMPILER=arm-none-eabi-gcc" "ARCHIVER=arm-none-eabi-ar" "COMPILER_FLAGS=  -O2 -c" "EXTRA_COMPILER_FLAGS=-mcpu=cortex-a9 -mfpu=vfpv3 -mfloat-abi=hard -nostartfiles -g -Wall -Wextra"
"Compiling uartps"
"Running Make libs in ps7_cortexa9_0/libsrc/xadcps_v2_3/src"
make -C ps7_cortexa9_0/libsrc/xadcps_v2_3/src -s libs  "SHELL=CMD" "COMPILER=arm-none-eabi-gcc" "ARCHIVER=arm-none-eabi-ar" "COMPILER_FLAGS=  -O2 -c" "EXTRA_COMPILER_FLAGS=-mcpu=cortex-a9 -mfpu=vfpv3 -mfloat-abi=hard -nostartfiles -g -Wall -Wextra"
"Compiling xadcps"
"Running Make libs in ps7_cortexa9_0/libsrc/xilffs_v4_1/src"
make -C ps7_cortexa9_0/libsrc/xilffs_v4_1/src -s libs  "SHELL=CMD" "COMPILER=arm-none-eabi-gcc" "ARCHIVER=arm-none-eabi-ar" "COMPILER_FLAGS=  -O2 -c" "EXTRA_COMPILER_FLAGS=-mcpu=cortex-a9 -mfpu=vfpv3 -mfloat-abi=hard -nostartfiles -g -Wall -Wextra"
"Compiling XilFFs Library"
'Finished building libraries'
18:03:39 **** Build of configuration Debug for project tebf ****
make pre-build main-build 
a9-linaro-pre-build-step
 
Building file: ../src/main.c
Invoking: ARM v7 gcc compiler
arm-none-eabi-gcc -Wall -O0 -g3 -c -fmessage-length=0 -MT"src/main.o" -mcpu=cortex-a9 -mfpu=vfpv3 -mfloat-abi=hard -I../../tebf_bsp/ps7_cortexa9_0/include -MMD -MP -MF"src/main.d" -MT"src/main.o" -o "src/main.o" "../src/main.c"
../src/main.c: In function 'FormatScoreLine':
../src/main.c:142:5: warning: implicit declaration of function 'sprintf' [-Wimplicit-function-declaration]
     sprintf(buf, "Score %04d       ", score);
     ^~~~~~~
../src/main.c:142:5: warning: incompatible implicit declaration of built-in function 'sprintf'
../src/main.c:142:5: note: include '<stdio.h>' or provide a declaration of 'sprintf'
../src/main.c:9:1:
+#include <stdio.h>
 
../src/main.c:142:5:
     sprintf(buf, "Score %04d       ", score);
     ^~~~~~~
Finished building: ../src/main.c
 
Building target: tebf.elf
Invoking: ARM v7 gcc linker
arm-none-eabi-gcc -mcpu=cortex-a9 -mfpu=vfpv3 -mfloat-abi=hard -Wl,-build-id=none -specs=Xilinx.spec -Wl,-T -Wl,../src/lscript.ld -L../../tebf_bsp/ps7_cortexa9_0/lib -o "tebf.elf"  ./src/main.o   -Wl,--start-group,-lxil,-lgcc,-lc,--end-group -Wl,--start-group,-lxilffs,-lxil,-lgcc,-lc,--end-group
Finished building target: tebf.elf
 
Invoking: ARM v7 Print Size
arm-none-eabi-size tebf.elf  |tee "tebf.elf.size"
   text	   data	    bss	    dec	    hex	filename
  56192	   2600	  23344	  82136	  140d8	tebf.elf
Finished building: tebf.elf.size
 
18:03:43 **** Incremental Build of configuration Debug for project tebf ****
make pre-build main-build 
a9-linaro-pre-build-step
 
make: Nothing to be done for 'main-build'.
18:04:03 **** Incremental Build of configuration Debug for project tebf ****
make pre-build main-build 
a9-linaro-pre-build-step
 
make: Nothing to be done for 'main-build'.
18:04:14 **** Incremental Build of configuration Debug for project tebf ****
make pre-build main-build 
a9-linaro-pre-build-step
 
make: Nothing to be done for 'main-build'.
18:04:35 **** Incremental Build of configuration Debug for project tebf ****
make pre-build main-build 
a9-linaro-pre-build-step
 
make: Nothing to be done for 'main-build'.
18:05:32 **** Incremental Build of configuration Debug for project tebf ****
make pre-build main-build 
a9-linaro-pre-build-step
 
make: Nothing to be done for 'main-build'.
18:06:30 **** Incremental Build of configuration Debug for project tebf ****
make pre-build main-build 
a9-linaro-pre-build-step
 
make: Nothing to be done for 'main-build'.
18:06:32 **** Incremental Build of configuration Debug for project tebf ****
make pre-build main-build 
a9-linaro-pre-build-step
 
make: Nothing to be done for 'main-build'.
18:08:23 **** Incremental Build of project tebf_bsp ****
make -k all 
"Running Make include in ps7_cortexa9_0/libsrc/coresightps_dcc_v1_5/src"
make -C ps7_cortexa9_0/libsrc/coresightps_dcc_v1_5/src -s include  "SHELL=CMD" "COMPILER=arm-none-eabi-gcc" "ARCHIVER=arm-none-eabi-ar" "COMPILER_FLAGS=  -O2 -c" "EXTRA_COMPILER_FLAGS=-mcpu=cortex-a9 -mfpu=vfpv3 -mfloat-abi=hard -nostartfiles -g -Wall -Wextra"
"Running Make include in ps7_cortexa9_0/libsrc/cpu_cortexa9_v2_7/src"
make -C ps7_cortexa9_0/libsrc/cpu_cortexa9_v2_7/src -s include  "SHELL=CMD" "COMPILER=arm-none-eabi-gcc" "ARCHIVER=arm-none-eabi-ar" "COMPILER_FLAGS=  -O2 -c" "EXTRA_COMPILER_FLAGS=-mcpu=cortex-a9 -mfpu=vfpv3 -mfloat-abi=hard -nostartfiles -g -Wall -Wextra"
"Running Make include in ps7_cortexa9_0/libsrc/ddrps_v1_0/src"
make -C ps7_cortexa9_0/libsrc/ddrps_v1_0/src -s include  "SHELL=CMD" "COMPILER=arm-none-eabi-gcc" "ARCHIVER=arm-none-eabi-ar" "COMPILER_FLAGS=  -O2 -c" "EXTRA_COMPILER_FLAGS=-mcpu=cortex-a9 -mfpu=vfpv3 -mfloat-abi=hard -nostartfiles -g -Wall -Wextra"
"Running Make include in ps7_cortexa9_0/libsrc/devcfg_v3_5/src"
make -C ps7_cortexa9_0/libsrc/devcfg_v3_5/src -s include  "SHELL=CMD" "COMPILER=arm-none-eabi-gcc" "ARCHIVER=arm-none-eabi-ar" "COMPILER_FLAGS=  -O2 -c" "EXTRA_COMPILER_FLAGS=-mcpu=cortex-a9 -mfpu=vfpv3 -mfloat-abi=hard -nostartfiles -g -Wall -Wextra"
"Running Make include in ps7_cortexa9_0/libsrc/dmaps_v2_4/src"
make -C ps7_cortexa9_0/libsrc/dmaps_v2_4/src -s include  "SHELL=CMD" "COMPILER=arm-none-eabi-gcc" "ARCHIVER=arm-none-eabi-ar" "COMPILER_FLAGS=  -O2 -c" "EXTRA_COMPILER_FLAGS=-mcpu=cortex-a9 -mfpu=vfpv3 -mfloat-abi=hard -nostartfiles -g -Wall -Wextra"
"Running Make include in ps7_cortexa9_0/libsrc/gpio_v4_4/src"
make -C ps7_cortexa9_0/libsrc/gpio_v4_4/src -s include  "SHELL=CMD" "COMPILER=arm-none-eabi-gcc" "ARCHIVER=arm-none-eabi-ar" "COMPILER_FLAGS=  -O2 -c" "EXTRA_COMPILER_FLAGS=-mcpu=cortex-a9 -mfpu=vfpv3 -mfloat-abi=hard -nostartfiles -g -Wall -Wextra"
"Running Make include in ps7_cortexa9_0/libsrc/iicps_v3_9/src"
make -C ps7_cortexa9_0/libsrc/iicps_v3_9/src -s include  "SHELL=CMD" "COMPILER=arm-none-eabi-gcc" "ARCHIVER=arm-none-eabi-ar" "COMPILER_FLAGS=  -O2 -c" "EXTRA_COMPILER_FLAGS=-mcpu=cortex-a9 -mfpu=vfpv3 -mfloat-abi=hard -nostartfiles -g -Wall -Wextra"
"Running Make include in ps7_cortexa9_0/libsrc/scugic_v4_0/src"
make -C ps7_cortexa9_0/libsrc/scugic_v4_0/src -s include  "SHELL=CMD" "COMPILER=arm-none-eabi-gcc" "ARCHIVER=arm-none-eabi-ar" "COMPILER_FLAGS=  -O2 -c" "EXTRA_COMPILER_FLAGS=-mcpu=cortex-a9 -mfpu=vfpv3 -mfloat-abi=hard -nostartfiles -g -Wall -Wextra"
"Running Make include in ps7_cortexa9_0/libsrc/scutimer_v2_1/src"
make -C ps7_cortexa9_0/libsrc/scutimer_v2_1/src -s include  "SHELL=CMD" "COMPILER=arm-none-eabi-gcc" "ARCHIVER=arm-none-eabi-ar" "COMPILER_FLAGS=  -O2 -c" "EXTRA_COMPILER_FLAGS=-mcpu=cortex-a9 -mfpu=vfpv3 -mfloat-abi=hard -nostartfiles -g -Wall -Wextra"
"Running Make include in ps7_cortexa9_0/libsrc/scuwdt_v2_1/src"
make -C ps7_cortexa9_0/libsrc/scuwdt_v2_1/src -s include  "SHELL=CMD" "COMPILER=arm-none-eabi-gcc" "ARCHIVER=arm-none-eabi-ar" "COMPILER_FLAGS=  -O2 -c" "EXTRA_COMPILER_FLAGS=-mcpu=cortex-a9 -mfpu=vfpv3 -mfloat-abi=hard -nostartfiles -g -Wall -Wextra"
"Running Make include in ps7_cortexa9_0/libsrc/sdps_v3_7/src"
make -C ps7_cortexa9_0/libsrc/sdps_v3_7/src -s include  "SHELL=CMD" "COMPILER=arm-none-eabi-gcc" "ARCHIVER=arm-none-eabi-ar" "COMPILER_FLAGS=  -O2 -c" "EXTRA_COMPILER_FLAGS=-mcpu=cortex-a9 -mfpu=vfpv3 -mfloat-abi=hard -nostartfiles -g -Wall -Wextra"
"Running Make include in ps7_cortexa9_0/libsrc/seven_seg_v1_0/src"
make -C ps7_cortexa9_0/libsrc/seven_seg_v1_0/src -s include  "SHELL=CMD" "COMPILER=arm-none-eabi-gcc" "ARCHIVER=arm-none-eabi-ar" "COMPILER_FLAGS=  -O2 -c" "EXTRA_COMPILER_FLAGS=-mcpu=cortex-a9 -mfpu=vfpv3 -mfloat-abi=hard -nostartfiles -g -Wall -Wextra"
"Running Make include in ps7_cortexa9_0/libsrc/standalone_v7_0/src"
make -C ps7_cortexa9_0/libsrc/standalone_v7_0/src -s include  "SHELL=CMD" "COMPILER=arm-none-eabi-gcc" "ARCHIVER=arm-none-eabi-ar" "COMPILER_FLAGS=  -O2 -c" "EXTRA_COMPILER_FLAGS=-mcpu=cortex-a9 -mfpu=vfpv3 -mfloat-abi=hard -nostartfiles -g -Wall -Wextra"
"Running Make include in ps7_cortexa9_0/libsrc/textlcd_v1_0/src"
make -C ps7_cortexa9_0/libsrc/textlcd_v1_0/src -s include  "SHELL=CMD" "COMPILER=arm-none-eabi-gcc" "ARCHIVER=arm-none-eabi-ar" "COMPILER_FLAGS=  -O2 -c" "EXTRA_COMPILER_FLAGS=-mcpu=cortex-a9 -mfpu=vfpv3 -mfloat-abi=hard -nostartfiles -g -Wall -Wextra"
"Running Make include in ps7_cortexa9_0/libsrc/tftlcd_v1_0/src"
make -C ps7_cortexa9_0/libsrc/tftlcd_v1_0/src -s include  "SHELL=CMD" "COMPILER=arm-none-eabi-gcc" "ARCHIVER=arm-none-eabi-ar" "COMPILER_FLAGS=  -O2 -c" "EXTRA_COMPILER_FLAGS=-mcpu=cortex-a9 -mfpu=vfpv3 -mfloat-abi=hard -nostartfiles -g -Wall -Wextra"
"Running Make include in ps7_cortexa9_0/libsrc/uartps_v3_7/src"
make -C ps7_cortexa9_0/libsrc/uartps_v3_7/src -s include  "SHELL=CMD" "COMPILER=arm-none-eabi-gcc" "ARCHIVER=arm-none-eabi-ar" "COMPILER_FLAGS=  -O2 -c" "EXTRA_COMPILER_FLAGS=-mcpu=cortex-a9 -mfpu=vfpv3 -mfloat-abi=hard -nostartfiles -g -Wall -Wextra"
"Running Make include in ps7_cortexa9_0/libsrc/xadcps_v2_3/src"
make -C ps7_cortexa9_0/libsrc/xadcps_v2_3/src -s include  "SHELL=CMD" "COMPILER=arm-none-eabi-gcc" "ARCHIVER=arm-none-eabi-ar" "COMPILER_FLAGS=  -O2 -c" "EXTRA_COMPILER_FLAGS=-mcpu=cortex-a9 -mfpu=vfpv3 -mfloat-abi=hard -nostartfiles -g -Wall -Wextra"
"Running Make include in ps7_cortexa9_0/libsrc/xilffs_v4_1/src"
make -C ps7_cortexa9_0/libsrc/xilffs_v4_1/src -s include  "SHELL=CMD" "COMPILER=arm-none-eabi-gcc" "ARCHIVER=arm-none-eabi-ar" "COMPILER_FLAGS=  -O2 -c" "EXTRA_COMPILER_FLAGS=-mcpu=cortex-a9 -mfpu=vfpv3 -mfloat-abi=hard -nostartfiles -g -Wall -Wextra"
"Running Make libs in ps7_cortexa9_0/libsrc/coresightps_dcc_v1_5/src"
make -C ps7_cortexa9_0/libsrc/coresightps_dcc_v1_5/src -s libs  "SHELL=CMD" "COMPILER=arm-none-eabi-gcc" "ARCHIVER=arm-none-eabi-ar" "COMPILER_FLAGS=  -O2 -c" "EXTRA_COMPILER_FLAGS=-mcpu=cortex-a9 -mfpu=vfpv3 -mfloat-abi=hard -nostartfiles -g -Wall -Wextra"
"Compiling coresightps_dcc"
"Running Make libs in ps7_cortexa9_0/libsrc/cpu_cortexa9_v2_7/src"
make -C ps7_cortexa9_0/libsrc/cpu_cortexa9_v2_7/src -s libs  "SHELL=CMD" "COMPILER=arm-none-eabi-gcc" "ARCHIVER=arm-none-eabi-ar" "COMPILER_FLAGS=  -O2 -c" "EXTRA_COMPILER_FLAGS=-mcpu=cortex-a9 -mfpu=vfpv3 -mfloat-abi=hard -nostartfiles -g -Wall -Wextra"
"Compiling cpu_cortexa9"
"Running Make libs in ps7_cortexa9_0/libsrc/ddrps_v1_0/src"
make -C ps7_cortexa9_0/libsrc/ddrps_v1_0/src -s libs  "SHELL=CMD" "COMPILER=arm-none-eabi-gcc" "ARCHIVER=arm-none-eabi-ar" "COMPILER_FLAGS=  -O2 -c" "EXTRA_COMPILER_FLAGS=-mcpu=cortex-a9 -mfpu=vfpv3 -mfloat-abi=hard -nostartfiles -g -Wall -Wextra"
"Compiling ddrps"
"Running Make libs in ps7_cortexa9_0/libsrc/devcfg_v3_5/src"
make -C ps7_cortexa9_0/libsrc/devcfg_v3_5/src -s libs  "SHELL=CMD" "COMPILER=arm-none-eabi-gcc" "ARCHIVER=arm-none-eabi-ar" "COMPILER_FLAGS=  -O2 -c" "EXTRA_COMPILER_FLAGS=-mcpu=cortex-a9 -mfpu=vfpv3 -mfloat-abi=hard -nostartfiles -g -Wall -Wextra"
"Compiling devcfg"
"Running Make libs in ps7_cortexa9_0/libsrc/dmaps_v2_4/src"
make -C ps7_cortexa9_0/libsrc/dmaps_v2_4/src -s libs  "SHELL=CMD" "COMPILER=arm-none-eabi-gcc" "ARCHIVER=arm-none-eabi-ar" "COMPILER_FLAGS=  -O2 -c" "EXTRA_COMPILER_FLAGS=-mcpu=cortex-a9 -mfpu=vfpv3 -mfloat-abi=hard -nostartfiles -g -Wall -Wextra"
"Compiling dmaps"
"Running Make libs in ps7_cortexa9_0/libsrc/gpio_v4_4/src"
make -C ps7_cortexa9_0/libsrc/gpio_v4_4/src -s libs  "SHELL=CMD" "COMPILER=arm-none-eabi-gcc" "ARCHIVER=arm-none-eabi-ar" "COMPILER_FLAGS=  -O2 -c" "EXTRA_COMPILER_FLAGS=-mcpu=cortex-a9 -mfpu=vfpv3 -mfloat-abi=hard -nostartfiles -g -Wall -Wextra"
"Compiling gpio"
"Running Make libs in ps7_cortexa9_0/libsrc/iicps_v3_9/src"
make -C ps7_cortexa9_0/libsrc/iicps_v3_9/src -s libs  "SHELL=CMD" "COMPILER=arm-none-eabi-gcc" "ARCHIVER=arm-none-eabi-ar" "COMPILER_FLAGS=  -O2 -c" "EXTRA_COMPILER_FLAGS=-mcpu=cortex-a9 -mfpu=vfpv3 -mfloat-abi=hard -nostartfiles -g -Wall -Wextra"
"Compiling iicps"
"Running Make libs in ps7_cortexa9_0/libsrc/scugic_v4_0/src"
make -C ps7_cortexa9_0/libsrc/scugic_v4_0/src -s libs  "SHELL=CMD" "COMPILER=arm-none-eabi-gcc" "ARCHIVER=arm-none-eabi-ar" "COMPILER_FLAGS=  -O2 -c" "EXTRA_COMPILER_FLAGS=-mcpu=cortex-a9 -mfpu=vfpv3 -mfloat-abi=hard -nostartfiles -g -Wall -Wextra"
"Compiling scugic"
"Running Make libs in ps7_cortexa9_0/libsrc/scutimer_v2_1/src"
make -C ps7_cortexa9_0/libsrc/scutimer_v2_1/src -s libs  "SHELL=CMD" "COMPILER=arm-none-eabi-gcc" "ARCHIVER=arm-none-eabi-ar" "COMPILER_FLAGS=  -O2 -c" "EXTRA_COMPILER_FLAGS=-mcpu=cortex-a9 -mfpu=vfpv3 -mfloat-abi=hard -nostartfiles -g -Wall -Wextra"
"Compiling scutimer"
"Running Make libs in ps7_cortexa9_0/libsrc/scuwdt_v2_1/src"
make -C ps7_cortexa9_0/libsrc/scuwdt_v2_1/src -s libs  "SHELL=CMD" "COMPILER=arm-none-eabi-gcc" "ARCHIVER=arm-none-eabi-ar" "COMPILER_FLAGS=  -O2 -c" "EXTRA_COMPILER_FLAGS=-mcpu=cortex-a9 -mfpu=vfpv3 -mfloat-abi=hard -nostartfiles -g -Wall -Wextra"
"Compiling scuwdt"
"Running Make libs in ps7_cortexa9_0/libsrc/sdps_v3_7/src"
make -C ps7_cortexa9_0/libsrc/sdps_v3_7/src -s libs  "SHELL=CMD" "COMPILER=arm-none-eabi-gcc" "ARCHIVER=arm-none-eabi-ar" "COMPILER_FLAGS=  -O2 -c" "EXTRA_COMPILER_FLAGS=-mcpu=cortex-a9 -mfpu=vfpv3 -mfloat-abi=hard -nostartfiles -g -Wall -Wextra"
"Compiling sdps"
"Running Make libs in ps7_cortexa9_0/libsrc/seven_seg_v1_0/src"
make -C ps7_cortexa9_0/libsrc/seven_seg_v1_0/src -s libs  "SHELL=CMD" "COMPILER=arm-none-eabi-gcc" "ARCHIVER=arm-none-eabi-ar" "COMPILER_FLAGS=  -O2 -c" "EXTRA_COMPILER_FLAGS=-mcpu=cortex-a9 -mfpu=vfpv3 -mfloat-abi=hard -nostartfiles -g -Wall -Wextra"
"Compiling seven_seg..."
seven_seg_selftest.c: In function 'SEVEN_SEG_Reg_SelfTest':
seven_seg_selftest.c:52:58: warning: comparison of integer expressions of different signedness: 'u32' {aka 'long unsigned int'} and 'int' [-Wsign-compare]
    if ( SEVEN_SEG_mReadReg (baseaddr, read_loop_index*4) != (read_loop_index+1)*READ_WRITE_MUL_FACTOR){
                                                          ^~
seven_seg_selftest.c:36:6: warning: unused variable 'Index' [-Wunused-variable]
  int Index;
      ^~~~~
"Running Make libs in ps7_cortexa9_0/libsrc/standalone_v7_0/src"
make -C ps7_cortexa9_0/libsrc/standalone_v7_0/src -s libs  "SHELL=CMD" "COMPILER=arm-none-eabi-gcc" "ARCHIVER=arm-none-eabi-ar" "COMPILER_FLAGS=  -O2 -c" "EXTRA_COMPILER_FLAGS=-mcpu=cortex-a9 -mfpu=vfpv3 -mfloat-abi=hard -nostartfiles -g -Wall -Wextra"
"Compiling standalone"
In file included from usleep.c:56:
xtime_l.h:87:9: note: #pragma message: For the sleep routines, Global timer is being used
 #pragma message ("For the sleep routines, Global timer is being used")
         ^~~~~~~
In file included from sleep.c:53:
xtime_l.h:87:9: note: #pragma message: For the sleep routines, Global timer is being used
 #pragma message ("For the sleep routines, Global timer is being used")
         ^~~~~~~
In file included from xil_sleeptimer.c:51:
xtime_l.h:87:9: note: #pragma message: For the sleep routines, Global timer is being used
 #pragma message ("For the sleep routines, Global timer is being used")
         ^~~~~~~
In file included from xtime_l.c:49:
xtime_l.h:87:9: note: #pragma message: For the sleep routines, Global timer is being used
 #pragma message ("For the sleep routines, Global timer is being used")
         ^~~~~~~
"Running Make libs in ps7_cortexa9_0/libsrc/textlcd_v1_0/src"
make -C ps7_cortexa9_0/libsrc/textlcd_v1_0/src -s libs  "SHELL=CMD" "COMPILER=arm-none-eabi-gcc" "ARCHIVER=arm-none-eabi-ar" "COMPILER_FLAGS=  -O2 -c" "EXTRA_COMPILER_FLAGS=-mcpu=cortex-a9 -mfpu=vfpv3 -mfloat-abi=hard -nostartfiles -g -Wall -Wextra"
"Compiling textlcd..."
textlcd_selftest.c: In function 'TEXTLCD_Reg_SelfTest':
textlcd_selftest.c:52:56: warning: comparison of integer expressions of different signedness: 'u32' {aka 'long unsigned int'} and 'int' [-Wsign-compare]
    if ( TEXTLCD_mReadReg (baseaddr, read_loop_index*4) != (read_loop_index+1)*READ_WRITE_MUL_FACTOR){
                                                        ^~
textlcd_selftest.c:36:6: warning: unused variable 'Index' [-Wunused-variable]
  int Index;
      ^~~~~
"Running Make libs in ps7_cortexa9_0/libsrc/tftlcd_v1_0/src"
make -C ps7_cortexa9_0/libsrc/tftlcd_v1_0/src -s libs  "SHELL=CMD" "COMPILER=arm-none-eabi-gcc" "ARCHIVER=arm-none-eabi-ar" "COMPILER_FLAGS=  -O2 -c" "EXTRA_COMPILER_FLAGS=-mcpu=cortex-a9 -mfpu=vfpv3 -mfloat-abi=hard -nostartfiles -g -Wall -Wextra"
"Compiling tftlcd..."
tftlcd_selftest.c: In function 'TFTLCD_Reg_SelfTest':
tftlcd_selftest.c:52:55: warning: comparison of integer expressions of different signedness: 'u32' {aka 'long unsigned int'} and 'int' [-Wsign-compare]
    if ( TFTLCD_mReadReg (baseaddr, read_loop_index*4) != (read_loop_index+1)*READ_WRITE_MUL_FACTOR){
                                                       ^~
tftlcd_selftest.c:36:6: warning: unused variable 'Index' [-Wunused-variable]
  int Index;
      ^~~~~
"Running Make libs in ps7_cortexa9_0/libsrc/uartps_v3_7/src"
make -C ps7_cortexa9_0/libsrc/uartps_v3_7/src -s libs  "SHELL=CMD" "COMPILER=arm-none-eabi-gcc" "ARCHIVER=arm-none-eabi-ar" "COMPILER_FLAGS=  -O2 -c" "EXTRA_COMPILER_FLAGS=-mcpu=cortex-a9 -mfpu=vfpv3 -mfloat-abi=hard -nostartfiles -g -Wall -Wextra"
"Compiling uartps"
"Running Make libs in ps7_cortexa9_0/libsrc/xadcps_v2_3/src"
make -C ps7_cortexa9_0/libsrc/xadcps_v2_3/src -s libs  "SHELL=CMD" "COMPILER=arm-none-eabi-gcc" "ARCHIVER=arm-none-eabi-ar" "COMPILER_FLAGS=  -O2 -c" "EXTRA_COMPILER_FLAGS=-mcpu=cortex-a9 -mfpu=vfpv3 -mfloat-abi=hard -nostartfiles -g -Wall -Wextra"
"Compiling xadcps"
"Running Make libs in ps7_cortexa9_0/libsrc/xilffs_v4_1/src"
make -C ps7_cortexa9_0/libsrc/xilffs_v4_1/src -s libs  "SHELL=CMD" "COMPILER=arm-none-eabi-gcc" "ARCHIVER=arm-none-eabi-ar" "COMPILER_FLAGS=  -O2 -c" "EXTRA_COMPILER_FLAGS=-mcpu=cortex-a9 -mfpu=vfpv3 -mfloat-abi=hard -nostartfiles -g -Wall -Wextra"
"Compiling XilFFs Library"
'Finished building libraries'
18:08:42 **** Incremental Build of configuration Debug for project tebf ****
make pre-build main-build 
a9-linaro-pre-build-step
 
Building file: ../src/main.c
Invoking: ARM v7 gcc compiler
arm-none-eabi-gcc -Wall -O0 -g3 -c -fmessage-length=0 -MT"src/main.o" -mcpu=cortex-a9 -mfpu=vfpv3 -mfloat-abi=hard -I../../tebf_bsp/ps7_cortexa9_0/include -MMD -MP -MF"src/main.d" -MT"src/main.o" -o "src/main.o" "../src/main.c"
../src/main.c: In function 'FormatScoreLine':
../src/main.c:142:5: warning: implicit declaration of function 'sprintf' [-Wimplicit-function-declaration]
     sprintf(buf, "Score %04d       ", score);
     ^~~~~~~
../src/main.c:142:5: warning: incompatible implicit declaration of built-in function 'sprintf'
../src/main.c:142:5: note: include '<stdio.h>' or provide a declaration of 'sprintf'
../src/main.c:9:1:
+#include <stdio.h>
 
../src/main.c:142:5:
     sprintf(buf, "Score %04d       ", score);
     ^~~~~~~
Finished building: ../src/main.c
 
Building target: tebf.elf
Invoking: ARM v7 gcc linker
arm-none-eabi-gcc -mcpu=cortex-a9 -mfpu=vfpv3 -mfloat-abi=hard -Wl,-build-id=none -specs=Xilinx.spec -Wl,-T -Wl,../src/lscript.ld -L../../tebf_bsp/ps7_cortexa9_0/lib -o "tebf.elf"  ./src/main.o   -Wl,--start-group,-lxil,-lgcc,-lc,--end-group -Wl,--start-group,-lxilffs,-lxil,-lgcc,-lc,--end-group
Finished building target: tebf.elf
 
Invoking: ARM v7 Print Size
arm-none-eabi-size tebf.elf  |tee "tebf.elf.size"
   text	   data	    bss	    dec	    hex	filename
  56192	   2600	  23344	  82136	  140d8	tebf.elf
Finished building: tebf.elf.size
 
18:11:55 **** Incremental Build of configuration Debug for project tebf ****
make pre-build main-build 
a9-linaro-pre-build-step
 
make: Nothing to be done for 'main-build'.
18:13:37 **** Incremental Build of configuration Debug for project tebf ****
make pre-build main-build 
a9-linaro-pre-build-step
 
Building file: ../src/main.c
Invoking: ARM v7 gcc compiler
arm-none-eabi-gcc -Wall -O0 -g3 -c -fmessage-length=0 -MT"src/main.o" -mcpu=cortex-a9 -mfpu=vfpv3 -mfloat-abi=hard -I../../tebf_bsp/ps7_cortexa9_0/include -MMD -MP -MF"src/main.d" -MT"src/main.o" -o "src/main.o" "../src/main.c"
../src/main.c: In function 'main':
../src/main.c:47:43: warning: passing argument 4 of 'f_read' from incompatible pointer type [-Wincompatible-pointer-types]
     Res = f_read(&fil, buffer, data_size, &NumBytesRead);
                                           ^~~~~~~~~~~~~
In file included from ../src/main.c:7:
../../tebf_bsp/ps7_cortexa9_0/include/ff.h:275:54: note: expected 'UINT *' {aka 'unsigned int *'} but argument is of type 'u32 *' {aka 'long unsigned int *'}
 FRESULT f_read (FIL* fp, void* buff, UINT btr, UINT* br);   /* Read data from the file */
                                                ~~~~~~^~
../src/main.c:98:3: warning: implicit declaration of function 'GetCmdWithLiveLCD' [-Wimplicit-function-declaration]
   GetCmdWithLiveLCD(id, TextLine1);  // 실시간 LCD 출력
   ^~~~~~~~~~~~~~~~~
../src/main.c: At top level:
../src/main.c:288:6: warning: conflicting types for 'GetCmdWithLiveLCD'
 void GetCmdWithLiveLCD(char *buf, int line)
      ^~~~~~~~~~~~~~~~~
../src/main.c:98:3: note: previous implicit declaration of 'GetCmdWithLiveLCD' was here
   GetCmdWithLiveLCD(id, TextLine1);  // 실시간 LCD 출력
   ^~~~~~~~~~~~~~~~~
Finished building: ../src/main.c
 
Building target: tebf.elf
Invoking: ARM v7 gcc linker
arm-none-eabi-gcc -mcpu=cortex-a9 -mfpu=vfpv3 -mfloat-abi=hard -Wl,-build-id=none -specs=Xilinx.spec -Wl,-T -Wl,../src/lscript.ld -L../../tebf_bsp/ps7_cortexa9_0/lib -o "tebf.elf"  ./src/main.o   -Wl,--start-group,-lxil,-lgcc,-lc,--end-group -Wl,--start-group,-lxilffs,-lxil,-lgcc,-lc,--end-group
Finished building target: tebf.elf
 
Invoking: ARM v7 Print Size
arm-none-eabi-size tebf.elf  |tee "tebf.elf.size"
   text	   data	    bss	    dec	    hex	filename
  89816	   2680	 287296	 379792	  5cb90	tebf.elf
Finished building: tebf.elf.size
 
18:13:43 **** Incremental Build of configuration Debug for project tebf ****
make pre-build main-build 
a9-linaro-pre-build-step
 
make: Nothing to be done for 'main-build'.
18:15:28 **** Incremental Build of configuration Debug for project tebf ****
make pre-build main-build 
a9-linaro-pre-build-step
 
Building file: ../src/main.c
Invoking: ARM v7 gcc compiler
arm-none-eabi-gcc -Wall -O0 -g3 -c -fmessage-length=0 -MT"src/main.o" -mcpu=cortex-a9 -mfpu=vfpv3 -mfloat-abi=hard -I../../tebf_bsp/ps7_cortexa9_0/include -MMD -MP -MF"src/main.d" -MT"src/main.o" -o "src/main.o" "../src/main.c"
../src/main.c: In function 'main':
../src/main.c:49:43: warning: passing argument 4 of 'f_read' from incompatible pointer type [-Wincompatible-pointer-types]
     Res = f_read(&fil, buffer, data_size, &NumBytesRead);
                                           ^~~~~~~~~~~~~
In file included from ../src/main.c:7:
../../tebf_bsp/ps7_cortexa9_0/include/ff.h:275:54: note: expected 'UINT *' {aka 'unsigned int *'} but argument is of type 'u32 *' {aka 'long unsigned int *'}
 FRESULT f_read (FIL* fp, void* buff, UINT btr, UINT* br);   /* Read data from the file */
                                                ~~~~~~^~
../src/main.c:62:23: error: 'XPAR_RGBLCD_0_S00_AXI_BASEADDR' undeclared (first use in this function); did you mean 'XPAR_TFTLCD_0_S00_AXI_BASEADDR'?
             Xil_Out32(XPAR_RGBLCD_0_S00_AXI_BASEADDR + (2 * j + 480 * i) * 4, Data);
                       ^~~~~~~~~~~~~~~~~~~~~~~~~~~~~~
                       XPAR_TFTLCD_0_S00_AXI_BASEADDR
../src/main.c:62:23: note: each undeclared identifier is reported only once for each function it appears in
../src/main.c:101:3: warning: implicit declaration of function 'GetCmdWithLiveLCD' [-Wimplicit-function-declaration]
   GetCmdWithLiveLCD(id, TextLine1);  // 실시간 LCD 출력
   ^~~~~~~~~~~~~~~~~
../src/main.c:202:13: warning: implicit declaration of function 'load_image_from_sdcard' [-Wimplicit-function-declaration]
             load_image_from_sdcard(filename);
             ^~~~~~~~~~~~~~~~~~~~~~
../src/main.c: At top level:
../src/main.c:214:6: warning: conflicting types for 'load_image_from_sdcard'
 void load_image_from_sdcard(const char *filename) {
      ^~~~~~~~~~~~~~~~~~~~~~
../src/main.c:202:13: note: previous implicit declaration of 'load_image_from_sdcard' was here
             load_image_from_sdcard(filename);
             ^~~~~~~~~~~~~~~~~~~~~~
../src/main.c: In function 'load_image_from_sdcard':
../src/main.c:238:43: warning: passing argument 4 of 'f_read' from incompatible pointer type [-Wincompatible-pointer-types]
     Res = f_read(&fil, buffer, data_size, &NumBytesRead);
                                           ^~~~~~~~~~~~~
In file included from ../src/main.c:7:
../../tebf_bsp/ps7_cortexa9_0/include/ff.h:275:54: note: expected 'UINT *' {aka 'unsigned int *'} but argument is of type 'u32 *' {aka 'long unsigned int *'}
 FRESULT f_read (FIL* fp, void* buff, UINT btr, UINT* br);   /* Read data from the file */
                                                ~~~~~~^~
../src/main.c:21:25: error: 'XPAR_RGBLCD_0_S00_AXI_BASEADDR' undeclared (first use in this function); did you mean 'XPAR_TFTLCD_0_S00_AXI_BASEADDR'?
 #define IMAGE_BASEADDR (XPAR_RGBLCD_0_S00_AXI_BASEADDR + 0x4000)     /*slv_reg 겹침 방지를 위해 +0x4000*/
                         ^~~~~~~~~~~~~~~~~~~~~~~~~~~~~~
../src/main.c:265:23: note: in expansion of macro 'IMAGE_BASEADDR'
             Xil_Out32(IMAGE_BASEADDR + (2 * (j + pixel_offset) + 480 * y_index) * 4, Data);
                       ^~~~~~~~~~~~~~
../src/main.c: At top level:
../src/main.c:383:6: warning: conflicting types for 'GetCmdWithLiveLCD'
 void GetCmdWithLiveLCD(char *buf, int line)
      ^~~~~~~~~~~~~~~~~
../src/main.c:101:3: note: previous implicit declaration of 'GetCmdWithLiveLCD' was here
   GetCmdWithLiveLCD(id, TextLine1);  // 실시간 LCD 출력
   ^~~~~~~~~~~~~~~~~
make: *** [src/subdir.mk:23: src/main.o] Error 1
18:16:13 **** Incremental Build of configuration Debug for project tebf ****
make pre-build main-build 
a9-linaro-pre-build-step
 
Building file: ../src/main.c
Invoking: ARM v7 gcc compiler
arm-none-eabi-gcc -Wall -O0 -g3 -c -fmessage-length=0 -MT"src/main.o" -mcpu=cortex-a9 -mfpu=vfpv3 -mfloat-abi=hard -I../../tebf_bsp/ps7_cortexa9_0/include -MMD -MP -MF"src/main.d" -MT"src/main.o" -o "src/main.o" "../src/main.c"
../src/main.c: In function 'main':
../src/main.c:49:43: warning: passing argument 4 of 'f_read' from incompatible pointer type [-Wincompatible-pointer-types]
     Res = f_read(&fil, buffer, data_size, &NumBytesRead);
                                           ^~~~~~~~~~~~~
In file included from ../src/main.c:7:
../../tebf_bsp/ps7_cortexa9_0/include/ff.h:275:54: note: expected 'UINT *' {aka 'unsigned int *'} but argument is of type 'u32 *' {aka 'long unsigned int *'}
 FRESULT f_read (FIL* fp, void* buff, UINT btr, UINT* br);   /* Read data from the file */
                                                ~~~~~~^~
../src/main.c:101:3: warning: implicit declaration of function 'GetCmdWithLiveLCD' [-Wimplicit-function-declaration]
   GetCmdWithLiveLCD(id, TextLine1);  // 실시간 LCD 출력
   ^~~~~~~~~~~~~~~~~
../src/main.c:202:13: warning: implicit declaration of function 'load_image_from_sdcard' [-Wimplicit-function-declaration]
             load_image_from_sdcard(filename);
             ^~~~~~~~~~~~~~~~~~~~~~
../src/main.c: At top level:
../src/main.c:214:6: warning: conflicting types for 'load_image_from_sdcard'
 void load_image_from_sdcard(const char *filename) {
      ^~~~~~~~~~~~~~~~~~~~~~
../src/main.c:202:13: note: previous implicit declaration of 'load_image_from_sdcard' was here
             load_image_from_sdcard(filename);
             ^~~~~~~~~~~~~~~~~~~~~~
../src/main.c: In function 'load_image_from_sdcard':
../src/main.c:238:43: warning: passing argument 4 of 'f_read' from incompatible pointer type [-Wincompatible-pointer-types]
     Res = f_read(&fil, buffer, data_size, &NumBytesRead);
                                           ^~~~~~~~~~~~~
In file included from ../src/main.c:7:
../../tebf_bsp/ps7_cortexa9_0/include/ff.h:275:54: note: expected 'UINT *' {aka 'unsigned int *'} but argument is of type 'u32 *' {aka 'long unsigned int *'}
 FRESULT f_read (FIL* fp, void* buff, UINT btr, UINT* br);   /* Read data from the file */
                                                ~~~~~~^~
../src/main.c: At top level:
../src/main.c:383:6: warning: conflicting types for 'GetCmdWithLiveLCD'
 void GetCmdWithLiveLCD(char *buf, int line)
      ^~~~~~~~~~~~~~~~~
../src/main.c:101:3: note: previous implicit declaration of 'GetCmdWithLiveLCD' was here
   GetCmdWithLiveLCD(id, TextLine1);  // 실시간 LCD 출력
   ^~~~~~~~~~~~~~~~~
Finished building: ../src/main.c
 
Building target: tebf.elf
Invoking: ARM v7 gcc linker
arm-none-eabi-gcc -mcpu=cortex-a9 -mfpu=vfpv3 -mfloat-abi=hard -Wl,-build-id=none -specs=Xilinx.spec -Wl,-T -Wl,../src/lscript.ld -L../../tebf_bsp/ps7_cortexa9_0/lib -o "tebf.elf"  ./src/main.o   -Wl,--start-group,-lxil,-lgcc,-lc,--end-group -Wl,--start-group,-lxilffs,-lxil,-lgcc,-lc,--end-group
Finished building target: tebf.elf
 
Invoking: ARM v7 Print Size
arm-none-eabi-size tebf.elf  |tee "tebf.elf.size"
   text	   data	    bss	    dec	    hex	filename
 125588	   2648	 287328	 415564	  6574c	tebf.elf
Finished building: tebf.elf.size
 
18:16:17 **** Incremental Build of configuration Debug for project tebf ****
make pre-build main-build 
a9-linaro-pre-build-step
 
make: Nothing to be done for 'main-build'.
18:40:18 **** Incremental Build of configuration Debug for project tebf ****
make pre-build main-build 
a9-linaro-pre-build-step
 
Building file: ../src/main.c
Invoking: ARM v7 gcc compiler
arm-none-eabi-gcc -Wall -O0 -g3 -c -fmessage-length=0 -MT"src/main.o" -mcpu=cortex-a9 -mfpu=vfpv3 -mfloat-abi=hard -I../../tebf_bsp/ps7_cortexa9_0/include -MMD -MP -MF"src/main.d" -MT"src/main.o" -o "src/main.o" "../src/main.c"
../src/main.c: In function 'main':
../src/main.c:56:43: warning: passing argument 4 of 'f_read' from incompatible pointer type [-Wincompatible-pointer-types]
     Res = f_read(&fil, buffer, data_size, &NumBytesRead);
                                           ^~~~~~~~~~~~~
In file included from ../src/main.c:7:
../../tebf_bsp/ps7_cortexa9_0/include/ff.h:275:54: note: expected 'UINT *' {aka 'unsigned int *'} but argument is of type 'u32 *' {aka 'long unsigned int *'}
 FRESULT f_read (FIL* fp, void* buff, UINT btr, UINT* br);   /* Read data from the file */
                                                ~~~~~~^~
../src/main.c:70:23: error: 'XPAR_RGBLCD_0_S00_AXI_BASEADDR' undeclared (first use in this function); did you mean 'XPAR_TFTLCD_0_S00_AXI_BASEADDR'?
             Xil_Out32(XPAR_RGBLCD_0_S00_AXI_BASEADDR + (2 * j + 480 * i) * 4, Data);
                       ^~~~~~~~~~~~~~~~~~~~~~~~~~~~~~
                       XPAR_TFTLCD_0_S00_AXI_BASEADDR
../src/main.c:70:23: note: each undeclared identifier is reported only once for each function it appears in
../src/main.c:86:9: error: redefinition of 'score'
     int score = 123;
         ^~~~~
../src/main.c:59:9: note: previous definition of 'score' was here
     int score = 0;
         ^~~~~
../src/main.c:109:3: warning: implicit declaration of function 'GetCmdWithLiveLCD' [-Wimplicit-function-declaration]
   GetCmdWithLiveLCD(id, TextLine1);  // 실시간 LCD 출력
   ^~~~~~~~~~~~~~~~~
../src/main.c:215:13: warning: implicit declaration of function 'load_image_from_sdcard' [-Wimplicit-function-declaration]
             load_image_from_sdcard(filename);
             ^~~~~~~~~~~~~~~~~~~~~~
../src/main.c: At top level:
../src/main.c:242:6: warning: conflicting types for 'load_image_from_sdcard'
 void load_image_from_sdcard(const char *filename) {
      ^~~~~~~~~~~~~~~~~~~~~~
../src/main.c:215:13: note: previous implicit declaration of 'load_image_from_sdcard' was here
             load_image_from_sdcard(filename);
             ^~~~~~~~~~~~~~~~~~~~~~
../src/main.c: In function 'load_image_from_sdcard':
../src/main.c:266:43: warning: passing argument 4 of 'f_read' from incompatible pointer type [-Wincompatible-pointer-types]
     Res = f_read(&fil, buffer, data_size, &NumBytesRead);
                                           ^~~~~~~~~~~~~
In file included from ../src/main.c:7:
../../tebf_bsp/ps7_cortexa9_0/include/ff.h:275:54: note: expected 'UINT *' {aka 'unsigned int *'} but argument is of type 'u32 *' {aka 'long unsigned int *'}
 FRESULT f_read (FIL* fp, void* buff, UINT btr, UINT* br);   /* Read data from the file */
                                                ~~~~~~^~
../src/main.c:24:25: error: 'XPAR_RGBLCD_0_S00_AXI_BASEADDR' undeclared (first use in this function); did you mean 'XPAR_TFTLCD_0_S00_AXI_BASEADDR'?
 #define IMAGE_BASEADDR (XPAR_RGBLCD_0_S00_AXI_BASEADDR + 0x4000)     /*slv_reg 겹침 방지를 위해 +0x4000*/
                         ^~~~~~~~~~~~~~~~~~~~~~~~~~~~~~
../src/main.c:293:23: note: in expansion of macro 'IMAGE_BASEADDR'
             Xil_Out32(IMAGE_BASEADDR + (2 * (j + pixel_offset) + 480 * y_index) * 4, Data);
                       ^~~~~~~~~~~~~~
../src/main.c: In function 'GetInput':
../src/main.c:315:17: error: 'MAX_LEN' undeclared (first use in this function); did you mean 'FF_MAX_LFN'?
         if (i < MAX_LEN - 1) {
                 ^~~~~~~
                 FF_MAX_LFN
../src/main.c: At top level:
../src/main.c:430:6: warning: conflicting types for 'GetCmdWithLiveLCD'
 void GetCmdWithLiveLCD(char *buf, int line)
      ^~~~~~~~~~~~~~~~~
../src/main.c:109:3: note: previous implicit declaration of 'GetCmdWithLiveLCD' was here
   GetCmdWithLiveLCD(id, TextLine1);  // 실시간 LCD 출력
   ^~~~~~~~~~~~~~~~~
make: *** [src/subdir.mk:23: src/main.o] Error 1
18:42:05 **** Incremental Build of configuration Debug for project tebf ****
make pre-build main-build 
a9-linaro-pre-build-step
 
Building file: ../src/main.c
Invoking: ARM v7 gcc compiler
arm-none-eabi-gcc -Wall -O0 -g3 -c -fmessage-length=0 -MT"src/main.o" -mcpu=cortex-a9 -mfpu=vfpv3 -mfloat-abi=hard -I../../tebf_bsp/ps7_cortexa9_0/include -MMD -MP -MF"src/main.d" -MT"src/main.o" -o "src/main.o" "../src/main.c"
../src/main.c: In function 'main':
../src/main.c:56:43: warning: passing argument 4 of 'f_read' from incompatible pointer type [-Wincompatible-pointer-types]
     Res = f_read(&fil, buffer, data_size, &NumBytesRead);
                                           ^~~~~~~~~~~~~
In file included from ../src/main.c:7:
../../tebf_bsp/ps7_cortexa9_0/include/ff.h:275:54: note: expected 'UINT *' {aka 'unsigned int *'} but argument is of type 'u32 *' {aka 'long unsigned int *'}
 FRESULT f_read (FIL* fp, void* buff, UINT btr, UINT* br);   /* Read data from the file */
                                                ~~~~~~^~
../src/main.c:86:9: error: redefinition of 'score'
     int score = 123;
         ^~~~~
../src/main.c:59:9: note: previous definition of 'score' was here
     int score = 0;
         ^~~~~
../src/main.c:109:3: warning: implicit declaration of function 'GetCmdWithLiveLCD' [-Wimplicit-function-declaration]
   GetCmdWithLiveLCD(id, TextLine1);  // 실시간 LCD 출력
   ^~~~~~~~~~~~~~~~~
../src/main.c:215:13: warning: implicit declaration of function 'load_image_from_sdcard' [-Wimplicit-function-declaration]
             load_image_from_sdcard(filename);
             ^~~~~~~~~~~~~~~~~~~~~~
../src/main.c: At top level:
../src/main.c:242:6: warning: conflicting types for 'load_image_from_sdcard'
 void load_image_from_sdcard(const char *filename) {
      ^~~~~~~~~~~~~~~~~~~~~~
../src/main.c:215:13: note: previous implicit declaration of 'load_image_from_sdcard' was here
             load_image_from_sdcard(filename);
             ^~~~~~~~~~~~~~~~~~~~~~
../src/main.c: In function 'load_image_from_sdcard':
../src/main.c:266:43: warning: passing argument 4 of 'f_read' from incompatible pointer type [-Wincompatible-pointer-types]
     Res = f_read(&fil, buffer, data_size, &NumBytesRead);
                                           ^~~~~~~~~~~~~
In file included from ../src/main.c:7:
../../tebf_bsp/ps7_cortexa9_0/include/ff.h:275:54: note: expected 'UINT *' {aka 'unsigned int *'} but argument is of type 'u32 *' {aka 'long unsigned int *'}
 FRESULT f_read (FIL* fp, void* buff, UINT btr, UINT* br);   /* Read data from the file */
                                                ~~~~~~^~
../src/main.c: At top level:
../src/main.c:412:6: warning: conflicting types for 'GetCmdWithLiveLCD'
 void GetCmdWithLiveLCD(char *buf, int line)
      ^~~~~~~~~~~~~~~~~
../src/main.c:109:3: note: previous implicit declaration of 'GetCmdWithLiveLCD' was here
   GetCmdWithLiveLCD(id, TextLine1);  // 실시간 LCD 출력
   ^~~~~~~~~~~~~~~~~
make: *** [src/subdir.mk:23: src/main.o] Error 1
18:42:30 **** Incremental Build of configuration Debug for project tebf ****
make pre-build main-build 
a9-linaro-pre-build-step
 
Building file: ../src/main.c
Invoking: ARM v7 gcc compiler
arm-none-eabi-gcc -Wall -O0 -g3 -c -fmessage-length=0 -MT"src/main.o" -mcpu=cortex-a9 -mfpu=vfpv3 -mfloat-abi=hard -I../../tebf_bsp/ps7_cortexa9_0/include -MMD -MP -MF"src/main.d" -MT"src/main.o" -o "src/main.o" "../src/main.c"
../src/main.c: In function 'main':
../src/main.c:56:43: warning: passing argument 4 of 'f_read' from incompatible pointer type [-Wincompatible-pointer-types]
     Res = f_read(&fil, buffer, data_size, &NumBytesRead);
                                           ^~~~~~~~~~~~~
In file included from ../src/main.c:7:
../../tebf_bsp/ps7_cortexa9_0/include/ff.h:275:54: note: expected 'UINT *' {aka 'unsigned int *'} but argument is of type 'u32 *' {aka 'long unsigned int *'}
 FRESULT f_read (FIL* fp, void* buff, UINT btr, UINT* br);   /* Read data from the file */
                                                ~~~~~~^~
../src/main.c:108:3: warning: implicit declaration of function 'GetCmdWithLiveLCD' [-Wimplicit-function-declaration]
   GetCmdWithLiveLCD(id, TextLine1);  // 실시간 LCD 출력
   ^~~~~~~~~~~~~~~~~
../src/main.c:214:13: warning: implicit declaration of function 'load_image_from_sdcard' [-Wimplicit-function-declaration]
             load_image_from_sdcard(filename);
             ^~~~~~~~~~~~~~~~~~~~~~
../src/main.c: At top level:
../src/main.c:241:6: warning: conflicting types for 'load_image_from_sdcard'
 void load_image_from_sdcard(const char *filename) {
      ^~~~~~~~~~~~~~~~~~~~~~
../src/main.c:214:13: note: previous implicit declaration of 'load_image_from_sdcard' was here
             load_image_from_sdcard(filename);
             ^~~~~~~~~~~~~~~~~~~~~~
../src/main.c: In function 'load_image_from_sdcard':
../src/main.c:265:43: warning: passing argument 4 of 'f_read' from incompatible pointer type [-Wincompatible-pointer-types]
     Res = f_read(&fil, buffer, data_size, &NumBytesRead);
                                           ^~~~~~~~~~~~~
In file included from ../src/main.c:7:
../../tebf_bsp/ps7_cortexa9_0/include/ff.h:275:54: note: expected 'UINT *' {aka 'unsigned int *'} but argument is of type 'u32 *' {aka 'long unsigned int *'}
 FRESULT f_read (FIL* fp, void* buff, UINT btr, UINT* br);   /* Read data from the file */
                                                ~~~~~~^~
../src/main.c: At top level:
../src/main.c:411:6: warning: conflicting types for 'GetCmdWithLiveLCD'
 void GetCmdWithLiveLCD(char *buf, int line)
      ^~~~~~~~~~~~~~~~~
../src/main.c:108:3: note: previous implicit declaration of 'GetCmdWithLiveLCD' was here
   GetCmdWithLiveLCD(id, TextLine1);  // 실시간 LCD 출력
   ^~~~~~~~~~~~~~~~~
Finished building: ../src/main.c
 
Building target: tebf.elf
Invoking: ARM v7 gcc linker
arm-none-eabi-gcc -mcpu=cortex-a9 -mfpu=vfpv3 -mfloat-abi=hard -Wl,-build-id=none -specs=Xilinx.spec -Wl,-T -Wl,../src/lscript.ld -L../../tebf_bsp/ps7_cortexa9_0/lib -o "tebf.elf"  ./src/main.o   -Wl,--start-group,-lxil,-lgcc,-lc,--end-group -Wl,--start-group,-lxilffs,-lxil,-lgcc,-lc,--end-group
Finished building target: tebf.elf
 
Invoking: ARM v7 Print Size
arm-none-eabi-size tebf.elf  |tee "tebf.elf.size"
   text	   data	    bss	    dec	    hex	filename
 126884	   2664	 287344	 416892	  65c7c	tebf.elf
Finished building: tebf.elf.size
 
18:42:35 **** Incremental Build of configuration Debug for project tebf ****
make pre-build main-build 
a9-linaro-pre-build-step
 
make: Nothing to be done for 'main-build'.
18:49:59 **** Incremental Build of project tebf_bsp ****
make -k all 
"Running Make include in ps7_cortexa9_0/libsrc/coresightps_dcc_v1_5/src"
make -C ps7_cortexa9_0/libsrc/coresightps_dcc_v1_5/src -s include  "SHELL=CMD" "COMPILER=arm-none-eabi-gcc" "ARCHIVER=arm-none-eabi-ar" "COMPILER_FLAGS=  -O2 -c" "EXTRA_COMPILER_FLAGS=-mcpu=cortex-a9 -mfpu=vfpv3 -mfloat-abi=hard -nostartfiles -g -Wall -Wextra"
"Running Make include in ps7_cortexa9_0/libsrc/cpu_cortexa9_v2_7/src"
make -C ps7_cortexa9_0/libsrc/cpu_cortexa9_v2_7/src -s include  "SHELL=CMD" "COMPILER=arm-none-eabi-gcc" "ARCHIVER=arm-none-eabi-ar" "COMPILER_FLAGS=  -O2 -c" "EXTRA_COMPILER_FLAGS=-mcpu=cortex-a9 -mfpu=vfpv3 -mfloat-abi=hard -nostartfiles -g -Wall -Wextra"
"Running Make include in ps7_cortexa9_0/libsrc/ddrps_v1_0/src"
make -C ps7_cortexa9_0/libsrc/ddrps_v1_0/src -s include  "SHELL=CMD" "COMPILER=arm-none-eabi-gcc" "ARCHIVER=arm-none-eabi-ar" "COMPILER_FLAGS=  -O2 -c" "EXTRA_COMPILER_FLAGS=-mcpu=cortex-a9 -mfpu=vfpv3 -mfloat-abi=hard -nostartfiles -g -Wall -Wextra"
"Running Make include in ps7_cortexa9_0/libsrc/devcfg_v3_5/src"
make -C ps7_cortexa9_0/libsrc/devcfg_v3_5/src -s include  "SHELL=CMD" "COMPILER=arm-none-eabi-gcc" "ARCHIVER=arm-none-eabi-ar" "COMPILER_FLAGS=  -O2 -c" "EXTRA_COMPILER_FLAGS=-mcpu=cortex-a9 -mfpu=vfpv3 -mfloat-abi=hard -nostartfiles -g -Wall -Wextra"
"Running Make include in ps7_cortexa9_0/libsrc/dmaps_v2_4/src"
make -C ps7_cortexa9_0/libsrc/dmaps_v2_4/src -s include  "SHELL=CMD" "COMPILER=arm-none-eabi-gcc" "ARCHIVER=arm-none-eabi-ar" "COMPILER_FLAGS=  -O2 -c" "EXTRA_COMPILER_FLAGS=-mcpu=cortex-a9 -mfpu=vfpv3 -mfloat-abi=hard -nostartfiles -g -Wall -Wextra"
"Running Make include in ps7_cortexa9_0/libsrc/gpio_v4_4/src"
make -C ps7_cortexa9_0/libsrc/gpio_v4_4/src -s include  "SHELL=CMD" "COMPILER=arm-none-eabi-gcc" "ARCHIVER=arm-none-eabi-ar" "COMPILER_FLAGS=  -O2 -c" "EXTRA_COMPILER_FLAGS=-mcpu=cortex-a9 -mfpu=vfpv3 -mfloat-abi=hard -nostartfiles -g -Wall -Wextra"
"Running Make include in ps7_cortexa9_0/libsrc/iicps_v3_9/src"
make -C ps7_cortexa9_0/libsrc/iicps_v3_9/src -s include  "SHELL=CMD" "COMPILER=arm-none-eabi-gcc" "ARCHIVER=arm-none-eabi-ar" "COMPILER_FLAGS=  -O2 -c" "EXTRA_COMPILER_FLAGS=-mcpu=cortex-a9 -mfpu=vfpv3 -mfloat-abi=hard -nostartfiles -g -Wall -Wextra"
"Running Make include in ps7_cortexa9_0/libsrc/scugic_v4_0/src"
make -C ps7_cortexa9_0/libsrc/scugic_v4_0/src -s include  "SHELL=CMD" "COMPILER=arm-none-eabi-gcc" "ARCHIVER=arm-none-eabi-ar" "COMPILER_FLAGS=  -O2 -c" "EXTRA_COMPILER_FLAGS=-mcpu=cortex-a9 -mfpu=vfpv3 -mfloat-abi=hard -nostartfiles -g -Wall -Wextra"
"Running Make include in ps7_cortexa9_0/libsrc/scutimer_v2_1/src"
make -C ps7_cortexa9_0/libsrc/scutimer_v2_1/src -s include  "SHELL=CMD" "COMPILER=arm-none-eabi-gcc" "ARCHIVER=arm-none-eabi-ar" "COMPILER_FLAGS=  -O2 -c" "EXTRA_COMPILER_FLAGS=-mcpu=cortex-a9 -mfpu=vfpv3 -mfloat-abi=hard -nostartfiles -g -Wall -Wextra"
"Running Make include in ps7_cortexa9_0/libsrc/scuwdt_v2_1/src"
make -C ps7_cortexa9_0/libsrc/scuwdt_v2_1/src -s include  "SHELL=CMD" "COMPILER=arm-none-eabi-gcc" "ARCHIVER=arm-none-eabi-ar" "COMPILER_FLAGS=  -O2 -c" "EXTRA_COMPILER_FLAGS=-mcpu=cortex-a9 -mfpu=vfpv3 -mfloat-abi=hard -nostartfiles -g -Wall -Wextra"
"Running Make include in ps7_cortexa9_0/libsrc/sdps_v3_7/src"
make -C ps7_cortexa9_0/libsrc/sdps_v3_7/src -s include  "SHELL=CMD" "COMPILER=arm-none-eabi-gcc" "ARCHIVER=arm-none-eabi-ar" "COMPILER_FLAGS=  -O2 -c" "EXTRA_COMPILER_FLAGS=-mcpu=cortex-a9 -mfpu=vfpv3 -mfloat-abi=hard -nostartfiles -g -Wall -Wextra"
"Running Make include in ps7_cortexa9_0/libsrc/seven_seg_v1_0/src"
make -C ps7_cortexa9_0/libsrc/seven_seg_v1_0/src -s include  "SHELL=CMD" "COMPILER=arm-none-eabi-gcc" "ARCHIVER=arm-none-eabi-ar" "COMPILER_FLAGS=  -O2 -c" "EXTRA_COMPILER_FLAGS=-mcpu=cortex-a9 -mfpu=vfpv3 -mfloat-abi=hard -nostartfiles -g -Wall -Wextra"
"Running Make include in ps7_cortexa9_0/libsrc/standalone_v7_0/src"
make -C ps7_cortexa9_0/libsrc/standalone_v7_0/src -s include  "SHELL=CMD" "COMPILER=arm-none-eabi-gcc" "ARCHIVER=arm-none-eabi-ar" "COMPILER_FLAGS=  -O2 -c" "EXTRA_COMPILER_FLAGS=-mcpu=cortex-a9 -mfpu=vfpv3 -mfloat-abi=hard -nostartfiles -g -Wall -Wextra"
"Running Make include in ps7_cortexa9_0/libsrc/textlcd_v1_0/src"
make -C ps7_cortexa9_0/libsrc/textlcd_v1_0/src -s include  "SHELL=CMD" "COMPILER=arm-none-eabi-gcc" "ARCHIVER=arm-none-eabi-ar" "COMPILER_FLAGS=  -O2 -c" "EXTRA_COMPILER_FLAGS=-mcpu=cortex-a9 -mfpu=vfpv3 -mfloat-abi=hard -nostartfiles -g -Wall -Wextra"
"Running Make include in ps7_cortexa9_0/libsrc/tftlcd_v1_0/src"
make -C ps7_cortexa9_0/libsrc/tftlcd_v1_0/src -s include  "SHELL=CMD" "COMPILER=arm-none-eabi-gcc" "ARCHIVER=arm-none-eabi-ar" "COMPILER_FLAGS=  -O2 -c" "EXTRA_COMPILER_FLAGS=-mcpu=cortex-a9 -mfpu=vfpv3 -mfloat-abi=hard -nostartfiles -g -Wall -Wextra"
"Running Make include in ps7_cortexa9_0/libsrc/uartps_v3_7/src"
make -C ps7_cortexa9_0/libsrc/uartps_v3_7/src -s include  "SHELL=CMD" "COMPILER=arm-none-eabi-gcc" "ARCHIVER=arm-none-eabi-ar" "COMPILER_FLAGS=  -O2 -c" "EXTRA_COMPILER_FLAGS=-mcpu=cortex-a9 -mfpu=vfpv3 -mfloat-abi=hard -nostartfiles -g -Wall -Wextra"
"Running Make include in ps7_cortexa9_0/libsrc/xadcps_v2_3/src"
make -C ps7_cortexa9_0/libsrc/xadcps_v2_3/src -s include  "SHELL=CMD" "COMPILER=arm-none-eabi-gcc" "ARCHIVER=arm-none-eabi-ar" "COMPILER_FLAGS=  -O2 -c" "EXTRA_COMPILER_FLAGS=-mcpu=cortex-a9 -mfpu=vfpv3 -mfloat-abi=hard -nostartfiles -g -Wall -Wextra"
"Running Make include in ps7_cortexa9_0/libsrc/xilffs_v4_1/src"
make -C ps7_cortexa9_0/libsrc/xilffs_v4_1/src -s include  "SHELL=CMD" "COMPILER=arm-none-eabi-gcc" "ARCHIVER=arm-none-eabi-ar" "COMPILER_FLAGS=  -O2 -c" "EXTRA_COMPILER_FLAGS=-mcpu=cortex-a9 -mfpu=vfpv3 -mfloat-abi=hard -nostartfiles -g -Wall -Wextra"
"Running Make libs in ps7_cortexa9_0/libsrc/coresightps_dcc_v1_5/src"
make -C ps7_cortexa9_0/libsrc/coresightps_dcc_v1_5/src -s libs  "SHELL=CMD" "COMPILER=arm-none-eabi-gcc" "ARCHIVER=arm-none-eabi-ar" "COMPILER_FLAGS=  -O2 -c" "EXTRA_COMPILER_FLAGS=-mcpu=cortex-a9 -mfpu=vfpv3 -mfloat-abi=hard -nostartfiles -g -Wall -Wextra"
"Compiling coresightps_dcc"
"Running Make libs in ps7_cortexa9_0/libsrc/cpu_cortexa9_v2_7/src"
make -C ps7_cortexa9_0/libsrc/cpu_cortexa9_v2_7/src -s libs  "SHELL=CMD" "COMPILER=arm-none-eabi-gcc" "ARCHIVER=arm-none-eabi-ar" "COMPILER_FLAGS=  -O2 -c" "EXTRA_COMPILER_FLAGS=-mcpu=cortex-a9 -mfpu=vfpv3 -mfloat-abi=hard -nostartfiles -g -Wall -Wextra"
"Compiling cpu_cortexa9"
"Running Make libs in ps7_cortexa9_0/libsrc/ddrps_v1_0/src"
make -C ps7_cortexa9_0/libsrc/ddrps_v1_0/src -s libs  "SHELL=CMD" "COMPILER=arm-none-eabi-gcc" "ARCHIVER=arm-none-eabi-ar" "COMPILER_FLAGS=  -O2 -c" "EXTRA_COMPILER_FLAGS=-mcpu=cortex-a9 -mfpu=vfpv3 -mfloat-abi=hard -nostartfiles -g -Wall -Wextra"
"Compiling ddrps"
"Running Make libs in ps7_cortexa9_0/libsrc/devcfg_v3_5/src"
make -C ps7_cortexa9_0/libsrc/devcfg_v3_5/src -s libs  "SHELL=CMD" "COMPILER=arm-none-eabi-gcc" "ARCHIVER=arm-none-eabi-ar" "COMPILER_FLAGS=  -O2 -c" "EXTRA_COMPILER_FLAGS=-mcpu=cortex-a9 -mfpu=vfpv3 -mfloat-abi=hard -nostartfiles -g -Wall -Wextra"
"Compiling devcfg"
"Running Make libs in ps7_cortexa9_0/libsrc/dmaps_v2_4/src"
make -C ps7_cortexa9_0/libsrc/dmaps_v2_4/src -s libs  "SHELL=CMD" "COMPILER=arm-none-eabi-gcc" "ARCHIVER=arm-none-eabi-ar" "COMPILER_FLAGS=  -O2 -c" "EXTRA_COMPILER_FLAGS=-mcpu=cortex-a9 -mfpu=vfpv3 -mfloat-abi=hard -nostartfiles -g -Wall -Wextra"
"Compiling dmaps"
"Running Make libs in ps7_cortexa9_0/libsrc/gpio_v4_4/src"
make -C ps7_cortexa9_0/libsrc/gpio_v4_4/src -s libs  "SHELL=CMD" "COMPILER=arm-none-eabi-gcc" "ARCHIVER=arm-none-eabi-ar" "COMPILER_FLAGS=  -O2 -c" "EXTRA_COMPILER_FLAGS=-mcpu=cortex-a9 -mfpu=vfpv3 -mfloat-abi=hard -nostartfiles -g -Wall -Wextra"
"Compiling gpio"
"Running Make libs in ps7_cortexa9_0/libsrc/iicps_v3_9/src"
make -C ps7_cortexa9_0/libsrc/iicps_v3_9/src -s libs  "SHELL=CMD" "COMPILER=arm-none-eabi-gcc" "ARCHIVER=arm-none-eabi-ar" "COMPILER_FLAGS=  -O2 -c" "EXTRA_COMPILER_FLAGS=-mcpu=cortex-a9 -mfpu=vfpv3 -mfloat-abi=hard -nostartfiles -g -Wall -Wextra"
"Compiling iicps"
"Running Make libs in ps7_cortexa9_0/libsrc/scugic_v4_0/src"
make -C ps7_cortexa9_0/libsrc/scugic_v4_0/src -s libs  "SHELL=CMD" "COMPILER=arm-none-eabi-gcc" "ARCHIVER=arm-none-eabi-ar" "COMPILER_FLAGS=  -O2 -c" "EXTRA_COMPILER_FLAGS=-mcpu=cortex-a9 -mfpu=vfpv3 -mfloat-abi=hard -nostartfiles -g -Wall -Wextra"
"Compiling scugic"
"Running Make libs in ps7_cortexa9_0/libsrc/scutimer_v2_1/src"
make -C ps7_cortexa9_0/libsrc/scutimer_v2_1/src -s libs  "SHELL=CMD" "COMPILER=arm-none-eabi-gcc" "ARCHIVER=arm-none-eabi-ar" "COMPILER_FLAGS=  -O2 -c" "EXTRA_COMPILER_FLAGS=-mcpu=cortex-a9 -mfpu=vfpv3 -mfloat-abi=hard -nostartfiles -g -Wall -Wextra"
"Compiling scutimer"
"Running Make libs in ps7_cortexa9_0/libsrc/scuwdt_v2_1/src"
make -C ps7_cortexa9_0/libsrc/scuwdt_v2_1/src -s libs  "SHELL=CMD" "COMPILER=arm-none-eabi-gcc" "ARCHIVER=arm-none-eabi-ar" "COMPILER_FLAGS=  -O2 -c" "EXTRA_COMPILER_FLAGS=-mcpu=cortex-a9 -mfpu=vfpv3 -mfloat-abi=hard -nostartfiles -g -Wall -Wextra"
"Compiling scuwdt"
"Running Make libs in ps7_cortexa9_0/libsrc/sdps_v3_7/src"
make -C ps7_cortexa9_0/libsrc/sdps_v3_7/src -s libs  "SHELL=CMD" "COMPILER=arm-none-eabi-gcc" "ARCHIVER=arm-none-eabi-ar" "COMPILER_FLAGS=  -O2 -c" "EXTRA_COMPILER_FLAGS=-mcpu=cortex-a9 -mfpu=vfpv3 -mfloat-abi=hard -nostartfiles -g -Wall -Wextra"
"Compiling sdps"
"Running Make libs in ps7_cortexa9_0/libsrc/seven_seg_v1_0/src"
make -C ps7_cortexa9_0/libsrc/seven_seg_v1_0/src -s libs  "SHELL=CMD" "COMPILER=arm-none-eabi-gcc" "ARCHIVER=arm-none-eabi-ar" "COMPILER_FLAGS=  -O2 -c" "EXTRA_COMPILER_FLAGS=-mcpu=cortex-a9 -mfpu=vfpv3 -mfloat-abi=hard -nostartfiles -g -Wall -Wextra"
"Compiling seven_seg..."
seven_seg_selftest.c: In function 'SEVEN_SEG_Reg_SelfTest':
seven_seg_selftest.c:52:58: warning: comparison of integer expressions of different signedness: 'u32' {aka 'long unsigned int'} and 'int' [-Wsign-compare]
    if ( SEVEN_SEG_mReadReg (baseaddr, read_loop_index*4) != (read_loop_index+1)*READ_WRITE_MUL_FACTOR){
                                                          ^~
seven_seg_selftest.c:36:6: warning: unused variable 'Index' [-Wunused-variable]
  int Index;
      ^~~~~
"Running Make libs in ps7_cortexa9_0/libsrc/standalone_v7_0/src"
make -C ps7_cortexa9_0/libsrc/standalone_v7_0/src -s libs  "SHELL=CMD" "COMPILER=arm-none-eabi-gcc" "ARCHIVER=arm-none-eabi-ar" "COMPILER_FLAGS=  -O2 -c" "EXTRA_COMPILER_FLAGS=-mcpu=cortex-a9 -mfpu=vfpv3 -mfloat-abi=hard -nostartfiles -g -Wall -Wextra"
"Compiling standalone"
In file included from usleep.c:56:
xtime_l.h:87:9: note: #pragma message: For the sleep routines, Global timer is being used
 #pragma message ("For the sleep routines, Global timer is being used")
         ^~~~~~~
_exit.c: In function 'main':
_exit.c:56:43: warning: passing argument 4 of 'f_read' from incompatible pointer type [-Wincompatible-pointer-types]
     Res = f_read(&fil, buffer, data_size, &NumBytesRead);
                                           ^~~~~~~~~~~~~
In file included from _exit.c:7:
../../../include/ff.h:275:54: note: expected 'UINT *' {aka 'unsigned int *'} but argument is of type 'u32 *' {aka 'long unsigned int *'}
 FRESULT f_read (FIL* fp, void* buff, UINT btr, UINT* br);   /* Read data from the file */
                                                ~~~~~~^~
_exit.c:86:9: error: redefinition of 'score'
     int score = 123;
         ^~~~~
_exit.c:59:9: note: previous definition of 'score' was here
     int score = 0;
         ^~~~~
_exit.c:109:3: warning: implicit declaration of function 'GetCmdWithLiveLCD' [-Wimplicit-function-declaration]
   GetCmdWithLiveLCD(id, TextLine1);  // 실시간 LCD 출력
   ^~~~~~~~~~~~~~~~~
_exit.c:215:13: warning: implicit declaration of function 'load_image_from_sdcard' [-Wimplicit-function-declaration]
             load_image_from_sdcard(filename);
             ^~~~~~~~~~~~~~~~~~~~~~
_exit.c: In function 'load_image_from_sdcard':
_exit.c:270:43: warning: passing argument 4 of 'f_read' from incompatible pointer type [-Wincompatible-pointer-types]
     Res = f_read(&fil, buffer, data_size, &NumBytesRead);
                                           ^~~~~~~~~~~~~
In file included from _exit.c:7:
../../../include/ff.h:275:54: note: expected 'UINT *' {aka 'unsigned int *'} but argument is of type 'u32 *' {aka 'long unsigned int *'}
 FRESULT f_read (FIL* fp, void* buff, UINT btr, UINT* br);   /* Read data from the file */
                                                ~~~~~~^~
_exit.c: In function 'main':
_exit.c:469:1: error: expected declaration or statement at end of input
 }
 ^
At top level:
_exit.c:437:6: warning: 'WriteTLCDByString' defined but not used [-Wunused-function]
 void WriteTLCDByString(char *text, int line)
      ^~~~~~~~~~~~~~~~~
_exit.c:416:6: warning: 'GetCmdWithLiveLCD' defined but not used [-Wunused-function]
 void GetCmdWithLiveLCD(char *buf, int line)
      ^~~~~~~~~~~~~~~~~
_exit.c:401:6: warning: 'GetCmd' defined but not used [-Wunused-function]
 void GetCmd(char *sel)
      ^~~~~~
_exit.c:395:6: warning: 'PrintChar' defined but not used [-Wunused-function]
 void PrintChar(char *str)
      ^~~~~~~~~
_exit.c:359:5: warning: 'WriteRTC' defined but not used [-Wunused-function]
 int WriteRTC(XIicPs *Iic, u8 min, u8 sec)
     ^~~~~~~~
_exit.c:326:5: warning: 'ReadRTC' defined but not used [-Wunused-function]
 int ReadRTC(XIicPs Iic, u8 *SendBuffer, u8 *RecvBuffer)
     ^~~~~~~
_exit.c:319:6: warning: 'FormatScoreLine' defined but not used [-Wunused-function]
 void FormatScoreLine(char *buf, int score)
      ^~~~~~~~~~~~~~~
_exit.c:312:6: warning: 'FormatTimeLine' defined but not used [-Wunused-function]
 void FormatTimeLine(char *buf, u8 min, u8 sec)
      ^~~~~~~~~~~~~~
_exit.c:246:6: warning: 'load_image_from_sdcard' defined but not used [-Wunused-function]
 void load_image_from_sdcard(const char *filename) {
      ^~~~~~~~~~~~~~~~~~~~~~
In file included from sleep.c:53:
xtime_l.h:87:9: note: #pragma message: For the sleep routines, Global timer is being used
 #pragma message ("For the sleep routines, Global timer is being used")
         ^~~~~~~
In file included from xil_sleeptimer.c:51:
xtime_l.h:87:9: note: #pragma message: For the sleep routines, Global timer is being used
 #pragma message ("For the sleep routines, Global timer is being used")
         ^~~~~~~
In file included from xtime_l.c:49:
xtime_l.h:87:9: note: #pragma message: For the sleep routines, Global timer is being used
 #pragma message ("For the sleep routines, Global timer is being used")
         ^~~~~~~
make[1]: *** [Makefile:65: standalone_libs] Error 1
make[1]: Target 'libs' not remade because of errors.
make: *** [Makefile:30: ps7_cortexa9_0/libsrc/standalone_v7_0/src/make.libs] Error 2
"Running Make libs in ps7_cortexa9_0/libsrc/textlcd_v1_0/src"
make -C ps7_cortexa9_0/libsrc/textlcd_v1_0/src -s libs  "SHELL=CMD" "COMPILER=arm-none-eabi-gcc" "ARCHIVER=arm-none-eabi-ar" "COMPILER_FLAGS=  -O2 -c" "EXTRA_COMPILER_FLAGS=-mcpu=cortex-a9 -mfpu=vfpv3 -mfloat-abi=hard -nostartfiles -g -Wall -Wextra"
"Compiling textlcd..."
textlcd_selftest.c: In function 'TEXTLCD_Reg_SelfTest':
textlcd_selftest.c:52:56: warning: comparison of integer expressions of different signedness: 'u32' {aka 'long unsigned int'} and 'int' [-Wsign-compare]
    if ( TEXTLCD_mReadReg (baseaddr, read_loop_index*4) != (read_loop_index+1)*READ_WRITE_MUL_FACTOR){
                                                        ^~
textlcd_selftest.c:36:6: warning: unused variable 'Index' [-Wunused-variable]
  int Index;
      ^~~~~
"Running Make libs in ps7_cortexa9_0/libsrc/tftlcd_v1_0/src"
make -C ps7_cortexa9_0/libsrc/tftlcd_v1_0/src -s libs  "SHELL=CMD" "COMPILER=arm-none-eabi-gcc" "ARCHIVER=arm-none-eabi-ar" "COMPILER_FLAGS=  -O2 -c" "EXTRA_COMPILER_FLAGS=-mcpu=cortex-a9 -mfpu=vfpv3 -mfloat-abi=hard -nostartfiles -g -Wall -Wextra"
"Compiling tftlcd..."
tftlcd_selftest.c: In function 'TFTLCD_Reg_SelfTest':
tftlcd_selftest.c:52:55: warning: comparison of integer expressions of different signedness: 'u32' {aka 'long unsigned int'} and 'int' [-Wsign-compare]
    if ( TFTLCD_mReadReg (baseaddr, read_loop_index*4) != (read_loop_index+1)*READ_WRITE_MUL_FACTOR){
                                                       ^~
tftlcd_selftest.c:36:6: warning: unused variable 'Index' [-Wunused-variable]
  int Index;
      ^~~~~
"Running Make libs in ps7_cortexa9_0/libsrc/uartps_v3_7/src"
make -C ps7_cortexa9_0/libsrc/uartps_v3_7/src -s libs  "SHELL=CMD" "COMPILER=arm-none-eabi-gcc" "ARCHIVER=arm-none-eabi-ar" "COMPILER_FLAGS=  -O2 -c" "EXTRA_COMPILER_FLAGS=-mcpu=cortex-a9 -mfpu=vfpv3 -mfloat-abi=hard -nostartfiles -g -Wall -Wextra"
"Compiling uartps"
"Running Make libs in ps7_cortexa9_0/libsrc/xadcps_v2_3/src"
make -C ps7_cortexa9_0/libsrc/xadcps_v2_3/src -s libs  "SHELL=CMD" "COMPILER=arm-none-eabi-gcc" "ARCHIVER=arm-none-eabi-ar" "COMPILER_FLAGS=  -O2 -c" "EXTRA_COMPILER_FLAGS=-mcpu=cortex-a9 -mfpu=vfpv3 -mfloat-abi=hard -nostartfiles -g -Wall -Wextra"
"Compiling xadcps"
Command canceled
18:50:29 **** Build of project tebf_bsp ****
make -k all 
"Running Make include in ps7_cortexa9_0/libsrc/coresightps_dcc_v1_5/src"
make -C ps7_cortexa9_0/libsrc/coresightps_dcc_v1_5/src -s include  "SHELL=CMD" "COMPILER=arm-none-eabi-gcc" "ARCHIVER=arm-none-eabi-ar" "COMPILER_FLAGS=  -O2 -c" "EXTRA_COMPILER_FLAGS=-mcpu=cortex-a9 -mfpu=vfpv3 -mfloat-abi=hard -nostartfiles -g -Wall -Wextra"
"Running Make include in ps7_cortexa9_0/libsrc/cpu_cortexa9_v2_7/src"
make -C ps7_cortexa9_0/libsrc/cpu_cortexa9_v2_7/src -s include  "SHELL=CMD" "COMPILER=arm-none-eabi-gcc" "ARCHIVER=arm-none-eabi-ar" "COMPILER_FLAGS=  -O2 -c" "EXTRA_COMPILER_FLAGS=-mcpu=cortex-a9 -mfpu=vfpv3 -mfloat-abi=hard -nostartfiles -g -Wall -Wextra"
"Running Make include in ps7_cortexa9_0/libsrc/ddrps_v1_0/src"
make -C ps7_cortexa9_0/libsrc/ddrps_v1_0/src -s include  "SHELL=CMD" "COMPILER=arm-none-eabi-gcc" "ARCHIVER=arm-none-eabi-ar" "COMPILER_FLAGS=  -O2 -c" "EXTRA_COMPILER_FLAGS=-mcpu=cortex-a9 -mfpu=vfpv3 -mfloat-abi=hard -nostartfiles -g -Wall -Wextra"
"Running Make include in ps7_cortexa9_0/libsrc/devcfg_v3_5/src"
make -C ps7_cortexa9_0/libsrc/devcfg_v3_5/src -s include  "SHELL=CMD" "COMPILER=arm-none-eabi-gcc" "ARCHIVER=arm-none-eabi-ar" "COMPILER_FLAGS=  -O2 -c" "EXTRA_COMPILER_FLAGS=-mcpu=cortex-a9 -mfpu=vfpv3 -mfloat-abi=hard -nostartfiles -g -Wall -Wextra"
"Running Make include in ps7_cortexa9_0/libsrc/dmaps_v2_4/src"
make -C ps7_cortexa9_0/libsrc/dmaps_v2_4/src -s include  "SHELL=CMD" "COMPILER=arm-none-eabi-gcc" "ARCHIVER=arm-none-eabi-ar" "COMPILER_FLAGS=  -O2 -c" "EXTRA_COMPILER_FLAGS=-mcpu=cortex-a9 -mfpu=vfpv3 -mfloat-abi=hard -nostartfiles -g -Wall -Wextra"
"Running Make include in ps7_cortexa9_0/libsrc/gpio_v4_4/src"
make -C ps7_cortexa9_0/libsrc/gpio_v4_4/src -s include  "SHELL=CMD" "COMPILER=arm-none-eabi-gcc" "ARCHIVER=arm-none-eabi-ar" "COMPILER_FLAGS=  -O2 -c" "EXTRA_COMPILER_FLAGS=-mcpu=cortex-a9 -mfpu=vfpv3 -mfloat-abi=hard -nostartfiles -g -Wall -Wextra"
"Running Make include in ps7_cortexa9_0/libsrc/iicps_v3_9/src"
make -C ps7_cortexa9_0/libsrc/iicps_v3_9/src -s include  "SHELL=CMD" "COMPILER=arm-none-eabi-gcc" "ARCHIVER=arm-none-eabi-ar" "COMPILER_FLAGS=  -O2 -c" "EXTRA_COMPILER_FLAGS=-mcpu=cortex-a9 -mfpu=vfpv3 -mfloat-abi=hard -nostartfiles -g -Wall -Wextra"
"Running Make include in ps7_cortexa9_0/libsrc/scugic_v4_0/src"
make -C ps7_cortexa9_0/libsrc/scugic_v4_0/src -s include  "SHELL=CMD" "COMPILER=arm-none-eabi-gcc" "ARCHIVER=arm-none-eabi-ar" "COMPILER_FLAGS=  -O2 -c" "EXTRA_COMPILER_FLAGS=-mcpu=cortex-a9 -mfpu=vfpv3 -mfloat-abi=hard -nostartfiles -g -Wall -Wextra"
"Running Make include in ps7_cortexa9_0/libsrc/scutimer_v2_1/src"
make -C ps7_cortexa9_0/libsrc/scutimer_v2_1/src -s include  "SHELL=CMD" "COMPILER=arm-none-eabi-gcc" "ARCHIVER=arm-none-eabi-ar" "COMPILER_FLAGS=  -O2 -c" "EXTRA_COMPILER_FLAGS=-mcpu=cortex-a9 -mfpu=vfpv3 -mfloat-abi=hard -nostartfiles -g -Wall -Wextra"
"Running Make include in ps7_cortexa9_0/libsrc/scuwdt_v2_1/src"
make -C ps7_cortexa9_0/libsrc/scuwdt_v2_1/src -s include  "SHELL=CMD" "COMPILER=arm-none-eabi-gcc" "ARCHIVER=arm-none-eabi-ar" "COMPILER_FLAGS=  -O2 -c" "EXTRA_COMPILER_FLAGS=-mcpu=cortex-a9 -mfpu=vfpv3 -mfloat-abi=hard -nostartfiles -g -Wall -Wextra"
"Running Make include in ps7_cortexa9_0/libsrc/sdps_v3_7/src"
make -C ps7_cortexa9_0/libsrc/sdps_v3_7/src -s include  "SHELL=CMD" "COMPILER=arm-none-eabi-gcc" "ARCHIVER=arm-none-eabi-ar" "COMPILER_FLAGS=  -O2 -c" "EXTRA_COMPILER_FLAGS=-mcpu=cortex-a9 -mfpu=vfpv3 -mfloat-abi=hard -nostartfiles -g -Wall -Wextra"
"Running Make include in ps7_cortexa9_0/libsrc/seven_seg_v1_0/src"
make -C ps7_cortexa9_0/libsrc/seven_seg_v1_0/src -s include  "SHELL=CMD" "COMPILER=arm-none-eabi-gcc" "ARCHIVER=arm-none-eabi-ar" "COMPILER_FLAGS=  -O2 -c" "EXTRA_COMPILER_FLAGS=-mcpu=cortex-a9 -mfpu=vfpv3 -mfloat-abi=hard -nostartfiles -g -Wall -Wextra"
"Running Make include in ps7_cortexa9_0/libsrc/standalone_v7_0/src"
make -C ps7_cortexa9_0/libsrc/standalone_v7_0/src -s include  "SHELL=CMD" "COMPILER=arm-none-eabi-gcc" "ARCHIVER=arm-none-eabi-ar" "COMPILER_FLAGS=  -O2 -c" "EXTRA_COMPILER_FLAGS=-mcpu=cortex-a9 -mfpu=vfpv3 -mfloat-abi=hard -nostartfiles -g -Wall -Wextra"
"Running Make include in ps7_cortexa9_0/libsrc/textlcd_v1_0/src"
make -C ps7_cortexa9_0/libsrc/textlcd_v1_0/src -s include  "SHELL=CMD" "COMPILER=arm-none-eabi-gcc" "ARCHIVER=arm-none-eabi-ar" "COMPILER_FLAGS=  -O2 -c" "EXTRA_COMPILER_FLAGS=-mcpu=cortex-a9 -mfpu=vfpv3 -mfloat-abi=hard -nostartfiles -g -Wall -Wextra"
"Running Make include in ps7_cortexa9_0/libsrc/tftlcd_v1_0/src"
make -C ps7_cortexa9_0/libsrc/tftlcd_v1_0/src -s include  "SHELL=CMD" "COMPILER=arm-none-eabi-gcc" "ARCHIVER=arm-none-eabi-ar" "COMPILER_FLAGS=  -O2 -c" "EXTRA_COMPILER_FLAGS=-mcpu=cortex-a9 -mfpu=vfpv3 -mfloat-abi=hard -nostartfiles -g -Wall -Wextra"
"Running Make include in ps7_cortexa9_0/libsrc/uartps_v3_7/src"
make -C ps7_cortexa9_0/libsrc/uartps_v3_7/src -s include  "SHELL=CMD" "COMPILER=arm-none-eabi-gcc" "ARCHIVER=arm-none-eabi-ar" "COMPILER_FLAGS=  -O2 -c" "EXTRA_COMPILER_FLAGS=-mcpu=cortex-a9 -mfpu=vfpv3 -mfloat-abi=hard -nostartfiles -g -Wall -Wextra"
"Running Make include in ps7_cortexa9_0/libsrc/xadcps_v2_3/src"
make -C ps7_cortexa9_0/libsrc/xadcps_v2_3/src -s include  "SHELL=CMD" "COMPILER=arm-none-eabi-gcc" "ARCHIVER=arm-none-eabi-ar" "COMPILER_FLAGS=  -O2 -c" "EXTRA_COMPILER_FLAGS=-mcpu=cortex-a9 -mfpu=vfpv3 -mfloat-abi=hard -nostartfiles -g -Wall -Wextra"
"Running Make include in ps7_cortexa9_0/libsrc/xilffs_v4_1/src"
make -C ps7_cortexa9_0/libsrc/xilffs_v4_1/src -s include  "SHELL=CMD" "COMPILER=arm-none-eabi-gcc" "ARCHIVER=arm-none-eabi-ar" "COMPILER_FLAGS=  -O2 -c" "EXTRA_COMPILER_FLAGS=-mcpu=cortex-a9 -mfpu=vfpv3 -mfloat-abi=hard -nostartfiles -g -Wall -Wextra"
"Running Make libs in ps7_cortexa9_0/libsrc/coresightps_dcc_v1_5/src"
make -C ps7_cortexa9_0/libsrc/coresightps_dcc_v1_5/src -s libs  "SHELL=CMD" "COMPILER=arm-none-eabi-gcc" "ARCHIVER=arm-none-eabi-ar" "COMPILER_FLAGS=  -O2 -c" "EXTRA_COMPILER_FLAGS=-mcpu=cortex-a9 -mfpu=vfpv3 -mfloat-abi=hard -nostartfiles -g -Wall -Wextra"
"Compiling coresightps_dcc"
"Running Make libs in ps7_cortexa9_0/libsrc/cpu_cortexa9_v2_7/src"
make -C ps7_cortexa9_0/libsrc/cpu_cortexa9_v2_7/src -s libs  "SHELL=CMD" "COMPILER=arm-none-eabi-gcc" "ARCHIVER=arm-none-eabi-ar" "COMPILER_FLAGS=  -O2 -c" "EXTRA_COMPILER_FLAGS=-mcpu=cortex-a9 -mfpu=vfpv3 -mfloat-abi=hard -nostartfiles -g -Wall -Wextra"
"Compiling cpu_cortexa9"
"Running Make libs in ps7_cortexa9_0/libsrc/ddrps_v1_0/src"
make -C ps7_cortexa9_0/libsrc/ddrps_v1_0/src -s libs  "SHELL=CMD" "COMPILER=arm-none-eabi-gcc" "ARCHIVER=arm-none-eabi-ar" "COMPILER_FLAGS=  -O2 -c" "EXTRA_COMPILER_FLAGS=-mcpu=cortex-a9 -mfpu=vfpv3 -mfloat-abi=hard -nostartfiles -g -Wall -Wextra"
"Compiling ddrps"
"Running Make libs in ps7_cortexa9_0/libsrc/devcfg_v3_5/src"
make -C ps7_cortexa9_0/libsrc/devcfg_v3_5/src -s libs  "SHELL=CMD" "COMPILER=arm-none-eabi-gcc" "ARCHIVER=arm-none-eabi-ar" "COMPILER_FLAGS=  -O2 -c" "EXTRA_COMPILER_FLAGS=-mcpu=cortex-a9 -mfpu=vfpv3 -mfloat-abi=hard -nostartfiles -g -Wall -Wextra"
"Compiling devcfg"
"Running Make libs in ps7_cortexa9_0/libsrc/dmaps_v2_4/src"
make -C ps7_cortexa9_0/libsrc/dmaps_v2_4/src -s libs  "SHELL=CMD" "COMPILER=arm-none-eabi-gcc" "ARCHIVER=arm-none-eabi-ar" "COMPILER_FLAGS=  -O2 -c" "EXTRA_COMPILER_FLAGS=-mcpu=cortex-a9 -mfpu=vfpv3 -mfloat-abi=hard -nostartfiles -g -Wall -Wextra"
"Compiling dmaps"
"Running Make libs in ps7_cortexa9_0/libsrc/gpio_v4_4/src"
make -C ps7_cortexa9_0/libsrc/gpio_v4_4/src -s libs  "SHELL=CMD" "COMPILER=arm-none-eabi-gcc" "ARCHIVER=arm-none-eabi-ar" "COMPILER_FLAGS=  -O2 -c" "EXTRA_COMPILER_FLAGS=-mcpu=cortex-a9 -mfpu=vfpv3 -mfloat-abi=hard -nostartfiles -g -Wall -Wextra"
"Compiling gpio"
"Running Make libs in ps7_cortexa9_0/libsrc/iicps_v3_9/src"
make -C ps7_cortexa9_0/libsrc/iicps_v3_9/src -s libs  "SHELL=CMD" "COMPILER=arm-none-eabi-gcc" "ARCHIVER=arm-none-eabi-ar" "COMPILER_FLAGS=  -O2 -c" "EXTRA_COMPILER_FLAGS=-mcpu=cortex-a9 -mfpu=vfpv3 -mfloat-abi=hard -nostartfiles -g -Wall -Wextra"
"Compiling iicps"
"Running Make libs in ps7_cortexa9_0/libsrc/scugic_v4_0/src"
make -C ps7_cortexa9_0/libsrc/scugic_v4_0/src -s libs  "SHELL=CMD" "COMPILER=arm-none-eabi-gcc" "ARCHIVER=arm-none-eabi-ar" "COMPILER_FLAGS=  -O2 -c" "EXTRA_COMPILER_FLAGS=-mcpu=cortex-a9 -mfpu=vfpv3 -mfloat-abi=hard -nostartfiles -g -Wall -Wextra"
"Compiling scugic"
"Running Make libs in ps7_cortexa9_0/libsrc/scutimer_v2_1/src"
make -C ps7_cortexa9_0/libsrc/scutimer_v2_1/src -s libs  "SHELL=CMD" "COMPILER=arm-none-eabi-gcc" "ARCHIVER=arm-none-eabi-ar" "COMPILER_FLAGS=  -O2 -c" "EXTRA_COMPILER_FLAGS=-mcpu=cortex-a9 -mfpu=vfpv3 -mfloat-abi=hard -nostartfiles -g -Wall -Wextra"
"Compiling scutimer"
"Running Make libs in ps7_cortexa9_0/libsrc/scuwdt_v2_1/src"
make -C ps7_cortexa9_0/libsrc/scuwdt_v2_1/src -s libs  "SHELL=CMD" "COMPILER=arm-none-eabi-gcc" "ARCHIVER=arm-none-eabi-ar" "COMPILER_FLAGS=  -O2 -c" "EXTRA_COMPILER_FLAGS=-mcpu=cortex-a9 -mfpu=vfpv3 -mfloat-abi=hard -nostartfiles -g -Wall -Wextra"
"Compiling scuwdt"
"Running Make libs in ps7_cortexa9_0/libsrc/sdps_v3_7/src"
make -C ps7_cortexa9_0/libsrc/sdps_v3_7/src -s libs  "SHELL=CMD" "COMPILER=arm-none-eabi-gcc" "ARCHIVER=arm-none-eabi-ar" "COMPILER_FLAGS=  -O2 -c" "EXTRA_COMPILER_FLAGS=-mcpu=cortex-a9 -mfpu=vfpv3 -mfloat-abi=hard -nostartfiles -g -Wall -Wextra"
"Compiling sdps"
"Running Make libs in ps7_cortexa9_0/libsrc/seven_seg_v1_0/src"
make -C ps7_cortexa9_0/libsrc/seven_seg_v1_0/src -s libs  "SHELL=CMD" "COMPILER=arm-none-eabi-gcc" "ARCHIVER=arm-none-eabi-ar" "COMPILER_FLAGS=  -O2 -c" "EXTRA_COMPILER_FLAGS=-mcpu=cortex-a9 -mfpu=vfpv3 -mfloat-abi=hard -nostartfiles -g -Wall -Wextra"
"Compiling seven_seg..."
seven_seg_selftest.c: In function 'SEVEN_SEG_Reg_SelfTest':
seven_seg_selftest.c:52:58: warning: comparison of integer expressions of different signedness: 'u32' {aka 'long unsigned int'} and 'int' [-Wsign-compare]
    if ( SEVEN_SEG_mReadReg (baseaddr, read_loop_index*4) != (read_loop_index+1)*READ_WRITE_MUL_FACTOR){
                                                          ^~
seven_seg_selftest.c:36:6: warning: unused variable 'Index' [-Wunused-variable]
  int Index;
      ^~~~~
"Running Make libs in ps7_cortexa9_0/libsrc/standalone_v7_0/src"
make -C ps7_cortexa9_0/libsrc/standalone_v7_0/src -s libs  "SHELL=CMD" "COMPILER=arm-none-eabi-gcc" "ARCHIVER=arm-none-eabi-ar" "COMPILER_FLAGS=  -O2 -c" "EXTRA_COMPILER_FLAGS=-mcpu=cortex-a9 -mfpu=vfpv3 -mfloat-abi=hard -nostartfiles -g -Wall -Wextra"
"Compiling standalone"
In file included from usleep.c:56:
xtime_l.h:87:9: note: #pragma message: For the sleep routines, Global timer is being used
 #pragma message ("For the sleep routines, Global timer is being used")
         ^~~~~~~
In file included from sleep.c:53:
xtime_l.h:87:9: note: #pragma message: For the sleep routines, Global timer is being used
 #pragma message ("For the sleep routines, Global timer is being used")
         ^~~~~~~
In file included from xil_sleeptimer.c:51:
xtime_l.h:87:9: note: #pragma message: For the sleep routines, Global timer is being used
 #pragma message ("For the sleep routines, Global timer is being used")
         ^~~~~~~
In file included from xtime_l.c:49:
xtime_l.h:87:9: note: #pragma message: For the sleep routines, Global timer is being used
 #pragma message ("For the sleep routines, Global timer is being used")
         ^~~~~~~
"Running Make libs in ps7_cortexa9_0/libsrc/textlcd_v1_0/src"
make -C ps7_cortexa9_0/libsrc/textlcd_v1_0/src -s libs  "SHELL=CMD" "COMPILER=arm-none-eabi-gcc" "ARCHIVER=arm-none-eabi-ar" "COMPILER_FLAGS=  -O2 -c" "EXTRA_COMPILER_FLAGS=-mcpu=cortex-a9 -mfpu=vfpv3 -mfloat-abi=hard -nostartfiles -g -Wall -Wextra"
"Compiling textlcd..."
textlcd_selftest.c: In function 'TEXTLCD_Reg_SelfTest':
textlcd_selftest.c:52:56: warning: comparison of integer expressions of different signedness: 'u32' {aka 'long unsigned int'} and 'int' [-Wsign-compare]
    if ( TEXTLCD_mReadReg (baseaddr, read_loop_index*4) != (read_loop_index+1)*READ_WRITE_MUL_FACTOR){
                                                        ^~
textlcd_selftest.c:36:6: warning: unused variable 'Index' [-Wunused-variable]
  int Index;
      ^~~~~
"Running Make libs in ps7_cortexa9_0/libsrc/tftlcd_v1_0/src"
make -C ps7_cortexa9_0/libsrc/tftlcd_v1_0/src -s libs  "SHELL=CMD" "COMPILER=arm-none-eabi-gcc" "ARCHIVER=arm-none-eabi-ar" "COMPILER_FLAGS=  -O2 -c" "EXTRA_COMPILER_FLAGS=-mcpu=cortex-a9 -mfpu=vfpv3 -mfloat-abi=hard -nostartfiles -g -Wall -Wextra"
"Compiling tftlcd..."
tftlcd_selftest.c: In function 'TFTLCD_Reg_SelfTest':
tftlcd_selftest.c:52:55: warning: comparison of integer expressions of different signedness: 'u32' {aka 'long unsigned int'} and 'int' [-Wsign-compare]
    if ( TFTLCD_mReadReg (baseaddr, read_loop_index*4) != (read_loop_index+1)*READ_WRITE_MUL_FACTOR){
                                                       ^~
tftlcd_selftest.c:36:6: warning: unused variable 'Index' [-Wunused-variable]
  int Index;
      ^~~~~
"Running Make libs in ps7_cortexa9_0/libsrc/uartps_v3_7/src"
make -C ps7_cortexa9_0/libsrc/uartps_v3_7/src -s libs  "SHELL=CMD" "COMPILER=arm-none-eabi-gcc" "ARCHIVER=arm-none-eabi-ar" "COMPILER_FLAGS=  -O2 -c" "EXTRA_COMPILER_FLAGS=-mcpu=cortex-a9 -mfpu=vfpv3 -mfloat-abi=hard -nostartfiles -g -Wall -Wextra"
"Compiling uartps"
"Running Make libs in ps7_cortexa9_0/libsrc/xadcps_v2_3/src"
make -C ps7_cortexa9_0/libsrc/xadcps_v2_3/src -s libs  "SHELL=CMD" "COMPILER=arm-none-eabi-gcc" "ARCHIVER=arm-none-eabi-ar" "COMPILER_FLAGS=  -O2 -c" "EXTRA_COMPILER_FLAGS=-mcpu=cortex-a9 -mfpu=vfpv3 -mfloat-abi=hard -nostartfiles -g -Wall -Wextra"
"Compiling xadcps"
"Running Make libs in ps7_cortexa9_0/libsrc/xilffs_v4_1/src"
make -C ps7_cortexa9_0/libsrc/xilffs_v4_1/src -s libs  "SHELL=CMD" "COMPILER=arm-none-eabi-gcc" "ARCHIVER=arm-none-eabi-ar" "COMPILER_FLAGS=  -O2 -c" "EXTRA_COMPILER_FLAGS=-mcpu=cortex-a9 -mfpu=vfpv3 -mfloat-abi=hard -nostartfiles -g -Wall -Wextra"
"Compiling XilFFs Library"
'Finished building libraries'
18:50:47 **** Incremental Build of configuration Debug for project tebf ****
make pre-build main-build 
a9-linaro-pre-build-step
 
Building file: ../src/main.c
Invoking: ARM v7 gcc compiler
arm-none-eabi-gcc -Wall -O0 -g3 -c -fmessage-length=0 -MT"src/main.o" -mcpu=cortex-a9 -mfpu=vfpv3 -mfloat-abi=hard -I../../tebf_bsp/ps7_cortexa9_0/include -MMD -MP -MF"src/main.d" -MT"src/main.o" -o "src/main.o" "../src/main.c"
../src/main.c: In function 'main':
../src/main.c:56:43: warning: passing argument 4 of 'f_read' from incompatible pointer type [-Wincompatible-pointer-types]
     Res = f_read(&fil, buffer, data_size, &NumBytesRead);
                                           ^~~~~~~~~~~~~
In file included from ../src/main.c:7:
../../tebf_bsp/ps7_cortexa9_0/include/ff.h:275:54: note: expected 'UINT *' {aka 'unsigned int *'} but argument is of type 'u32 *' {aka 'long unsigned int *'}
 FRESULT f_read (FIL* fp, void* buff, UINT btr, UINT* br);   /* Read data from the file */
                                                ~~~~~~^~
../src/main.c:86:9: error: redefinition of 'score'
     int score = 123;
         ^~~~~
../src/main.c:59:9: note: previous definition of 'score' was here
     int score = 0;
         ^~~~~
../src/main.c:109:3: warning: implicit declaration of function 'GetCmdWithLiveLCD' [-Wimplicit-function-declaration]
   GetCmdWithLiveLCD(id, TextLine1);  // 실시간 LCD 출력
   ^~~~~~~~~~~~~~~~~
../src/main.c:215:13: warning: implicit declaration of function 'load_image_from_sdcard' [-Wimplicit-function-declaration]
             load_image_from_sdcard(filename);
             ^~~~~~~~~~~~~~~~~~~~~~
../src/main.c: In function 'load_image_from_sdcard':
../src/main.c:270:43: warning: passing argument 4 of 'f_read' from incompatible pointer type [-Wincompatible-pointer-types]
     Res = f_read(&fil, buffer, data_size, &NumBytesRead);
                                           ^~~~~~~~~~~~~
In file included from ../src/main.c:7:
../../tebf_bsp/ps7_cortexa9_0/include/ff.h:275:54: note: expected 'UINT *' {aka 'unsigned int *'} but argument is of type 'u32 *' {aka 'long unsigned int *'}
 FRESULT f_read (FIL* fp, void* buff, UINT btr, UINT* br);   /* Read data from the file */
                                                ~~~~~~^~
../src/main.c: In function 'main':
../src/main.c:469:1: error: expected declaration or statement at end of input
 }
 ^
At top level:
../src/main.c:437:6: warning: 'WriteTLCDByString' defined but not used [-Wunused-function]
 void WriteTLCDByString(char *text, int line)
      ^~~~~~~~~~~~~~~~~
../src/main.c:416:6: warning: 'GetCmdWithLiveLCD' defined but not used [-Wunused-function]
 void GetCmdWithLiveLCD(char *buf, int line)
      ^~~~~~~~~~~~~~~~~
../src/main.c:401:6: warning: 'GetCmd' defined but not used [-Wunused-function]
 void GetCmd(char *sel)
      ^~~~~~
../src/main.c:395:6: warning: 'PrintChar' defined but not used [-Wunused-function]
 void PrintChar(char *str)
      ^~~~~~~~~
../src/main.c:359:5: warning: 'WriteRTC' defined but not used [-Wunused-function]
 int WriteRTC(XIicPs *Iic, u8 min, u8 sec)
     ^~~~~~~~
../src/main.c:326:5: warning: 'ReadRTC' defined but not used [-Wunused-function]
 int ReadRTC(XIicPs Iic, u8 *SendBuffer, u8 *RecvBuffer)
     ^~~~~~~
../src/main.c:319:6: warning: 'FormatScoreLine' defined but not used [-Wunused-function]
 void FormatScoreLine(char *buf, int score)
      ^~~~~~~~~~~~~~~
../src/main.c:312:6: warning: 'FormatTimeLine' defined but not used [-Wunused-function]
 void FormatTimeLine(char *buf, u8 min, u8 sec)
      ^~~~~~~~~~~~~~
../src/main.c:246:6: warning: 'load_image_from_sdcard' defined but not used [-Wunused-function]
 void load_image_from_sdcard(const char *filename) {
      ^~~~~~~~~~~~~~~~~~~~~~
make: *** [src/subdir.mk:23: src/main.o] Error 1
18:50:59 **** Incremental Build of configuration Debug for project tebf ****
make pre-build main-build 
a9-linaro-pre-build-step
 
Building file: ../src/main.c
Invoking: ARM v7 gcc compiler
arm-none-eabi-gcc -Wall -O0 -g3 -c -fmessage-length=0 -MT"src/main.o" -mcpu=cortex-a9 -mfpu=vfpv3 -mfloat-abi=hard -I../../tebf_bsp/ps7_cortexa9_0/include -MMD -MP -MF"src/main.d" -MT"src/main.o" -o "src/main.o" "../src/main.c"
../src/main.c: In function 'main':
../src/main.c:56:43: warning: passing argument 4 of 'f_read' from incompatible pointer type [-Wincompatible-pointer-types]
     Res = f_read(&fil, buffer, data_size, &NumBytesRead);
                                           ^~~~~~~~~~~~~
In file included from ../src/main.c:7:
../../tebf_bsp/ps7_cortexa9_0/include/ff.h:275:54: note: expected 'UINT *' {aka 'unsigned int *'} but argument is of type 'u32 *' {aka 'long unsigned int *'}
 FRESULT f_read (FIL* fp, void* buff, UINT btr, UINT* br);   /* Read data from the file */
                                                ~~~~~~^~
../src/main.c:108:3: warning: implicit declaration of function 'GetCmdWithLiveLCD' [-Wimplicit-function-declaration]
   GetCmdWithLiveLCD(id, TextLine1);  // 실시간 LCD 출력
   ^~~~~~~~~~~~~~~~~
../src/main.c:214:13: warning: implicit declaration of function 'load_image_from_sdcard' [-Wimplicit-function-declaration]
             load_image_from_sdcard(filename);
             ^~~~~~~~~~~~~~~~~~~~~~
../src/main.c: In function 'load_image_from_sdcard':
../src/main.c:269:43: warning: passing argument 4 of 'f_read' from incompatible pointer type [-Wincompatible-pointer-types]
     Res = f_read(&fil, buffer, data_size, &NumBytesRead);
                                           ^~~~~~~~~~~~~
In file included from ../src/main.c:7:
../../tebf_bsp/ps7_cortexa9_0/include/ff.h:275:54: note: expected 'UINT *' {aka 'unsigned int *'} but argument is of type 'u32 *' {aka 'long unsigned int *'}
 FRESULT f_read (FIL* fp, void* buff, UINT btr, UINT* br);   /* Read data from the file */
                                                ~~~~~~^~
../src/main.c: In function 'main':
../src/main.c:468:1: error: expected declaration or statement at end of input
 }
 ^
At top level:
../src/main.c:436:6: warning: 'WriteTLCDByString' defined but not used [-Wunused-function]
 void WriteTLCDByString(char *text, int line)
      ^~~~~~~~~~~~~~~~~
../src/main.c:415:6: warning: 'GetCmdWithLiveLCD' defined but not used [-Wunused-function]
 void GetCmdWithLiveLCD(char *buf, int line)
      ^~~~~~~~~~~~~~~~~
../src/main.c:400:6: warning: 'GetCmd' defined but not used [-Wunused-function]
 void GetCmd(char *sel)
      ^~~~~~
../src/main.c:394:6: warning: 'PrintChar' defined but not used [-Wunused-function]
 void PrintChar(char *str)
      ^~~~~~~~~
../src/main.c:358:5: warning: 'WriteRTC' defined but not used [-Wunused-function]
 int WriteRTC(XIicPs *Iic, u8 min, u8 sec)
     ^~~~~~~~
../src/main.c:325:5: warning: 'ReadRTC' defined but not used [-Wunused-function]
 int ReadRTC(XIicPs Iic, u8 *SendBuffer, u8 *RecvBuffer)
     ^~~~~~~
../src/main.c:318:6: warning: 'FormatScoreLine' defined but not used [-Wunused-function]
 void FormatScoreLine(char *buf, int score)
      ^~~~~~~~~~~~~~~
../src/main.c:311:6: warning: 'FormatTimeLine' defined but not used [-Wunused-function]
 void FormatTimeLine(char *buf, u8 min, u8 sec)
      ^~~~~~~~~~~~~~
../src/main.c:245:6: warning: 'load_image_from_sdcard' defined but not used [-Wunused-function]
 void load_image_from_sdcard(const char *filename) {
      ^~~~~~~~~~~~~~~~~~~~~~
make: *** [src/subdir.mk:23: src/main.o] Error 1
18:51:57 **** Incremental Build of configuration Debug for project tebf ****
make pre-build main-build 
a9-linaro-pre-build-step
 
Building file: ../src/main.c
Invoking: ARM v7 gcc compiler
arm-none-eabi-gcc -Wall -O0 -g3 -c -fmessage-length=0 -MT"src/main.o" -mcpu=cortex-a9 -mfpu=vfpv3 -mfloat-abi=hard -I../../tebf_bsp/ps7_cortexa9_0/include -MMD -MP -MF"src/main.d" -MT"src/main.o" -o "src/main.o" "../src/main.c"
../src/main.c: In function 'main':
../src/main.c:56:43: warning: passing argument 4 of 'f_read' from incompatible pointer type [-Wincompatible-pointer-types]
     Res = f_read(&fil, buffer, data_size, &NumBytesRead);
                                           ^~~~~~~~~~~~~
In file included from ../src/main.c:7:
../../tebf_bsp/ps7_cortexa9_0/include/ff.h:275:54: note: expected 'UINT *' {aka 'unsigned int *'} but argument is of type 'u32 *' {aka 'long unsigned int *'}
 FRESULT f_read (FIL* fp, void* buff, UINT btr, UINT* br);   /* Read data from the file */
                                                ~~~~~~^~
../src/main.c:86:9: error: redefinition of 'score'
     int score = 123;
         ^~~~~
../src/main.c:59:9: note: previous definition of 'score' was here
     int score = 0;
         ^~~~~
../src/main.c:109:3: warning: implicit declaration of function 'GetCmdWithLiveLCD' [-Wimplicit-function-declaration]
   GetCmdWithLiveLCD(id, TextLine1);  // 실시간 LCD 출력
   ^~~~~~~~~~~~~~~~~
../src/main.c:215:13: warning: implicit declaration of function 'load_image_from_sdcard' [-Wimplicit-function-declaration]
             load_image_from_sdcard(filename);
             ^~~~~~~~~~~~~~~~~~~~~~
../src/main.c: In function 'load_image_from_sdcard':
../src/main.c:270:43: warning: passing argument 4 of 'f_read' from incompatible pointer type [-Wincompatible-pointer-types]
     Res = f_read(&fil, buffer, data_size, &NumBytesRead);
                                           ^~~~~~~~~~~~~
In file included from ../src/main.c:7:
../../tebf_bsp/ps7_cortexa9_0/include/ff.h:275:54: note: expected 'UINT *' {aka 'unsigned int *'} but argument is of type 'u32 *' {aka 'long unsigned int *'}
 FRESULT f_read (FIL* fp, void* buff, UINT btr, UINT* br);   /* Read data from the file */
                                                ~~~~~~^~
../src/main.c: In function 'main':
../src/main.c:469:1: error: expected declaration or statement at end of input
 }
 ^
At top level:
../src/main.c:437:6: warning: 'WriteTLCDByString' defined but not used [-Wunused-function]
 void WriteTLCDByString(char *text, int line)
      ^~~~~~~~~~~~~~~~~
../src/main.c:416:6: warning: 'GetCmdWithLiveLCD' defined but not used [-Wunused-function]
 void GetCmdWithLiveLCD(char *buf, int line)
      ^~~~~~~~~~~~~~~~~
../src/main.c:401:6: warning: 'GetCmd' defined but not used [-Wunused-function]
 void GetCmd(char *sel)
      ^~~~~~
../src/main.c:395:6: warning: 'PrintChar' defined but not used [-Wunused-function]
 void PrintChar(char *str)
      ^~~~~~~~~
../src/main.c:359:5: warning: 'WriteRTC' defined but not used [-Wunused-function]
 int WriteRTC(XIicPs *Iic, u8 min, u8 sec)
     ^~~~~~~~
../src/main.c:326:5: warning: 'ReadRTC' defined but not used [-Wunused-function]
 int ReadRTC(XIicPs Iic, u8 *SendBuffer, u8 *RecvBuffer)
     ^~~~~~~
../src/main.c:319:6: warning: 'FormatScoreLine' defined but not used [-Wunused-function]
 void FormatScoreLine(char *buf, int score)
      ^~~~~~~~~~~~~~~
../src/main.c:312:6: warning: 'FormatTimeLine' defined but not used [-Wunused-function]
 void FormatTimeLine(char *buf, u8 min, u8 sec)
      ^~~~~~~~~~~~~~
../src/main.c:246:6: warning: 'load_image_from_sdcard' defined but not used [-Wunused-function]
 void load_image_from_sdcard(const char *filename) {
      ^~~~~~~~~~~~~~~~~~~~~~
make: *** [src/subdir.mk:23: src/main.o] Error 1
18:52:23 **** Incremental Build of configuration Debug for project tebf ****
make pre-build main-build 
a9-linaro-pre-build-step
 
Building file: ../src/main.c
Invoking: ARM v7 gcc compiler
arm-none-eabi-gcc -Wall -O0 -g3 -c -fmessage-length=0 -MT"src/main.o" -mcpu=cortex-a9 -mfpu=vfpv3 -mfloat-abi=hard -I../../tebf_bsp/ps7_cortexa9_0/include -MMD -MP -MF"src/main.d" -MT"src/main.o" -o "src/main.o" "../src/main.c"
../src/main.c: In function 'main':
../src/main.c:56:43: warning: passing argument 4 of 'f_read' from incompatible pointer type [-Wincompatible-pointer-types]
     Res = f_read(&fil, buffer, data_size, &NumBytesRead);
                                           ^~~~~~~~~~~~~
In file included from ../src/main.c:7:
../../tebf_bsp/ps7_cortexa9_0/include/ff.h:275:54: note: expected 'UINT *' {aka 'unsigned int *'} but argument is of type 'u32 *' {aka 'long unsigned int *'}
 FRESULT f_read (FIL* fp, void* buff, UINT btr, UINT* br);   /* Read data from the file */
                                                ~~~~~~^~
../src/main.c:108:3: warning: implicit declaration of function 'GetCmdWithLiveLCD' [-Wimplicit-function-declaration]
   GetCmdWithLiveLCD(id, TextLine1);  // 실시간 LCD 출력
   ^~~~~~~~~~~~~~~~~
../src/main.c:214:13: warning: implicit declaration of function 'load_image_from_sdcard' [-Wimplicit-function-declaration]
             load_image_from_sdcard(filename);
             ^~~~~~~~~~~~~~~~~~~~~~
../src/main.c: In function 'load_image_from_sdcard':
../src/main.c:269:43: warning: passing argument 4 of 'f_read' from incompatible pointer type [-Wincompatible-pointer-types]
     Res = f_read(&fil, buffer, data_size, &NumBytesRead);
                                           ^~~~~~~~~~~~~
In file included from ../src/main.c:7:
../../tebf_bsp/ps7_cortexa9_0/include/ff.h:275:54: note: expected 'UINT *' {aka 'unsigned int *'} but argument is of type 'u32 *' {aka 'long unsigned int *'}
 FRESULT f_read (FIL* fp, void* buff, UINT btr, UINT* br);   /* Read data from the file */
                                                ~~~~~~^~
../src/main.c: In function 'main':
../src/main.c:468:1: error: expected declaration or statement at end of input
 }
 ^
At top level:
../src/main.c:436:6: warning: 'WriteTLCDByString' defined but not used [-Wunused-function]
 void WriteTLCDByString(char *text, int line)
      ^~~~~~~~~~~~~~~~~
../src/main.c:415:6: warning: 'GetCmdWithLiveLCD' defined but not used [-Wunused-function]
 void GetCmdWithLiveLCD(char *buf, int line)
      ^~~~~~~~~~~~~~~~~
../src/main.c:400:6: warning: 'GetCmd' defined but not used [-Wunused-function]
 void GetCmd(char *sel)
      ^~~~~~
../src/main.c:394:6: warning: 'PrintChar' defined but not used [-Wunused-function]
 void PrintChar(char *str)
      ^~~~~~~~~
../src/main.c:358:5: warning: 'WriteRTC' defined but not used [-Wunused-function]
 int WriteRTC(XIicPs *Iic, u8 min, u8 sec)
     ^~~~~~~~
../src/main.c:325:5: warning: 'ReadRTC' defined but not used [-Wunused-function]
 int ReadRTC(XIicPs Iic, u8 *SendBuffer, u8 *RecvBuffer)
     ^~~~~~~
../src/main.c:318:6: warning: 'FormatScoreLine' defined but not used [-Wunused-function]
 void FormatScoreLine(char *buf, int score)
      ^~~~~~~~~~~~~~~
../src/main.c:311:6: warning: 'FormatTimeLine' defined but not used [-Wunused-function]
 void FormatTimeLine(char *buf, u8 min, u8 sec)
      ^~~~~~~~~~~~~~
../src/main.c:245:6: warning: 'load_image_from_sdcard' defined but not used [-Wunused-function]
 void load_image_from_sdcard(const char *filename) {
      ^~~~~~~~~~~~~~~~~~~~~~
make: *** [src/subdir.mk:23: src/main.o] Error 1
18:52:31 **** Incremental Build of configuration Debug for project tebf ****
make pre-build main-build 
a9-linaro-pre-build-step
 
Building file: ../src/main.c
Invoking: ARM v7 gcc compiler
arm-none-eabi-gcc -Wall -O0 -g3 -c -fmessage-length=0 -MT"src/main.o" -mcpu=cortex-a9 -mfpu=vfpv3 -mfloat-abi=hard -I../../tebf_bsp/ps7_cortexa9_0/include -MMD -MP -MF"src/main.d" -MT"src/main.o" -o "src/main.o" "../src/main.c"
../src/main.c: In function 'main':
../src/main.c:56:43: warning: passing argument 4 of 'f_read' from incompatible pointer type [-Wincompatible-pointer-types]
     Res = f_read(&fil, buffer, data_size, &NumBytesRead);
                                           ^~~~~~~~~~~~~
In file included from ../src/main.c:7:
../../tebf_bsp/ps7_cortexa9_0/include/ff.h:275:54: note: expected 'UINT *' {aka 'unsigned int *'} but argument is of type 'u32 *' {aka 'long unsigned int *'}
 FRESULT f_read (FIL* fp, void* buff, UINT btr, UINT* br);   /* Read data from the file */
                                                ~~~~~~^~
../src/main.c:108:3: warning: implicit declaration of function 'GetCmdWithLiveLCD' [-Wimplicit-function-declaration]
   GetCmdWithLiveLCD(id, TextLine1);  // 실시간 LCD 출력
   ^~~~~~~~~~~~~~~~~
../src/main.c:214:13: warning: implicit declaration of function 'load_image_from_sdcard' [-Wimplicit-function-declaration]
             load_image_from_sdcard(filename);
             ^~~~~~~~~~~~~~~~~~~~~~
../src/main.c: In function 'load_image_from_sdcard':
../src/main.c:269:43: warning: passing argument 4 of 'f_read' from incompatible pointer type [-Wincompatible-pointer-types]
     Res = f_read(&fil, buffer, data_size, &NumBytesRead);
                                           ^~~~~~~~~~~~~
In file included from ../src/main.c:7:
../../tebf_bsp/ps7_cortexa9_0/include/ff.h:275:54: note: expected 'UINT *' {aka 'unsigned int *'} but argument is of type 'u32 *' {aka 'long unsigned int *'}
 FRESULT f_read (FIL* fp, void* buff, UINT btr, UINT* br);   /* Read data from the file */
                                                ~~~~~~^~
../src/main.c: In function 'WriteTLCDByString':
../src/main.c:467:5: error: expected declaration or statement at end of input
     }
     ^
../src/main.c: In function 'main':
../src/main.c:467:5: error: expected declaration or statement at end of input
At top level:
../src/main.c:436:6: warning: 'WriteTLCDByString' defined but not used [-Wunused-function]
 void WriteTLCDByString(char *text, int line)
      ^~~~~~~~~~~~~~~~~
../src/main.c:415:6: warning: 'GetCmdWithLiveLCD' defined but not used [-Wunused-function]
 void GetCmdWithLiveLCD(char *buf, int line)
      ^~~~~~~~~~~~~~~~~
../src/main.c:400:6: warning: 'GetCmd' defined but not used [-Wunused-function]
 void GetCmd(char *sel)
      ^~~~~~
../src/main.c:394:6: warning: 'PrintChar' defined but not used [-Wunused-function]
 void PrintChar(char *str)
      ^~~~~~~~~
../src/main.c:358:5: warning: 'WriteRTC' defined but not used [-Wunused-function]
 int WriteRTC(XIicPs *Iic, u8 min, u8 sec)
     ^~~~~~~~
../src/main.c:325:5: warning: 'ReadRTC' defined but not used [-Wunused-function]
 int ReadRTC(XIicPs Iic, u8 *SendBuffer, u8 *RecvBuffer)
     ^~~~~~~
../src/main.c:318:6: warning: 'FormatScoreLine' defined but not used [-Wunused-function]
 void FormatScoreLine(char *buf, int score)
      ^~~~~~~~~~~~~~~
../src/main.c:311:6: warning: 'FormatTimeLine' defined but not used [-Wunused-function]
 void FormatTimeLine(char *buf, u8 min, u8 sec)
      ^~~~~~~~~~~~~~
../src/main.c:245:6: warning: 'load_image_from_sdcard' defined but not used [-Wunused-function]
 void load_image_from_sdcard(const char *filename) {
      ^~~~~~~~~~~~~~~~~~~~~~
make: *** [src/subdir.mk:23: src/main.o] Error 1
18:52:41 **** Incremental Build of configuration Debug for project tebf ****
make pre-build main-build 
a9-linaro-pre-build-step
 
Building file: ../src/main.c
Invoking: ARM v7 gcc compiler
arm-none-eabi-gcc -Wall -O0 -g3 -c -fmessage-length=0 -MT"src/main.o" -mcpu=cortex-a9 -mfpu=vfpv3 -mfloat-abi=hard -I../../tebf_bsp/ps7_cortexa9_0/include -MMD -MP -MF"src/main.d" -MT"src/main.o" -o "src/main.o" "../src/main.c"
../src/main.c: In function 'main':
../src/main.c:56:43: warning: passing argument 4 of 'f_read' from incompatible pointer type [-Wincompatible-pointer-types]
     Res = f_read(&fil, buffer, data_size, &NumBytesRead);
                                           ^~~~~~~~~~~~~
In file included from ../src/main.c:7:
../../tebf_bsp/ps7_cortexa9_0/include/ff.h:275:54: note: expected 'UINT *' {aka 'unsigned int *'} but argument is of type 'u32 *' {aka 'long unsigned int *'}
 FRESULT f_read (FIL* fp, void* buff, UINT btr, UINT* br);   /* Read data from the file */
                                                ~~~~~~^~
../src/main.c:108:3: warning: implicit declaration of function 'GetCmdWithLiveLCD' [-Wimplicit-function-declaration]
   GetCmdWithLiveLCD(id, TextLine1);  // 실시간 LCD 출력
   ^~~~~~~~~~~~~~~~~
../src/main.c:214:13: warning: implicit declaration of function 'load_image_from_sdcard' [-Wimplicit-function-declaration]
             load_image_from_sdcard(filename);
             ^~~~~~~~~~~~~~~~~~~~~~
../src/main.c: In function 'load_image_from_sdcard':
../src/main.c:269:43: warning: passing argument 4 of 'f_read' from incompatible pointer type [-Wincompatible-pointer-types]
     Res = f_read(&fil, buffer, data_size, &NumBytesRead);
                                           ^~~~~~~~~~~~~
In file included from ../src/main.c:7:
../../tebf_bsp/ps7_cortexa9_0/include/ff.h:275:54: note: expected 'UINT *' {aka 'unsigned int *'} but argument is of type 'u32 *' {aka 'long unsigned int *'}
 FRESULT f_read (FIL* fp, void* buff, UINT btr, UINT* br);   /* Read data from the file */
                                                ~~~~~~^~
../src/main.c: In function 'WriteTLCDByString':
../src/main.c:467:5: error: expected declaration or statement at end of input
     }
     ^
../src/main.c: In function 'main':
../src/main.c:467:5: error: expected declaration or statement at end of input
At top level:
../src/main.c:436:6: warning: 'WriteTLCDByString' defined but not used [-Wunused-function]
 void WriteTLCDByString(char *text, int line)
      ^~~~~~~~~~~~~~~~~
../src/main.c:415:6: warning: 'GetCmdWithLiveLCD' defined but not used [-Wunused-function]
 void GetCmdWithLiveLCD(char *buf, int line)
      ^~~~~~~~~~~~~~~~~
../src/main.c:400:6: warning: 'GetCmd' defined but not used [-Wunused-function]
 void GetCmd(char *sel)
      ^~~~~~
../src/main.c:394:6: warning: 'PrintChar' defined but not used [-Wunused-function]
 void PrintChar(char *str)
      ^~~~~~~~~
../src/main.c:358:5: warning: 'WriteRTC' defined but not used [-Wunused-function]
 int WriteRTC(XIicPs *Iic, u8 min, u8 sec)
     ^~~~~~~~
../src/main.c:325:5: warning: 'ReadRTC' defined but not used [-Wunused-function]
 int ReadRTC(XIicPs Iic, u8 *SendBuffer, u8 *RecvBuffer)
     ^~~~~~~
../src/main.c:318:6: warning: 'FormatScoreLine' defined but not used [-Wunused-function]
 void FormatScoreLine(char *buf, int score)
      ^~~~~~~~~~~~~~~
../src/main.c:311:6: warning: 'FormatTimeLine' defined but not used [-Wunused-function]
 void FormatTimeLine(char *buf, u8 min, u8 sec)
      ^~~~~~~~~~~~~~
../src/main.c:245:6: warning: 'load_image_from_sdcard' defined but not used [-Wunused-function]
 void load_image_from_sdcard(const char *filename) {
      ^~~~~~~~~~~~~~~~~~~~~~
make: *** [src/subdir.mk:23: src/main.o] Error 1
18:53:02 **** Incremental Build of configuration Debug for project tebf ****
make pre-build main-build 
a9-linaro-pre-build-step
 
Building file: ../src/main.c
Invoking: ARM v7 gcc compiler
arm-none-eabi-gcc -Wall -O0 -g3 -c -fmessage-length=0 -MT"src/main.o" -mcpu=cortex-a9 -mfpu=vfpv3 -mfloat-abi=hard -I../../tebf_bsp/ps7_cortexa9_0/include -MMD -MP -MF"src/main.d" -MT"src/main.o" -o "src/main.o" "../src/main.c"
../src/main.c: In function 'main':
../src/main.c:56:43: warning: passing argument 4 of 'f_read' from incompatible pointer type [-Wincompatible-pointer-types]
     Res = f_read(&fil, buffer, data_size, &NumBytesRead);
                                           ^~~~~~~~~~~~~
In file included from ../src/main.c:7:
../../tebf_bsp/ps7_cortexa9_0/include/ff.h:275:54: note: expected 'UINT *' {aka 'unsigned int *'} but argument is of type 'u32 *' {aka 'long unsigned int *'}
 FRESULT f_read (FIL* fp, void* buff, UINT btr, UINT* br);   /* Read data from the file */
                                                ~~~~~~^~
../src/main.c:108:3: warning: implicit declaration of function 'GetCmdWithLiveLCD' [-Wimplicit-function-declaration]
   GetCmdWithLiveLCD(id, TextLine1);  // 실시간 LCD 출력
   ^~~~~~~~~~~~~~~~~
../src/main.c:214:13: warning: implicit declaration of function 'load_image_from_sdcard' [-Wimplicit-function-declaration]
             load_image_from_sdcard(filename);
             ^~~~~~~~~~~~~~~~~~~~~~
../src/main.c: In function 'load_image_from_sdcard':
../src/main.c:269:43: warning: passing argument 4 of 'f_read' from incompatible pointer type [-Wincompatible-pointer-types]
     Res = f_read(&fil, buffer, data_size, &NumBytesRead);
                                           ^~~~~~~~~~~~~
In file included from ../src/main.c:7:
../../tebf_bsp/ps7_cortexa9_0/include/ff.h:275:54: note: expected 'UINT *' {aka 'unsigned int *'} but argument is of type 'u32 *' {aka 'long unsigned int *'}
 FRESULT f_read (FIL* fp, void* buff, UINT btr, UINT* br);   /* Read data from the file */
                                                ~~~~~~^~
../src/main.c: In function 'main':
../src/main.c:469:1: error: expected declaration or statement at end of input
 }
 ^
At top level:
../src/main.c:436:6: warning: 'WriteTLCDByString' defined but not used [-Wunused-function]
 void WriteTLCDByString(char *text, int line)
      ^~~~~~~~~~~~~~~~~
../src/main.c:415:6: warning: 'GetCmdWithLiveLCD' defined but not used [-Wunused-function]
 void GetCmdWithLiveLCD(char *buf, int line)
      ^~~~~~~~~~~~~~~~~
../src/main.c:400:6: warning: 'GetCmd' defined but not used [-Wunused-function]
 void GetCmd(char *sel)
      ^~~~~~
../src/main.c:394:6: warning: 'PrintChar' defined but not used [-Wunused-function]
 void PrintChar(char *str)
      ^~~~~~~~~
../src/main.c:358:5: warning: 'WriteRTC' defined but not used [-Wunused-function]
 int WriteRTC(XIicPs *Iic, u8 min, u8 sec)
     ^~~~~~~~
../src/main.c:325:5: warning: 'ReadRTC' defined but not used [-Wunused-function]
 int ReadRTC(XIicPs Iic, u8 *SendBuffer, u8 *RecvBuffer)
     ^~~~~~~
../src/main.c:318:6: warning: 'FormatScoreLine' defined but not used [-Wunused-function]
 void FormatScoreLine(char *buf, int score)
      ^~~~~~~~~~~~~~~
../src/main.c:311:6: warning: 'FormatTimeLine' defined but not used [-Wunused-function]
 void FormatTimeLine(char *buf, u8 min, u8 sec)
      ^~~~~~~~~~~~~~
../src/main.c:245:6: warning: 'load_image_from_sdcard' defined but not used [-Wunused-function]
 void load_image_from_sdcard(const char *filename) {
      ^~~~~~~~~~~~~~~~~~~~~~
make: *** [src/subdir.mk:23: src/main.o] Error 1
18:53:07 **** Incremental Build of configuration Debug for project tebf ****
make pre-build main-build 
a9-linaro-pre-build-step
 
Building file: ../src/main.c
Invoking: ARM v7 gcc compiler
arm-none-eabi-gcc -Wall -O0 -g3 -c -fmessage-length=0 -MT"src/main.o" -mcpu=cortex-a9 -mfpu=vfpv3 -mfloat-abi=hard -I../../tebf_bsp/ps7_cortexa9_0/include -MMD -MP -MF"src/main.d" -MT"src/main.o" -o "src/main.o" "../src/main.c"
../src/main.c: In function 'main':
../src/main.c:56:43: warning: passing argument 4 of 'f_read' from incompatible pointer type [-Wincompatible-pointer-types]
     Res = f_read(&fil, buffer, data_size, &NumBytesRead);
                                           ^~~~~~~~~~~~~
In file included from ../src/main.c:7:
../../tebf_bsp/ps7_cortexa9_0/include/ff.h:275:54: note: expected 'UINT *' {aka 'unsigned int *'} but argument is of type 'u32 *' {aka 'long unsigned int *'}
 FRESULT f_read (FIL* fp, void* buff, UINT btr, UINT* br);   /* Read data from the file */
                                                ~~~~~~^~
../src/main.c:108:3: warning: implicit declaration of function 'GetCmdWithLiveLCD' [-Wimplicit-function-declaration]
   GetCmdWithLiveLCD(id, TextLine1);  // 실시간 LCD 출력
   ^~~~~~~~~~~~~~~~~
../src/main.c:214:13: warning: implicit declaration of function 'load_image_from_sdcard' [-Wimplicit-function-declaration]
             load_image_from_sdcard(filename);
             ^~~~~~~~~~~~~~~~~~~~~~
../src/main.c: In function 'load_image_from_sdcard':
../src/main.c:269:43: warning: passing argument 4 of 'f_read' from incompatible pointer type [-Wincompatible-pointer-types]
     Res = f_read(&fil, buffer, data_size, &NumBytesRead);
                                           ^~~~~~~~~~~~~
In file included from ../src/main.c:7:
../../tebf_bsp/ps7_cortexa9_0/include/ff.h:275:54: note: expected 'UINT *' {aka 'unsigned int *'} but argument is of type 'u32 *' {aka 'long unsigned int *'}
 FRESULT f_read (FIL* fp, void* buff, UINT btr, UINT* br);   /* Read data from the file */
                                                ~~~~~~^~
../src/main.c: In function 'WriteTLCDByString':
../src/main.c:468:1: error: expected declaration or statement at end of input
 }
 ^
../src/main.c: In function 'main':
../src/main.c:468:1: error: expected declaration or statement at end of input
At top level:
../src/main.c:436:6: warning: 'WriteTLCDByString' defined but not used [-Wunused-function]
 void WriteTLCDByString(char *text, int line)
      ^~~~~~~~~~~~~~~~~
../src/main.c:415:6: warning: 'GetCmdWithLiveLCD' defined but not used [-Wunused-function]
 void GetCmdWithLiveLCD(char *buf, int line)
      ^~~~~~~~~~~~~~~~~
../src/main.c:400:6: warning: 'GetCmd' defined but not used [-Wunused-function]
 void GetCmd(char *sel)
      ^~~~~~
../src/main.c:394:6: warning: 'PrintChar' defined but not used [-Wunused-function]
 void PrintChar(char *str)
      ^~~~~~~~~
../src/main.c:358:5: warning: 'WriteRTC' defined but not used [-Wunused-function]
 int WriteRTC(XIicPs *Iic, u8 min, u8 sec)
     ^~~~~~~~
../src/main.c:325:5: warning: 'ReadRTC' defined but not used [-Wunused-function]
 int ReadRTC(XIicPs Iic, u8 *SendBuffer, u8 *RecvBuffer)
     ^~~~~~~
../src/main.c:318:6: warning: 'FormatScoreLine' defined but not used [-Wunused-function]
 void FormatScoreLine(char *buf, int score)
      ^~~~~~~~~~~~~~~
../src/main.c:311:6: warning: 'FormatTimeLine' defined but not used [-Wunused-function]
 void FormatTimeLine(char *buf, u8 min, u8 sec)
      ^~~~~~~~~~~~~~
../src/main.c:245:6: warning: 'load_image_from_sdcard' defined but not used [-Wunused-function]
 void load_image_from_sdcard(const char *filename) {
      ^~~~~~~~~~~~~~~~~~~~~~
make: *** [src/subdir.mk:23: src/main.o] Error 1
18:55:39 **** Incremental Build of configuration Debug for project tebf ****
make pre-build main-build 
a9-linaro-pre-build-step
 
Building file: ../src/main.c
Invoking: ARM v7 gcc compiler
arm-none-eabi-gcc -Wall -O0 -g3 -c -fmessage-length=0 -MT"src/main.o" -mcpu=cortex-a9 -mfpu=vfpv3 -mfloat-abi=hard -I../../tebf_bsp/ps7_cortexa9_0/include -MMD -MP -MF"src/main.d" -MT"src/main.o" -o "src/main.o" "../src/main.c"
../src/main.c: In function 'main':
../src/main.c:56:43: warning: passing argument 4 of 'f_read' from incompatible pointer type [-Wincompatible-pointer-types]
     Res = f_read(&fil, buffer, data_size, &NumBytesRead);
                                           ^~~~~~~~~~~~~
In file included from ../src/main.c:7:
../../tebf_bsp/ps7_cortexa9_0/include/ff.h:275:54: note: expected 'UINT *' {aka 'unsigned int *'} but argument is of type 'u32 *' {aka 'long unsigned int *'}
 FRESULT f_read (FIL* fp, void* buff, UINT btr, UINT* br);   /* Read data from the file */
                                                ~~~~~~^~
../src/main.c:108:3: warning: implicit declaration of function 'GetCmdWithLiveLCD' [-Wimplicit-function-declaration]
   GetCmdWithLiveLCD(id, TextLine1);  // 실시간 LCD 출력
   ^~~~~~~~~~~~~~~~~
../src/main.c:214:13: warning: implicit declaration of function 'load_image_from_sdcard' [-Wimplicit-function-declaration]
             load_image_from_sdcard(filename);
             ^~~~~~~~~~~~~~~~~~~~~~
../src/main.c: In function 'load_image_from_sdcard':
../src/main.c:269:43: warning: passing argument 4 of 'f_read' from incompatible pointer type [-Wincompatible-pointer-types]
     Res = f_read(&fil, buffer, data_size, &NumBytesRead);
                                           ^~~~~~~~~~~~~
In file included from ../src/main.c:7:
../../tebf_bsp/ps7_cortexa9_0/include/ff.h:275:54: note: expected 'UINT *' {aka 'unsigned int *'} but argument is of type 'u32 *' {aka 'long unsigned int *'}
 FRESULT f_read (FIL* fp, void* buff, UINT btr, UINT* br);   /* Read data from the file */
                                                ~~~~~~^~
../src/main.c: In function 'main':
../src/main.c:468:1: error: expected declaration or statement at end of input
 }
 ^
At top level:
../src/main.c:436:6: warning: 'WriteTLCDByString' defined but not used [-Wunused-function]
 void WriteTLCDByString(char *text, int line)
      ^~~~~~~~~~~~~~~~~
../src/main.c:415:6: warning: 'GetCmdWithLiveLCD' defined but not used [-Wunused-function]
 void GetCmdWithLiveLCD(char *buf, int line)
      ^~~~~~~~~~~~~~~~~
../src/main.c:400:6: warning: 'GetCmd' defined but not used [-Wunused-function]
 void GetCmd(char *sel)
      ^~~~~~
../src/main.c:394:6: warning: 'PrintChar' defined but not used [-Wunused-function]
 void PrintChar(char *str)
      ^~~~~~~~~
../src/main.c:358:5: warning: 'WriteRTC' defined but not used [-Wunused-function]
 int WriteRTC(XIicPs *Iic, u8 min, u8 sec)
     ^~~~~~~~
../src/main.c:325:5: warning: 'ReadRTC' defined but not used [-Wunused-function]
 int ReadRTC(XIicPs Iic, u8 *SendBuffer, u8 *RecvBuffer)
     ^~~~~~~
../src/main.c:318:6: warning: 'FormatScoreLine' defined but not used [-Wunused-function]
 void FormatScoreLine(char *buf, int score)
      ^~~~~~~~~~~~~~~
../src/main.c:311:6: warning: 'FormatTimeLine' defined but not used [-Wunused-function]
 void FormatTimeLine(char *buf, u8 min, u8 sec)
      ^~~~~~~~~~~~~~
../src/main.c:245:6: warning: 'load_image_from_sdcard' defined but not used [-Wunused-function]
 void load_image_from_sdcard(const char *filename) {
      ^~~~~~~~~~~~~~~~~~~~~~
make: *** [src/subdir.mk:23: src/main.o] Error 1
18:56:20 **** Incremental Build of configuration Debug for project tebf ****
make pre-build main-build 
a9-linaro-pre-build-step
 
Building file: ../src/main.c
Invoking: ARM v7 gcc compiler
arm-none-eabi-gcc -Wall -O0 -g3 -c -fmessage-length=0 -MT"src/main.o" -mcpu=cortex-a9 -mfpu=vfpv3 -mfloat-abi=hard -I../../tebf_bsp/ps7_cortexa9_0/include -MMD -MP -MF"src/main.d" -MT"src/main.o" -o "src/main.o" "../src/main.c"
../src/main.c: In function 'main':
../src/main.c:56:43: warning: passing argument 4 of 'f_read' from incompatible pointer type [-Wincompatible-pointer-types]
     Res = f_read(&fil, buffer, data_size, &NumBytesRead);
                                           ^~~~~~~~~~~~~
In file included from ../src/main.c:7:
../../tebf_bsp/ps7_cortexa9_0/include/ff.h:275:54: note: expected 'UINT *' {aka 'unsigned int *'} but argument is of type 'u32 *' {aka 'long unsigned int *'}
 FRESULT f_read (FIL* fp, void* buff, UINT btr, UINT* br);   /* Read data from the file */
                                                ~~~~~~^~
../src/main.c:108:3: warning: implicit declaration of function 'GetCmdWithLiveLCD' [-Wimplicit-function-declaration]
   GetCmdWithLiveLCD(id, TextLine1);  // 실시간 LCD 출력
   ^~~~~~~~~~~~~~~~~
../src/main.c:214:13: warning: implicit declaration of function 'load_image_from_sdcard' [-Wimplicit-function-declaration]
             load_image_from_sdcard(filename);
             ^~~~~~~~~~~~~~~~~~~~~~
../src/main.c: At top level:
../src/main.c:246:6: warning: conflicting types for 'load_image_from_sdcard'
 void load_image_from_sdcard(const char *filename) {
      ^~~~~~~~~~~~~~~~~~~~~~
../src/main.c:214:13: note: previous implicit declaration of 'load_image_from_sdcard' was here
             load_image_from_sdcard(filename);
             ^~~~~~~~~~~~~~~~~~~~~~
../src/main.c: In function 'load_image_from_sdcard':
../src/main.c:270:43: warning: passing argument 4 of 'f_read' from incompatible pointer type [-Wincompatible-pointer-types]
     Res = f_read(&fil, buffer, data_size, &NumBytesRead);
                                           ^~~~~~~~~~~~~
In file included from ../src/main.c:7:
../../tebf_bsp/ps7_cortexa9_0/include/ff.h:275:54: note: expected 'UINT *' {aka 'unsigned int *'} but argument is of type 'u32 *' {aka 'long unsigned int *'}
 FRESULT f_read (FIL* fp, void* buff, UINT btr, UINT* br);   /* Read data from the file */
                                                ~~~~~~^~
../src/main.c: At top level:
../src/main.c:416:6: warning: conflicting types for 'GetCmdWithLiveLCD'
 void GetCmdWithLiveLCD(char *buf, int line)
      ^~~~~~~~~~~~~~~~~
../src/main.c:108:3: note: previous implicit declaration of 'GetCmdWithLiveLCD' was here
   GetCmdWithLiveLCD(id, TextLine1);  // 실시간 LCD 출력
   ^~~~~~~~~~~~~~~~~
Finished building: ../src/main.c
 
Building target: tebf.elf
Invoking: ARM v7 gcc linker
arm-none-eabi-gcc -mcpu=cortex-a9 -mfpu=vfpv3 -mfloat-abi=hard -Wl,-build-id=none -specs=Xilinx.spec -Wl,-T -Wl,../src/lscript.ld -L../../tebf_bsp/ps7_cortexa9_0/lib -o "tebf.elf"  ./src/main.o   -Wl,--start-group,-lxil,-lgcc,-lc,--end-group -Wl,--start-group,-lxilffs,-lxil,-lgcc,-lc,--end-group
Finished building target: tebf.elf
 
Invoking: ARM v7 Print Size
arm-none-eabi-size tebf.elf  |tee "tebf.elf.size"
   text	   data	    bss	    dec	    hex	filename
 126884	   2664	 287344	 416892	  65c7c	tebf.elf
Finished building: tebf.elf.size
 
18:56:25 **** Incremental Build of configuration Debug for project tebf ****
make pre-build main-build 
a9-linaro-pre-build-step
 
make: Nothing to be done for 'main-build'.
18:58:13 **** Incremental Build of configuration Debug for project tebf ****
make pre-build main-build 
a9-linaro-pre-build-step
 
make: Nothing to be done for 'main-build'.
20:15:31 **** Incremental Build of configuration Debug for project tebf ****
make pre-build main-build 
a9-linaro-pre-build-step
 
Building file: ../src/main.c
Invoking: ARM v7 gcc compiler
arm-none-eabi-gcc -Wall -O0 -g3 -c -fmessage-length=0 -MT"src/main.o" -mcpu=cortex-a9 -mfpu=vfpv3 -mfloat-abi=hard -I../../tebf_bsp/ps7_cortexa9_0/include -MMD -MP -MF"src/main.d" -MT"src/main.o" -o "src/main.o" "../src/main.c"
../src/main.c: In function 'main':
../src/main.c:56:43: warning: passing argument 4 of 'f_read' from incompatible pointer type [-Wincompatible-pointer-types]
     Res = f_read(&fil, buffer, data_size, &NumBytesRead);
                                           ^~~~~~~~~~~~~
In file included from ../src/main.c:7:
../../tebf_bsp/ps7_cortexa9_0/include/ff.h:275:54: note: expected 'UINT *' {aka 'unsigned int *'} but argument is of type 'u32 *' {aka 'long unsigned int *'}
 FRESULT f_read (FIL* fp, void* buff, UINT btr, UINT* br);   /* Read data from the file */
                                                ~~~~~~^~
../src/main.c:108:3: warning: implicit declaration of function 'GetCmdWithLiveLCD' [-Wimplicit-function-declaration]
   GetCmdWithLiveLCD(id, TextLine1);  // 실시간 LCD 출력
   ^~~~~~~~~~~~~~~~~
../src/main.c:214:13: warning: implicit declaration of function 'load_image_from_sdcard' [-Wimplicit-function-declaration]
             load_image_from_sdcard(filename);
             ^~~~~~~~~~~~~~~~~~~~~~
../src/main.c: At top level:
../src/main.c:246:6: warning: conflicting types for 'load_image_from_sdcard'
 void load_image_from_sdcard(const char *filename) {
      ^~~~~~~~~~~~~~~~~~~~~~
../src/main.c:214:13: note: previous implicit declaration of 'load_image_from_sdcard' was here
             load_image_from_sdcard(filename);
             ^~~~~~~~~~~~~~~~~~~~~~
../src/main.c: In function 'load_image_from_sdcard':
../src/main.c:270:43: warning: passing argument 4 of 'f_read' from incompatible pointer type [-Wincompatible-pointer-types]
     Res = f_read(&fil, buffer, data_size, &NumBytesRead);
                                           ^~~~~~~~~~~~~
In file included from ../src/main.c:7:
../../tebf_bsp/ps7_cortexa9_0/include/ff.h:275:54: note: expected 'UINT *' {aka 'unsigned int *'} but argument is of type 'u32 *' {aka 'long unsigned int *'}
 FRESULT f_read (FIL* fp, void* buff, UINT btr, UINT* br);   /* Read data from the file */
                                                ~~~~~~^~
../src/main.c: At top level:
../src/main.c:416:6: warning: conflicting types for 'GetCmdWithLiveLCD'
 void GetCmdWithLiveLCD(char *buf, int line)
      ^~~~~~~~~~~~~~~~~
../src/main.c:108:3: note: previous implicit declaration of 'GetCmdWithLiveLCD' was here
   GetCmdWithLiveLCD(id, TextLine1);  // 실시간 LCD 출력
   ^~~~~~~~~~~~~~~~~
Finished building: ../src/main.c
 
Building target: tebf.elf
Invoking: ARM v7 gcc linker
arm-none-eabi-gcc -mcpu=cortex-a9 -mfpu=vfpv3 -mfloat-abi=hard -Wl,-build-id=none -specs=Xilinx.spec -Wl,-T -Wl,../src/lscript.ld -L../../tebf_bsp/ps7_cortexa9_0/lib -o "tebf.elf"  ./src/main.o   -Wl,--start-group,-lxil,-lgcc,-lc,--end-group -Wl,--start-group,-lxilffs,-lxil,-lgcc,-lc,--end-group
Finished building target: tebf.elf
 
Invoking: ARM v7 Print Size
arm-none-eabi-size tebf.elf  |tee "tebf.elf.size"
   text	   data	    bss	    dec	    hex	filename
 126884	   2664	 287344	 416892	  65c7c	tebf.elf
Finished building: tebf.elf.size
 
20:15:41 **** Incremental Build of configuration Debug for project tebf ****
make pre-build main-build 
a9-linaro-pre-build-step
 
make: Nothing to be done for 'main-build'.
20:17:49 **** Incremental Build of configuration Debug for project tebf ****
make pre-build main-build 
a9-linaro-pre-build-step
 
make: Nothing to be done for 'main-build'.
20:17:58 **** Incremental Build of configuration Debug for project tebf ****
make pre-build main-build 
a9-linaro-pre-build-step
 
make: Nothing to be done for 'main-build'.
20:22:33 **** Incremental Build of configuration Debug for project tebf ****
make pre-build main-build 
a9-linaro-pre-build-step
 
Building file: ../src/main.c
Invoking: ARM v7 gcc compiler
arm-none-eabi-gcc -Wall -O0 -g3 -c -fmessage-length=0 -MT"src/main.o" -mcpu=cortex-a9 -mfpu=vfpv3 -mfloat-abi=hard -I../../tebf_bsp/ps7_cortexa9_0/include -MMD -MP -MF"src/main.d" -MT"src/main.o" -o "src/main.o" "../src/main.c"
Finished building: ../src/main.c
 
Building target: tebf.elf
Invoking: ARM v7 gcc linker
arm-none-eabi-gcc -mcpu=cortex-a9 -mfpu=vfpv3 -mfloat-abi=hard -Wl,-build-id=none -specs=Xilinx.spec -Wl,-T -Wl,../src/lscript.ld -L../../tebf_bsp/ps7_cortexa9_0/lib -o "tebf.elf"  ./src/main.o   -Wl,--start-group,-lxil,-lgcc,-lc,--end-group -Wl,--start-group,-lxilffs,-lxil,-lgcc,-lc,--end-group
Finished building target: tebf.elf
 
Invoking: ARM v7 Print Size
arm-none-eabi-size tebf.elf  |tee "tebf.elf.size"
   text	   data	    bss	    dec	    hex	filename
  87152	   2584	  23344	 113080	  1b9b8	tebf.elf
Finished building: tebf.elf.size
 
20:22:45 **** Incremental Build of configuration Debug for project tebf ****
make pre-build main-build 
a9-linaro-pre-build-step
 
make: Nothing to be done for 'main-build'.
20:32:09 **** Incremental Build of configuration Debug for project tebf ****
make pre-build main-build 
a9-linaro-pre-build-step
 
Building file: ../src/main.c
Invoking: ARM v7 gcc compiler
arm-none-eabi-gcc -Wall -O0 -g3 -c -fmessage-length=0 -MT"src/main.o" -mcpu=cortex-a9 -mfpu=vfpv3 -mfloat-abi=hard -I../../tebf_bsp/ps7_cortexa9_0/include -MMD -MP -MF"src/main.d" -MT"src/main.o" -o "src/main.o" "../src/main.c"
../src/main.c: In function 'main':
../src/main.c:56:43: warning: passing argument 4 of 'f_read' from incompatible pointer type [-Wincompatible-pointer-types]
     Res = f_read(&fil, buffer, data_size, &NumBytesRead);
                                           ^~~~~~~~~~~~~
In file included from ../src/main.c:7:
../../tebf_bsp/ps7_cortexa9_0/include/ff.h:275:54: note: expected 'UINT *' {aka 'unsigned int *'} but argument is of type 'u32 *' {aka 'long unsigned int *'}
 FRESULT f_read (FIL* fp, void* buff, UINT btr, UINT* br);   /* Read data from the file */
                                                ~~~~~~^~
../src/main.c:108:3: warning: implicit declaration of function 'GetCmdWithLiveLCD' [-Wimplicit-function-declaration]
   GetCmdWithLiveLCD(id, TextLine1);  // 실시간 LCD 출력
   ^~~~~~~~~~~~~~~~~
../src/main.c:217:13: warning: implicit declaration of function 'load_image_from_sdcard' [-Wimplicit-function-declaration]
             load_image_from_sdcard(filename);
             ^~~~~~~~~~~~~~~~~~~~~~
../src/main.c: At top level:
../src/main.c:246:6: warning: conflicting types for 'load_image_from_sdcard'
 void load_image_from_sdcard(const char *filename) {
      ^~~~~~~~~~~~~~~~~~~~~~
../src/main.c:217:13: note: previous implicit declaration of 'load_image_from_sdcard' was here
             load_image_from_sdcard(filename);
             ^~~~~~~~~~~~~~~~~~~~~~
../src/main.c: In function 'load_image_from_sdcard':
../src/main.c:270:43: warning: passing argument 4 of 'f_read' from incompatible pointer type [-Wincompatible-pointer-types]
     Res = f_read(&fil, buffer, data_size, &NumBytesRead);
                                           ^~~~~~~~~~~~~
In file included from ../src/main.c:7:
../../tebf_bsp/ps7_cortexa9_0/include/ff.h:275:54: note: expected 'UINT *' {aka 'unsigned int *'} but argument is of type 'u32 *' {aka 'long unsigned int *'}
 FRESULT f_read (FIL* fp, void* buff, UINT btr, UINT* br);   /* Read data from the file */
                                                ~~~~~~^~
../src/main.c: At top level:
../src/main.c:416:6: warning: conflicting types for 'GetCmdWithLiveLCD'
 void GetCmdWithLiveLCD(char *buf, int line)
      ^~~~~~~~~~~~~~~~~
../src/main.c:108:3: note: previous implicit declaration of 'GetCmdWithLiveLCD' was here
   GetCmdWithLiveLCD(id, TextLine1);  // 실시간 LCD 출력
   ^~~~~~~~~~~~~~~~~
Finished building: ../src/main.c
 
Building target: tebf.elf
Invoking: ARM v7 gcc linker
arm-none-eabi-gcc -mcpu=cortex-a9 -mfpu=vfpv3 -mfloat-abi=hard -Wl,-build-id=none -specs=Xilinx.spec -Wl,-T -Wl,../src/lscript.ld -L../../tebf_bsp/ps7_cortexa9_0/lib -o "tebf.elf"  ./src/main.o   -Wl,--start-group,-lxil,-lgcc,-lc,--end-group -Wl,--start-group,-lxilffs,-lxil,-lgcc,-lc,--end-group
Finished building target: tebf.elf
 
Invoking: ARM v7 Print Size
arm-none-eabi-size tebf.elf  |tee "tebf.elf.size"
   text	   data	    bss	    dec	    hex	filename
 126892	   2664	 287344	 416900	  65c84	tebf.elf
Finished building: tebf.elf.size
 
20:32:14 **** Incremental Build of configuration Debug for project tebf ****
make pre-build main-build 
a9-linaro-pre-build-step
 
make: Nothing to be done for 'main-build'.
20:33:18 **** Incremental Build of configuration Debug for project tebf ****
make pre-build main-build 
a9-linaro-pre-build-step
 
Building file: ../src/main.c
Invoking: ARM v7 gcc compiler
arm-none-eabi-gcc -Wall -O0 -g3 -c -fmessage-length=0 -MT"src/main.o" -mcpu=cortex-a9 -mfpu=vfpv3 -mfloat-abi=hard -I../../tebf_bsp/ps7_cortexa9_0/include -MMD -MP -MF"src/main.d" -MT"src/main.o" -o "src/main.o" "../src/main.c"
../src/main.c: In function 'main':
../src/main.c:56:43: warning: passing argument 4 of 'f_read' from incompatible pointer type [-Wincompatible-pointer-types]
     Res = f_read(&fil, buffer, data_size, &NumBytesRead);
                                           ^~~~~~~~~~~~~
In file included from ../src/main.c:7:
../../tebf_bsp/ps7_cortexa9_0/include/ff.h:275:54: note: expected 'UINT *' {aka 'unsigned int *'} but argument is of type 'u32 *' {aka 'long unsigned int *'}
 FRESULT f_read (FIL* fp, void* buff, UINT btr, UINT* br);   /* Read data from the file */
                                                ~~~~~~^~
../src/main.c:108:3: warning: implicit declaration of function 'GetCmdWithLiveLCD' [-Wimplicit-function-declaration]
   GetCmdWithLiveLCD(id, TextLine1);  // 실시간 LCD 출력
   ^~~~~~~~~~~~~~~~~
../src/main.c:217:13: warning: implicit declaration of function 'load_image_from_sdcard' [-Wimplicit-function-declaration]
             load_image_from_sdcard(filename);
             ^~~~~~~~~~~~~~~~~~~~~~
../src/main.c: At top level:
../src/main.c:246:6: warning: conflicting types for 'load_image_from_sdcard'
 void load_image_from_sdcard(const char *filename) {
      ^~~~~~~~~~~~~~~~~~~~~~
../src/main.c:217:13: note: previous implicit declaration of 'load_image_from_sdcard' was here
             load_image_from_sdcard(filename);
             ^~~~~~~~~~~~~~~~~~~~~~
../src/main.c: In function 'load_image_from_sdcard':
../src/main.c:270:43: warning: passing argument 4 of 'f_read' from incompatible pointer type [-Wincompatible-pointer-types]
     Res = f_read(&fil, buffer, data_size, &NumBytesRead);
                                           ^~~~~~~~~~~~~
In file included from ../src/main.c:7:
../../tebf_bsp/ps7_cortexa9_0/include/ff.h:275:54: note: expected 'UINT *' {aka 'unsigned int *'} but argument is of type 'u32 *' {aka 'long unsigned int *'}
 FRESULT f_read (FIL* fp, void* buff, UINT btr, UINT* br);   /* Read data from the file */
                                                ~~~~~~^~
../src/main.c: At top level:
../src/main.c:416:6: warning: conflicting types for 'GetCmdWithLiveLCD'
 void GetCmdWithLiveLCD(char *buf, int line)
      ^~~~~~~~~~~~~~~~~
../src/main.c:108:3: note: previous implicit declaration of 'GetCmdWithLiveLCD' was here
   GetCmdWithLiveLCD(id, TextLine1);  // 실시간 LCD 출력
   ^~~~~~~~~~~~~~~~~
Finished building: ../src/main.c
 
Building target: tebf.elf
Invoking: ARM v7 gcc linker
arm-none-eabi-gcc -mcpu=cortex-a9 -mfpu=vfpv3 -mfloat-abi=hard -Wl,-build-id=none -specs=Xilinx.spec -Wl,-T -Wl,../src/lscript.ld -L../../tebf_bsp/ps7_cortexa9_0/lib -o "tebf.elf"  ./src/main.o   -Wl,--start-group,-lxil,-lgcc,-lc,--end-group -Wl,--start-group,-lxilffs,-lxil,-lgcc,-lc,--end-group
Finished building target: tebf.elf
 
Invoking: ARM v7 Print Size
arm-none-eabi-size tebf.elf  |tee "tebf.elf.size"
   text	   data	    bss	    dec	    hex	filename
 126892	   2664	 287344	 416900	  65c84	tebf.elf
Finished building: tebf.elf.size
 
20:33:20 **** Incremental Build of configuration Debug for project tebf ****
make pre-build main-build 
a9-linaro-pre-build-step
 
make: Nothing to be done for 'main-build'.
20:34:11 **** Incremental Build of configuration Debug for project tebf ****
make pre-build main-build 
a9-linaro-pre-build-step
 
Building file: ../src/main.c
Invoking: ARM v7 gcc compiler
arm-none-eabi-gcc -Wall -O0 -g3 -c -fmessage-length=0 -MT"src/main.o" -mcpu=cortex-a9 -mfpu=vfpv3 -mfloat-abi=hard -I../../tebf_bsp/ps7_cortexa9_0/include -MMD -MP -MF"src/main.d" -MT"src/main.o" -o "src/main.o" "../src/main.c"
../src/main.c: In function 'main':
../src/main.c:56:43: warning: passing argument 4 of 'f_read' from incompatible pointer type [-Wincompatible-pointer-types]
     Res = f_read(&fil, buffer, data_size, &NumBytesRead);
                                           ^~~~~~~~~~~~~
In file included from ../src/main.c:7:
../../tebf_bsp/ps7_cortexa9_0/include/ff.h:275:54: note: expected 'UINT *' {aka 'unsigned int *'} but argument is of type 'u32 *' {aka 'long unsigned int *'}
 FRESULT f_read (FIL* fp, void* buff, UINT btr, UINT* br);   /* Read data from the file */
                                                ~~~~~~^~
../src/main.c:108:3: warning: implicit declaration of function 'GetCmdWithLiveLCD' [-Wimplicit-function-declaration]
   GetCmdWithLiveLCD(id, TextLine1);  // 실시간 LCD 출력
   ^~~~~~~~~~~~~~~~~
../src/main.c:214:13: warning: implicit declaration of function 'load_image_from_sdcard' [-Wimplicit-function-declaration]
             load_image_from_sdcard(filename);
             ^~~~~~~~~~~~~~~~~~~~~~
../src/main.c: At top level:
../src/main.c:246:6: warning: conflicting types for 'load_image_from_sdcard'
 void load_image_from_sdcard(const char *filename) {
      ^~~~~~~~~~~~~~~~~~~~~~
../src/main.c:214:13: note: previous implicit declaration of 'load_image_from_sdcard' was here
             load_image_from_sdcard(filename);
             ^~~~~~~~~~~~~~~~~~~~~~
../src/main.c: In function 'load_image_from_sdcard':
../src/main.c:270:43: warning: passing argument 4 of 'f_read' from incompatible pointer type [-Wincompatible-pointer-types]
     Res = f_read(&fil, buffer, data_size, &NumBytesRead);
                                           ^~~~~~~~~~~~~
In file included from ../src/main.c:7:
../../tebf_bsp/ps7_cortexa9_0/include/ff.h:275:54: note: expected 'UINT *' {aka 'unsigned int *'} but argument is of type 'u32 *' {aka 'long unsigned int *'}
 FRESULT f_read (FIL* fp, void* buff, UINT btr, UINT* br);   /* Read data from the file */
                                                ~~~~~~^~
../src/main.c: At top level:
../src/main.c:416:6: warning: conflicting types for 'GetCmdWithLiveLCD'
 void GetCmdWithLiveLCD(char *buf, int line)
      ^~~~~~~~~~~~~~~~~
../src/main.c:108:3: note: previous implicit declaration of 'GetCmdWithLiveLCD' was here
   GetCmdWithLiveLCD(id, TextLine1);  // 실시간 LCD 출력
   ^~~~~~~~~~~~~~~~~
Finished building: ../src/main.c
 
Building target: tebf.elf
Invoking: ARM v7 gcc linker
arm-none-eabi-gcc -mcpu=cortex-a9 -mfpu=vfpv3 -mfloat-abi=hard -Wl,-build-id=none -specs=Xilinx.spec -Wl,-T -Wl,../src/lscript.ld -L../../tebf_bsp/ps7_cortexa9_0/lib -o "tebf.elf"  ./src/main.o   -Wl,--start-group,-lxil,-lgcc,-lc,--end-group -Wl,--start-group,-lxilffs,-lxil,-lgcc,-lc,--end-group
Finished building target: tebf.elf
 
Invoking: ARM v7 Print Size
arm-none-eabi-size tebf.elf  |tee "tebf.elf.size"
   text	   data	    bss	    dec	    hex	filename
 126884	   2664	 287344	 416892	  65c7c	tebf.elf
Finished building: tebf.elf.size
 
20:34:14 **** Incremental Build of configuration Debug for project tebf ****
make pre-build main-build 
a9-linaro-pre-build-step
 
make: Nothing to be done for 'main-build'.
20:36:43 **** Incremental Build of configuration Debug for project tebf ****
make pre-build main-build 
a9-linaro-pre-build-step
 
Building file: ../src/main.c
Invoking: ARM v7 gcc compiler
arm-none-eabi-gcc -Wall -O0 -g3 -c -fmessage-length=0 -MT"src/main.o" -mcpu=cortex-a9 -mfpu=vfpv3 -mfloat-abi=hard -I../../tebf_bsp/ps7_cortexa9_0/include -MMD -MP -MF"src/main.d" -MT"src/main.o" -o "src/main.o" "../src/main.c"
../src/main.c: In function 'main':
../src/main.c:56:43: warning: passing argument 4 of 'f_read' from incompatible pointer type [-Wincompatible-pointer-types]
     Res = f_read(&fil, buffer, data_size, &NumBytesRead);
                                           ^~~~~~~~~~~~~
In file included from ../src/main.c:7:
../../tebf_bsp/ps7_cortexa9_0/include/ff.h:275:54: note: expected 'UINT *' {aka 'unsigned int *'} but argument is of type 'u32 *' {aka 'long unsigned int *'}
 FRESULT f_read (FIL* fp, void* buff, UINT btr, UINT* br);   /* Read data from the file */
                                                ~~~~~~^~
../src/main.c:108:3: warning: implicit declaration of function 'GetCmdWithLiveLCD' [-Wimplicit-function-declaration]
   GetCmdWithLiveLCD(id, TextLine1);  // 실시간 LCD 출력
   ^~~~~~~~~~~~~~~~~
../src/main.c:120:17: warning: implicit declaration of function 'il_Out32'; did you mean 'Xil_Out32'? [-Wimplicit-function-declaration]
                 il_Out32(BASEADDR + 0x00, 1);   // mode 1로 변경 → game clear 이미지 뜸
                 ^~~~~~~~
                 Xil_Out32
../src/main.c:214:13: warning: implicit declaration of function 'load_image_from_sdcard' [-Wimplicit-function-declaration]
             load_image_from_sdcard(filename);
             ^~~~~~~~~~~~~~~~~~~~~~
../src/main.c: At top level:
../src/main.c:243:6: warning: conflicting types for 'load_image_from_sdcard'
 void load_image_from_sdcard(const char *filename) {
      ^~~~~~~~~~~~~~~~~~~~~~
../src/main.c:214:13: note: previous implicit declaration of 'load_image_from_sdcard' was here
             load_image_from_sdcard(filename);
             ^~~~~~~~~~~~~~~~~~~~~~
../src/main.c: In function 'load_image_from_sdcard':
../src/main.c:267:43: warning: passing argument 4 of 'f_read' from incompatible pointer type [-Wincompatible-pointer-types]
     Res = f_read(&fil, buffer, data_size, &NumBytesRead);
                                           ^~~~~~~~~~~~~
In file included from ../src/main.c:7:
../../tebf_bsp/ps7_cortexa9_0/include/ff.h:275:54: note: expected 'UINT *' {aka 'unsigned int *'} but argument is of type 'u32 *' {aka 'long unsigned int *'}
 FRESULT f_read (FIL* fp, void* buff, UINT btr, UINT* br);   /* Read data from the file */
                                                ~~~~~~^~
../src/main.c: At top level:
../src/main.c:413:6: warning: conflicting types for 'GetCmdWithLiveLCD'
 void GetCmdWithLiveLCD(char *buf, int line)
      ^~~~~~~~~~~~~~~~~
../src/main.c:108:3: note: previous implicit declaration of 'GetCmdWithLiveLCD' was here
   GetCmdWithLiveLCD(id, TextLine1);  // 실시간 LCD 출력
   ^~~~~~~~~~~~~~~~~
Finished building: ../src/main.c
 
Building target: tebf.elf
Invoking: ARM v7 gcc linker
arm-none-eabi-gcc -mcpu=cortex-a9 -mfpu=vfpv3 -mfloat-abi=hard -Wl,-build-id=none -specs=Xilinx.spec -Wl,-T -Wl,../src/lscript.ld -L../../tebf_bsp/ps7_cortexa9_0/lib -o "tebf.elf"  ./src/main.o   -Wl,--start-group,-lxil,-lgcc,-lc,--end-group -Wl,--start-group,-lxilffs,-lxil,-lgcc,-lc,--end-group
c:/xilinx/sdk/2019.1/gnu/aarch32/nt/gcc-arm-none-eabi/bin/../lib/gcc/arm-none-eabi/8.2.0/../../../../arm-none-eabi/bin/ld.exe: ./src/main.o: in function `main':
C:\work\teamp1\teamp1.sdk\tebf\Debug/../src/main.c:120: undefined reference to `il_Out32'
collect2.exe: error: ld returned 1 exit status
make: *** [makefile:41: tebf.elf] Error 1
20:36:44 **** Incremental Build of configuration Debug for project tebf ****
make pre-build main-build 
a9-linaro-pre-build-step
 
Building target: tebf.elf
Invoking: ARM v7 gcc linker
arm-none-eabi-gcc -mcpu=cortex-a9 -mfpu=vfpv3 -mfloat-abi=hard -Wl,-build-id=none -specs=Xilinx.spec -Wl,-T -Wl,../src/lscript.ld -L../../tebf_bsp/ps7_cortexa9_0/lib -o "tebf.elf"  ./src/main.o   -Wl,--start-group,-lxil,-lgcc,-lc,--end-group -Wl,--start-group,-lxilffs,-lxil,-lgcc,-lc,--end-group
c:/xilinx/sdk/2019.1/gnu/aarch32/nt/gcc-arm-none-eabi/bin/../lib/gcc/arm-none-eabi/8.2.0/../../../../arm-none-eabi/bin/ld.exe: ./src/main.o: in function `main':
C:\work\teamp1\teamp1.sdk\tebf\Debug/../src/main.c:120: undefined reference to `il_Out32'
collect2.exe: error: ld returned 1 exit status
make: *** [makefile:41: tebf.elf] Error 1
20:37:36 **** Incremental Build of configuration Debug for project tebf ****
make pre-build main-build 
a9-linaro-pre-build-step
 
Building file: ../src/main.c
Invoking: ARM v7 gcc compiler
arm-none-eabi-gcc -Wall -O0 -g3 -c -fmessage-length=0 -MT"src/main.o" -mcpu=cortex-a9 -mfpu=vfpv3 -mfloat-abi=hard -I../../tebf_bsp/ps7_cortexa9_0/include -MMD -MP -MF"src/main.d" -MT"src/main.o" -o "src/main.o" "../src/main.c"
../src/main.c: In function 'main':
../src/main.c:56:43: warning: passing argument 4 of 'f_read' from incompatible pointer type [-Wincompatible-pointer-types]
     Res = f_read(&fil, buffer, data_size, &NumBytesRead);
                                           ^~~~~~~~~~~~~
In file included from ../src/main.c:7:
../../tebf_bsp/ps7_cortexa9_0/include/ff.h:275:54: note: expected 'UINT *' {aka 'unsigned int *'} but argument is of type 'u32 *' {aka 'long unsigned int *'}
 FRESULT f_read (FIL* fp, void* buff, UINT btr, UINT* br);   /* Read data from the file */
                                                ~~~~~~^~
../src/main.c:108:3: warning: implicit declaration of function 'GetCmdWithLiveLCD' [-Wimplicit-function-declaration]
   GetCmdWithLiveLCD(id, TextLine1);  // 실시간 LCD 출력
   ^~~~~~~~~~~~~~~~~
../src/main.c:214:13: warning: implicit declaration of function 'load_image_from_sdcard' [-Wimplicit-function-declaration]
             load_image_from_sdcard(filename);
             ^~~~~~~~~~~~~~~~~~~~~~
../src/main.c: At top level:
../src/main.c:243:6: warning: conflicting types for 'load_image_from_sdcard'
 void load_image_from_sdcard(const char *filename) {
      ^~~~~~~~~~~~~~~~~~~~~~
../src/main.c:214:13: note: previous implicit declaration of 'load_image_from_sdcard' was here
             load_image_from_sdcard(filename);
             ^~~~~~~~~~~~~~~~~~~~~~
../src/main.c: In function 'load_image_from_sdcard':
../src/main.c:267:43: warning: passing argument 4 of 'f_read' from incompatible pointer type [-Wincompatible-pointer-types]
     Res = f_read(&fil, buffer, data_size, &NumBytesRead);
                                           ^~~~~~~~~~~~~
In file included from ../src/main.c:7:
../../tebf_bsp/ps7_cortexa9_0/include/ff.h:275:54: note: expected 'UINT *' {aka 'unsigned int *'} but argument is of type 'u32 *' {aka 'long unsigned int *'}
 FRESULT f_read (FIL* fp, void* buff, UINT btr, UINT* br);   /* Read data from the file */
                                                ~~~~~~^~
../src/main.c: At top level:
../src/main.c:413:6: warning: conflicting types for 'GetCmdWithLiveLCD'
 void GetCmdWithLiveLCD(char *buf, int line)
      ^~~~~~~~~~~~~~~~~
../src/main.c:108:3: note: previous implicit declaration of 'GetCmdWithLiveLCD' was here
   GetCmdWithLiveLCD(id, TextLine1);  // 실시간 LCD 출력
   ^~~~~~~~~~~~~~~~~
Finished building: ../src/main.c
 
Building target: tebf.elf
Invoking: ARM v7 gcc linker
arm-none-eabi-gcc -mcpu=cortex-a9 -mfpu=vfpv3 -mfloat-abi=hard -Wl,-build-id=none -specs=Xilinx.spec -Wl,-T -Wl,../src/lscript.ld -L../../tebf_bsp/ps7_cortexa9_0/lib -o "tebf.elf"  ./src/main.o   -Wl,--start-group,-lxil,-lgcc,-lc,--end-group -Wl,--start-group,-lxilffs,-lxil,-lgcc,-lc,--end-group
Finished building target: tebf.elf
 
Invoking: ARM v7 Print Size
arm-none-eabi-size tebf.elf  |tee "tebf.elf.size"
   text	   data	    bss	    dec	    hex	filename
 126884	   2664	 287344	 416892	  65c7c	tebf.elf
Finished building: tebf.elf.size
 
20:37:39 **** Incremental Build of configuration Debug for project tebf ****
make pre-build main-build 
a9-linaro-pre-build-step
 
make: Nothing to be done for 'main-build'.
20:43:18 **** Incremental Build of configuration Debug for project tebf ****
make pre-build main-build 
a9-linaro-pre-build-step
 
Building file: ../src/main.c
Invoking: ARM v7 gcc compiler
arm-none-eabi-gcc -Wall -O0 -g3 -c -fmessage-length=0 -MT"src/main.o" -mcpu=cortex-a9 -mfpu=vfpv3 -mfloat-abi=hard -I../../tebf_bsp/ps7_cortexa9_0/include -MMD -MP -MF"src/main.d" -MT"src/main.o" -o "src/main.o" "../src/main.c"
../src/main.c: In function 'main':
../src/main.c:56:43: warning: passing argument 4 of 'f_read' from incompatible pointer type [-Wincompatible-pointer-types]
     Res = f_read(&fil, buffer, data_size, &NumBytesRead);
                                           ^~~~~~~~~~~~~
In file included from ../src/main.c:7:
../../tebf_bsp/ps7_cortexa9_0/include/ff.h:275:54: note: expected 'UINT *' {aka 'unsigned int *'} but argument is of type 'u32 *' {aka 'long unsigned int *'}
 FRESULT f_read (FIL* fp, void* buff, UINT btr, UINT* br);   /* Read data from the file */
                                                ~~~~~~^~
../src/main.c:108:3: warning: implicit declaration of function 'GetCmdWithLiveLCD' [-Wimplicit-function-declaration]
   GetCmdWithLiveLCD(id, TextLine1);  // 실시간 LCD 출력
   ^~~~~~~~~~~~~~~~~
../src/main.c:121:17: warning: implicit declaration of function 'load_image_from_sdcard' [-Wimplicit-function-declaration]
                 load_image_from_sdcard("gclear.bin");
                 ^~~~~~~~~~~~~~~~~~~~~~
../src/main.c: At top level:
../src/main.c:244:6: warning: conflicting types for 'load_image_from_sdcard'
 void load_image_from_sdcard(const char *filename) {
      ^~~~~~~~~~~~~~~~~~~~~~
../src/main.c:121:17: note: previous implicit declaration of 'load_image_from_sdcard' was here
                 load_image_from_sdcard("gclear.bin");
                 ^~~~~~~~~~~~~~~~~~~~~~
../src/main.c: In function 'load_image_from_sdcard':
../src/main.c:268:43: warning: passing argument 4 of 'f_read' from incompatible pointer type [-Wincompatible-pointer-types]
     Res = f_read(&fil, buffer, data_size, &NumBytesRead);
                                           ^~~~~~~~~~~~~
In file included from ../src/main.c:7:
../../tebf_bsp/ps7_cortexa9_0/include/ff.h:275:54: note: expected 'UINT *' {aka 'unsigned int *'} but argument is of type 'u32 *' {aka 'long unsigned int *'}
 FRESULT f_read (FIL* fp, void* buff, UINT btr, UINT* br);   /* Read data from the file */
                                                ~~~~~~^~
../src/main.c: At top level:
../src/main.c:414:6: warning: conflicting types for 'GetCmdWithLiveLCD'
 void GetCmdWithLiveLCD(char *buf, int line)
      ^~~~~~~~~~~~~~~~~
../src/main.c:108:3: note: previous implicit declaration of 'GetCmdWithLiveLCD' was here
   GetCmdWithLiveLCD(id, TextLine1);  // 실시간 LCD 출력
   ^~~~~~~~~~~~~~~~~
Finished building: ../src/main.c
 
Building target: tebf.elf
Invoking: ARM v7 gcc linker
arm-none-eabi-gcc -mcpu=cortex-a9 -mfpu=vfpv3 -mfloat-abi=hard -Wl,-build-id=none -specs=Xilinx.spec -Wl,-T -Wl,../src/lscript.ld -L../../tebf_bsp/ps7_cortexa9_0/lib -o "tebf.elf"  ./src/main.o   -Wl,--start-group,-lxil,-lgcc,-lc,--end-group -Wl,--start-group,-lxilffs,-lxil,-lgcc,-lc,--end-group
Finished building target: tebf.elf
 
Invoking: ARM v7 Print Size
arm-none-eabi-size tebf.elf  |tee "tebf.elf.size"
   text	   data	    bss	    dec	    hex	filename
 126884	   2664	 287344	 416892	  65c7c	tebf.elf
Finished building: tebf.elf.size
 
20:43:23 **** Incremental Build of configuration Debug for project tebf ****
make pre-build main-build 
a9-linaro-pre-build-step
 
make: Nothing to be done for 'main-build'.
20:45:59 **** Incremental Build of configuration Debug for project tebf ****
make pre-build main-build 
a9-linaro-pre-build-step
 
Building file: ../src/main.c
Invoking: ARM v7 gcc compiler
arm-none-eabi-gcc -Wall -O0 -g3 -c -fmessage-length=0 -MT"src/main.o" -mcpu=cortex-a9 -mfpu=vfpv3 -mfloat-abi=hard -I../../tebf_bsp/ps7_cortexa9_0/include -MMD -MP -MF"src/main.d" -MT"src/main.o" -o "src/main.o" "../src/main.c"
../src/main.c: In function 'main':
../src/main.c:56:43: warning: passing argument 4 of 'f_read' from incompatible pointer type [-Wincompatible-pointer-types]
     Res = f_read(&fil, buffer, data_size, &NumBytesRead);
                                           ^~~~~~~~~~~~~
In file included from ../src/main.c:7:
../../tebf_bsp/ps7_cortexa9_0/include/ff.h:275:54: note: expected 'UINT *' {aka 'unsigned int *'} but argument is of type 'u32 *' {aka 'long unsigned int *'}
 FRESULT f_read (FIL* fp, void* buff, UINT btr, UINT* br);   /* Read data from the file */
                                                ~~~~~~^~
../src/main.c:108:3: warning: implicit declaration of function 'GetCmdWithLiveLCD' [-Wimplicit-function-declaration]
   GetCmdWithLiveLCD(id, TextLine1);  // 실시간 LCD 출력
   ^~~~~~~~~~~~~~~~~
../src/main.c:121:17: warning: implicit declaration of function 'load_image_from_sdcard' [-Wimplicit-function-declaration]
                 load_image_from_sdcard("gclear.bin");
                 ^~~~~~~~~~~~~~~~~~~~~~
../src/main.c: At top level:
../src/main.c:244:6: warning: conflicting types for 'load_image_from_sdcard'
 void load_image_from_sdcard(const char *filename) {
      ^~~~~~~~~~~~~~~~~~~~~~
../src/main.c:121:17: note: previous implicit declaration of 'load_image_from_sdcard' was here
                 load_image_from_sdcard("gclear.bin");
                 ^~~~~~~~~~~~~~~~~~~~~~
../src/main.c: In function 'load_image_from_sdcard':
../src/main.c:265:43: warning: passing argument 4 of 'f_read' from incompatible pointer type [-Wincompatible-pointer-types]
     Res = f_read(&fil, buffer, data_size, &NumBytesRead);
                                           ^~~~~~~~~~~~~
In file included from ../src/main.c:7:
../../tebf_bsp/ps7_cortexa9_0/include/ff.h:275:54: note: expected 'UINT *' {aka 'unsigned int *'} but argument is of type 'u32 *' {aka 'long unsigned int *'}
 FRESULT f_read (FIL* fp, void* buff, UINT btr, UINT* br);   /* Read data from the file */
                                                ~~~~~~^~
../src/main.c: At top level:
../src/main.c:410:6: warning: conflicting types for 'GetCmdWithLiveLCD'
 void GetCmdWithLiveLCD(char *buf, int line)
      ^~~~~~~~~~~~~~~~~
../src/main.c:108:3: note: previous implicit declaration of 'GetCmdWithLiveLCD' was here
   GetCmdWithLiveLCD(id, TextLine1);  // 실시간 LCD 출력
   ^~~~~~~~~~~~~~~~~
Finished building: ../src/main.c
 
Building target: tebf.elf
Invoking: ARM v7 gcc linker
arm-none-eabi-gcc -mcpu=cortex-a9 -mfpu=vfpv3 -mfloat-abi=hard -Wl,-build-id=none -specs=Xilinx.spec -Wl,-T -Wl,../src/lscript.ld -L../../tebf_bsp/ps7_cortexa9_0/lib -o "tebf.elf"  ./src/main.o   -Wl,--start-group,-lxil,-lgcc,-lc,--end-group -Wl,--start-group,-lxilffs,-lxil,-lgcc,-lc,--end-group
Finished building target: tebf.elf
 
Invoking: ARM v7 Print Size
arm-none-eabi-size tebf.elf  |tee "tebf.elf.size"
   text	   data	    bss	    dec	    hex	filename
 126708	   2664	 287344	 416716	  65bcc	tebf.elf
Finished building: tebf.elf.size
 
20:46:00 **** Incremental Build of configuration Debug for project tebf ****
make pre-build main-build 
a9-linaro-pre-build-step
 
make: Nothing to be done for 'main-build'.
20:48:32 **** Incremental Build of configuration Debug for project tebf ****
make pre-build main-build 
a9-linaro-pre-build-step
 
Building file: ../src/main.c
Invoking: ARM v7 gcc compiler
arm-none-eabi-gcc -Wall -O0 -g3 -c -fmessage-length=0 -MT"src/main.o" -mcpu=cortex-a9 -mfpu=vfpv3 -mfloat-abi=hard -I../../tebf_bsp/ps7_cortexa9_0/include -MMD -MP -MF"src/main.d" -MT"src/main.o" -o "src/main.o" "../src/main.c"
../src/main.c: In function 'main':
../src/main.c:56:43: warning: passing argument 4 of 'f_read' from incompatible pointer type [-Wincompatible-pointer-types]
     Res = f_read(&fil, buffer, data_size, &NumBytesRead);
                                           ^~~~~~~~~~~~~
In file included from ../src/main.c:7:
../../tebf_bsp/ps7_cortexa9_0/include/ff.h:275:54: note: expected 'UINT *' {aka 'unsigned int *'} but argument is of type 'u32 *' {aka 'long unsigned int *'}
 FRESULT f_read (FIL* fp, void* buff, UINT btr, UINT* br);   /* Read data from the file */
                                                ~~~~~~^~
../src/main.c:108:3: warning: implicit declaration of function 'GetCmdWithLiveLCD' [-Wimplicit-function-declaration]
   GetCmdWithLiveLCD(id, TextLine1);  // 실시간 LCD 출력
   ^~~~~~~~~~~~~~~~~
../src/main.c:121:17: warning: implicit declaration of function 'load_image_from_sdcard' [-Wimplicit-function-declaration]
                 load_image_from_sdcard("gstart.bin");
                 ^~~~~~~~~~~~~~~~~~~~~~
../src/main.c: At top level:
../src/main.c:243:6: warning: conflicting types for 'load_image_from_sdcard'
 void load_image_from_sdcard(const char *filename) {
      ^~~~~~~~~~~~~~~~~~~~~~
../src/main.c:121:17: note: previous implicit declaration of 'load_image_from_sdcard' was here
                 load_image_from_sdcard("gstart.bin");
                 ^~~~~~~~~~~~~~~~~~~~~~
../src/main.c: In function 'load_image_from_sdcard':
../src/main.c:264:43: warning: passing argument 4 of 'f_read' from incompatible pointer type [-Wincompatible-pointer-types]
     Res = f_read(&fil, buffer, data_size, &NumBytesRead);
                                           ^~~~~~~~~~~~~
In file included from ../src/main.c:7:
../../tebf_bsp/ps7_cortexa9_0/include/ff.h:275:54: note: expected 'UINT *' {aka 'unsigned int *'} but argument is of type 'u32 *' {aka 'long unsigned int *'}
 FRESULT f_read (FIL* fp, void* buff, UINT btr, UINT* br);   /* Read data from the file */
                                                ~~~~~~^~
../src/main.c: At top level:
../src/main.c:408:6: warning: conflicting types for 'GetCmdWithLiveLCD'
 void GetCmdWithLiveLCD(char *buf, int line)
      ^~~~~~~~~~~~~~~~~
../src/main.c:108:3: note: previous implicit declaration of 'GetCmdWithLiveLCD' was here
   GetCmdWithLiveLCD(id, TextLine1);  // 실시간 LCD 출력
   ^~~~~~~~~~~~~~~~~
Finished building: ../src/main.c
 
Building target: tebf.elf
Invoking: ARM v7 gcc linker
arm-none-eabi-gcc -mcpu=cortex-a9 -mfpu=vfpv3 -mfloat-abi=hard -Wl,-build-id=none -specs=Xilinx.spec -Wl,-T -Wl,../src/lscript.ld -L../../tebf_bsp/ps7_cortexa9_0/lib -o "tebf.elf"  ./src/main.o   -Wl,--start-group,-lxil,-lgcc,-lc,--end-group -Wl,--start-group,-lxilffs,-lxil,-lgcc,-lc,--end-group
Finished building target: tebf.elf
 
Invoking: ARM v7 Print Size
arm-none-eabi-size tebf.elf  |tee "tebf.elf.size"
   text	   data	    bss	    dec	    hex	filename
 126692	   2664	 287344	 416700	  65bbc	tebf.elf
Finished building: tebf.elf.size
 
20:48:36 **** Incremental Build of configuration Debug for project tebf ****
make pre-build main-build 
a9-linaro-pre-build-step
 
make: Nothing to be done for 'main-build'.
20:52:14 **** Incremental Build of configuration Debug for project tebf ****
make pre-build main-build 
a9-linaro-pre-build-step
 
Building file: ../src/main.c
Invoking: ARM v7 gcc compiler
arm-none-eabi-gcc -Wall -O0 -g3 -c -fmessage-length=0 -MT"src/main.o" -mcpu=cortex-a9 -mfpu=vfpv3 -mfloat-abi=hard -I../../tebf_bsp/ps7_cortexa9_0/include -MMD -MP -MF"src/main.d" -MT"src/main.o" -o "src/main.o" "../src/main.c"
../src/main.c: In function 'main':
../src/main.c:56:43: warning: passing argument 4 of 'f_read' from incompatible pointer type [-Wincompatible-pointer-types]
     Res = f_read(&fil, buffer, data_size, &NumBytesRead);
                                           ^~~~~~~~~~~~~
In file included from ../src/main.c:7:
../../tebf_bsp/ps7_cortexa9_0/include/ff.h:275:54: note: expected 'UINT *' {aka 'unsigned int *'} but argument is of type 'u32 *' {aka 'long unsigned int *'}
 FRESULT f_read (FIL* fp, void* buff, UINT btr, UINT* br);   /* Read data from the file */
                                                ~~~~~~^~
../src/main.c:108:3: warning: implicit declaration of function 'GetCmdWithLiveLCD' [-Wimplicit-function-declaration]
   GetCmdWithLiveLCD(id, TextLine1);  // 실시간 LCD 출력
   ^~~~~~~~~~~~~~~~~
../src/main.c:121:17: warning: implicit declaration of function 'load_image_from_sdcard' [-Wimplicit-function-declaration]
                 load_image_from_sdcard("gstart.bin");
                 ^~~~~~~~~~~~~~~~~~~~~~
../src/main.c:203:22: error: 'mode' undeclared (first use in this function); did you mean 'mode_t'?
         scanf("%d", &mode);
                      ^~~~
                      mode_t
../src/main.c:203:22: note: each undeclared identifier is reported only once for each function it appears in
../src/main.c: At top level:
../src/main.c:243:6: warning: conflicting types for 'load_image_from_sdcard'
 void load_image_from_sdcard(const char *filename) {
      ^~~~~~~~~~~~~~~~~~~~~~
../src/main.c:121:17: note: previous implicit declaration of 'load_image_from_sdcard' was here
                 load_image_from_sdcard("gstart.bin");
                 ^~~~~~~~~~~~~~~~~~~~~~
../src/main.c: In function 'load_image_from_sdcard':
../src/main.c:264:43: warning: passing argument 4 of 'f_read' from incompatible pointer type [-Wincompatible-pointer-types]
     Res = f_read(&fil, buffer, data_size, &NumBytesRead);
                                           ^~~~~~~~~~~~~
In file included from ../src/main.c:7:
../../tebf_bsp/ps7_cortexa9_0/include/ff.h:275:54: note: expected 'UINT *' {aka 'unsigned int *'} but argument is of type 'u32 *' {aka 'long unsigned int *'}
 FRESULT f_read (FIL* fp, void* buff, UINT btr, UINT* br);   /* Read data from the file */
                                                ~~~~~~^~
../src/main.c: At top level:
../src/main.c:408:6: warning: conflicting types for 'GetCmdWithLiveLCD'
 void GetCmdWithLiveLCD(char *buf, int line)
      ^~~~~~~~~~~~~~~~~
../src/main.c:108:3: note: previous implicit declaration of 'GetCmdWithLiveLCD' was here
   GetCmdWithLiveLCD(id, TextLine1);  // 실시간 LCD 출력
   ^~~~~~~~~~~~~~~~~
make: *** [src/subdir.mk:23: src/main.o] Error 1
20:52:29 **** Incremental Build of configuration Debug for project tebf ****
make pre-build main-build 
a9-linaro-pre-build-step
 
Building file: ../src/main.c
Invoking: ARM v7 gcc compiler
arm-none-eabi-gcc -Wall -O0 -g3 -c -fmessage-length=0 -MT"src/main.o" -mcpu=cortex-a9 -mfpu=vfpv3 -mfloat-abi=hard -I../../tebf_bsp/ps7_cortexa9_0/include -MMD -MP -MF"src/main.d" -MT"src/main.o" -o "src/main.o" "../src/main.c"
../src/main.c: In function 'main':
../src/main.c:56:43: warning: passing argument 4 of 'f_read' from incompatible pointer type [-Wincompatible-pointer-types]
     Res = f_read(&fil, buffer, data_size, &NumBytesRead);
                                           ^~~~~~~~~~~~~
In file included from ../src/main.c:7:
../../tebf_bsp/ps7_cortexa9_0/include/ff.h:275:54: note: expected 'UINT *' {aka 'unsigned int *'} but argument is of type 'u32 *' {aka 'long unsigned int *'}
 FRESULT f_read (FIL* fp, void* buff, UINT btr, UINT* br);   /* Read data from the file */
                                                ~~~~~~^~
../src/main.c:108:3: warning: implicit declaration of function 'GetCmdWithLiveLCD' [-Wimplicit-function-declaration]
   GetCmdWithLiveLCD(id, TextLine1);  // 실시간 LCD 출력
   ^~~~~~~~~~~~~~~~~
../src/main.c:121:17: warning: implicit declaration of function 'load_image_from_sdcard' [-Wimplicit-function-declaration]
                 load_image_from_sdcard("gstart.bin");
                 ^~~~~~~~~~~~~~~~~~~~~~
../src/main.c: At top level:
../src/main.c:243:6: warning: conflicting types for 'load_image_from_sdcard'
 void load_image_from_sdcard(const char *filename) {
      ^~~~~~~~~~~~~~~~~~~~~~
../src/main.c:121:17: note: previous implicit declaration of 'load_image_from_sdcard' was here
                 load_image_from_sdcard("gstart.bin");
                 ^~~~~~~~~~~~~~~~~~~~~~
../src/main.c: In function 'load_image_from_sdcard':
../src/main.c:264:43: warning: passing argument 4 of 'f_read' from incompatible pointer type [-Wincompatible-pointer-types]
     Res = f_read(&fil, buffer, data_size, &NumBytesRead);
                                           ^~~~~~~~~~~~~
In file included from ../src/main.c:7:
../../tebf_bsp/ps7_cortexa9_0/include/ff.h:275:54: note: expected 'UINT *' {aka 'unsigned int *'} but argument is of type 'u32 *' {aka 'long unsigned int *'}
 FRESULT f_read (FIL* fp, void* buff, UINT btr, UINT* br);   /* Read data from the file */
                                                ~~~~~~^~
../src/main.c: At top level:
../src/main.c:408:6: warning: conflicting types for 'GetCmdWithLiveLCD'
 void GetCmdWithLiveLCD(char *buf, int line)
      ^~~~~~~~~~~~~~~~~
../src/main.c:108:3: note: previous implicit declaration of 'GetCmdWithLiveLCD' was here
   GetCmdWithLiveLCD(id, TextLine1);  // 실시간 LCD 출력
   ^~~~~~~~~~~~~~~~~
Finished building: ../src/main.c
 
Building target: tebf.elf
Invoking: ARM v7 gcc linker
arm-none-eabi-gcc -mcpu=cortex-a9 -mfpu=vfpv3 -mfloat-abi=hard -Wl,-build-id=none -specs=Xilinx.spec -Wl,-T -Wl,../src/lscript.ld -L../../tebf_bsp/ps7_cortexa9_0/lib -o "tebf.elf"  ./src/main.o   -Wl,--start-group,-lxil,-lgcc,-lc,--end-group -Wl,--start-group,-lxilffs,-lxil,-lgcc,-lc,--end-group
Finished building target: tebf.elf
 
Invoking: ARM v7 Print Size
arm-none-eabi-size tebf.elf  |tee "tebf.elf.size"
   text	   data	    bss	    dec	    hex	filename
 126692	   2664	 287344	 416700	  65bbc	tebf.elf
Finished building: tebf.elf.size
 
20:52:32 **** Incremental Build of configuration Debug for project tebf ****
make pre-build main-build 
a9-linaro-pre-build-step
 
make: Nothing to be done for 'main-build'.
20:54:42 **** Incremental Build of configuration Debug for project tebf ****
make pre-build main-build 
a9-linaro-pre-build-step
 
Building file: ../src/main.c
Invoking: ARM v7 gcc compiler
arm-none-eabi-gcc -Wall -O0 -g3 -c -fmessage-length=0 -MT"src/main.o" -mcpu=cortex-a9 -mfpu=vfpv3 -mfloat-abi=hard -I../../tebf_bsp/ps7_cortexa9_0/include -MMD -MP -MF"src/main.d" -MT"src/main.o" -o "src/main.o" "../src/main.c"
../src/main.c: In function 'main':
../src/main.c:56:43: warning: passing argument 4 of 'f_read' from incompatible pointer type [-Wincompatible-pointer-types]
     Res = f_read(&fil, buffer, data_size, &NumBytesRead);
                                           ^~~~~~~~~~~~~
In file included from ../src/main.c:7:
../../tebf_bsp/ps7_cortexa9_0/include/ff.h:275:54: note: expected 'UINT *' {aka 'unsigned int *'} but argument is of type 'u32 *' {aka 'long unsigned int *'}
 FRESULT f_read (FIL* fp, void* buff, UINT btr, UINT* br);   /* Read data from the file */
                                                ~~~~~~^~
../src/main.c:108:3: warning: implicit declaration of function 'GetCmdWithLiveLCD' [-Wimplicit-function-declaration]
   GetCmdWithLiveLCD(id, TextLine1);  // 실시간 LCD 출력
   ^~~~~~~~~~~~~~~~~
../src/main.c:121:17: warning: implicit declaration of function 'load_image_from_sdcard' [-Wimplicit-function-declaration]
                 load_image_from_sdcard("gstart.bin");
                 ^~~~~~~~~~~~~~~~~~~~~~
../src/main.c:58:9: warning: unused variable 'mode' [-Wunused-variable]
     int mode;
         ^~~~
../src/main.c: At top level:
../src/main.c:225:6: warning: conflicting types for 'load_image_from_sdcard'
 void load_image_from_sdcard(const char *filename) {
      ^~~~~~~~~~~~~~~~~~~~~~
../src/main.c:121:17: note: previous implicit declaration of 'load_image_from_sdcard' was here
                 load_image_from_sdcard("gstart.bin");
                 ^~~~~~~~~~~~~~~~~~~~~~
../src/main.c: In function 'load_image_from_sdcard':
../src/main.c:246:43: warning: passing argument 4 of 'f_read' from incompatible pointer type [-Wincompatible-pointer-types]
     Res = f_read(&fil, buffer, data_size, &NumBytesRead);
                                           ^~~~~~~~~~~~~
In file included from ../src/main.c:7:
../../tebf_bsp/ps7_cortexa9_0/include/ff.h:275:54: note: expected 'UINT *' {aka 'unsigned int *'} but argument is of type 'u32 *' {aka 'long unsigned int *'}
 FRESULT f_read (FIL* fp, void* buff, UINT btr, UINT* br);   /* Read data from the file */
                                                ~~~~~~^~
../src/main.c: At top level:
../src/main.c:390:6: warning: conflicting types for 'GetCmdWithLiveLCD'
 void GetCmdWithLiveLCD(char *buf, int line)
      ^~~~~~~~~~~~~~~~~
../src/main.c:108:3: note: previous implicit declaration of 'GetCmdWithLiveLCD' was here
   GetCmdWithLiveLCD(id, TextLine1);  // 실시간 LCD 출력
   ^~~~~~~~~~~~~~~~~
Finished building: ../src/main.c
 
Building target: tebf.elf
Invoking: ARM v7 gcc linker
arm-none-eabi-gcc -mcpu=cortex-a9 -mfpu=vfpv3 -mfloat-abi=hard -Wl,-build-id=none -specs=Xilinx.spec -Wl,-T -Wl,../src/lscript.ld -L../../tebf_bsp/ps7_cortexa9_0/lib -o "tebf.elf"  ./src/main.o   -Wl,--start-group,-lxil,-lgcc,-lc,--end-group -Wl,--start-group,-lxilffs,-lxil,-lgcc,-lc,--end-group
Finished building target: tebf.elf
 
Invoking: ARM v7 Print Size
arm-none-eabi-size tebf.elf  |tee "tebf.elf.size"
   text	   data	    bss	    dec	    hex	filename
  93884	   2664	 287344	 383892	  5db94	tebf.elf
Finished building: tebf.elf.size
 
20:54:44 **** Incremental Build of configuration Debug for project tebf ****
make pre-build main-build 
a9-linaro-pre-build-step
 
make: Nothing to be done for 'main-build'.
20:55:30 **** Incremental Build of configuration Debug for project tebf ****
make pre-build main-build 
a9-linaro-pre-build-step
 
Building file: ../src/main.c
Invoking: ARM v7 gcc compiler
arm-none-eabi-gcc -Wall -O0 -g3 -c -fmessage-length=0 -MT"src/main.o" -mcpu=cortex-a9 -mfpu=vfpv3 -mfloat-abi=hard -I../../tebf_bsp/ps7_cortexa9_0/include -MMD -MP -MF"src/main.d" -MT"src/main.o" -o "src/main.o" "../src/main.c"
../src/main.c: In function 'main':
../src/main.c:56:43: warning: passing argument 4 of 'f_read' from incompatible pointer type [-Wincompatible-pointer-types]
     Res = f_read(&fil, buffer, data_size, &NumBytesRead);
                                           ^~~~~~~~~~~~~
In file included from ../src/main.c:7:
../../tebf_bsp/ps7_cortexa9_0/include/ff.h:275:54: note: expected 'UINT *' {aka 'unsigned int *'} but argument is of type 'u32 *' {aka 'long unsigned int *'}
 FRESULT f_read (FIL* fp, void* buff, UINT btr, UINT* br);   /* Read data from the file */
                                                ~~~~~~^~
../src/main.c:108:3: warning: implicit declaration of function 'GetCmdWithLiveLCD' [-Wimplicit-function-declaration]
   GetCmdWithLiveLCD(id, TextLine1);  // 실시간 LCD 출력
   ^~~~~~~~~~~~~~~~~
../src/main.c:121:17: warning: implicit declaration of function 'load_image_from_sdcard' [-Wimplicit-function-declaration]
                 load_image_from_sdcard("gstart.bin");
                 ^~~~~~~~~~~~~~~~~~~~~~
../src/main.c:58:9: warning: unused variable 'mode' [-Wunused-variable]
     int mode=-1;
         ^~~~
../src/main.c: At top level:
../src/main.c:225:6: warning: conflicting types for 'load_image_from_sdcard'
 void load_image_from_sdcard(const char *filename) {
      ^~~~~~~~~~~~~~~~~~~~~~
../src/main.c:121:17: note: previous implicit declaration of 'load_image_from_sdcard' was here
                 load_image_from_sdcard("gstart.bin");
                 ^~~~~~~~~~~~~~~~~~~~~~
../src/main.c: In function 'load_image_from_sdcard':
../src/main.c:246:43: warning: passing argument 4 of 'f_read' from incompatible pointer type [-Wincompatible-pointer-types]
     Res = f_read(&fil, buffer, data_size, &NumBytesRead);
                                           ^~~~~~~~~~~~~
In file included from ../src/main.c:7:
../../tebf_bsp/ps7_cortexa9_0/include/ff.h:275:54: note: expected 'UINT *' {aka 'unsigned int *'} but argument is of type 'u32 *' {aka 'long unsigned int *'}
 FRESULT f_read (FIL* fp, void* buff, UINT btr, UINT* br);   /* Read data from the file */
                                                ~~~~~~^~
../src/main.c: At top level:
../src/main.c:390:6: warning: conflicting types for 'GetCmdWithLiveLCD'
 void GetCmdWithLiveLCD(char *buf, int line)
      ^~~~~~~~~~~~~~~~~
../src/main.c:108:3: note: previous implicit declaration of 'GetCmdWithLiveLCD' was here
   GetCmdWithLiveLCD(id, TextLine1);  // 실시간 LCD 출력
   ^~~~~~~~~~~~~~~~~
Finished building: ../src/main.c
 
Building target: tebf.elf
Invoking: ARM v7 gcc linker
arm-none-eabi-gcc -mcpu=cortex-a9 -mfpu=vfpv3 -mfloat-abi=hard -Wl,-build-id=none -specs=Xilinx.spec -Wl,-T -Wl,../src/lscript.ld -L../../tebf_bsp/ps7_cortexa9_0/lib -o "tebf.elf"  ./src/main.o   -Wl,--start-group,-lxil,-lgcc,-lc,--end-group -Wl,--start-group,-lxilffs,-lxil,-lgcc,-lc,--end-group
Finished building target: tebf.elf
 
Invoking: ARM v7 Print Size
arm-none-eabi-size tebf.elf  |tee "tebf.elf.size"
   text	   data	    bss	    dec	    hex	filename
  93884	   2664	 287344	 383892	  5db94	tebf.elf
Finished building: tebf.elf.size
 
20:55:33 **** Incremental Build of configuration Debug for project tebf ****
make pre-build main-build 
a9-linaro-pre-build-step
 
make: Nothing to be done for 'main-build'.
20:56:13 **** Incremental Build of configuration Debug for project tebf ****
make pre-build main-build 
a9-linaro-pre-build-step
 
make: Nothing to be done for 'main-build'.
20:56:47 **** Incremental Build of configuration Debug for project tebf ****
make pre-build main-build 
a9-linaro-pre-build-step
 
Building file: ../src/main.c
Invoking: ARM v7 gcc compiler
arm-none-eabi-gcc -Wall -O0 -g3 -c -fmessage-length=0 -MT"src/main.o" -mcpu=cortex-a9 -mfpu=vfpv3 -mfloat-abi=hard -I../../tebf_bsp/ps7_cortexa9_0/include -MMD -MP -MF"src/main.d" -MT"src/main.o" -o "src/main.o" "../src/main.c"
../src/main.c: In function 'main':
../src/main.c:56:43: warning: passing argument 4 of 'f_read' from incompatible pointer type [-Wincompatible-pointer-types]
     Res = f_read(&fil, buffer, data_size, &NumBytesRead);
                                           ^~~~~~~~~~~~~
In file included from ../src/main.c:7:
../../tebf_bsp/ps7_cortexa9_0/include/ff.h:275:54: note: expected 'UINT *' {aka 'unsigned int *'} but argument is of type 'u32 *' {aka 'long unsigned int *'}
 FRESULT f_read (FIL* fp, void* buff, UINT btr, UINT* br);   /* Read data from the file */
                                                ~~~~~~^~
../src/main.c:108:3: warning: implicit declaration of function 'GetCmdWithLiveLCD' [-Wimplicit-function-declaration]
   GetCmdWithLiveLCD(id, TextLine1);  // 실시간 LCD 출력
   ^~~~~~~~~~~~~~~~~
../src/main.c:121:17: warning: implicit declaration of function 'load_image_from_sdcard' [-Wimplicit-function-declaration]
                 load_image_from_sdcard("gstart.bin");
                 ^~~~~~~~~~~~~~~~~~~~~~
../src/main.c:210:13: warning: unused variable 'val' [-Wunused-variable]
         u32 val = Xil_In32(BASEADDR);
             ^~~
../src/main.c: At top level:
../src/main.c:242:6: warning: conflicting types for 'load_image_from_sdcard'
 void load_image_from_sdcard(const char *filename) {
      ^~~~~~~~~~~~~~~~~~~~~~
../src/main.c:121:17: note: previous implicit declaration of 'load_image_from_sdcard' was here
                 load_image_from_sdcard("gstart.bin");
                 ^~~~~~~~~~~~~~~~~~~~~~
../src/main.c: In function 'load_image_from_sdcard':
../src/main.c:263:43: warning: passing argument 4 of 'f_read' from incompatible pointer type [-Wincompatible-pointer-types]
     Res = f_read(&fil, buffer, data_size, &NumBytesRead);
                                           ^~~~~~~~~~~~~
In file included from ../src/main.c:7:
../../tebf_bsp/ps7_cortexa9_0/include/ff.h:275:54: note: expected 'UINT *' {aka 'unsigned int *'} but argument is of type 'u32 *' {aka 'long unsigned int *'}
 FRESULT f_read (FIL* fp, void* buff, UINT btr, UINT* br);   /* Read data from the file */
                                                ~~~~~~^~
../src/main.c: At top level:
../src/main.c:407:6: warning: conflicting types for 'GetCmdWithLiveLCD'
 void GetCmdWithLiveLCD(char *buf, int line)
      ^~~~~~~~~~~~~~~~~
../src/main.c:108:3: note: previous implicit declaration of 'GetCmdWithLiveLCD' was here
   GetCmdWithLiveLCD(id, TextLine1);  // 실시간 LCD 출력
   ^~~~~~~~~~~~~~~~~
Finished building: ../src/main.c
 
Building target: tebf.elf
Invoking: ARM v7 gcc linker
arm-none-eabi-gcc -mcpu=cortex-a9 -mfpu=vfpv3 -mfloat-abi=hard -Wl,-build-id=none -specs=Xilinx.spec -Wl,-T -Wl,../src/lscript.ld -L../../tebf_bsp/ps7_cortexa9_0/lib -o "tebf.elf"  ./src/main.o   -Wl,--start-group,-lxil,-lgcc,-lc,--end-group -Wl,--start-group,-lxilffs,-lxil,-lgcc,-lc,--end-group
Finished building target: tebf.elf
 
Invoking: ARM v7 Print Size
arm-none-eabi-size tebf.elf  |tee "tebf.elf.size"
   text	   data	    bss	    dec	    hex	filename
 126668	   2664	 287344	 416676	  65ba4	tebf.elf
Finished building: tebf.elf.size
 
20:56:48 **** Incremental Build of configuration Debug for project tebf ****
make pre-build main-build 
a9-linaro-pre-build-step
 
make: Nothing to be done for 'main-build'.
20:58:27 **** Incremental Build of configuration Debug for project tebf ****
make pre-build main-build 
a9-linaro-pre-build-step
 
Building file: ../src/main.c
Invoking: ARM v7 gcc compiler
arm-none-eabi-gcc -Wall -O0 -g3 -c -fmessage-length=0 -MT"src/main.o" -mcpu=cortex-a9 -mfpu=vfpv3 -mfloat-abi=hard -I../../tebf_bsp/ps7_cortexa9_0/include -MMD -MP -MF"src/main.d" -MT"src/main.o" -o "src/main.o" "../src/main.c"
../src/main.c: In function 'main':
../src/main.c:56:43: warning: passing argument 4 of 'f_read' from incompatible pointer type [-Wincompatible-pointer-types]
     Res = f_read(&fil, buffer, data_size, &NumBytesRead);
                                           ^~~~~~~~~~~~~
In file included from ../src/main.c:7:
../../tebf_bsp/ps7_cortexa9_0/include/ff.h:275:54: note: expected 'UINT *' {aka 'unsigned int *'} but argument is of type 'u32 *' {aka 'long unsigned int *'}
 FRESULT f_read (FIL* fp, void* buff, UINT btr, UINT* br);   /* Read data from the file */
                                                ~~~~~~^~
../src/main.c:108:3: warning: implicit declaration of function 'GetCmdWithLiveLCD' [-Wimplicit-function-declaration]
   GetCmdWithLiveLCD(id, TextLine1);  // 실시간 LCD 출력
   ^~~~~~~~~~~~~~~~~
../src/main.c:214:13: warning: implicit declaration of function 'load_image_from_sdcard' [-Wimplicit-function-declaration]
             load_image_from_sdcard(filename);
             ^~~~~~~~~~~~~~~~~~~~~~
../src/main.c: At top level:
../src/main.c:243:6: warning: conflicting types for 'load_image_from_sdcard'
 void load_image_from_sdcard(const char *filename) {
      ^~~~~~~~~~~~~~~~~~~~~~
../src/main.c:214:13: note: previous implicit declaration of 'load_image_from_sdcard' was here
             load_image_from_sdcard(filename);
             ^~~~~~~~~~~~~~~~~~~~~~
../src/main.c: In function 'load_image_from_sdcard':
../src/main.c:264:43: warning: passing argument 4 of 'f_read' from incompatible pointer type [-Wincompatible-pointer-types]
     Res = f_read(&fil, buffer, data_size, &NumBytesRead);
                                           ^~~~~~~~~~~~~
In file included from ../src/main.c:7:
../../tebf_bsp/ps7_cortexa9_0/include/ff.h:275:54: note: expected 'UINT *' {aka 'unsigned int *'} but argument is of type 'u32 *' {aka 'long unsigned int *'}
 FRESULT f_read (FIL* fp, void* buff, UINT btr, UINT* br);   /* Read data from the file */
                                                ~~~~~~^~
../src/main.c: At top level:
../src/main.c:410:6: warning: conflicting types for 'GetCmdWithLiveLCD'
 void GetCmdWithLiveLCD(char *buf, int line)
      ^~~~~~~~~~~~~~~~~
../src/main.c:108:3: note: previous implicit declaration of 'GetCmdWithLiveLCD' was here
   GetCmdWithLiveLCD(id, TextLine1);  // 실시간 LCD 출력
   ^~~~~~~~~~~~~~~~~
Finished building: ../src/main.c
 
Building target: tebf.elf
Invoking: ARM v7 gcc linker
arm-none-eabi-gcc -mcpu=cortex-a9 -mfpu=vfpv3 -mfloat-abi=hard -Wl,-build-id=none -specs=Xilinx.spec -Wl,-T -Wl,../src/lscript.ld -L../../tebf_bsp/ps7_cortexa9_0/lib -o "tebf.elf"  ./src/main.o   -Wl,--start-group,-lxil,-lgcc,-lc,--end-group -Wl,--start-group,-lxilffs,-lxil,-lgcc,-lc,--end-group
Finished building target: tebf.elf
 
Invoking: ARM v7 Print Size
arm-none-eabi-size tebf.elf  |tee "tebf.elf.size"
   text	   data	    bss	    dec	    hex	filename
 126684	   2664	 287344	 416692	  65bb4	tebf.elf
Finished building: tebf.elf.size
 
20:58:28 **** Incremental Build of configuration Debug for project tebf ****
make pre-build main-build 
a9-linaro-pre-build-step
 
make: Nothing to be done for 'main-build'.
20:58:29 **** Incremental Build of configuration Debug for project tebf ****
make pre-build main-build 
a9-linaro-pre-build-step
 
make: Nothing to be done for 'main-build'.
21:00:59 **** Incremental Build of configuration Debug for project tebf ****
make pre-build main-build 
a9-linaro-pre-build-step
 
Building file: ../src/main.c
Invoking: ARM v7 gcc compiler
arm-none-eabi-gcc -Wall -O0 -g3 -c -fmessage-length=0 -MT"src/main.o" -mcpu=cortex-a9 -mfpu=vfpv3 -mfloat-abi=hard -I../../tebf_bsp/ps7_cortexa9_0/include -MMD -MP -MF"src/main.d" -MT"src/main.o" -o "src/main.o" "../src/main.c"
../src/main.c: In function 'main':
../src/main.c:56:43: warning: passing argument 4 of 'f_read' from incompatible pointer type [-Wincompatible-pointer-types]
     Res = f_read(&fil, buffer, data_size, &NumBytesRead);
                                           ^~~~~~~~~~~~~
In file included from ../src/main.c:7:
../../tebf_bsp/ps7_cortexa9_0/include/ff.h:275:54: note: expected 'UINT *' {aka 'unsigned int *'} but argument is of type 'u32 *' {aka 'long unsigned int *'}
 FRESULT f_read (FIL* fp, void* buff, UINT btr, UINT* br);   /* Read data from the file */
                                                ~~~~~~^~
../src/main.c:108:3: warning: implicit declaration of function 'GetCmdWithLiveLCD' [-Wimplicit-function-declaration]
   GetCmdWithLiveLCD(id, TextLine1);  // 실시간 LCD 출력
   ^~~~~~~~~~~~~~~~~
../src/main.c:121:17: warning: implicit declaration of function 'load_image_from_sdcard' [-Wimplicit-function-declaration]
                 load_image_from_sdcard("gstart.bin");
                 ^~~~~~~~~~~~~~~~~~~~~~
../src/main.c: At top level:
../src/main.c:244:6: warning: conflicting types for 'load_image_from_sdcard'
 void load_image_from_sdcard(const char *filename) {
      ^~~~~~~~~~~~~~~~~~~~~~
../src/main.c:121:17: note: previous implicit declaration of 'load_image_from_sdcard' was here
                 load_image_from_sdcard("gstart.bin");
                 ^~~~~~~~~~~~~~~~~~~~~~
../src/main.c: In function 'load_image_from_sdcard':
../src/main.c:265:43: warning: passing argument 4 of 'f_read' from incompatible pointer type [-Wincompatible-pointer-types]
     Res = f_read(&fil, buffer, data_size, &NumBytesRead);
                                           ^~~~~~~~~~~~~
In file included from ../src/main.c:7:
../../tebf_bsp/ps7_cortexa9_0/include/ff.h:275:54: note: expected 'UINT *' {aka 'unsigned int *'} but argument is of type 'u32 *' {aka 'long unsigned int *'}
 FRESULT f_read (FIL* fp, void* buff, UINT btr, UINT* br);   /* Read data from the file */
                                                ~~~~~~^~
../src/main.c: At top level:
../src/main.c:411:6: warning: conflicting types for 'GetCmdWithLiveLCD'
 void GetCmdWithLiveLCD(char *buf, int line)
      ^~~~~~~~~~~~~~~~~
../src/main.c:108:3: note: previous implicit declaration of 'GetCmdWithLiveLCD' was here
   GetCmdWithLiveLCD(id, TextLine1);  // 실시간 LCD 출력
   ^~~~~~~~~~~~~~~~~
Finished building: ../src/main.c
 
Building target: tebf.elf
Invoking: ARM v7 gcc linker
arm-none-eabi-gcc -mcpu=cortex-a9 -mfpu=vfpv3 -mfloat-abi=hard -Wl,-build-id=none -specs=Xilinx.spec -Wl,-T -Wl,../src/lscript.ld -L../../tebf_bsp/ps7_cortexa9_0/lib -o "tebf.elf"  ./src/main.o   -Wl,--start-group,-lxil,-lgcc,-lc,--end-group -Wl,--start-group,-lxilffs,-lxil,-lgcc,-lc,--end-group
Finished building target: tebf.elf
 
Invoking: ARM v7 Print Size
arm-none-eabi-size tebf.elf  |tee "tebf.elf.size"
   text	   data	    bss	    dec	    hex	filename
 126692	   2664	 287344	 416700	  65bbc	tebf.elf
Finished building: tebf.elf.size
 
21:01:01 **** Incremental Build of configuration Debug for project tebf ****
make pre-build main-build 
a9-linaro-pre-build-step
 
make: Nothing to be done for 'main-build'.
21:06:09 **** Incremental Build of configuration Debug for project tebf ****
make pre-build main-build 
a9-linaro-pre-build-step
 
Building file: ../src/main.c
Invoking: ARM v7 gcc compiler
arm-none-eabi-gcc -Wall -O0 -g3 -c -fmessage-length=0 -MT"src/main.o" -mcpu=cortex-a9 -mfpu=vfpv3 -mfloat-abi=hard -I../../tebf_bsp/ps7_cortexa9_0/include -MMD -MP -MF"src/main.d" -MT"src/main.o" -o "src/main.o" "../src/main.c"
../src/main.c: In function 'main':
../src/main.c:56:43: warning: passing argument 4 of 'f_read' from incompatible pointer type [-Wincompatible-pointer-types]
     Res = f_read(&fil, buffer, data_size, &NumBytesRead);
                                           ^~~~~~~~~~~~~
In file included from ../src/main.c:7:
../../tebf_bsp/ps7_cortexa9_0/include/ff.h:275:54: note: expected 'UINT *' {aka 'unsigned int *'} but argument is of type 'u32 *' {aka 'long unsigned int *'}
 FRESULT f_read (FIL* fp, void* buff, UINT btr, UINT* br);   /* Read data from the file */
                                                ~~~~~~^~
../src/main.c:108:3: warning: implicit declaration of function 'GetCmdWithLiveLCD' [-Wimplicit-function-declaration]
   GetCmdWithLiveLCD(id, TextLine1);  // 실시간 LCD 출력
   ^~~~~~~~~~~~~~~~~
../src/main.c:121:17: warning: implicit declaration of function 'load_image_from_sdcard' [-Wimplicit-function-declaration]
                 load_image_from_sdcard("gstart.bin");
                 ^~~~~~~~~~~~~~~~~~~~~~
../src/main.c: In function 'load_image_from_sdcard':
../src/main.c:249:43: warning: passing argument 4 of 'f_read' from incompatible pointer type [-Wincompatible-pointer-types]
     Res = f_read(&fil, buffer, data_size, &NumBytesRead);
                                           ^~~~~~~~~~~~~
In file included from ../src/main.c:7:
../../tebf_bsp/ps7_cortexa9_0/include/ff.h:275:54: note: expected 'UINT *' {aka 'unsigned int *'} but argument is of type 'u32 *' {aka 'long unsigned int *'}
 FRESULT f_read (FIL* fp, void* buff, UINT btr, UINT* br);   /* Read data from the file */
                                                ~~~~~~^~
../src/main.c: In function 'main':
../src/main.c:448:1: error: expected declaration or statement at end of input
 }
 ^
At top level:
../src/main.c:416:6: warning: 'WriteTLCDByString' defined but not used [-Wunused-function]
 void WriteTLCDByString(char *text, int line)
      ^~~~~~~~~~~~~~~~~
../src/main.c:395:6: warning: 'GetCmdWithLiveLCD' defined but not used [-Wunused-function]
 void GetCmdWithLiveLCD(char *buf, int line)
      ^~~~~~~~~~~~~~~~~
../src/main.c:380:6: warning: 'GetCmd' defined but not used [-Wunused-function]
 void GetCmd(char *sel)
      ^~~~~~
../src/main.c:374:6: warning: 'PrintChar' defined but not used [-Wunused-function]
 void PrintChar(char *str)
      ^~~~~~~~~
../src/main.c:337:5: warning: 'WriteRTC' defined but not used [-Wunused-function]
 int WriteRTC(XIicPs *Iic, u8 min, u8 sec)
     ^~~~~~~~
../src/main.c:304:5: warning: 'ReadRTC' defined but not used [-Wunused-function]
 int ReadRTC(XIicPs Iic, u8 *SendBuffer, u8 *RecvBuffer)
     ^~~~~~~
../src/main.c:297:6: warning: 'FormatScoreLine' defined but not used [-Wunused-function]
 void FormatScoreLine(char *buf, int score)
      ^~~~~~~~~~~~~~~
../src/main.c:290:6: warning: 'FormatTimeLine' defined but not used [-Wunused-function]
 void FormatTimeLine(char *buf, u8 min, u8 sec)
      ^~~~~~~~~~~~~~
../src/main.c:228:6: warning: 'load_image_from_sdcard' defined but not used [-Wunused-function]
 void load_image_from_sdcard(const char *filename) {
      ^~~~~~~~~~~~~~~~~~~~~~
make: *** [src/subdir.mk:23: src/main.o] Error 1
21:12:45 **** Incremental Build of configuration Debug for project tebf ****
make pre-build main-build 
a9-linaro-pre-build-step
 
Building file: ../src/main.c
Invoking: ARM v7 gcc compiler
arm-none-eabi-gcc -Wall -O0 -g3 -c -fmessage-length=0 -MT"src/main.o" -mcpu=cortex-a9 -mfpu=vfpv3 -mfloat-abi=hard -I../../tebf_bsp/ps7_cortexa9_0/include -MMD -MP -MF"src/main.d" -MT"src/main.o" -o "src/main.o" "../src/main.c"
../src/main.c: In function 'main':
../src/main.c:56:43: warning: passing argument 4 of 'f_read' from incompatible pointer type [-Wincompatible-pointer-types]
     Res = f_read(&fil, buffer, data_size, &NumBytesRead);
                                           ^~~~~~~~~~~~~
In file included from ../src/main.c:7:
../../tebf_bsp/ps7_cortexa9_0/include/ff.h:275:54: note: expected 'UINT *' {aka 'unsigned int *'} but argument is of type 'u32 *' {aka 'long unsigned int *'}
 FRESULT f_read (FIL* fp, void* buff, UINT btr, UINT* br);   /* Read data from the file */
                                                ~~~~~~^~
../src/main.c:108:3: warning: implicit declaration of function 'GetCmdWithLiveLCD' [-Wimplicit-function-declaration]
   GetCmdWithLiveLCD(id, TextLine1);  // 실시간 LCD 출력
   ^~~~~~~~~~~~~~~~~
../src/main.c:121:17: warning: implicit declaration of function 'load_image_from_sdcard' [-Wimplicit-function-declaration]
                 load_image_from_sdcard("gstart.bin");
                 ^~~~~~~~~~~~~~~~~~~~~~
../src/main.c:205:13: warning: unused variable 'val' [-Wunused-variable]
         u32 val = Xil_In32(BASEADDR);
             ^~~
../src/main.c: At top level:
../src/main.c:226:6: warning: conflicting types for 'load_image_from_sdcard'
 void load_image_from_sdcard(const char *filename) {
      ^~~~~~~~~~~~~~~~~~~~~~
../src/main.c:121:17: note: previous implicit declaration of 'load_image_from_sdcard' was here
                 load_image_from_sdcard("gstart.bin");
                 ^~~~~~~~~~~~~~~~~~~~~~
../src/main.c: In function 'load_image_from_sdcard':
../src/main.c:247:43: warning: passing argument 4 of 'f_read' from incompatible pointer type [-Wincompatible-pointer-types]
     Res = f_read(&fil, buffer, data_size, &NumBytesRead);
                                           ^~~~~~~~~~~~~
In file included from ../src/main.c:7:
../../tebf_bsp/ps7_cortexa9_0/include/ff.h:275:54: note: expected 'UINT *' {aka 'unsigned int *'} but argument is of type 'u32 *' {aka 'long unsigned int *'}
 FRESULT f_read (FIL* fp, void* buff, UINT btr, UINT* br);   /* Read data from the file */
                                                ~~~~~~^~
../src/main.c: At top level:
../src/main.c:393:6: warning: conflicting types for 'GetCmdWithLiveLCD'
 void GetCmdWithLiveLCD(char *buf, int line)
      ^~~~~~~~~~~~~~~~~
../src/main.c:108:3: note: previous implicit declaration of 'GetCmdWithLiveLCD' was here
   GetCmdWithLiveLCD(id, TextLine1);  // 실시간 LCD 출력
   ^~~~~~~~~~~~~~~~~
Finished building: ../src/main.c
 
Building target: tebf.elf
Invoking: ARM v7 gcc linker
arm-none-eabi-gcc -mcpu=cortex-a9 -mfpu=vfpv3 -mfloat-abi=hard -Wl,-build-id=none -specs=Xilinx.spec -Wl,-T -Wl,../src/lscript.ld -L../../tebf_bsp/ps7_cortexa9_0/lib -o "tebf.elf"  ./src/main.o   -Wl,--start-group,-lxil,-lgcc,-lc,--end-group -Wl,--start-group,-lxilffs,-lxil,-lgcc,-lc,--end-group
Finished building target: tebf.elf
 
Invoking: ARM v7 Print Size
arm-none-eabi-size tebf.elf  |tee "tebf.elf.size"
   text	   data	    bss	    dec	    hex	filename
  93964	   2664	 287344	 383972	  5dbe4	tebf.elf
Finished building: tebf.elf.size
 
21:12:46 **** Incremental Build of configuration Debug for project tebf ****
make pre-build main-build 
a9-linaro-pre-build-step
 
make: Nothing to be done for 'main-build'.
21:15:52 **** Incremental Build of configuration Debug for project tebf ****
make pre-build main-build 
a9-linaro-pre-build-step
 
Building file: ../src/main.c
Invoking: ARM v7 gcc compiler
arm-none-eabi-gcc -Wall -O0 -g3 -c -fmessage-length=0 -MT"src/main.o" -mcpu=cortex-a9 -mfpu=vfpv3 -mfloat-abi=hard -I../../tebf_bsp/ps7_cortexa9_0/include -MMD -MP -MF"src/main.d" -MT"src/main.o" -o "src/main.o" "../src/main.c"
../src/main.c: In function 'main':
../src/main.c:56:43: warning: passing argument 4 of 'f_read' from incompatible pointer type [-Wincompatible-pointer-types]
     Res = f_read(&fil, buffer, data_size, &NumBytesRead);
                                           ^~~~~~~~~~~~~
In file included from ../src/main.c:7:
../../tebf_bsp/ps7_cortexa9_0/include/ff.h:275:54: note: expected 'UINT *' {aka 'unsigned int *'} but argument is of type 'u32 *' {aka 'long unsigned int *'}
 FRESULT f_read (FIL* fp, void* buff, UINT btr, UINT* br);   /* Read data from the file */
                                                ~~~~~~^~
../src/main.c:108:3: warning: implicit declaration of function 'GetCmdWithLiveLCD' [-Wimplicit-function-declaration]
   GetCmdWithLiveLCD(id, TextLine1);  // 실시간 LCD 출력
   ^~~~~~~~~~~~~~~~~
../src/main.c:121:17: warning: implicit declaration of function 'load_image_from_sdcard' [-Wimplicit-function-declaration]
                 load_image_from_sdcard("gstart.bin");
                 ^~~~~~~~~~~~~~~~~~~~~~
../src/main.c:205:13: warning: unused variable 'val' [-Wunused-variable]
         u32 val = Xil_In32(BASEADDR);
             ^~~
../src/main.c:202:13: warning: unused variable 'mode' [-Wunused-variable]
         int mode = -1;
             ^~~~
../src/main.c: At top level:
../src/main.c:226:6: warning: conflicting types for 'load_image_from_sdcard'
 void load_image_from_sdcard(const char *filename) {
      ^~~~~~~~~~~~~~~~~~~~~~
../src/main.c:121:17: note: previous implicit declaration of 'load_image_from_sdcard' was here
                 load_image_from_sdcard("gstart.bin");
                 ^~~~~~~~~~~~~~~~~~~~~~
../src/main.c: In function 'load_image_from_sdcard':
../src/main.c:247:43: warning: passing argument 4 of 'f_read' from incompatible pointer type [-Wincompatible-pointer-types]
     Res = f_read(&fil, buffer, data_size, &NumBytesRead);
                                           ^~~~~~~~~~~~~
In file included from ../src/main.c:7:
../../tebf_bsp/ps7_cortexa9_0/include/ff.h:275:54: note: expected 'UINT *' {aka 'unsigned int *'} but argument is of type 'u32 *' {aka 'long unsigned int *'}
 FRESULT f_read (FIL* fp, void* buff, UINT btr, UINT* br);   /* Read data from the file */
                                                ~~~~~~^~
../src/main.c: At top level:
../src/main.c:393:6: warning: conflicting types for 'GetCmdWithLiveLCD'
 void GetCmdWithLiveLCD(char *buf, int line)
      ^~~~~~~~~~~~~~~~~
../src/main.c:108:3: note: previous implicit declaration of 'GetCmdWithLiveLCD' was here
   GetCmdWithLiveLCD(id, TextLine1);  // 실시간 LCD 출력
   ^~~~~~~~~~~~~~~~~
Finished building: ../src/main.c
 
Building target: tebf.elf
Invoking: ARM v7 gcc linker
arm-none-eabi-gcc -mcpu=cortex-a9 -mfpu=vfpv3 -mfloat-abi=hard -Wl,-build-id=none -specs=Xilinx.spec -Wl,-T -Wl,../src/lscript.ld -L../../tebf_bsp/ps7_cortexa9_0/lib -o "tebf.elf"  ./src/main.o   -Wl,--start-group,-lxil,-lgcc,-lc,--end-group -Wl,--start-group,-lxilffs,-lxil,-lgcc,-lc,--end-group
Finished building target: tebf.elf
 
Invoking: ARM v7 Print Size
arm-none-eabi-size tebf.elf  |tee "tebf.elf.size"
   text	   data	    bss	    dec	    hex	filename
  93964	   2664	 287344	 383972	  5dbe4	tebf.elf
Finished building: tebf.elf.size
 
21:15:53 **** Incremental Build of configuration Debug for project tebf ****
make pre-build main-build 
a9-linaro-pre-build-step
 
make: Nothing to be done for 'main-build'.
21:16:58 **** Incremental Build of configuration Debug for project tebf ****
make pre-build main-build 
a9-linaro-pre-build-step
 
Building file: ../src/main.c
Invoking: ARM v7 gcc compiler
arm-none-eabi-gcc -Wall -O0 -g3 -c -fmessage-length=0 -MT"src/main.o" -mcpu=cortex-a9 -mfpu=vfpv3 -mfloat-abi=hard -I../../tebf_bsp/ps7_cortexa9_0/include -MMD -MP -MF"src/main.d" -MT"src/main.o" -o "src/main.o" "../src/main.c"
../src/main.c: In function 'main':
../src/main.c:56:43: warning: passing argument 4 of 'f_read' from incompatible pointer type [-Wincompatible-pointer-types]
     Res = f_read(&fil, buffer, data_size, &NumBytesRead);
                                           ^~~~~~~~~~~~~
In file included from ../src/main.c:7:
../../tebf_bsp/ps7_cortexa9_0/include/ff.h:275:54: note: expected 'UINT *' {aka 'unsigned int *'} but argument is of type 'u32 *' {aka 'long unsigned int *'}
 FRESULT f_read (FIL* fp, void* buff, UINT btr, UINT* br);   /* Read data from the file */
                                                ~~~~~~^~
../src/main.c:109:3: warning: implicit declaration of function 'GetCmdWithLiveLCD' [-Wimplicit-function-declaration]
   GetCmdWithLiveLCD(id, TextLine1);  // 실시간 LCD 출력
   ^~~~~~~~~~~~~~~~~
../src/main.c:122:17: warning: implicit declaration of function 'load_image_from_sdcard' [-Wimplicit-function-declaration]
                 load_image_from_sdcard("gstart.bin");
                 ^~~~~~~~~~~~~~~~~~~~~~
../src/main.c:206:13: warning: unused variable 'val' [-Wunused-variable]
         u32 val = Xil_In32(BASEADDR);
             ^~~
../src/main.c:103:9: warning: unused variable 'mode' [-Wunused-variable]
     int mode = -1;
         ^~~~
../src/main.c: At top level:
../src/main.c:227:6: warning: conflicting types for 'load_image_from_sdcard'
 void load_image_from_sdcard(const char *filename) {
      ^~~~~~~~~~~~~~~~~~~~~~
../src/main.c:122:17: note: previous implicit declaration of 'load_image_from_sdcard' was here
                 load_image_from_sdcard("gstart.bin");
                 ^~~~~~~~~~~~~~~~~~~~~~
../src/main.c: In function 'load_image_from_sdcard':
../src/main.c:248:43: warning: passing argument 4 of 'f_read' from incompatible pointer type [-Wincompatible-pointer-types]
     Res = f_read(&fil, buffer, data_size, &NumBytesRead);
                                           ^~~~~~~~~~~~~
In file included from ../src/main.c:7:
../../tebf_bsp/ps7_cortexa9_0/include/ff.h:275:54: note: expected 'UINT *' {aka 'unsigned int *'} but argument is of type 'u32 *' {aka 'long unsigned int *'}
 FRESULT f_read (FIL* fp, void* buff, UINT btr, UINT* br);   /* Read data from the file */
                                                ~~~~~~^~
../src/main.c: At top level:
../src/main.c:394:6: warning: conflicting types for 'GetCmdWithLiveLCD'
 void GetCmdWithLiveLCD(char *buf, int line)
      ^~~~~~~~~~~~~~~~~
../src/main.c:109:3: note: previous implicit declaration of 'GetCmdWithLiveLCD' was here
   GetCmdWithLiveLCD(id, TextLine1);  // 실시간 LCD 출력
   ^~~~~~~~~~~~~~~~~
Finished building: ../src/main.c
 
Building target: tebf.elf
Invoking: ARM v7 gcc linker
arm-none-eabi-gcc -mcpu=cortex-a9 -mfpu=vfpv3 -mfloat-abi=hard -Wl,-build-id=none -specs=Xilinx.spec -Wl,-T -Wl,../src/lscript.ld -L../../tebf_bsp/ps7_cortexa9_0/lib -o "tebf.elf"  ./src/main.o   -Wl,--start-group,-lxil,-lgcc,-lc,--end-group -Wl,--start-group,-lxilffs,-lxil,-lgcc,-lc,--end-group
Finished building target: tebf.elf
 
Invoking: ARM v7 Print Size
arm-none-eabi-size tebf.elf  |tee "tebf.elf.size"
   text	   data	    bss	    dec	    hex	filename
  93964	   2664	 287344	 383972	  5dbe4	tebf.elf
Finished building: tebf.elf.size
 
21:17:00 **** Incremental Build of configuration Debug for project tebf ****
make pre-build main-build 
a9-linaro-pre-build-step
 
make: Nothing to be done for 'main-build'.
21:17:51 **** Incremental Build of configuration Debug for project tebf ****
make pre-build main-build 
a9-linaro-pre-build-step
 
Building file: ../src/main.c
Invoking: ARM v7 gcc compiler
arm-none-eabi-gcc -Wall -O0 -g3 -c -fmessage-length=0 -MT"src/main.o" -mcpu=cortex-a9 -mfpu=vfpv3 -mfloat-abi=hard -I../../tebf_bsp/ps7_cortexa9_0/include -MMD -MP -MF"src/main.d" -MT"src/main.o" -o "src/main.o" "../src/main.c"
../src/main.c: In function 'main':
../src/main.c:56:43: warning: passing argument 4 of 'f_read' from incompatible pointer type [-Wincompatible-pointer-types]
     Res = f_read(&fil, buffer, data_size, &NumBytesRead);
                                           ^~~~~~~~~~~~~
In file included from ../src/main.c:7:
../../tebf_bsp/ps7_cortexa9_0/include/ff.h:275:54: note: expected 'UINT *' {aka 'unsigned int *'} but argument is of type 'u32 *' {aka 'long unsigned int *'}
 FRESULT f_read (FIL* fp, void* buff, UINT btr, UINT* br);   /* Read data from the file */
                                                ~~~~~~^~
../src/main.c:108:3: warning: implicit declaration of function 'GetCmdWithLiveLCD' [-Wimplicit-function-declaration]
   GetCmdWithLiveLCD(id, TextLine1);  // 실시간 LCD 출력
   ^~~~~~~~~~~~~~~~~
../src/main.c:121:17: warning: implicit declaration of function 'load_image_from_sdcard' [-Wimplicit-function-declaration]
                 load_image_from_sdcard("gstart.bin");
                 ^~~~~~~~~~~~~~~~~~~~~~
../src/main.c:217:9: error: 'else' without a previous 'if'
         else {
         ^~~~
../src/main.c: At top level:
../src/main.c:240:6: warning: conflicting types for 'load_image_from_sdcard'
 void load_image_from_sdcard(const char *filename) {
      ^~~~~~~~~~~~~~~~~~~~~~
../src/main.c:121:17: note: previous implicit declaration of 'load_image_from_sdcard' was here
                 load_image_from_sdcard("gstart.bin");
                 ^~~~~~~~~~~~~~~~~~~~~~
../src/main.c: In function 'load_image_from_sdcard':
../src/main.c:261:43: warning: passing argument 4 of 'f_read' from incompatible pointer type [-Wincompatible-pointer-types]
     Res = f_read(&fil, buffer, data_size, &NumBytesRead);
                                           ^~~~~~~~~~~~~
In file included from ../src/main.c:7:
../../tebf_bsp/ps7_cortexa9_0/include/ff.h:275:54: note: expected 'UINT *' {aka 'unsigned int *'} but argument is of type 'u32 *' {aka 'long unsigned int *'}
 FRESULT f_read (FIL* fp, void* buff, UINT btr, UINT* br);   /* Read data from the file */
                                                ~~~~~~^~
../src/main.c: At top level:
../src/main.c:407:6: warning: conflicting types for 'GetCmdWithLiveLCD'
 void GetCmdWithLiveLCD(char *buf, int line)
      ^~~~~~~~~~~~~~~~~
../src/main.c:108:3: note: previous implicit declaration of 'GetCmdWithLiveLCD' was here
   GetCmdWithLiveLCD(id, TextLine1);  // 실시간 LCD 출력
   ^~~~~~~~~~~~~~~~~
make: *** [src/subdir.mk:23: src/main.o] Error 1
21:17:52 **** Incremental Build of configuration Debug for project tebf ****
make pre-build main-build 
a9-linaro-pre-build-step
 
Building file: ../src/main.c
Invoking: ARM v7 gcc compiler
arm-none-eabi-gcc -Wall -O0 -g3 -c -fmessage-length=0 -MT"src/main.o" -mcpu=cortex-a9 -mfpu=vfpv3 -mfloat-abi=hard -I../../tebf_bsp/ps7_cortexa9_0/include -MMD -MP -MF"src/main.d" -MT"src/main.o" -o "src/main.o" "../src/main.c"
../src/main.c: In function 'main':
../src/main.c:56:43: warning: passing argument 4 of 'f_read' from incompatible pointer type [-Wincompatible-pointer-types]
     Res = f_read(&fil, buffer, data_size, &NumBytesRead);
                                           ^~~~~~~~~~~~~
In file included from ../src/main.c:7:
../../tebf_bsp/ps7_cortexa9_0/include/ff.h:275:54: note: expected 'UINT *' {aka 'unsigned int *'} but argument is of type 'u32 *' {aka 'long unsigned int *'}
 FRESULT f_read (FIL* fp, void* buff, UINT btr, UINT* br);   /* Read data from the file */
                                                ~~~~~~^~
../src/main.c:108:3: warning: implicit declaration of function 'GetCmdWithLiveLCD' [-Wimplicit-function-declaration]
   GetCmdWithLiveLCD(id, TextLine1);  // 실시간 LCD 출력
   ^~~~~~~~~~~~~~~~~
../src/main.c:121:17: warning: implicit declaration of function 'load_image_from_sdcard' [-Wimplicit-function-declaration]
                 load_image_from_sdcard("gstart.bin");
                 ^~~~~~~~~~~~~~~~~~~~~~
../src/main.c:217:9: error: 'else' without a previous 'if'
         else {
         ^~~~
../src/main.c: At top level:
../src/main.c:240:6: warning: conflicting types for 'load_image_from_sdcard'
 void load_image_from_sdcard(const char *filename) {
      ^~~~~~~~~~~~~~~~~~~~~~
../src/main.c:121:17: note: previous implicit declaration of 'load_image_from_sdcard' was here
                 load_image_from_sdcard("gstart.bin");
                 ^~~~~~~~~~~~~~~~~~~~~~
../src/main.c: In function 'load_image_from_sdcard':
../src/main.c:261:43: warning: passing argument 4 of 'f_read' from incompatible pointer type [-Wincompatible-pointer-types]
     Res = f_read(&fil, buffer, data_size, &NumBytesRead);
                                           ^~~~~~~~~~~~~
In file included from ../src/main.c:7:
../../tebf_bsp/ps7_cortexa9_0/include/ff.h:275:54: note: expected 'UINT *' {aka 'unsigned int *'} but argument is of type 'u32 *' {aka 'long unsigned int *'}
 FRESULT f_read (FIL* fp, void* buff, UINT btr, UINT* br);   /* Read data from the file */
                                                ~~~~~~^~
../src/main.c: At top level:
../src/main.c:407:6: warning: conflicting types for 'GetCmdWithLiveLCD'
 void GetCmdWithLiveLCD(char *buf, int line)
      ^~~~~~~~~~~~~~~~~
../src/main.c:108:3: note: previous implicit declaration of 'GetCmdWithLiveLCD' was here
   GetCmdWithLiveLCD(id, TextLine1);  // 실시간 LCD 출력
   ^~~~~~~~~~~~~~~~~
make: *** [src/subdir.mk:23: src/main.o] Error 1
21:18:09 **** Incremental Build of configuration Debug for project tebf ****
make pre-build main-build 
a9-linaro-pre-build-step
 
Building file: ../src/main.c
Invoking: ARM v7 gcc compiler
arm-none-eabi-gcc -Wall -O0 -g3 -c -fmessage-length=0 -MT"src/main.o" -mcpu=cortex-a9 -mfpu=vfpv3 -mfloat-abi=hard -I../../tebf_bsp/ps7_cortexa9_0/include -MMD -MP -MF"src/main.d" -MT"src/main.o" -o "src/main.o" "../src/main.c"
../src/main.c: In function 'main':
../src/main.c:56:43: warning: passing argument 4 of 'f_read' from incompatible pointer type [-Wincompatible-pointer-types]
     Res = f_read(&fil, buffer, data_size, &NumBytesRead);
                                           ^~~~~~~~~~~~~
In file included from ../src/main.c:7:
../../tebf_bsp/ps7_cortexa9_0/include/ff.h:275:54: note: expected 'UINT *' {aka 'unsigned int *'} but argument is of type 'u32 *' {aka 'long unsigned int *'}
 FRESULT f_read (FIL* fp, void* buff, UINT btr, UINT* br);   /* Read data from the file */
                                                ~~~~~~^~
../src/main.c:108:3: warning: implicit declaration of function 'GetCmdWithLiveLCD' [-Wimplicit-function-declaration]
   GetCmdWithLiveLCD(id, TextLine1);  // 실시간 LCD 출력
   ^~~~~~~~~~~~~~~~~
../src/main.c:121:17: warning: implicit declaration of function 'load_image_from_sdcard' [-Wimplicit-function-declaration]
                 load_image_from_sdcard("gstart.bin");
                 ^~~~~~~~~~~~~~~~~~~~~~
../src/main.c: At top level:
../src/main.c:241:6: warning: conflicting types for 'load_image_from_sdcard'
 void load_image_from_sdcard(const char *filename) {
      ^~~~~~~~~~~~~~~~~~~~~~
../src/main.c:121:17: note: previous implicit declaration of 'load_image_from_sdcard' was here
                 load_image_from_sdcard("gstart.bin");
                 ^~~~~~~~~~~~~~~~~~~~~~
../src/main.c: In function 'load_image_from_sdcard':
../src/main.c:262:43: warning: passing argument 4 of 'f_read' from incompatible pointer type [-Wincompatible-pointer-types]
     Res = f_read(&fil, buffer, data_size, &NumBytesRead);
                                           ^~~~~~~~~~~~~
In file included from ../src/main.c:7:
../../tebf_bsp/ps7_cortexa9_0/include/ff.h:275:54: note: expected 'UINT *' {aka 'unsigned int *'} but argument is of type 'u32 *' {aka 'long unsigned int *'}
 FRESULT f_read (FIL* fp, void* buff, UINT btr, UINT* br);   /* Read data from the file */
                                                ~~~~~~^~
../src/main.c: At top level:
../src/main.c:408:6: warning: conflicting types for 'GetCmdWithLiveLCD'
 void GetCmdWithLiveLCD(char *buf, int line)
      ^~~~~~~~~~~~~~~~~
../src/main.c:108:3: note: previous implicit declaration of 'GetCmdWithLiveLCD' was here
   GetCmdWithLiveLCD(id, TextLine1);  // 실시간 LCD 출력
   ^~~~~~~~~~~~~~~~~
Finished building: ../src/main.c
 
Building target: tebf.elf
Invoking: ARM v7 gcc linker
arm-none-eabi-gcc -mcpu=cortex-a9 -mfpu=vfpv3 -mfloat-abi=hard -Wl,-build-id=none -specs=Xilinx.spec -Wl,-T -Wl,../src/lscript.ld -L../../tebf_bsp/ps7_cortexa9_0/lib -o "tebf.elf"  ./src/main.o   -Wl,--start-group,-lxil,-lgcc,-lc,--end-group -Wl,--start-group,-lxilffs,-lxil,-lgcc,-lc,--end-group
Finished building target: tebf.elf
 
Invoking: ARM v7 Print Size
arm-none-eabi-size tebf.elf  |tee "tebf.elf.size"
   text	   data	    bss	    dec	    hex	filename
 126692	   2664	 287344	 416700	  65bbc	tebf.elf
Finished building: tebf.elf.size
 
21:18:12 **** Incremental Build of configuration Debug for project tebf ****
make pre-build main-build 
a9-linaro-pre-build-step
 
make: Nothing to be done for 'main-build'.
21:18:58 **** Incremental Build of configuration Debug for project tebf ****
make pre-build main-build 
a9-linaro-pre-build-step
 
Building file: ../src/main.c
Invoking: ARM v7 gcc compiler
arm-none-eabi-gcc -Wall -O0 -g3 -c -fmessage-length=0 -MT"src/main.o" -mcpu=cortex-a9 -mfpu=vfpv3 -mfloat-abi=hard -I../../tebf_bsp/ps7_cortexa9_0/include -MMD -MP -MF"src/main.d" -MT"src/main.o" -o "src/main.o" "../src/main.c"
../src/main.c: In function 'main':
../src/main.c:56:43: warning: passing argument 4 of 'f_read' from incompatible pointer type [-Wincompatible-pointer-types]
     Res = f_read(&fil, buffer, data_size, &NumBytesRead);
                                           ^~~~~~~~~~~~~
In file included from ../src/main.c:7:
../../tebf_bsp/ps7_cortexa9_0/include/ff.h:275:54: note: expected 'UINT *' {aka 'unsigned int *'} but argument is of type 'u32 *' {aka 'long unsigned int *'}
 FRESULT f_read (FIL* fp, void* buff, UINT btr, UINT* br);   /* Read data from the file */
                                                ~~~~~~^~
../src/main.c:108:7: warning: implicit declaration of function 'GetCmdWithLiveLCD' [-Wimplicit-function-declaration]
       GetCmdWithLiveLCD(id, TextLine1);  // 실시간 LCD 출력
       ^~~~~~~~~~~~~~~~~
../src/main.c:214:13: warning: implicit declaration of function 'load_image_from_sdcard' [-Wimplicit-function-declaration]
             load_image_from_sdcard(filename);
             ^~~~~~~~~~~~~~~~~~~~~~
../src/main.c: At top level:
../src/main.c:246:6: warning: conflicting types for 'load_image_from_sdcard'
 void load_image_from_sdcard(const char *filename) {
      ^~~~~~~~~~~~~~~~~~~~~~
../src/main.c:214:13: note: previous implicit declaration of 'load_image_from_sdcard' was here
             load_image_from_sdcard(filename);
             ^~~~~~~~~~~~~~~~~~~~~~
../src/main.c: In function 'load_image_from_sdcard':
../src/main.c:270:43: warning: passing argument 4 of 'f_read' from incompatible pointer type [-Wincompatible-pointer-types]
     Res = f_read(&fil, buffer, data_size, &NumBytesRead);
                                           ^~~~~~~~~~~~~
In file included from ../src/main.c:7:
../../tebf_bsp/ps7_cortexa9_0/include/ff.h:275:54: note: expected 'UINT *' {aka 'unsigned int *'} but argument is of type 'u32 *' {aka 'long unsigned int *'}
 FRESULT f_read (FIL* fp, void* buff, UINT btr, UINT* br);   /* Read data from the file */
                                                ~~~~~~^~
../src/main.c: At top level:
../src/main.c:416:6: warning: conflicting types for 'GetCmdWithLiveLCD'
 void GetCmdWithLiveLCD(char *buf, int line)
      ^~~~~~~~~~~~~~~~~
../src/main.c:108:7: note: previous implicit declaration of 'GetCmdWithLiveLCD' was here
       GetCmdWithLiveLCD(id, TextLine1);  // 실시간 LCD 출력
       ^~~~~~~~~~~~~~~~~
Finished building: ../src/main.c
 
Building target: tebf.elf
Invoking: ARM v7 gcc linker
arm-none-eabi-gcc -mcpu=cortex-a9 -mfpu=vfpv3 -mfloat-abi=hard -Wl,-build-id=none -specs=Xilinx.spec -Wl,-T -Wl,../src/lscript.ld -L../../tebf_bsp/ps7_cortexa9_0/lib -o "tebf.elf"  ./src/main.o   -Wl,--start-group,-lxil,-lgcc,-lc,--end-group -Wl,--start-group,-lxilffs,-lxil,-lgcc,-lc,--end-group
Finished building target: tebf.elf
 
Invoking: ARM v7 Print Size
arm-none-eabi-size tebf.elf  |tee "tebf.elf.size"
   text	   data	    bss	    dec	    hex	filename
 126884	   2664	 287344	 416892	  65c7c	tebf.elf
Finished building: tebf.elf.size
 
21:19:00 **** Incremental Build of configuration Debug for project tebf ****
make pre-build main-build 
a9-linaro-pre-build-step
 
make: Nothing to be done for 'main-build'.
21:21:16 **** Incremental Build of configuration Debug for project tebf ****
make pre-build main-build 
a9-linaro-pre-build-step
 
Building file: ../src/main.c
Invoking: ARM v7 gcc compiler
arm-none-eabi-gcc -Wall -O0 -g3 -c -fmessage-length=0 -MT"src/main.o" -mcpu=cortex-a9 -mfpu=vfpv3 -mfloat-abi=hard -I../../tebf_bsp/ps7_cortexa9_0/include -MMD -MP -MF"src/main.d" -MT"src/main.o" -o "src/main.o" "../src/main.c"
../src/main.c: In function 'main':
../src/main.c:102:3: warning: implicit declaration of function 'GetCmdWithLiveLCD' [-Wimplicit-function-declaration]
   GetCmdWithLiveLCD(id, TextLine1);  // 실시간 LCD 출력
   ^~~~~~~~~~~~~~~~~
../src/main.c:115:17: warning: implicit declaration of function 'load_image_from_sdcard' [-Wimplicit-function-declaration]
                 load_image_from_sdcard("gstart.bin");
                 ^~~~~~~~~~~~~~~~~~~~~~
../src/main.c: At top level:
../src/main.c:235:6: warning: conflicting types for 'load_image_from_sdcard'
 void load_image_from_sdcard(const char *filename) {
      ^~~~~~~~~~~~~~~~~~~~~~
../src/main.c:115:17: note: previous implicit declaration of 'load_image_from_sdcard' was here
                 load_image_from_sdcard("gstart.bin");
                 ^~~~~~~~~~~~~~~~~~~~~~
../src/main.c:374:6: warning: conflicting types for 'GetCmdWithLiveLCD'
 void GetCmdWithLiveLCD(char *buf, int line)
      ^~~~~~~~~~~~~~~~~
../src/main.c:102:3: note: previous implicit declaration of 'GetCmdWithLiveLCD' was here
   GetCmdWithLiveLCD(id, TextLine1);  // 실시간 LCD 출력
   ^~~~~~~~~~~~~~~~~
../src/main.c:34:13: warning: 'filename' defined but not used [-Wunused-variable]
 static char filename[32];
             ^~~~~~~~
../src/main.c:33:12: warning: 'fil' defined but not used [-Wunused-variable]
 static FIL fil;
            ^~~
../src/main.c:32:14: warning: 'fatfs' defined but not used [-Wunused-variable]
 static FATFS fatfs;
              ^~~~~
Finished building: ../src/main.c
 
Building target: tebf.elf
Invoking: ARM v7 gcc linker
arm-none-eabi-gcc -mcpu=cortex-a9 -mfpu=vfpv3 -mfloat-abi=hard -Wl,-build-id=none -specs=Xilinx.spec -Wl,-T -Wl,../src/lscript.ld -L../../tebf_bsp/ps7_cortexa9_0/lib -o "tebf.elf"  ./src/main.o   -Wl,--start-group,-lxil,-lgcc,-lc,--end-group -Wl,--start-group,-lxilffs,-lxil,-lgcc,-lc,--end-group
Finished building target: tebf.elf
 
Invoking: ARM v7 Print Size
arm-none-eabi-size tebf.elf  |tee "tebf.elf.size"
   text	   data	    bss	    dec	    hex	filename
  97792	   2624	 285664	 386080	  5e420	tebf.elf
Finished building: tebf.elf.size
 
21:21:18 **** Incremental Build of configuration Debug for project tebf ****
make pre-build main-build 
a9-linaro-pre-build-step
 
make: Nothing to be done for 'main-build'.
21:22:00 **** Incremental Build of configuration Debug for project tebf ****
make pre-build main-build 
a9-linaro-pre-build-step
 
make: Nothing to be done for 'main-build'.
21:22:07 **** Incremental Build of configuration Debug for project tebf ****
make pre-build main-build 
a9-linaro-pre-build-step
 
Building file: ../src/main.c
Invoking: ARM v7 gcc compiler
arm-none-eabi-gcc -Wall -O0 -g3 -c -fmessage-length=0 -MT"src/main.o" -mcpu=cortex-a9 -mfpu=vfpv3 -mfloat-abi=hard -I../../tebf_bsp/ps7_cortexa9_0/include -MMD -MP -MF"src/main.d" -MT"src/main.o" -o "src/main.o" "../src/main.c"
../src/main.c: In function 'main':
../src/main.c:102:3: warning: implicit declaration of function 'GetCmdWithLiveLCD' [-Wimplicit-function-declaration]
   GetCmdWithLiveLCD(id, TextLine1);  // 실시간 LCD 출력
   ^~~~~~~~~~~~~~~~~
../src/main.c:115:17: warning: implicit declaration of function 'load_image_from_sdcard' [-Wimplicit-function-declaration]
                 load_image_from_sdcard("gstart.bin");
                 ^~~~~~~~~~~~~~~~~~~~~~
../src/main.c: At top level:
../src/main.c:234:6: warning: conflicting types for 'load_image_from_sdcard'
 void load_image_from_sdcard(const char *filename) {
      ^~~~~~~~~~~~~~~~~~~~~~
../src/main.c:115:17: note: previous implicit declaration of 'load_image_from_sdcard' was here
                 load_image_from_sdcard("gstart.bin");
                 ^~~~~~~~~~~~~~~~~~~~~~
../src/main.c:373:6: warning: conflicting types for 'GetCmdWithLiveLCD'
 void GetCmdWithLiveLCD(char *buf, int line)
      ^~~~~~~~~~~~~~~~~
../src/main.c:102:3: note: previous implicit declaration of 'GetCmdWithLiveLCD' was here
   GetCmdWithLiveLCD(id, TextLine1);  // 실시간 LCD 출력
   ^~~~~~~~~~~~~~~~~
../src/main.c:34:13: warning: 'filename' defined but not used [-Wunused-variable]
 static char filename[32];
             ^~~~~~~~
../src/main.c:33:12: warning: 'fil' defined but not used [-Wunused-variable]
 static FIL fil;
            ^~~
../src/main.c:32:14: warning: 'fatfs' defined but not used [-Wunused-variable]
 static FATFS fatfs;
              ^~~~~
Finished building: ../src/main.c
 
Building target: tebf.elf
Invoking: ARM v7 gcc linker
arm-none-eabi-gcc -mcpu=cortex-a9 -mfpu=vfpv3 -mfloat-abi=hard -Wl,-build-id=none -specs=Xilinx.spec -Wl,-T -Wl,../src/lscript.ld -L../../tebf_bsp/ps7_cortexa9_0/lib -o "tebf.elf"  ./src/main.o   -Wl,--start-group,-lxil,-lgcc,-lc,--end-group -Wl,--start-group,-lxilffs,-lxil,-lgcc,-lc,--end-group
Finished building target: tebf.elf
 
Invoking: ARM v7 Print Size
arm-none-eabi-size tebf.elf  |tee "tebf.elf.size"
   text	   data	    bss	    dec	    hex	filename
  97792	   2624	 285664	 386080	  5e420	tebf.elf
Finished building: tebf.elf.size
 
21:22:08 **** Incremental Build of configuration Debug for project tebf ****
make pre-build main-build 
a9-linaro-pre-build-step
 
make: Nothing to be done for 'main-build'.
21:23:17 **** Incremental Build of configuration Debug for project tebf ****
make pre-build main-build 
a9-linaro-pre-build-step
 
Building file: ../src/main.c
Invoking: ARM v7 gcc compiler
arm-none-eabi-gcc -Wall -O0 -g3 -c -fmessage-length=0 -MT"src/main.o" -mcpu=cortex-a9 -mfpu=vfpv3 -mfloat-abi=hard -I../../tebf_bsp/ps7_cortexa9_0/include -MMD -MP -MF"src/main.d" -MT"src/main.o" -o "src/main.o" "../src/main.c"
../src/main.c: In function 'main':
../src/main.c:56:43: warning: passing argument 4 of 'f_read' from incompatible pointer type [-Wincompatible-pointer-types]
     Res = f_read(&fil, buffer, data_size, &NumBytesRead);
                                           ^~~~~~~~~~~~~
In file included from ../src/main.c:7:
../../tebf_bsp/ps7_cortexa9_0/include/ff.h:275:54: note: expected 'UINT *' {aka 'unsigned int *'} but argument is of type 'u32 *' {aka 'long unsigned int *'}
 FRESULT f_read (FIL* fp, void* buff, UINT btr, UINT* br);   /* Read data from the file */
                                                ~~~~~~^~
../src/main.c:108:3: warning: implicit declaration of function 'GetCmdWithLiveLCD' [-Wimplicit-function-declaration]
   GetCmdWithLiveLCD(id, TextLine1);  // 실시간 LCD 출력
   ^~~~~~~~~~~~~~~~~
../src/main.c:215:13: warning: implicit declaration of function 'load_image_from_sdcard' [-Wimplicit-function-declaration]
             load_image_from_sdcard(filename);
             ^~~~~~~~~~~~~~~~~~~~~~
../src/main.c: At top level:
../src/main.c:244:6: warning: conflicting types for 'load_image_from_sdcard'
 void load_image_from_sdcard(const char *filename) {
      ^~~~~~~~~~~~~~~~~~~~~~
../src/main.c:215:13: note: previous implicit declaration of 'load_image_from_sdcard' was here
             load_image_from_sdcard(filename);
             ^~~~~~~~~~~~~~~~~~~~~~
../src/main.c: In function 'load_image_from_sdcard':
../src/main.c:265:43: warning: passing argument 4 of 'f_read' from incompatible pointer type [-Wincompatible-pointer-types]
     Res = f_read(&fil, buffer, data_size, &NumBytesRead);
                                           ^~~~~~~~~~~~~
In file included from ../src/main.c:7:
../../tebf_bsp/ps7_cortexa9_0/include/ff.h:275:54: note: expected 'UINT *' {aka 'unsigned int *'} but argument is of type 'u32 *' {aka 'long unsigned int *'}
 FRESULT f_read (FIL* fp, void* buff, UINT btr, UINT* br);   /* Read data from the file */
                                                ~~~~~~^~
../src/main.c: At top level:
../src/main.c:411:6: warning: conflicting types for 'GetCmdWithLiveLCD'
 void GetCmdWithLiveLCD(char *buf, int line)
      ^~~~~~~~~~~~~~~~~
../src/main.c:108:3: note: previous implicit declaration of 'GetCmdWithLiveLCD' was here
   GetCmdWithLiveLCD(id, TextLine1);  // 실시간 LCD 출력
   ^~~~~~~~~~~~~~~~~
Finished building: ../src/main.c
 
Building target: tebf.elf
Invoking: ARM v7 gcc linker
arm-none-eabi-gcc -mcpu=cortex-a9 -mfpu=vfpv3 -mfloat-abi=hard -Wl,-build-id=none -specs=Xilinx.spec -Wl,-T -Wl,../src/lscript.ld -L../../tebf_bsp/ps7_cortexa9_0/lib -o "tebf.elf"  ./src/main.o   -Wl,--start-group,-lxil,-lgcc,-lc,--end-group -Wl,--start-group,-lxilffs,-lxil,-lgcc,-lc,--end-group
Finished building target: tebf.elf
 
Invoking: ARM v7 Print Size
arm-none-eabi-size tebf.elf  |tee "tebf.elf.size"
   text	   data	    bss	    dec	    hex	filename
 126684	   2664	 287344	 416692	  65bb4	tebf.elf
Finished building: tebf.elf.size
 
21:23:19 **** Incremental Build of configuration Debug for project tebf ****
make pre-build main-build 
a9-linaro-pre-build-step
 
make: Nothing to be done for 'main-build'.
21:24:19 **** Incremental Build of configuration Debug for project tebf ****
make pre-build main-build 
a9-linaro-pre-build-step
 
Building file: ../src/main.c
Invoking: ARM v7 gcc compiler
arm-none-eabi-gcc -Wall -O0 -g3 -c -fmessage-length=0 -MT"src/main.o" -mcpu=cortex-a9 -mfpu=vfpv3 -mfloat-abi=hard -I../../tebf_bsp/ps7_cortexa9_0/include -MMD -MP -MF"src/main.d" -MT"src/main.o" -o "src/main.o" "../src/main.c"
../src/main.c: In function 'main':
../src/main.c:56:43: warning: passing argument 4 of 'f_read' from incompatible pointer type [-Wincompatible-pointer-types]
     Res = f_read(&fil, buffer, data_size, &NumBytesRead);
                                           ^~~~~~~~~~~~~
In file included from ../src/main.c:7:
../../tebf_bsp/ps7_cortexa9_0/include/ff.h:275:54: note: expected 'UINT *' {aka 'unsigned int *'} but argument is of type 'u32 *' {aka 'long unsigned int *'}
 FRESULT f_read (FIL* fp, void* buff, UINT btr, UINT* br);   /* Read data from the file */
                                                ~~~~~~^~
../src/main.c:108:3: warning: implicit declaration of function 'GetCmdWithLiveLCD' [-Wimplicit-function-declaration]
   GetCmdWithLiveLCD(id, TextLine1);  // 실시간 LCD 출력
   ^~~~~~~~~~~~~~~~~
../src/main.c:214:13: warning: implicit declaration of function 'load_image_from_sdcard' [-Wimplicit-function-declaration]
             load_image_from_sdcard(filename);
             ^~~~~~~~~~~~~~~~~~~~~~
../src/main.c: At top level:
../src/main.c:246:6: warning: conflicting types for 'load_image_from_sdcard'
 void load_image_from_sdcard(const char *filename) {
      ^~~~~~~~~~~~~~~~~~~~~~
../src/main.c:214:13: note: previous implicit declaration of 'load_image_from_sdcard' was here
             load_image_from_sdcard(filename);
             ^~~~~~~~~~~~~~~~~~~~~~
../src/main.c: In function 'load_image_from_sdcard':
../src/main.c:270:43: warning: passing argument 4 of 'f_read' from incompatible pointer type [-Wincompatible-pointer-types]
     Res = f_read(&fil, buffer, data_size, &NumBytesRead);
                                           ^~~~~~~~~~~~~
In file included from ../src/main.c:7:
../../tebf_bsp/ps7_cortexa9_0/include/ff.h:275:54: note: expected 'UINT *' {aka 'unsigned int *'} but argument is of type 'u32 *' {aka 'long unsigned int *'}
 FRESULT f_read (FIL* fp, void* buff, UINT btr, UINT* br);   /* Read data from the file */
                                                ~~~~~~^~
../src/main.c: At top level:
../src/main.c:416:6: warning: conflicting types for 'GetCmdWithLiveLCD'
 void GetCmdWithLiveLCD(char *buf, int line)
      ^~~~~~~~~~~~~~~~~
../src/main.c:108:3: note: previous implicit declaration of 'GetCmdWithLiveLCD' was here
   GetCmdWithLiveLCD(id, TextLine1);  // 실시간 LCD 출력
   ^~~~~~~~~~~~~~~~~
Finished building: ../src/main.c
 
Building target: tebf.elf
Invoking: ARM v7 gcc linker
arm-none-eabi-gcc -mcpu=cortex-a9 -mfpu=vfpv3 -mfloat-abi=hard -Wl,-build-id=none -specs=Xilinx.spec -Wl,-T -Wl,../src/lscript.ld -L../../tebf_bsp/ps7_cortexa9_0/lib -o "tebf.elf"  ./src/main.o   -Wl,--start-group,-lxil,-lgcc,-lc,--end-group -Wl,--start-group,-lxilffs,-lxil,-lgcc,-lc,--end-group
Finished building target: tebf.elf
 
Invoking: ARM v7 Print Size
arm-none-eabi-size tebf.elf  |tee "tebf.elf.size"
   text	   data	    bss	    dec	    hex	filename
 126884	   2664	 287344	 416892	  65c7c	tebf.elf
Finished building: tebf.elf.size
 
21:24:21 **** Incremental Build of configuration Debug for project tebf ****
make pre-build main-build 
a9-linaro-pre-build-step
 
make: Nothing to be done for 'main-build'.
21:25:09 **** Incremental Build of configuration Debug for project tebf ****
make pre-build main-build 
a9-linaro-pre-build-step
 
make: Nothing to be done for 'main-build'.
21:27:06 **** Incremental Build of configuration Debug for project tebf ****
make pre-build main-build 
a9-linaro-pre-build-step
 
make: Nothing to be done for 'main-build'.
21:28:42 **** Incremental Build of configuration Debug for project tebf ****
make pre-build main-build 
a9-linaro-pre-build-step
 
Building file: ../src/main.c
Invoking: ARM v7 gcc compiler
arm-none-eabi-gcc -Wall -O0 -g3 -c -fmessage-length=0 -MT"src/main.o" -mcpu=cortex-a9 -mfpu=vfpv3 -mfloat-abi=hard -I../../tebf_bsp/ps7_cortexa9_0/include -MMD -MP -MF"src/main.d" -MT"src/main.o" -o "src/main.o" "../src/main.c"
../src/main.c: In function 'main':
../src/main.c:84:9: warning: implicit declaration of function 'GetCmdWithLiveLCD' [-Wimplicit-function-declaration]
         GetCmdWithLiveLCD(id, TextLine1);
         ^~~~~~~~~~~~~~~~~
../src/main.c:183:13: warning: implicit declaration of function 'load_image_from_sdcard' [-Wimplicit-function-declaration]
             load_image_from_sdcard(filename);
             ^~~~~~~~~~~~~~~~~~~~~~
../src/main.c: At top level:
../src/main.c:209:6: warning: conflicting types for 'load_image_from_sdcard'
 void load_image_from_sdcard(const char *filename) {
      ^~~~~~~~~~~~~~~~~~~~~~
../src/main.c:183:13: note: previous implicit declaration of 'load_image_from_sdcard' was here
             load_image_from_sdcard(filename);
             ^~~~~~~~~~~~~~~~~~~~~~
../src/main.c: In function 'load_image_from_sdcard':
../src/main.c:233:43: warning: passing argument 4 of 'f_read' from incompatible pointer type [-Wincompatible-pointer-types]
     Res = f_read(&fil, buffer, data_size, &NumBytesRead);
                                           ^~~~~~~~~~~~~
In file included from ../src/main.c:7:
../../tebf_bsp/ps7_cortexa9_0/include/ff.h:275:54: note: expected 'UINT *' {aka 'unsigned int *'} but argument is of type 'u32 *' {aka 'long unsigned int *'}
 FRESULT f_read (FIL* fp, void* buff, UINT btr, UINT* br);   /* Read data from the file */
                                                ~~~~~~^~
../src/main.c: At top level:
../src/main.c:379:6: warning: conflicting types for 'GetCmdWithLiveLCD'
 void GetCmdWithLiveLCD(char *buf, int line)
      ^~~~~~~~~~~~~~~~~
../src/main.c:84:9: note: previous implicit declaration of 'GetCmdWithLiveLCD' was here
         GetCmdWithLiveLCD(id, TextLine1);
         ^~~~~~~~~~~~~~~~~
Finished building: ../src/main.c
 
Building target: tebf.elf
Invoking: ARM v7 gcc linker
arm-none-eabi-gcc -mcpu=cortex-a9 -mfpu=vfpv3 -mfloat-abi=hard -Wl,-build-id=none -specs=Xilinx.spec -Wl,-T -Wl,../src/lscript.ld -L../../tebf_bsp/ps7_cortexa9_0/lib -o "tebf.elf"  ./src/main.o   -Wl,--start-group,-lxil,-lgcc,-lc,--end-group -Wl,--start-group,-lxilffs,-lxil,-lgcc,-lc,--end-group
Finished building target: tebf.elf
 
Invoking: ARM v7 Print Size
arm-none-eabi-size tebf.elf  |tee "tebf.elf.size"
   text	   data	    bss	    dec	    hex	filename
 126308	   2664	 287344	 416316	  65a3c	tebf.elf
Finished building: tebf.elf.size
 
21:28:43 **** Incremental Build of configuration Debug for project tebf ****
make pre-build main-build 
a9-linaro-pre-build-step
 
make: Nothing to be done for 'main-build'.
21:30:22 **** Incremental Build of configuration Debug for project tebf ****
make pre-build main-build 
a9-linaro-pre-build-step
 
Building file: ../src/main.c
Invoking: ARM v7 gcc compiler
arm-none-eabi-gcc -Wall -O0 -g3 -c -fmessage-length=0 -MT"src/main.o" -mcpu=cortex-a9 -mfpu=vfpv3 -mfloat-abi=hard -I../../tebf_bsp/ps7_cortexa9_0/include -MMD -MP -MF"src/main.d" -MT"src/main.o" -o "src/main.o" "../src/main.c"
../src/main.c: In function 'main':
../src/main.c:56:43: warning: passing argument 4 of 'f_read' from incompatible pointer type [-Wincompatible-pointer-types]
     Res = f_read(&fil, buffer, data_size, &NumBytesRead);
                                           ^~~~~~~~~~~~~
In file included from ../src/main.c:7:
../../tebf_bsp/ps7_cortexa9_0/include/ff.h:275:54: note: expected 'UINT *' {aka 'unsigned int *'} but argument is of type 'u32 *' {aka 'long unsigned int *'}
 FRESULT f_read (FIL* fp, void* buff, UINT btr, UINT* br);   /* Read data from the file */
                                                ~~~~~~^~
../src/main.c:113:3: warning: implicit declaration of function 'GetCmdWithLiveLCD' [-Wimplicit-function-declaration]
   GetCmdWithLiveLCD(id, TextLine1);  // 실시간 LCD 출력
   ^~~~~~~~~~~~~~~~~
../src/main.c:219:13: warning: implicit declaration of function 'load_image_from_sdcard' [-Wimplicit-function-declaration]
             load_image_from_sdcard(filename);
             ^~~~~~~~~~~~~~~~~~~~~~
../src/main.c: At top level:
../src/main.c:251:6: warning: conflicting types for 'load_image_from_sdcard'
 void load_image_from_sdcard(const char *filename) {
      ^~~~~~~~~~~~~~~~~~~~~~
../src/main.c:219:13: note: previous implicit declaration of 'load_image_from_sdcard' was here
             load_image_from_sdcard(filename);
             ^~~~~~~~~~~~~~~~~~~~~~
../src/main.c: In function 'load_image_from_sdcard':
../src/main.c:275:43: warning: passing argument 4 of 'f_read' from incompatible pointer type [-Wincompatible-pointer-types]
     Res = f_read(&fil, buffer, data_size, &NumBytesRead);
                                           ^~~~~~~~~~~~~
In file included from ../src/main.c:7:
../../tebf_bsp/ps7_cortexa9_0/include/ff.h:275:54: note: expected 'UINT *' {aka 'unsigned int *'} but argument is of type 'u32 *' {aka 'long unsigned int *'}
 FRESULT f_read (FIL* fp, void* buff, UINT btr, UINT* br);   /* Read data from the file */
                                                ~~~~~~^~
../src/main.c: At top level:
../src/main.c:421:6: warning: conflicting types for 'GetCmdWithLiveLCD'
 void GetCmdWithLiveLCD(char *buf, int line)
      ^~~~~~~~~~~~~~~~~
../src/main.c:113:3: note: previous implicit declaration of 'GetCmdWithLiveLCD' was here
   GetCmdWithLiveLCD(id, TextLine1);  // 실시간 LCD 출력
   ^~~~~~~~~~~~~~~~~
Finished building: ../src/main.c
 
Building target: tebf.elf
Invoking: ARM v7 gcc linker
arm-none-eabi-gcc -mcpu=cortex-a9 -mfpu=vfpv3 -mfloat-abi=hard -Wl,-build-id=none -specs=Xilinx.spec -Wl,-T -Wl,../src/lscript.ld -L../../tebf_bsp/ps7_cortexa9_0/lib -o "tebf.elf"  ./src/main.o   -Wl,--start-group,-lxil,-lgcc,-lc,--end-group -Wl,--start-group,-lxilffs,-lxil,-lgcc,-lc,--end-group
Finished building target: tebf.elf
 
Invoking: ARM v7 Print Size
arm-none-eabi-size tebf.elf  |tee "tebf.elf.size"
   text	   data	    bss	    dec	    hex	filename
 127012	   2664	 287344	 417020	  65cfc	tebf.elf
Finished building: tebf.elf.size
 
21:30:24 **** Incremental Build of configuration Debug for project tebf ****
make pre-build main-build 
a9-linaro-pre-build-step
 
make: Nothing to be done for 'main-build'.
21:31:18 **** Incremental Build of configuration Debug for project tebf ****
make pre-build main-build 
a9-linaro-pre-build-step
 
Building file: ../src/main.c
Invoking: ARM v7 gcc compiler
arm-none-eabi-gcc -Wall -O0 -g3 -c -fmessage-length=0 -MT"src/main.o" -mcpu=cortex-a9 -mfpu=vfpv3 -mfloat-abi=hard -I../../tebf_bsp/ps7_cortexa9_0/include -MMD -MP -MF"src/main.d" -MT"src/main.o" -o "src/main.o" "../src/main.c"
../src/main.c: In function 'main':
../src/main.c:56:43: warning: passing argument 4 of 'f_read' from incompatible pointer type [-Wincompatible-pointer-types]
     Res = f_read(&fil, buffer, data_size, &NumBytesRead);
                                           ^~~~~~~~~~~~~
In file included from ../src/main.c:7:
../../tebf_bsp/ps7_cortexa9_0/include/ff.h:275:54: note: expected 'UINT *' {aka 'unsigned int *'} but argument is of type 'u32 *' {aka 'long unsigned int *'}
 FRESULT f_read (FIL* fp, void* buff, UINT btr, UINT* br);   /* Read data from the file */
                                                ~~~~~~^~
../src/main.c:103:5: warning: this 'while' clause does not guard... [-Wmisleading-indentation]
     while(1)
     ^~~~~
../src/main.c:111:9: note: ...this statement, but the latter is misleadingly indented as if it were guarded by the 'while'
         PrintChar("================ LOGIN ================");
         ^~~~~~~~~
../src/main.c:113:3: warning: implicit declaration of function 'GetCmdWithLiveLCD' [-Wimplicit-function-declaration]
   GetCmdWithLiveLCD(id, TextLine1);  // 실시간 LCD 출력
   ^~~~~~~~~~~~~~~~~
../src/main.c:143:17: error: break statement not within loop or switch
                 break;
                 ^~~~~
../src/main.c:90:9: warning: unused variable 'wait' [-Wunused-variable]
     int wait;
         ^~~~
../src/main.c:89:9: warning: unused variable 'i' [-Wunused-variable]
     int i;
         ^
../src/main.c:88:10: warning: unused variable 'TlcdReg_downline' [-Wunused-variable]
     char TlcdReg_downline[17] = {0};
          ^~~~~~~~~~~~~~~~
../src/main.c:87:10: warning: unused variable 'TlcdReg_upline' [-Wunused-variable]
     char TlcdReg_upline[17] = {0};
          ^~~~~~~~~~~~~~
../src/main.c:85:8: warning: unused variable 'RecvBuffer' [-Wunused-variable]
     u8 RecvBuffer[3];
        ^~~~~~~~~~
../src/main.c:84:8: warning: unused variable 'SendBuffer' [-Wunused-variable]
     u8 SendBuffer;
        ^~~~~~~~~~
../src/main.c:83:9: warning: unused variable 'IicStatus' [-Wunused-variable]
     int IicStatus;
         ^~~~~~~~~
../src/main.c:82:12: warning: unused variable 'Iic' [-Wunused-variable]
     XIicPs Iic;
            ^~~
../src/main.c:59:9: warning: unused variable 'score' [-Wunused-variable]
     int score = 0;
         ^~~~~
../src/main.c: At top level:
../src/main.c:154:22: error: expected declaration specifiers or '...' before '&' token
     XGpio_Initialize(&GpioDone, GPIO_DONE_DEVICE_ID);
                      ^
In file included from ../../tebf_bsp/ps7_cortexa9_0/include/xil_printf.h:12,
                 from ../src/main.c:2:
../../tebf_bsp/ps7_cortexa9_0/include/xparameters.h:187:35: error: expected declaration specifiers or '...' before numeric constant
 #define XPAR_AXI_GPIO_0_DEVICE_ID 0
                                   ^
../../tebf_bsp/ps7_cortexa9_0/include/xparameters.h:197:31: note: in expansion of macro 'XPAR_AXI_GPIO_0_DEVICE_ID'
 #define XPAR_GPIO_0_DEVICE_ID XPAR_AXI_GPIO_0_DEVICE_ID
                               ^~~~~~~~~~~~~~~~~~~~~~~~~
../src/main.c:21:29: note: in expansion of macro 'XPAR_GPIO_0_DEVICE_ID'
 #define GPIO_DONE_DEVICE_ID XPAR_GPIO_0_DEVICE_ID
                             ^~~~~~~~~~~~~~~~~~~~~
../src/main.c:154:33: note: in expansion of macro 'GPIO_DONE_DEVICE_ID'
     XGpio_Initialize(&GpioDone, GPIO_DONE_DEVICE_ID);
                                 ^~~~~~~~~~~~~~~~~~~
../src/main.c:155:28: error: expected declaration specifiers or '...' before '&' token
     XGpio_SetDataDirection(&GpioDone, GPIO_DONE_CHANNEL, 0xFFFFFFFF); // input
                            ^
../src/main.c:22:27: error: expected declaration specifiers or '...' before numeric constant
 #define GPIO_DONE_CHANNEL 1
                           ^
../src/main.c:155:39: note: in expansion of macro 'GPIO_DONE_CHANNEL'
     XGpio_SetDataDirection(&GpioDone, GPIO_DONE_CHANNEL, 0xFFFFFFFF); // input
                                       ^~~~~~~~~~~~~~~~~
../src/main.c:155:58: error: expected declaration specifiers or '...' before numeric constant
     XGpio_SetDataDirection(&GpioDone, GPIO_DONE_CHANNEL, 0xFFFFFFFF); // input
                                                          ^~~~~~~~~~
../src/main.c:157:14: error: expected declaration specifiers or '...' before '&' token
     WriteRTC(&Iic, 0, 0);
              ^
../src/main.c:157:20: error: expected declaration specifiers or '...' before numeric constant
     WriteRTC(&Iic, 0, 0);
                    ^
../src/main.c:157:23: error: expected declaration specifiers or '...' before numeric constant
     WriteRTC(&Iic, 0, 0);
                       ^
../src/main.c:158:5: error: expected identifier or '(' before 'while'
     while(1) {
     ^~~~~
../src/main.c:246:3: error: expected identifier or '(' before 'for'
   for(wait = 0; wait < 1200; wait++);
   ^~~
../src/main.c:246:22: error: expected '=', ',', ';', 'asm' or '__attribute__' before '<' token
   for(wait = 0; wait < 1200; wait++);
                      ^
../src/main.c:246:34: error: expected '=', ',', ';', 'asm' or '__attribute__' before '++' token
   for(wait = 0; wait < 1200; wait++);
                                  ^~
../src/main.c:248:5: error: expected identifier or '(' before 'return'
     return 0;
     ^~~~~~
../src/main.c:249:1: error: expected identifier or '(' before '}' token
 }
 ^
../src/main.c: In function 'load_image_from_sdcard':
../src/main.c:275:43: warning: passing argument 4 of 'f_read' from incompatible pointer type [-Wincompatible-pointer-types]
     Res = f_read(&fil, buffer, data_size, &NumBytesRead);
                                           ^~~~~~~~~~~~~
In file included from ../src/main.c:7:
../../tebf_bsp/ps7_cortexa9_0/include/ff.h:275:54: note: expected 'UINT *' {aka 'unsigned int *'} but argument is of type 'u32 *' {aka 'long unsigned int *'}
 FRESULT f_read (FIL* fp, void* buff, UINT btr, UINT* br);   /* Read data from the file */
                                                ~~~~~~^~
../src/main.c: At top level:
../src/main.c:421:6: warning: conflicting types for 'GetCmdWithLiveLCD'
 void GetCmdWithLiveLCD(char *buf, int line)
      ^~~~~~~~~~~~~~~~~
../src/main.c:113:3: note: previous implicit declaration of 'GetCmdWithLiveLCD' was here
   GetCmdWithLiveLCD(id, TextLine1);  // 실시간 LCD 출력
   ^~~~~~~~~~~~~~~~~
make: *** [src/subdir.mk:23: src/main.o] Error 1
21:31:19 **** Incremental Build of configuration Debug for project tebf ****
make pre-build main-build 
a9-linaro-pre-build-step
 
Building file: ../src/main.c
Invoking: ARM v7 gcc compiler
arm-none-eabi-gcc -Wall -O0 -g3 -c -fmessage-length=0 -MT"src/main.o" -mcpu=cortex-a9 -mfpu=vfpv3 -mfloat-abi=hard -I../../tebf_bsp/ps7_cortexa9_0/include -MMD -MP -MF"src/main.d" -MT"src/main.o" -o "src/main.o" "../src/main.c"
../src/main.c: In function 'main':
../src/main.c:56:43: warning: passing argument 4 of 'f_read' from incompatible pointer type [-Wincompatible-pointer-types]
     Res = f_read(&fil, buffer, data_size, &NumBytesRead);
                                           ^~~~~~~~~~~~~
In file included from ../src/main.c:7:
../../tebf_bsp/ps7_cortexa9_0/include/ff.h:275:54: note: expected 'UINT *' {aka 'unsigned int *'} but argument is of type 'u32 *' {aka 'long unsigned int *'}
 FRESULT f_read (FIL* fp, void* buff, UINT btr, UINT* br);   /* Read data from the file */
                                                ~~~~~~^~
../src/main.c:103:5: warning: this 'while' clause does not guard... [-Wmisleading-indentation]
     while(1)
     ^~~~~
../src/main.c:111:9: note: ...this statement, but the latter is misleadingly indented as if it were guarded by the 'while'
         PrintChar("================ LOGIN ================");
         ^~~~~~~~~
../src/main.c:113:3: warning: implicit declaration of function 'GetCmdWithLiveLCD' [-Wimplicit-function-declaration]
   GetCmdWithLiveLCD(id, TextLine1);  // 실시간 LCD 출력
   ^~~~~~~~~~~~~~~~~
../src/main.c:143:17: error: break statement not within loop or switch
                 break;
                 ^~~~~
../src/main.c:90:9: warning: unused variable 'wait' [-Wunused-variable]
     int wait;
         ^~~~
../src/main.c:89:9: warning: unused variable 'i' [-Wunused-variable]
     int i;
         ^
../src/main.c:88:10: warning: unused variable 'TlcdReg_downline' [-Wunused-variable]
     char TlcdReg_downline[17] = {0};
          ^~~~~~~~~~~~~~~~
../src/main.c:87:10: warning: unused variable 'TlcdReg_upline' [-Wunused-variable]
     char TlcdReg_upline[17] = {0};
          ^~~~~~~~~~~~~~
../src/main.c:85:8: warning: unused variable 'RecvBuffer' [-Wunused-variable]
     u8 RecvBuffer[3];
        ^~~~~~~~~~
../src/main.c:84:8: warning: unused variable 'SendBuffer' [-Wunused-variable]
     u8 SendBuffer;
        ^~~~~~~~~~
../src/main.c:83:9: warning: unused variable 'IicStatus' [-Wunused-variable]
     int IicStatus;
         ^~~~~~~~~
../src/main.c:82:12: warning: unused variable 'Iic' [-Wunused-variable]
     XIicPs Iic;
            ^~~
../src/main.c:59:9: warning: unused variable 'score' [-Wunused-variable]
     int score = 0;
         ^~~~~
../src/main.c: At top level:
../src/main.c:154:22: error: expected declaration specifiers or '...' before '&' token
     XGpio_Initialize(&GpioDone, GPIO_DONE_DEVICE_ID);
                      ^
In file included from ../../tebf_bsp/ps7_cortexa9_0/include/xil_printf.h:12,
                 from ../src/main.c:2:
../../tebf_bsp/ps7_cortexa9_0/include/xparameters.h:187:35: error: expected declaration specifiers or '...' before numeric constant
 #define XPAR_AXI_GPIO_0_DEVICE_ID 0
                                   ^
../../tebf_bsp/ps7_cortexa9_0/include/xparameters.h:197:31: note: in expansion of macro 'XPAR_AXI_GPIO_0_DEVICE_ID'
 #define XPAR_GPIO_0_DEVICE_ID XPAR_AXI_GPIO_0_DEVICE_ID
                               ^~~~~~~~~~~~~~~~~~~~~~~~~
../src/main.c:21:29: note: in expansion of macro 'XPAR_GPIO_0_DEVICE_ID'
 #define GPIO_DONE_DEVICE_ID XPAR_GPIO_0_DEVICE_ID
                             ^~~~~~~~~~~~~~~~~~~~~
../src/main.c:154:33: note: in expansion of macro 'GPIO_DONE_DEVICE_ID'
     XGpio_Initialize(&GpioDone, GPIO_DONE_DEVICE_ID);
                                 ^~~~~~~~~~~~~~~~~~~
../src/main.c:155:28: error: expected declaration specifiers or '...' before '&' token
     XGpio_SetDataDirection(&GpioDone, GPIO_DONE_CHANNEL, 0xFFFFFFFF); // input
                            ^
../src/main.c:22:27: error: expected declaration specifiers or '...' before numeric constant
 #define GPIO_DONE_CHANNEL 1
                           ^
../src/main.c:155:39: note: in expansion of macro 'GPIO_DONE_CHANNEL'
     XGpio_SetDataDirection(&GpioDone, GPIO_DONE_CHANNEL, 0xFFFFFFFF); // input
                                       ^~~~~~~~~~~~~~~~~
../src/main.c:155:58: error: expected declaration specifiers or '...' before numeric constant
     XGpio_SetDataDirection(&GpioDone, GPIO_DONE_CHANNEL, 0xFFFFFFFF); // input
                                                          ^~~~~~~~~~
../src/main.c:157:14: error: expected declaration specifiers or '...' before '&' token
     WriteRTC(&Iic, 0, 0);
              ^
../src/main.c:157:20: error: expected declaration specifiers or '...' before numeric constant
     WriteRTC(&Iic, 0, 0);
                    ^
../src/main.c:157:23: error: expected declaration specifiers or '...' before numeric constant
     WriteRTC(&Iic, 0, 0);
                       ^
../src/main.c:158:5: error: expected identifier or '(' before 'while'
     while(1) {
     ^~~~~
../src/main.c:246:3: error: expected identifier or '(' before 'for'
   for(wait = 0; wait < 1200; wait++);
   ^~~
../src/main.c:246:22: error: expected '=', ',', ';', 'asm' or '__attribute__' before '<' token
   for(wait = 0; wait < 1200; wait++);
                      ^
../src/main.c:246:34: error: expected '=', ',', ';', 'asm' or '__attribute__' before '++' token
   for(wait = 0; wait < 1200; wait++);
                                  ^~
../src/main.c:248:5: error: expected identifier or '(' before 'return'
     return 0;
     ^~~~~~
../src/main.c:249:1: error: expected identifier or '(' before '}' token
 }
 ^
../src/main.c: In function 'load_image_from_sdcard':
../src/main.c:275:43: warning: passing argument 4 of 'f_read' from incompatible pointer type [-Wincompatible-pointer-types]
     Res = f_read(&fil, buffer, data_size, &NumBytesRead);
                                           ^~~~~~~~~~~~~
In file included from ../src/main.c:7:
../../tebf_bsp/ps7_cortexa9_0/include/ff.h:275:54: note: expected 'UINT *' {aka 'unsigned int *'} but argument is of type 'u32 *' {aka 'long unsigned int *'}
 FRESULT f_read (FIL* fp, void* buff, UINT btr, UINT* br);   /* Read data from the file */
                                                ~~~~~~^~
../src/main.c: At top level:
../src/main.c:421:6: warning: conflicting types for 'GetCmdWithLiveLCD'
 void GetCmdWithLiveLCD(char *buf, int line)
      ^~~~~~~~~~~~~~~~~
../src/main.c:113:3: note: previous implicit declaration of 'GetCmdWithLiveLCD' was here
   GetCmdWithLiveLCD(id, TextLine1);  // 실시간 LCD 출력
   ^~~~~~~~~~~~~~~~~
make: *** [src/subdir.mk:23: src/main.o] Error 1
21:31:42 **** Incremental Build of configuration Debug for project tebf ****
make pre-build main-build 
a9-linaro-pre-build-step
 
Building file: ../src/main.c
Invoking: ARM v7 gcc compiler
arm-none-eabi-gcc -Wall -O0 -g3 -c -fmessage-length=0 -MT"src/main.o" -mcpu=cortex-a9 -mfpu=vfpv3 -mfloat-abi=hard -I../../tebf_bsp/ps7_cortexa9_0/include -MMD -MP -MF"src/main.d" -MT"src/main.o" -o "src/main.o" "../src/main.c"
../src/main.c: In function 'main':
../src/main.c:56:43: warning: passing argument 4 of 'f_read' from incompatible pointer type [-Wincompatible-pointer-types]
     Res = f_read(&fil, buffer, data_size, &NumBytesRead);
                                           ^~~~~~~~~~~~~
In file included from ../src/main.c:7:
../../tebf_bsp/ps7_cortexa9_0/include/ff.h:275:54: note: expected 'UINT *' {aka 'unsigned int *'} but argument is of type 'u32 *' {aka 'long unsigned int *'}
 FRESULT f_read (FIL* fp, void* buff, UINT btr, UINT* br);   /* Read data from the file */
                                                ~~~~~~^~
../src/main.c:113:3: warning: implicit declaration of function 'GetCmdWithLiveLCD' [-Wimplicit-function-declaration]
   GetCmdWithLiveLCD(id, TextLine1);  // 실시간 LCD 출력
   ^~~~~~~~~~~~~~~~~
../src/main.c:219:13: warning: implicit declaration of function 'load_image_from_sdcard' [-Wimplicit-function-declaration]
             load_image_from_sdcard(filename);
             ^~~~~~~~~~~~~~~~~~~~~~
../src/main.c: At top level:
../src/main.c:251:6: warning: conflicting types for 'load_image_from_sdcard'
 void load_image_from_sdcard(const char *filename) {
      ^~~~~~~~~~~~~~~~~~~~~~
../src/main.c:219:13: note: previous implicit declaration of 'load_image_from_sdcard' was here
             load_image_from_sdcard(filename);
             ^~~~~~~~~~~~~~~~~~~~~~
../src/main.c: In function 'load_image_from_sdcard':
../src/main.c:275:43: warning: passing argument 4 of 'f_read' from incompatible pointer type [-Wincompatible-pointer-types]
     Res = f_read(&fil, buffer, data_size, &NumBytesRead);
                                           ^~~~~~~~~~~~~
In file included from ../src/main.c:7:
../../tebf_bsp/ps7_cortexa9_0/include/ff.h:275:54: note: expected 'UINT *' {aka 'unsigned int *'} but argument is of type 'u32 *' {aka 'long unsigned int *'}
 FRESULT f_read (FIL* fp, void* buff, UINT btr, UINT* br);   /* Read data from the file */
                                                ~~~~~~^~
../src/main.c: At top level:
../src/main.c:421:6: warning: conflicting types for 'GetCmdWithLiveLCD'
 void GetCmdWithLiveLCD(char *buf, int line)
      ^~~~~~~~~~~~~~~~~
../src/main.c:113:3: note: previous implicit declaration of 'GetCmdWithLiveLCD' was here
   GetCmdWithLiveLCD(id, TextLine1);  // 실시간 LCD 출력
   ^~~~~~~~~~~~~~~~~
Finished building: ../src/main.c
 
Building target: tebf.elf
Invoking: ARM v7 gcc linker
arm-none-eabi-gcc -mcpu=cortex-a9 -mfpu=vfpv3 -mfloat-abi=hard -Wl,-build-id=none -specs=Xilinx.spec -Wl,-T -Wl,../src/lscript.ld -L../../tebf_bsp/ps7_cortexa9_0/lib -o "tebf.elf"  ./src/main.o   -Wl,--start-group,-lxil,-lgcc,-lc,--end-group -Wl,--start-group,-lxilffs,-lxil,-lgcc,-lc,--end-group
Finished building target: tebf.elf
 
Invoking: ARM v7 Print Size
arm-none-eabi-size tebf.elf  |tee "tebf.elf.size"
   text	   data	    bss	    dec	    hex	filename
 127012	   2664	 287344	 417020	  65cfc	tebf.elf
Finished building: tebf.elf.size
 
21:32:12 **** Incremental Build of configuration Debug for project tebf ****
make pre-build main-build 
a9-linaro-pre-build-step
 
Building file: ../src/main.c
Invoking: ARM v7 gcc compiler
arm-none-eabi-gcc -Wall -O0 -g3 -c -fmessage-length=0 -MT"src/main.o" -mcpu=cortex-a9 -mfpu=vfpv3 -mfloat-abi=hard -I../../tebf_bsp/ps7_cortexa9_0/include -MMD -MP -MF"src/main.d" -MT"src/main.o" -o "src/main.o" "../src/main.c"
../src/main.c: In function 'main':
../src/main.c:56:43: warning: passing argument 4 of 'f_read' from incompatible pointer type [-Wincompatible-pointer-types]
     Res = f_read(&fil, buffer, data_size, &NumBytesRead);
                                           ^~~~~~~~~~~~~
In file included from ../src/main.c:7:
../../tebf_bsp/ps7_cortexa9_0/include/ff.h:275:54: note: expected 'UINT *' {aka 'unsigned int *'} but argument is of type 'u32 *' {aka 'long unsigned int *'}
 FRESULT f_read (FIL* fp, void* buff, UINT btr, UINT* br);   /* Read data from the file */
                                                ~~~~~~^~
../src/main.c:113:3: warning: implicit declaration of function 'GetCmdWithLiveLCD' [-Wimplicit-function-declaration]
   GetCmdWithLiveLCD(id, TextLine1);  // 실시간 LCD 출력
   ^~~~~~~~~~~~~~~~~
../src/main.c:219:13: warning: implicit declaration of function 'load_image_from_sdcard' [-Wimplicit-function-declaration]
             load_image_from_sdcard(filename);
             ^~~~~~~~~~~~~~~~~~~~~~
../src/main.c: At top level:
../src/main.c:251:6: warning: conflicting types for 'load_image_from_sdcard'
 void load_image_from_sdcard(const char *filename) {
      ^~~~~~~~~~~~~~~~~~~~~~
../src/main.c:219:13: note: previous implicit declaration of 'load_image_from_sdcard' was here
             load_image_from_sdcard(filename);
             ^~~~~~~~~~~~~~~~~~~~~~
../src/main.c: In function 'load_image_from_sdcard':
../src/main.c:275:43: warning: passing argument 4 of 'f_read' from incompatible pointer type [-Wincompatible-pointer-types]
     Res = f_read(&fil, buffer, data_size, &NumBytesRead);
                                           ^~~~~~~~~~~~~
In file included from ../src/main.c:7:
../../tebf_bsp/ps7_cortexa9_0/include/ff.h:275:54: note: expected 'UINT *' {aka 'unsigned int *'} but argument is of type 'u32 *' {aka 'long unsigned int *'}
 FRESULT f_read (FIL* fp, void* buff, UINT btr, UINT* br);   /* Read data from the file */
                                                ~~~~~~^~
../src/main.c: At top level:
../src/main.c:421:6: warning: conflicting types for 'GetCmdWithLiveLCD'
 void GetCmdWithLiveLCD(char *buf, int line)
      ^~~~~~~~~~~~~~~~~
../src/main.c:113:3: note: previous implicit declaration of 'GetCmdWithLiveLCD' was here
   GetCmdWithLiveLCD(id, TextLine1);  // 실시간 LCD 출력
   ^~~~~~~~~~~~~~~~~
Finished building: ../src/main.c
 
Building target: tebf.elf
Invoking: ARM v7 gcc linker
arm-none-eabi-gcc -mcpu=cortex-a9 -mfpu=vfpv3 -mfloat-abi=hard -Wl,-build-id=none -specs=Xilinx.spec -Wl,-T -Wl,../src/lscript.ld -L../../tebf_bsp/ps7_cortexa9_0/lib -o "tebf.elf"  ./src/main.o   -Wl,--start-group,-lxil,-lgcc,-lc,--end-group -Wl,--start-group,-lxilffs,-lxil,-lgcc,-lc,--end-group
Finished building target: tebf.elf
 
Invoking: ARM v7 Print Size
arm-none-eabi-size tebf.elf  |tee "tebf.elf.size"
   text	   data	    bss	    dec	    hex	filename
 127012	   2664	 287344	 417020	  65cfc	tebf.elf
Finished building: tebf.elf.size
 
21:32:15 **** Incremental Build of configuration Debug for project tebf ****
make pre-build main-build 
a9-linaro-pre-build-step
 
make: Nothing to be done for 'main-build'.
21:40:43 **** Incremental Build of configuration Debug for project tebf ****
make pre-build main-build 
a9-linaro-pre-build-step
 
Building file: ../src/main.c
Invoking: ARM v7 gcc compiler
arm-none-eabi-gcc -Wall -O0 -g3 -c -fmessage-length=0 -MT"src/main.o" -mcpu=cortex-a9 -mfpu=vfpv3 -mfloat-abi=hard -I../../tebf_bsp/ps7_cortexa9_0/include -MMD -MP -MF"src/main.d" -MT"src/main.o" -o "src/main.o" "../src/main.c"
../src/main.c: In function 'main':
../src/main.c:49:43: warning: passing argument 4 of 'f_read' from incompatible pointer type [-Wincompatible-pointer-types]
     Res = f_read(&fil, buffer, data_size, &NumBytesRead);
                                           ^~~~~~~~~~~~~
In file included from ../src/main.c:7:
../../tebf_bsp/ps7_cortexa9_0/include/ff.h:275:54: note: expected 'UINT *' {aka 'unsigned int *'} but argument is of type 'u32 *' {aka 'long unsigned int *'}
 FRESULT f_read (FIL* fp, void* buff, UINT btr, UINT* br);   /* Read data from the file */
                                                ~~~~~~^~
../src/main.c:101:3: warning: implicit declaration of function 'GetCmdWithLiveLCD' [-Wimplicit-function-declaration]
   GetCmdWithLiveLCD(id, TextLine1);  // 실시간 LCD 출력
   ^~~~~~~~~~~~~~~~~
../src/main.c:202:13: warning: implicit declaration of function 'load_image_from_sdcard' [-Wimplicit-function-declaration]
             load_image_from_sdcard(filename);
             ^~~~~~~~~~~~~~~~~~~~~~
../src/main.c: At top level:
../src/main.c:214:6: warning: conflicting types for 'load_image_from_sdcard'
 void load_image_from_sdcard(const char *filename) {
      ^~~~~~~~~~~~~~~~~~~~~~
../src/main.c:202:13: note: previous implicit declaration of 'load_image_from_sdcard' was here
             load_image_from_sdcard(filename);
             ^~~~~~~~~~~~~~~~~~~~~~
../src/main.c: In function 'load_image_from_sdcard':
../src/main.c:238:43: warning: passing argument 4 of 'f_read' from incompatible pointer type [-Wincompatible-pointer-types]
     Res = f_read(&fil, buffer, data_size, &NumBytesRead);
                                           ^~~~~~~~~~~~~
In file included from ../src/main.c:7:
../../tebf_bsp/ps7_cortexa9_0/include/ff.h:275:54: note: expected 'UINT *' {aka 'unsigned int *'} but argument is of type 'u32 *' {aka 'long unsigned int *'}
 FRESULT f_read (FIL* fp, void* buff, UINT btr, UINT* br);   /* Read data from the file */
                                                ~~~~~~^~
../src/main.c: At top level:
../src/main.c:383:6: warning: conflicting types for 'GetCmdWithLiveLCD'
 void GetCmdWithLiveLCD(char *buf, int line)
      ^~~~~~~~~~~~~~~~~
../src/main.c:101:3: note: previous implicit declaration of 'GetCmdWithLiveLCD' was here
   GetCmdWithLiveLCD(id, TextLine1);  // 실시간 LCD 출력
   ^~~~~~~~~~~~~~~~~
Finished building: ../src/main.c
 
Building target: tebf.elf
Invoking: ARM v7 gcc linker
arm-none-eabi-gcc -mcpu=cortex-a9 -mfpu=vfpv3 -mfloat-abi=hard -Wl,-build-id=none -specs=Xilinx.spec -Wl,-T -Wl,../src/lscript.ld -L../../tebf_bsp/ps7_cortexa9_0/lib -o "tebf.elf"  ./src/main.o   -Wl,--start-group,-lxil,-lgcc,-lc,--end-group -Wl,--start-group,-lxilffs,-lxil,-lgcc,-lc,--end-group
Finished building target: tebf.elf
 
Invoking: ARM v7 Print Size
arm-none-eabi-size tebf.elf  |tee "tebf.elf.size"
   text	   data	    bss	    dec	    hex	filename
 125588	   2648	 287328	 415564	  6574c	tebf.elf
Finished building: tebf.elf.size
 
21:40:50 **** Incremental Build of configuration Debug for project tebf ****
make pre-build main-build 
a9-linaro-pre-build-step
 
make: Nothing to be done for 'main-build'.
21:45:23 **** Incremental Build of configuration Debug for project tebf ****
make pre-build main-build 
a9-linaro-pre-build-step
 
Building file: ../src/main.c
Invoking: ARM v7 gcc compiler
arm-none-eabi-gcc -Wall -O0 -g3 -c -fmessage-length=0 -MT"src/main.o" -mcpu=cortex-a9 -mfpu=vfpv3 -mfloat-abi=hard -I../../tebf_bsp/ps7_cortexa9_0/include -MMD -MP -MF"src/main.d" -MT"src/main.o" -o "src/main.o" "../src/main.c"
../src/main.c: In function 'main':
../src/main.c:56:43: warning: passing argument 4 of 'f_read' from incompatible pointer type [-Wincompatible-pointer-types]
     Res = f_read(&fil, buffer, data_size, &NumBytesRead);
                                           ^~~~~~~~~~~~~
In file included from ../src/main.c:7:
../../tebf_bsp/ps7_cortexa9_0/include/ff.h:275:54: note: expected 'UINT *' {aka 'unsigned int *'} but argument is of type 'u32 *' {aka 'long unsigned int *'}
 FRESULT f_read (FIL* fp, void* buff, UINT btr, UINT* br);   /* Read data from the file */
                                                ~~~~~~^~
../src/main.c:106:9: warning: implicit declaration of function 'load_image_from_sdcard' [-Wimplicit-function-declaration]
         load_image_from_sdcard("gstart.bin");
         ^~~~~~~~~~~~~~~~~~~~~~
../src/main.c:109:3: warning: implicit declaration of function 'GetCmdWithLiveLCD' [-Wimplicit-function-declaration]
   GetCmdWithLiveLCD(id, TextLine1);  // 실시간 LCD 출력
   ^~~~~~~~~~~~~~~~~
../src/main.c: At top level:
../src/main.c:247:6: warning: conflicting types for 'load_image_from_sdcard'
 void load_image_from_sdcard(const char *filename) {
      ^~~~~~~~~~~~~~~~~~~~~~
../src/main.c:106:9: note: previous implicit declaration of 'load_image_from_sdcard' was here
         load_image_from_sdcard("gstart.bin");
         ^~~~~~~~~~~~~~~~~~~~~~
../src/main.c: In function 'load_image_from_sdcard':
../src/main.c:271:43: warning: passing argument 4 of 'f_read' from incompatible pointer type [-Wincompatible-pointer-types]
     Res = f_read(&fil, buffer, data_size, &NumBytesRead);
                                           ^~~~~~~~~~~~~
In file included from ../src/main.c:7:
../../tebf_bsp/ps7_cortexa9_0/include/ff.h:275:54: note: expected 'UINT *' {aka 'unsigned int *'} but argument is of type 'u32 *' {aka 'long unsigned int *'}
 FRESULT f_read (FIL* fp, void* buff, UINT btr, UINT* br);   /* Read data from the file */
                                                ~~~~~~^~
../src/main.c: At top level:
../src/main.c:417:6: warning: conflicting types for 'GetCmdWithLiveLCD'
 void GetCmdWithLiveLCD(char *buf, int line)
      ^~~~~~~~~~~~~~~~~
../src/main.c:109:3: note: previous implicit declaration of 'GetCmdWithLiveLCD' was here
   GetCmdWithLiveLCD(id, TextLine1);  // 실시간 LCD 출력
   ^~~~~~~~~~~~~~~~~
Finished building: ../src/main.c
 
Building target: tebf.elf
Invoking: ARM v7 gcc linker
arm-none-eabi-gcc -mcpu=cortex-a9 -mfpu=vfpv3 -mfloat-abi=hard -Wl,-build-id=none -specs=Xilinx.spec -Wl,-T -Wl,../src/lscript.ld -L../../tebf_bsp/ps7_cortexa9_0/lib -o "tebf.elf"  ./src/main.o   -Wl,--start-group,-lxil,-lgcc,-lc,--end-group -Wl,--start-group,-lxilffs,-lxil,-lgcc,-lc,--end-group
Finished building target: tebf.elf
 
Invoking: ARM v7 Print Size
arm-none-eabi-size tebf.elf  |tee "tebf.elf.size"
   text	   data	    bss	    dec	    hex	filename
 126892	   2664	 287344	 416900	  65c84	tebf.elf
Finished building: tebf.elf.size
 
21:45:27 **** Incremental Build of configuration Debug for project tebf ****
make pre-build main-build 
a9-linaro-pre-build-step
 
make: Nothing to be done for 'main-build'.
14:35:34 **** Incremental Build of configuration Debug for project tebf ****
make pre-build main-build 
a9-linaro-pre-build-step
 
Building file: ../src/main.c
Invoking: ARM v7 gcc compiler
arm-none-eabi-gcc -Wall -O0 -g3 -c -fmessage-length=0 -MT"src/main.o" -mcpu=cortex-a9 -mfpu=vfpv3 -mfloat-abi=hard -I../../tebf_bsp/ps7_cortexa9_0/include -MMD -MP -MF"src/main.d" -MT"src/main.o" -o "src/main.o" "../src/main.c"
../src/main.c: In function 'main':
../src/main.c:206:25: warning: unused variable 'clear_filename' [-Wunused-variable]
             const char *clear_filename = "gclear.bin";
                         ^~~~~~~~~~~~~~
../src/main.c:61:9: warning: unused variable 'IicStatus' [-Wunused-variable]
     int IicStatus;
         ^~~~~~~~~
../src/main.c: In function 'load_image_from_sdcard':
../src/main.c:242:43: warning: passing argument 4 of 'f_read' from incompatible pointer type [-Wincompatible-pointer-types]
     Res = f_read(&fil, buffer, data_size, &NumBytesRead);
                                           ^~~~~~~~~~~~~
In file included from ../src/main.c:7:
../../tebf_bsp/ps7_cortexa9_0/include/ff.h:275:54: note: expected 'UINT *' {aka 'unsigned int *'} but argument is of type 'u32 *' {aka 'long unsigned int *'}
 FRESULT f_read (FIL* fp, void* buff, UINT btr, UINT* br);   /* Read data from the file */
                                                ~~~~~~^~
At top level:
../src/main.c:29:13: warning: 'filename' defined but not used [-Wunused-variable]
 static char filename[32];
             ^~~~~~~~
Finished building: ../src/main.c
 
Building target: tebf.elf
Invoking: ARM v7 gcc linker
arm-none-eabi-gcc -mcpu=cortex-a9 -mfpu=vfpv3 -mfloat-abi=hard -Wl,-build-id=none -specs=Xilinx.spec -Wl,-T -Wl,../src/lscript.ld -L../../tebf_bsp/ps7_cortexa9_0/lib -o "tebf.elf"  ./src/main.o   -Wl,--start-group,-lxil,-lgcc,-lc,--end-group -Wl,--start-group,-lxilffs,-lxil,-lgcc,-lc,--end-group
Finished building target: tebf.elf
 
Invoking: ARM v7 Print Size
arm-none-eabi-size tebf.elf  |tee "tebf.elf.size"
   text	   data	    bss	    dec	    hex	filename
 126220	   2664	 287344	 416228	  659e4	tebf.elf
Finished building: tebf.elf.size
 
14:35:50 **** Incremental Build of configuration Debug for project tebf ****
make pre-build main-build 
a9-linaro-pre-build-step
 
make: Nothing to be done for 'main-build'.
14:37:38 **** Incremental Build of configuration Debug for project tebf ****
make pre-build main-build 
a9-linaro-pre-build-step
 
Building file: ../src/main.c
Invoking: ARM v7 gcc compiler
arm-none-eabi-gcc -Wall -O0 -g3 -c -fmessage-length=0 -MT"src/main.o" -mcpu=cortex-a9 -mfpu=vfpv3 -mfloat-abi=hard -I../../tebf_bsp/ps7_cortexa9_0/include -MMD -MP -MF"src/main.d" -MT"src/main.o" -o "src/main.o" "../src/main.c"
../src/main.c: In function 'main':
../src/main.c:205:25: warning: unused variable 'clear_filename' [-Wunused-variable]
             const char *clear_filename = "gclear.bin";
                         ^~~~~~~~~~~~~~
../src/main.c:61:9: warning: unused variable 'IicStatus' [-Wunused-variable]
     int IicStatus;
         ^~~~~~~~~
../src/main.c: In function 'load_image_from_sdcard':
../src/main.c:242:43: warning: passing argument 4 of 'f_read' from incompatible pointer type [-Wincompatible-pointer-types]
     Res = f_read(&fil, buffer, data_size, &NumBytesRead);
                                           ^~~~~~~~~~~~~
In file included from ../src/main.c:7:
../../tebf_bsp/ps7_cortexa9_0/include/ff.h:275:54: note: expected 'UINT *' {aka 'unsigned int *'} but argument is of type 'u32 *' {aka 'long unsigned int *'}
 FRESULT f_read (FIL* fp, void* buff, UINT btr, UINT* br);   /* Read data from the file */
                                                ~~~~~~^~
At top level:
../src/main.c:29:13: warning: 'filename' defined but not used [-Wunused-variable]
 static char filename[32];
             ^~~~~~~~
Finished building: ../src/main.c
 
Building target: tebf.elf
Invoking: ARM v7 gcc linker
arm-none-eabi-gcc -mcpu=cortex-a9 -mfpu=vfpv3 -mfloat-abi=hard -Wl,-build-id=none -specs=Xilinx.spec -Wl,-T -Wl,../src/lscript.ld -L../../tebf_bsp/ps7_cortexa9_0/lib -o "tebf.elf"  ./src/main.o   -Wl,--start-group,-lxil,-lgcc,-lc,--end-group -Wl,--start-group,-lxilffs,-lxil,-lgcc,-lc,--end-group
Finished building target: tebf.elf
 
Invoking: ARM v7 Print Size
arm-none-eabi-size tebf.elf  |tee "tebf.elf.size"
   text	   data	    bss	    dec	    hex	filename
 126220	   2664	 287344	 416228	  659e4	tebf.elf
Finished building: tebf.elf.size
 
14:37:40 **** Incremental Build of configuration Debug for project tebf ****
make pre-build main-build 
a9-linaro-pre-build-step
 
make: Nothing to be done for 'main-build'.
14:41:31 **** Incremental Build of configuration Debug for project tebf ****
make pre-build main-build 
a9-linaro-pre-build-step
 
Building file: ../src/main.c
Invoking: ARM v7 gcc compiler
arm-none-eabi-gcc -Wall -O0 -g3 -c -fmessage-length=0 -MT"src/main.o" -mcpu=cortex-a9 -mfpu=vfpv3 -mfloat-abi=hard -I../../tebf_bsp/ps7_cortexa9_0/include -MMD -MP -MF"src/main.d" -MT"src/main.o" -o "src/main.o" "../src/main.c"
../src/main.c: In function 'main':
../src/main.c:205:25: warning: unused variable 'clear_filename' [-Wunused-variable]
             const char *clear_filename = "gclear.bin";
                         ^~~~~~~~~~~~~~
../src/main.c:61:9: warning: unused variable 'IicStatus' [-Wunused-variable]
     int IicStatus;
         ^~~~~~~~~
../src/main.c: In function 'load_image_from_sdcard':
../src/main.c:242:43: warning: passing argument 4 of 'f_read' from incompatible pointer type [-Wincompatible-pointer-types]
     Res = f_read(&fil, buffer, data_size, &NumBytesRead);
                                           ^~~~~~~~~~~~~
In file included from ../src/main.c:7:
../../tebf_bsp/ps7_cortexa9_0/include/ff.h:275:54: note: expected 'UINT *' {aka 'unsigned int *'} but argument is of type 'u32 *' {aka 'long unsigned int *'}
 FRESULT f_read (FIL* fp, void* buff, UINT btr, UINT* br);   /* Read data from the file */
                                                ~~~~~~^~
At top level:
../src/main.c:29:13: warning: 'filename' defined but not used [-Wunused-variable]
 static char filename[32];
             ^~~~~~~~
Finished building: ../src/main.c
 
Building target: tebf.elf
Invoking: ARM v7 gcc linker
arm-none-eabi-gcc -mcpu=cortex-a9 -mfpu=vfpv3 -mfloat-abi=hard -Wl,-build-id=none -specs=Xilinx.spec -Wl,-T -Wl,../src/lscript.ld -L../../tebf_bsp/ps7_cortexa9_0/lib -o "tebf.elf"  ./src/main.o   -Wl,--start-group,-lxil,-lgcc,-lc,--end-group -Wl,--start-group,-lxilffs,-lxil,-lgcc,-lc,--end-group
Finished building target: tebf.elf
 
Invoking: ARM v7 Print Size
arm-none-eabi-size tebf.elf  |tee "tebf.elf.size"
   text	   data	    bss	    dec	    hex	filename
 126220	   2664	 287344	 416228	  659e4	tebf.elf
Finished building: tebf.elf.size
 
14:42:01 **** Incremental Build of configuration Debug for project tebf ****
make pre-build main-build 
a9-linaro-pre-build-step
 
Building file: ../src/main.c
Invoking: ARM v7 gcc compiler
arm-none-eabi-gcc -Wall -O0 -g3 -c -fmessage-length=0 -MT"src/main.o" -mcpu=cortex-a9 -mfpu=vfpv3 -mfloat-abi=hard -I../../tebf_bsp/ps7_cortexa9_0/include -MMD -MP -MF"src/main.d" -MT"src/main.o" -o "src/main.o" "../src/main.c"
../src/main.c: In function 'main':
../src/main.c:206:25: warning: unused variable 'clear_filename' [-Wunused-variable]
             const char *clear_filename = "gclear.bin";
                         ^~~~~~~~~~~~~~
../src/main.c:61:9: warning: unused variable 'IicStatus' [-Wunused-variable]
     int IicStatus;
         ^~~~~~~~~
../src/main.c: In function 'load_image_from_sdcard':
../src/main.c:242:43: warning: passing argument 4 of 'f_read' from incompatible pointer type [-Wincompatible-pointer-types]
     Res = f_read(&fil, buffer, data_size, &NumBytesRead);
                                           ^~~~~~~~~~~~~
In file included from ../src/main.c:7:
../../tebf_bsp/ps7_cortexa9_0/include/ff.h:275:54: note: expected 'UINT *' {aka 'unsigned int *'} but argument is of type 'u32 *' {aka 'long unsigned int *'}
 FRESULT f_read (FIL* fp, void* buff, UINT btr, UINT* br);   /* Read data from the file */
                                                ~~~~~~^~
At top level:
../src/main.c:29:13: warning: 'filename' defined but not used [-Wunused-variable]
 static char filename[32];
             ^~~~~~~~
Finished building: ../src/main.c
 
Building target: tebf.elf
Invoking: ARM v7 gcc linker
arm-none-eabi-gcc -mcpu=cortex-a9 -mfpu=vfpv3 -mfloat-abi=hard -Wl,-build-id=none -specs=Xilinx.spec -Wl,-T -Wl,../src/lscript.ld -L../../tebf_bsp/ps7_cortexa9_0/lib -o "tebf.elf"  ./src/main.o   -Wl,--start-group,-lxil,-lgcc,-lc,--end-group -Wl,--start-group,-lxilffs,-lxil,-lgcc,-lc,--end-group
Finished building target: tebf.elf
 
Invoking: ARM v7 Print Size
arm-none-eabi-size tebf.elf  |tee "tebf.elf.size"
   text	   data	    bss	    dec	    hex	filename
 126220	   2664	 287344	 416228	  659e4	tebf.elf
Finished building: tebf.elf.size
 
14:42:12 **** Incremental Build of configuration Debug for project tebf ****
make pre-build main-build 
a9-linaro-pre-build-step
 
make: Nothing to be done for 'main-build'.
14:43:16 **** Incremental Build of configuration Debug for project tebf ****
make pre-build main-build 
a9-linaro-pre-build-step
 
make: Nothing to be done for 'main-build'.
14:44:16 **** Incremental Build of configuration Debug for project tebf ****
make pre-build main-build 
a9-linaro-pre-build-step
 
Building file: ../src/main.c
Invoking: ARM v7 gcc compiler
arm-none-eabi-gcc -Wall -O0 -g3 -c -fmessage-length=0 -MT"src/main.o" -mcpu=cortex-a9 -mfpu=vfpv3 -mfloat-abi=hard -I../../tebf_bsp/ps7_cortexa9_0/include -MMD -MP -MF"src/main.d" -MT"src/main.o" -o "src/main.o" "../src/main.c"
../src/main.c: In function 'main':
../src/main.c:206:25: warning: unused variable 'clear_filename' [-Wunused-variable]
             const char *clear_filename = "gclear.bin";
                         ^~~~~~~~~~~~~~
../src/main.c:212:21: warning: unused variable 'clear_filename' [-Wunused-variable]
         const char *clear_filename = "gclear.bin";
                     ^~~~~~~~~~~~~~
../src/main.c:61:9: warning: unused variable 'IicStatus' [-Wunused-variable]
     int IicStatus;
         ^~~~~~~~~
../src/main.c: In function 'load_image_from_sdcard':
../src/main.c:245:43: warning: passing argument 4 of 'f_read' from incompatible pointer type [-Wincompatible-pointer-types]
     Res = f_read(&fil, buffer, data_size, &NumBytesRead);
                                           ^~~~~~~~~~~~~
In file included from ../src/main.c:7:
../../tebf_bsp/ps7_cortexa9_0/include/ff.h:275:54: note: expected 'UINT *' {aka 'unsigned int *'} but argument is of type 'u32 *' {aka 'long unsigned int *'}
 FRESULT f_read (FIL* fp, void* buff, UINT btr, UINT* br);   /* Read data from the file */
                                                ~~~~~~^~
At top level:
../src/main.c:29:13: warning: 'filename' defined but not used [-Wunused-variable]
 static char filename[32];
             ^~~~~~~~
Finished building: ../src/main.c
 
Building target: tebf.elf
Invoking: ARM v7 gcc linker
arm-none-eabi-gcc -mcpu=cortex-a9 -mfpu=vfpv3 -mfloat-abi=hard -Wl,-build-id=none -specs=Xilinx.spec -Wl,-T -Wl,../src/lscript.ld -L../../tebf_bsp/ps7_cortexa9_0/lib -o "tebf.elf"  ./src/main.o   -Wl,--start-group,-lxil,-lgcc,-lc,--end-group -Wl,--start-group,-lxilffs,-lxil,-lgcc,-lc,--end-group
Finished building target: tebf.elf
 
Invoking: ARM v7 Print Size
arm-none-eabi-size tebf.elf  |tee "tebf.elf.size"
   text	   data	    bss	    dec	    hex	filename
 126220	   2664	 287344	 416228	  659e4	tebf.elf
Finished building: tebf.elf.size
 
14:44:19 **** Incremental Build of configuration Debug for project tebf ****
make pre-build main-build 
a9-linaro-pre-build-step
 
make: Nothing to be done for 'main-build'.
14:49:24 **** Incremental Build of configuration Debug for project tebf ****
make pre-build main-build 
a9-linaro-pre-build-step
 
Building file: ../src/main.c
Invoking: ARM v7 gcc compiler
arm-none-eabi-gcc -Wall -O0 -g3 -c -fmessage-length=0 -MT"src/main.o" -mcpu=cortex-a9 -mfpu=vfpv3 -mfloat-abi=hard -I../../tebf_bsp/ps7_cortexa9_0/include -MMD -MP -MF"src/main.d" -MT"src/main.o" -o "src/main.o" "../src/main.c"
../src/main.c: In function 'main':
../src/main.c:61:9: warning: unused variable 'IicStatus' [-Wunused-variable]
     int IicStatus;
         ^~~~~~~~~
../src/main.c: In function 'load_image_from_sdcard':
../src/main.c:242:43: warning: passing argument 4 of 'f_read' from incompatible pointer type [-Wincompatible-pointer-types]
     Res = f_read(&fil, buffer, data_size, &NumBytesRead);
                                           ^~~~~~~~~~~~~
In file included from ../src/main.c:7:
../../tebf_bsp/ps7_cortexa9_0/include/ff.h:275:54: note: expected 'UINT *' {aka 'unsigned int *'} but argument is of type 'u32 *' {aka 'long unsigned int *'}
 FRESULT f_read (FIL* fp, void* buff, UINT btr, UINT* br);   /* Read data from the file */
                                                ~~~~~~^~
At top level:
../src/main.c:29:13: warning: 'filename' defined but not used [-Wunused-variable]
 static char filename[32];
             ^~~~~~~~
Finished building: ../src/main.c
 
Building target: tebf.elf
Invoking: ARM v7 gcc linker
arm-none-eabi-gcc -mcpu=cortex-a9 -mfpu=vfpv3 -mfloat-abi=hard -Wl,-build-id=none -specs=Xilinx.spec -Wl,-T -Wl,../src/lscript.ld -L../../tebf_bsp/ps7_cortexa9_0/lib -o "tebf.elf"  ./src/main.o   -Wl,--start-group,-lxil,-lgcc,-lc,--end-group -Wl,--start-group,-lxilffs,-lxil,-lgcc,-lc,--end-group
Finished building target: tebf.elf
 
Invoking: ARM v7 Print Size
arm-none-eabi-size tebf.elf  |tee "tebf.elf.size"
   text	   data	    bss	    dec	    hex	filename
 126220	   2664	 287344	 416228	  659e4	tebf.elf
Finished building: tebf.elf.size
 
14:49:31 **** Incremental Build of configuration Debug for project tebf ****
make pre-build main-build 
a9-linaro-pre-build-step
 
make: Nothing to be done for 'main-build'.
14:49:34 **** Incremental Build of configuration Debug for project tebf ****
make pre-build main-build 
a9-linaro-pre-build-step
 
make: Nothing to be done for 'main-build'.
14:50:41 **** Incremental Build of configuration Debug for project tebf ****
make pre-build main-build 
a9-linaro-pre-build-step
 
Building file: ../src/main.c
Invoking: ARM v7 gcc compiler
arm-none-eabi-gcc -Wall -O0 -g3 -c -fmessage-length=0 -MT"src/main.o" -mcpu=cortex-a9 -mfpu=vfpv3 -mfloat-abi=hard -I../../tebf_bsp/ps7_cortexa9_0/include -MMD -MP -MF"src/main.d" -MT"src/main.o" -o "src/main.o" "../src/main.c"
../src/main.c: In function 'main':
../src/main.c:61:9: warning: unused variable 'IicStatus' [-Wunused-variable]
     int IicStatus;
         ^~~~~~~~~
../src/main.c: In function 'load_image_from_sdcard':
../src/main.c:242:43: warning: passing argument 4 of 'f_read' from incompatible pointer type [-Wincompatible-pointer-types]
     Res = f_read(&fil, buffer, data_size, &NumBytesRead);
                                           ^~~~~~~~~~~~~
In file included from ../src/main.c:7:
../../tebf_bsp/ps7_cortexa9_0/include/ff.h:275:54: note: expected 'UINT *' {aka 'unsigned int *'} but argument is of type 'u32 *' {aka 'long unsigned int *'}
 FRESULT f_read (FIL* fp, void* buff, UINT btr, UINT* br);   /* Read data from the file */
                                                ~~~~~~^~
At top level:
../src/main.c:29:13: warning: 'filename' defined but not used [-Wunused-variable]
 static char filename[32];
             ^~~~~~~~
Finished building: ../src/main.c
 
Building target: tebf.elf
Invoking: ARM v7 gcc linker
arm-none-eabi-gcc -mcpu=cortex-a9 -mfpu=vfpv3 -mfloat-abi=hard -Wl,-build-id=none -specs=Xilinx.spec -Wl,-T -Wl,../src/lscript.ld -L../../tebf_bsp/ps7_cortexa9_0/lib -o "tebf.elf"  ./src/main.o   -Wl,--start-group,-lxil,-lgcc,-lc,--end-group -Wl,--start-group,-lxilffs,-lxil,-lgcc,-lc,--end-group
Finished building target: tebf.elf
 
Invoking: ARM v7 Print Size
arm-none-eabi-size tebf.elf  |tee "tebf.elf.size"
   text	   data	    bss	    dec	    hex	filename
 126220	   2664	 287344	 416228	  659e4	tebf.elf
Finished building: tebf.elf.size
 
14:50:44 **** Incremental Build of configuration Debug for project tebf ****
make pre-build main-build 
a9-linaro-pre-build-step
 
make: Nothing to be done for 'main-build'.
14:54:41 **** Incremental Build of configuration Debug for project tebf ****
make pre-build main-build 
a9-linaro-pre-build-step
 
Building file: ../src/main.c
Invoking: ARM v7 gcc compiler
arm-none-eabi-gcc -Wall -O0 -g3 -c -fmessage-length=0 -MT"src/main.o" -mcpu=cortex-a9 -mfpu=vfpv3 -mfloat-abi=hard -I../../tebf_bsp/ps7_cortexa9_0/include -MMD -MP -MF"src/main.d" -MT"src/main.o" -o "src/main.o" "../src/main.c"
../src/main.c: In function 'main':
../src/main.c:61:9: warning: unused variable 'IicStatus' [-Wunused-variable]
     int IicStatus;
         ^~~~~~~~~
../src/main.c: In function 'load_image_from_sdcard':
../src/main.c:242:43: warning: passing argument 4 of 'f_read' from incompatible pointer type [-Wincompatible-pointer-types]
     Res = f_read(&fil, buffer, data_size, &NumBytesRead);
                                           ^~~~~~~~~~~~~
In file included from ../src/main.c:7:
../../tebf_bsp/ps7_cortexa9_0/include/ff.h:275:54: note: expected 'UINT *' {aka 'unsigned int *'} but argument is of type 'u32 *' {aka 'long unsigned int *'}
 FRESULT f_read (FIL* fp, void* buff, UINT btr, UINT* br);   /* Read data from the file */
                                                ~~~~~~^~
At top level:
../src/main.c:29:13: warning: 'filename' defined but not used [-Wunused-variable]
 static char filename[32];
             ^~~~~~~~
Finished building: ../src/main.c
 
Building target: tebf.elf
Invoking: ARM v7 gcc linker
arm-none-eabi-gcc -mcpu=cortex-a9 -mfpu=vfpv3 -mfloat-abi=hard -Wl,-build-id=none -specs=Xilinx.spec -Wl,-T -Wl,../src/lscript.ld -L../../tebf_bsp/ps7_cortexa9_0/lib -o "tebf.elf"  ./src/main.o   -Wl,--start-group,-lxil,-lgcc,-lc,--end-group -Wl,--start-group,-lxilffs,-lxil,-lgcc,-lc,--end-group
Finished building target: tebf.elf
 
Invoking: ARM v7 Print Size
arm-none-eabi-size tebf.elf  |tee "tebf.elf.size"
   text	   data	    bss	    dec	    hex	filename
 126220	   2664	 287344	 416228	  659e4	tebf.elf
Finished building: tebf.elf.size
 
14:54:44 **** Incremental Build of configuration Debug for project tebf ****
make pre-build main-build 
a9-linaro-pre-build-step
 
make: Nothing to be done for 'main-build'.
14:56:37 **** Incremental Build of configuration Debug for project tebf ****
make pre-build main-build 
a9-linaro-pre-build-step
 
Building file: ../src/main.c
Invoking: ARM v7 gcc compiler
arm-none-eabi-gcc -Wall -O0 -g3 -c -fmessage-length=0 -MT"src/main.o" -mcpu=cortex-a9 -mfpu=vfpv3 -mfloat-abi=hard -I../../tebf_bsp/ps7_cortexa9_0/include -MMD -MP -MF"src/main.d" -MT"src/main.o" -o "src/main.o" "../src/main.c"
../src/main.c: In function 'main':
../src/main.c:61:9: warning: unused variable 'IicStatus' [-Wunused-variable]
     int IicStatus;
         ^~~~~~~~~
../src/main.c: In function 'load_image_from_sdcard':
../src/main.c:242:43: warning: passing argument 4 of 'f_read' from incompatible pointer type [-Wincompatible-pointer-types]
     Res = f_read(&fil, buffer, data_size, &NumBytesRead);
                                           ^~~~~~~~~~~~~
In file included from ../src/main.c:7:
../../tebf_bsp/ps7_cortexa9_0/include/ff.h:275:54: note: expected 'UINT *' {aka 'unsigned int *'} but argument is of type 'u32 *' {aka 'long unsigned int *'}
 FRESULT f_read (FIL* fp, void* buff, UINT btr, UINT* br);   /* Read data from the file */
                                                ~~~~~~^~
At top level:
../src/main.c:29:13: warning: 'filename' defined but not used [-Wunused-variable]
 static char filename[32];
             ^~~~~~~~
Finished building: ../src/main.c
 
Building target: tebf.elf
Invoking: ARM v7 gcc linker
arm-none-eabi-gcc -mcpu=cortex-a9 -mfpu=vfpv3 -mfloat-abi=hard -Wl,-build-id=none -specs=Xilinx.spec -Wl,-T -Wl,../src/lscript.ld -L../../tebf_bsp/ps7_cortexa9_0/lib -o "tebf.elf"  ./src/main.o   -Wl,--start-group,-lxil,-lgcc,-lc,--end-group -Wl,--start-group,-lxilffs,-lxil,-lgcc,-lc,--end-group
Finished building target: tebf.elf
 
Invoking: ARM v7 Print Size
arm-none-eabi-size tebf.elf  |tee "tebf.elf.size"
   text	   data	    bss	    dec	    hex	filename
 126212	   2664	 287344	 416220	  659dc	tebf.elf
Finished building: tebf.elf.size
 
14:56:38 **** Incremental Build of configuration Debug for project tebf ****
make pre-build main-build 
a9-linaro-pre-build-step
 
make: Nothing to be done for 'main-build'.
14:58:35 **** Incremental Build of configuration Debug for project tebf ****
make pre-build main-build 
a9-linaro-pre-build-step
 
Building file: ../src/main.c
Invoking: ARM v7 gcc compiler
arm-none-eabi-gcc -Wall -O0 -g3 -c -fmessage-length=0 -MT"src/main.o" -mcpu=cortex-a9 -mfpu=vfpv3 -mfloat-abi=hard -I../../tebf_bsp/ps7_cortexa9_0/include -MMD -MP -MF"src/main.d" -MT"src/main.o" -o "src/main.o" "../src/main.c"
../src/main.c: In function 'main':
../src/main.c:61:9: warning: unused variable 'IicStatus' [-Wunused-variable]
     int IicStatus;
         ^~~~~~~~~
../src/main.c: In function 'load_image_from_sdcard':
../src/main.c:242:43: warning: passing argument 4 of 'f_read' from incompatible pointer type [-Wincompatible-pointer-types]
     Res = f_read(&fil, buffer, data_size, &NumBytesRead);
                                           ^~~~~~~~~~~~~
In file included from ../src/main.c:7:
../../tebf_bsp/ps7_cortexa9_0/include/ff.h:275:54: note: expected 'UINT *' {aka 'unsigned int *'} but argument is of type 'u32 *' {aka 'long unsigned int *'}
 FRESULT f_read (FIL* fp, void* buff, UINT btr, UINT* br);   /* Read data from the file */
                                                ~~~~~~^~
At top level:
../src/main.c:29:13: warning: 'filename' defined but not used [-Wunused-variable]
 static char filename[32];
             ^~~~~~~~
Finished building: ../src/main.c
 
Building target: tebf.elf
Invoking: ARM v7 gcc linker
arm-none-eabi-gcc -mcpu=cortex-a9 -mfpu=vfpv3 -mfloat-abi=hard -Wl,-build-id=none -specs=Xilinx.spec -Wl,-T -Wl,../src/lscript.ld -L../../tebf_bsp/ps7_cortexa9_0/lib -o "tebf.elf"  ./src/main.o   -Wl,--start-group,-lxil,-lgcc,-lc,--end-group -Wl,--start-group,-lxilffs,-lxil,-lgcc,-lc,--end-group
Finished building target: tebf.elf
 
Invoking: ARM v7 Print Size
arm-none-eabi-size tebf.elf  |tee "tebf.elf.size"
   text	   data	    bss	    dec	    hex	filename
 126212	   2664	 287344	 416220	  659dc	tebf.elf
Finished building: tebf.elf.size
 
14:58:37 **** Incremental Build of configuration Debug for project tebf ****
make pre-build main-build 
a9-linaro-pre-build-step
 
make: Nothing to be done for 'main-build'.
15:04:11 **** Incremental Build of configuration Debug for project tebf ****
make pre-build main-build 
a9-linaro-pre-build-step
 
Building file: ../src/main.c
Invoking: ARM v7 gcc compiler
arm-none-eabi-gcc -Wall -O0 -g3 -c -fmessage-length=0 -MT"src/main.o" -mcpu=cortex-a9 -mfpu=vfpv3 -mfloat-abi=hard -I../../tebf_bsp/ps7_cortexa9_0/include -MMD -MP -MF"src/main.d" -MT"src/main.o" -o "src/main.o" "../src/main.c"
../src/main.c: In function 'main':
../src/main.c:151:25: error: 'GAME_TIME_SEC' undeclared (first use in this function)
     int time_left_sec = GAME_TIME_SEC;
                         ^~~~~~~~~~~~~
../src/main.c:151:25: note: each undeclared identifier is reported only once for each function it appears in
../src/main.c:63:8: warning: unused variable 'RecvBuffer' [-Wunused-variable]
     u8 RecvBuffer[3];
        ^~~~~~~~~~
../src/main.c:62:8: warning: unused variable 'SendBuffer' [-Wunused-variable]
     u8 SendBuffer;
        ^~~~~~~~~~
../src/main.c:61:9: warning: unused variable 'IicStatus' [-Wunused-variable]
     int IicStatus;
         ^~~~~~~~~
../src/main.c:60:12: warning: unused variable 'Iic' [-Wunused-variable]
     XIicPs Iic;
            ^~~
../src/main.c:57:12: warning: unused variable 'wait' [-Wunused-variable]
     int i, wait;
            ^~~~
../src/main.c: In function 'load_image_from_sdcard':
../src/main.c:246:43: warning: passing argument 4 of 'f_read' from incompatible pointer type [-Wincompatible-pointer-types]
     Res = f_read(&fil, buffer, data_size, &NumBytesRead);
                                           ^~~~~~~~~~~~~
In file included from ../src/main.c:7:
../../tebf_bsp/ps7_cortexa9_0/include/ff.h:275:54: note: expected 'UINT *' {aka 'unsigned int *'} but argument is of type 'u32 *' {aka 'long unsigned int *'}
 FRESULT f_read (FIL* fp, void* buff, UINT btr, UINT* br);   /* Read data from the file */
                                                ~~~~~~^~
At top level:
../src/main.c:29:13: warning: 'filename' defined but not used [-Wunused-variable]
 static char filename[32];
             ^~~~~~~~
make: *** [src/subdir.mk:23: src/main.o] Error 1
15:04:13 **** Incremental Build of configuration Debug for project tebf ****
make pre-build main-build 
a9-linaro-pre-build-step
 
Building file: ../src/main.c
Invoking: ARM v7 gcc compiler
arm-none-eabi-gcc -Wall -O0 -g3 -c -fmessage-length=0 -MT"src/main.o" -mcpu=cortex-a9 -mfpu=vfpv3 -mfloat-abi=hard -I../../tebf_bsp/ps7_cortexa9_0/include -MMD -MP -MF"src/main.d" -MT"src/main.o" -o "src/main.o" "../src/main.c"
../src/main.c: In function 'main':
../src/main.c:151:25: error: 'GAME_TIME_SEC' undeclared (first use in this function)
     int time_left_sec = GAME_TIME_SEC;
                         ^~~~~~~~~~~~~
../src/main.c:151:25: note: each undeclared identifier is reported only once for each function it appears in
../src/main.c:63:8: warning: unused variable 'RecvBuffer' [-Wunused-variable]
     u8 RecvBuffer[3];
        ^~~~~~~~~~
../src/main.c:62:8: warning: unused variable 'SendBuffer' [-Wunused-variable]
     u8 SendBuffer;
        ^~~~~~~~~~
../src/main.c:61:9: warning: unused variable 'IicStatus' [-Wunused-variable]
     int IicStatus;
         ^~~~~~~~~
../src/main.c:60:12: warning: unused variable 'Iic' [-Wunused-variable]
     XIicPs Iic;
            ^~~
../src/main.c:57:12: warning: unused variable 'wait' [-Wunused-variable]
     int i, wait;
            ^~~~
../src/main.c: In function 'load_image_from_sdcard':
../src/main.c:246:43: warning: passing argument 4 of 'f_read' from incompatible pointer type [-Wincompatible-pointer-types]
     Res = f_read(&fil, buffer, data_size, &NumBytesRead);
                                           ^~~~~~~~~~~~~
In file included from ../src/main.c:7:
../../tebf_bsp/ps7_cortexa9_0/include/ff.h:275:54: note: expected 'UINT *' {aka 'unsigned int *'} but argument is of type 'u32 *' {aka 'long unsigned int *'}
 FRESULT f_read (FIL* fp, void* buff, UINT btr, UINT* br);   /* Read data from the file */
                                                ~~~~~~^~
At top level:
../src/main.c:29:13: warning: 'filename' defined but not used [-Wunused-variable]
 static char filename[32];
             ^~~~~~~~
make: *** [src/subdir.mk:23: src/main.o] Error 1
15:04:54 **** Incremental Build of configuration Debug for project tebf ****
make pre-build main-build 
a9-linaro-pre-build-step
 
Building file: ../src/main.c
Invoking: ARM v7 gcc compiler
arm-none-eabi-gcc -Wall -O0 -g3 -c -fmessage-length=0 -MT"src/main.o" -mcpu=cortex-a9 -mfpu=vfpv3 -mfloat-abi=hard -I../../tebf_bsp/ps7_cortexa9_0/include -MMD -MP -MF"src/main.d" -MT"src/main.o" -o "src/main.o" "../src/main.c"
../src/main.c: In function 'main':
../src/main.c:64:8: warning: unused variable 'RecvBuffer' [-Wunused-variable]
     u8 RecvBuffer[3];
        ^~~~~~~~~~
../src/main.c:63:8: warning: unused variable 'SendBuffer' [-Wunused-variable]
     u8 SendBuffer;
        ^~~~~~~~~~
../src/main.c:62:9: warning: unused variable 'IicStatus' [-Wunused-variable]
     int IicStatus;
         ^~~~~~~~~
../src/main.c:61:12: warning: unused variable 'Iic' [-Wunused-variable]
     XIicPs Iic;
            ^~~
../src/main.c:58:12: warning: unused variable 'wait' [-Wunused-variable]
     int i, wait;
            ^~~~
../src/main.c: In function 'load_image_from_sdcard':
../src/main.c:247:43: warning: passing argument 4 of 'f_read' from incompatible pointer type [-Wincompatible-pointer-types]
     Res = f_read(&fil, buffer, data_size, &NumBytesRead);
                                           ^~~~~~~~~~~~~
In file included from ../src/main.c:7:
../../tebf_bsp/ps7_cortexa9_0/include/ff.h:275:54: note: expected 'UINT *' {aka 'unsigned int *'} but argument is of type 'u32 *' {aka 'long unsigned int *'}
 FRESULT f_read (FIL* fp, void* buff, UINT btr, UINT* br);   /* Read data from the file */
                                                ~~~~~~^~
At top level:
../src/main.c:30:13: warning: 'filename' defined but not used [-Wunused-variable]
 static char filename[32];
             ^~~~~~~~
Finished building: ../src/main.c
 
Building target: tebf.elf
Invoking: ARM v7 gcc linker
arm-none-eabi-gcc -mcpu=cortex-a9 -mfpu=vfpv3 -mfloat-abi=hard -Wl,-build-id=none -specs=Xilinx.spec -Wl,-T -Wl,../src/lscript.ld -L../../tebf_bsp/ps7_cortexa9_0/lib -o "tebf.elf"  ./src/main.o   -Wl,--start-group,-lxil,-lgcc,-lc,--end-group -Wl,--start-group,-lxilffs,-lxil,-lgcc,-lc,--end-group
Finished building target: tebf.elf
 
Invoking: ARM v7 Print Size
arm-none-eabi-size tebf.elf  |tee "tebf.elf.size"
   text	   data	    bss	    dec	    hex	filename
 126188	   2664	 287344	 416196	  659c4	tebf.elf
Finished building: tebf.elf.size
 
15:04:55 **** Incremental Build of configuration Debug for project tebf ****
make pre-build main-build 
a9-linaro-pre-build-step
 
make: Nothing to be done for 'main-build'.
15:05:57 **** Incremental Build of configuration Debug for project tebf ****
make pre-build main-build 
a9-linaro-pre-build-step
 
Building file: ../src/main.c
Invoking: ARM v7 gcc compiler
arm-none-eabi-gcc -Wall -O0 -g3 -c -fmessage-length=0 -MT"src/main.o" -mcpu=cortex-a9 -mfpu=vfpv3 -mfloat-abi=hard -I../../tebf_bsp/ps7_cortexa9_0/include -MMD -MP -MF"src/main.d" -MT"src/main.o" -o "src/main.o" "../src/main.c"
../src/main.c: In function 'main':
../src/main.c:64:8: warning: unused variable 'RecvBuffer' [-Wunused-variable]
     u8 RecvBuffer[3];
        ^~~~~~~~~~
../src/main.c:63:8: warning: unused variable 'SendBuffer' [-Wunused-variable]
     u8 SendBuffer;
        ^~~~~~~~~~
../src/main.c:62:9: warning: unused variable 'IicStatus' [-Wunused-variable]
     int IicStatus;
         ^~~~~~~~~
../src/main.c:61:12: warning: unused variable 'Iic' [-Wunused-variable]
     XIicPs Iic;
            ^~~
../src/main.c:58:12: warning: unused variable 'wait' [-Wunused-variable]
     int i, wait;
            ^~~~
../src/main.c: In function 'load_image_from_sdcard':
../src/main.c:247:43: warning: passing argument 4 of 'f_read' from incompatible pointer type [-Wincompatible-pointer-types]
     Res = f_read(&fil, buffer, data_size, &NumBytesRead);
                                           ^~~~~~~~~~~~~
In file included from ../src/main.c:7:
../../tebf_bsp/ps7_cortexa9_0/include/ff.h:275:54: note: expected 'UINT *' {aka 'unsigned int *'} but argument is of type 'u32 *' {aka 'long unsigned int *'}
 FRESULT f_read (FIL* fp, void* buff, UINT btr, UINT* br);   /* Read data from the file */
                                                ~~~~~~^~
At top level:
../src/main.c:30:13: warning: 'filename' defined but not used [-Wunused-variable]
 static char filename[32];
             ^~~~~~~~
Finished building: ../src/main.c
 
Building target: tebf.elf
Invoking: ARM v7 gcc linker
arm-none-eabi-gcc -mcpu=cortex-a9 -mfpu=vfpv3 -mfloat-abi=hard -Wl,-build-id=none -specs=Xilinx.spec -Wl,-T -Wl,../src/lscript.ld -L../../tebf_bsp/ps7_cortexa9_0/lib -o "tebf.elf"  ./src/main.o   -Wl,--start-group,-lxil,-lgcc,-lc,--end-group -Wl,--start-group,-lxilffs,-lxil,-lgcc,-lc,--end-group
Finished building target: tebf.elf
 
Invoking: ARM v7 Print Size
arm-none-eabi-size tebf.elf  |tee "tebf.elf.size"
   text	   data	    bss	    dec	    hex	filename
 126188	   2664	 287344	 416196	  659c4	tebf.elf
Finished building: tebf.elf.size
 
15:05:59 **** Incremental Build of configuration Debug for project tebf ****
make pre-build main-build 
a9-linaro-pre-build-step
 
make: Nothing to be done for 'main-build'.
15:06:11 **** Incremental Build of configuration Debug for project tebf ****
make pre-build main-build 
a9-linaro-pre-build-step
 
make: Nothing to be done for 'main-build'.
15:11:11 **** Incremental Build of configuration Debug for project tebf ****
make pre-build main-build 
a9-linaro-pre-build-step
 
Building file: ../src/main.c
Invoking: ARM v7 gcc compiler
arm-none-eabi-gcc -Wall -O0 -g3 -c -fmessage-length=0 -MT"src/main.o" -mcpu=cortex-a9 -mfpu=vfpv3 -mfloat-abi=hard -I../../tebf_bsp/ps7_cortexa9_0/include -MMD -MP -MF"src/main.d" -MT"src/main.o" -o "src/main.o" "../src/main.c"
../src/main.c: In function 'main':
../src/main.c:64:8: warning: unused variable 'RecvBuffer' [-Wunused-variable]
     u8 RecvBuffer[3];
        ^~~~~~~~~~
../src/main.c:63:8: warning: unused variable 'SendBuffer' [-Wunused-variable]
     u8 SendBuffer;
        ^~~~~~~~~~
../src/main.c:62:9: warning: unused variable 'IicStatus' [-Wunused-variable]
     int IicStatus;
         ^~~~~~~~~
../src/main.c:61:12: warning: unused variable 'Iic' [-Wunused-variable]
     XIicPs Iic;
            ^~~
../src/main.c:58:12: warning: unused variable 'wait' [-Wunused-variable]
     int i, wait;
            ^~~~
../src/main.c: In function 'load_image_from_sdcard':
../src/main.c:251:43: warning: passing argument 4 of 'f_read' from incompatible pointer type [-Wincompatible-pointer-types]
     Res = f_read(&fil, buffer, data_size, &NumBytesRead);
                                           ^~~~~~~~~~~~~
In file included from ../src/main.c:7:
../../tebf_bsp/ps7_cortexa9_0/include/ff.h:275:54: note: expected 'UINT *' {aka 'unsigned int *'} but argument is of type 'u32 *' {aka 'long unsigned int *'}
 FRESULT f_read (FIL* fp, void* buff, UINT btr, UINT* br);   /* Read data from the file */
                                                ~~~~~~^~
At top level:
../src/main.c:30:13: warning: 'filename' defined but not used [-Wunused-variable]
 static char filename[32];
             ^~~~~~~~
Finished building: ../src/main.c
 
Building target: tebf.elf
Invoking: ARM v7 gcc linker
arm-none-eabi-gcc -mcpu=cortex-a9 -mfpu=vfpv3 -mfloat-abi=hard -Wl,-build-id=none -specs=Xilinx.spec -Wl,-T -Wl,../src/lscript.ld -L../../tebf_bsp/ps7_cortexa9_0/lib -o "tebf.elf"  ./src/main.o   -Wl,--start-group,-lxil,-lgcc,-lc,--end-group -Wl,--start-group,-lxilffs,-lxil,-lgcc,-lc,--end-group
Finished building target: tebf.elf
 
Invoking: ARM v7 Print Size
arm-none-eabi-size tebf.elf  |tee "tebf.elf.size"
   text	   data	    bss	    dec	    hex	filename
 126188	   2664	 287344	 416196	  659c4	tebf.elf
Finished building: tebf.elf.size
 
15:11:13 **** Incremental Build of configuration Debug for project tebf ****
make pre-build main-build 
a9-linaro-pre-build-step
 
make: Nothing to be done for 'main-build'.
15:14:41 **** Incremental Build of configuration Debug for project tebf ****
make pre-build main-build 
a9-linaro-pre-build-step
 
Building file: ../src/main.c
Invoking: ARM v7 gcc compiler
arm-none-eabi-gcc -Wall -O0 -g3 -c -fmessage-length=0 -MT"src/main.o" -mcpu=cortex-a9 -mfpu=vfpv3 -mfloat-abi=hard -I../../tebf_bsp/ps7_cortexa9_0/include -MMD -MP -MF"src/main.d" -MT"src/main.o" -o "src/main.o" "../src/main.c"
../src/main.c: In function 'main':
../src/main.c:153:18: warning: variable 'sec_dec' set but not used [-Wunused-but-set-variable]
     int min_dec, sec_dec;
                  ^~~~~~~
../src/main.c:153:9: warning: variable 'min_dec' set but not used [-Wunused-but-set-variable]
     int min_dec, sec_dec;
         ^~~~~~~
../src/main.c:68:10: warning: unused variable 'TlcdReg_downline' [-Wunused-variable]
     char TlcdReg_downline[17] = {0};
          ^~~~~~~~~~~~~~~~
../src/main.c:67:10: warning: unused variable 'TlcdReg_upline' [-Wunused-variable]
     char TlcdReg_upline[17] = {0};
          ^~~~~~~~~~~~~~
../src/main.c:64:8: warning: unused variable 'RecvBuffer' [-Wunused-variable]
     u8 RecvBuffer[3];
        ^~~~~~~~~~
../src/main.c:63:8: warning: unused variable 'SendBuffer' [-Wunused-variable]
     u8 SendBuffer;
        ^~~~~~~~~~
../src/main.c:62:9: warning: unused variable 'IicStatus' [-Wunused-variable]
     int IicStatus;
         ^~~~~~~~~
../src/main.c:61:12: warning: unused variable 'Iic' [-Wunused-variable]
     XIicPs Iic;
            ^~~
../src/main.c:58:12: warning: unused variable 'wait' [-Wunused-variable]
     int i, wait;
            ^~~~
../src/main.c:58:9: warning: unused variable 'i' [-Wunused-variable]
     int i, wait;
         ^
../src/main.c:57:9: warning: unused variable 'score' [-Wunused-variable]
     int score = 123; // 0123 → 123으로 고침
         ^~~~~
../src/main.c: In function 'load_image_from_sdcard':
../src/main.c:218:43: warning: passing argument 4 of 'f_read' from incompatible pointer type [-Wincompatible-pointer-types]
     Res = f_read(&fil, buffer, data_size, &NumBytesRead);
                                           ^~~~~~~~~~~~~
In file included from ../src/main.c:7:
../../tebf_bsp/ps7_cortexa9_0/include/ff.h:275:54: note: expected 'UINT *' {aka 'unsigned int *'} but argument is of type 'u32 *' {aka 'long unsigned int *'}
 FRESULT f_read (FIL* fp, void* buff, UINT btr, UINT* br);   /* Read data from the file */
                                                ~~~~~~^~
At top level:
../src/main.c:30:13: warning: 'filename' defined but not used [-Wunused-variable]
 static char filename[32];
             ^~~~~~~~
Finished building: ../src/main.c
 
Building target: tebf.elf
Invoking: ARM v7 gcc linker
arm-none-eabi-gcc -mcpu=cortex-a9 -mfpu=vfpv3 -mfloat-abi=hard -Wl,-build-id=none -specs=Xilinx.spec -Wl,-T -Wl,../src/lscript.ld -L../../tebf_bsp/ps7_cortexa9_0/lib -o "tebf.elf"  ./src/main.o   -Wl,--start-group,-lxil,-lgcc,-lc,--end-group -Wl,--start-group,-lxilffs,-lxil,-lgcc,-lc,--end-group
Finished building target: tebf.elf
 
Invoking: ARM v7 Print Size
arm-none-eabi-size tebf.elf  |tee "tebf.elf.size"
   text	   data	    bss	    dec	    hex	filename
 125356	   2664	 287344	 415364	  65684	tebf.elf
Finished building: tebf.elf.size
 
15:14:47 **** Incremental Build of configuration Debug for project tebf ****
make pre-build main-build 
a9-linaro-pre-build-step
 
make: Nothing to be done for 'main-build'.
15:17:46 **** Incremental Build of configuration Debug for project tebf ****
make pre-build main-build 
a9-linaro-pre-build-step
 
Building file: ../src/main.c
Invoking: ARM v7 gcc compiler
arm-none-eabi-gcc -Wall -O0 -g3 -c -fmessage-length=0 -MT"src/main.o" -mcpu=cortex-a9 -mfpu=vfpv3 -mfloat-abi=hard -I../../tebf_bsp/ps7_cortexa9_0/include -MMD -MP -MF"src/main.d" -MT"src/main.o" -o "src/main.o" "../src/main.c"
../src/main.c: In function 'main':
../src/main.c:153:18: warning: variable 'sec_dec' set but not used [-Wunused-but-set-variable]
     int min_dec, sec_dec;
                  ^~~~~~~
../src/main.c:153:9: warning: variable 'min_dec' set but not used [-Wunused-but-set-variable]
     int min_dec, sec_dec;
         ^~~~~~~
../src/main.c:68:10: warning: unused variable 'TlcdReg_downline' [-Wunused-variable]
     char TlcdReg_downline[17] = {0};
          ^~~~~~~~~~~~~~~~
../src/main.c:67:10: warning: unused variable 'TlcdReg_upline' [-Wunused-variable]
     char TlcdReg_upline[17] = {0};
          ^~~~~~~~~~~~~~
../src/main.c:64:8: warning: unused variable 'RecvBuffer' [-Wunused-variable]
     u8 RecvBuffer[3];
        ^~~~~~~~~~
../src/main.c:63:8: warning: unused variable 'SendBuffer' [-Wunused-variable]
     u8 SendBuffer;
        ^~~~~~~~~~
../src/main.c:62:9: warning: unused variable 'IicStatus' [-Wunused-variable]
     int IicStatus;
         ^~~~~~~~~
../src/main.c:61:12: warning: unused variable 'Iic' [-Wunused-variable]
     XIicPs Iic;
            ^~~
../src/main.c:58:12: warning: unused variable 'wait' [-Wunused-variable]
     int i, wait;
            ^~~~
../src/main.c:58:9: warning: unused variable 'i' [-Wunused-variable]
     int i, wait;
         ^
../src/main.c:57:9: warning: unused variable 'score' [-Wunused-variable]
     int score = 123; // 0123 → 123으로 고침
         ^~~~~
../src/main.c: In function 'load_image_from_sdcard':
../src/main.c:218:43: warning: passing argument 4 of 'f_read' from incompatible pointer type [-Wincompatible-pointer-types]
     Res = f_read(&fil, buffer, data_size, &NumBytesRead);
                                           ^~~~~~~~~~~~~
In file included from ../src/main.c:7:
../../tebf_bsp/ps7_cortexa9_0/include/ff.h:275:54: note: expected 'UINT *' {aka 'unsigned int *'} but argument is of type 'u32 *' {aka 'long unsigned int *'}
 FRESULT f_read (FIL* fp, void* buff, UINT btr, UINT* br);   /* Read data from the file */
                                                ~~~~~~^~
At top level:
../src/main.c:30:13: warning: 'filename' defined but not used [-Wunused-variable]
 static char filename[32];
             ^~~~~~~~
Finished building: ../src/main.c
 
Building target: tebf.elf
Invoking: ARM v7 gcc linker
arm-none-eabi-gcc -mcpu=cortex-a9 -mfpu=vfpv3 -mfloat-abi=hard -Wl,-build-id=none -specs=Xilinx.spec -Wl,-T -Wl,../src/lscript.ld -L../../tebf_bsp/ps7_cortexa9_0/lib -o "tebf.elf"  ./src/main.o   -Wl,--start-group,-lxil,-lgcc,-lc,--end-group -Wl,--start-group,-lxilffs,-lxil,-lgcc,-lc,--end-group
Finished building target: tebf.elf
 
Invoking: ARM v7 Print Size
arm-none-eabi-size tebf.elf  |tee "tebf.elf.size"
   text	   data	    bss	    dec	    hex	filename
 125356	   2664	 287344	 415364	  65684	tebf.elf
Finished building: tebf.elf.size
 
15:18:05 **** Incremental Build of configuration Debug for project tebf ****
make pre-build main-build 
a9-linaro-pre-build-step
 
make: Nothing to be done for 'main-build'.
15:21:11 **** Incremental Build of configuration Debug for project tebf ****
make pre-build main-build 
a9-linaro-pre-build-step
 
Building file: ../src/main.c
Invoking: ARM v7 gcc compiler
arm-none-eabi-gcc -Wall -O0 -g3 -c -fmessage-length=0 -MT"src/main.o" -mcpu=cortex-a9 -mfpu=vfpv3 -mfloat-abi=hard -I../../tebf_bsp/ps7_cortexa9_0/include -MMD -MP -MF"src/main.d" -MT"src/main.o" -o "src/main.o" "../src/main.c"
../src/main.c: In function 'load_image_from_sdcard':
../src/main.c:247:43: warning: passing argument 4 of 'f_read' from incompatible pointer type [-Wincompatible-pointer-types]
     Res = f_read(&fil, buffer, data_size, &NumBytesRead);
                                           ^~~~~~~~~~~~~
In file included from ../src/main.c:7:
../../tebf_bsp/ps7_cortexa9_0/include/ff.h:275:54: note: expected 'UINT *' {aka 'unsigned int *'} but argument is of type 'u32 *' {aka 'long unsigned int *'}
 FRESULT f_read (FIL* fp, void* buff, UINT btr, UINT* br);   /* Read data from the file */
                                                ~~~~~~^~
../src/main.c: In function 'main':
../src/main.c:439:1: error: expected declaration or statement at end of input
 }
 ^
../src/main.c:153:18: warning: variable 'sec_dec' set but not used [-Wunused-but-set-variable]
     int min_dec, sec_dec;
                  ^~~~~~~
../src/main.c:153:9: warning: variable 'min_dec' set but not used [-Wunused-but-set-variable]
     int min_dec, sec_dec;
         ^~~~~~~
../src/main.c:63:8: warning: unused variable 'SendBuffer' [-Wunused-variable]
     u8 SendBuffer;
        ^~~~~~~~~~
../src/main.c:62:9: warning: unused variable 'IicStatus' [-Wunused-variable]
     int IicStatus;
         ^~~~~~~~~
../src/main.c:61:12: warning: unused variable 'Iic' [-Wunused-variable]
     XIicPs Iic;
            ^~~
../src/main.c:58:12: warning: unused variable 'wait' [-Wunused-variable]
     int i, wait;
            ^~~~
At top level:
../src/main.c:407:6: warning: 'WriteTLCDByString' defined but not used [-Wunused-function]
 void WriteTLCDByString(char *text, int line)
      ^~~~~~~~~~~~~~~~~
../src/main.c:386:6: warning: 'GetCmdWithLiveLCD' defined but not used [-Wunused-function]
 void GetCmdWithLiveLCD(char *buf, int line)
      ^~~~~~~~~~~~~~~~~
../src/main.c:371:6: warning: 'GetCmd' defined but not used [-Wunused-function]
 void GetCmd(char *sel)
      ^~~~~~
../src/main.c:335:5: warning: 'WriteRTC' defined but not used [-Wunused-function]
 int WriteRTC(XIicPs *Iic, u8 min, u8 sec)
     ^~~~~~~~
../src/main.c:302:5: warning: 'ReadRTC' defined but not used [-Wunused-function]
 int ReadRTC(XIicPs Iic, u8 *SendBuffer, u8 *RecvBuffer)
     ^~~~~~~
../src/main.c:295:6: warning: 'FormatScoreLine' defined but not used [-Wunused-function]
 void FormatScoreLine(char *buf, int score)
      ^~~~~~~~~~~~~~~
../src/main.c:288:6: warning: 'FormatTimeLine' defined but not used [-Wunused-function]
 void FormatTimeLine(char *buf, u8 min, u8 sec)
      ^~~~~~~~~~~~~~
../src/main.c:225:6: warning: 'load_image_from_sdcard' defined but not used [-Wunused-function]
 void load_image_from_sdcard(const char *filename) {
      ^~~~~~~~~~~~~~~~~~~~~~
../src/main.c:30:13: warning: 'filename' defined but not used [-Wunused-variable]
 static char filename[32];
             ^~~~~~~~
make: *** [src/subdir.mk:23: src/main.o] Error 1
15:21:41 **** Incremental Build of configuration Debug for project tebf ****
make pre-build main-build 
a9-linaro-pre-build-step
 
Building file: ../src/main.c
Invoking: ARM v7 gcc compiler
arm-none-eabi-gcc -Wall -O0 -g3 -c -fmessage-length=0 -MT"src/main.o" -mcpu=cortex-a9 -mfpu=vfpv3 -mfloat-abi=hard -I../../tebf_bsp/ps7_cortexa9_0/include -MMD -MP -MF"src/main.d" -MT"src/main.o" -o "src/main.o" "../src/main.c"
../src/main.c: In function 'main':
../src/main.c:153:18: warning: variable 'sec_dec' set but not used [-Wunused-but-set-variable]
     int min_dec, sec_dec;
                  ^~~~~~~
../src/main.c:153:9: warning: variable 'min_dec' set but not used [-Wunused-but-set-variable]
     int min_dec, sec_dec;
         ^~~~~~~
../src/main.c:63:8: warning: unused variable 'SendBuffer' [-Wunused-variable]
     u8 SendBuffer;
        ^~~~~~~~~~
../src/main.c:62:9: warning: unused variable 'IicStatus' [-Wunused-variable]
     int IicStatus;
         ^~~~~~~~~
../src/main.c:61:12: warning: unused variable 'Iic' [-Wunused-variable]
     XIicPs Iic;
            ^~~
../src/main.c:58:12: warning: unused variable 'wait' [-Wunused-variable]
     int i, wait;
            ^~~~
../src/main.c: In function 'load_image_from_sdcard':
../src/main.c:248:43: warning: passing argument 4 of 'f_read' from incompatible pointer type [-Wincompatible-pointer-types]
     Res = f_read(&fil, buffer, data_size, &NumBytesRead);
                                           ^~~~~~~~~~~~~
In file included from ../src/main.c:7:
../../tebf_bsp/ps7_cortexa9_0/include/ff.h:275:54: note: expected 'UINT *' {aka 'unsigned int *'} but argument is of type 'u32 *' {aka 'long unsigned int *'}
 FRESULT f_read (FIL* fp, void* buff, UINT btr, UINT* br);   /* Read data from the file */
                                                ~~~~~~^~
At top level:
../src/main.c:30:13: warning: 'filename' defined but not used [-Wunused-variable]
 static char filename[32];
             ^~~~~~~~
../src/main.c: In function 'main':
../src/main.c:165:28: warning: 'RecvBuffer[1]' may be used uninitialized in this function [-Wmaybe-uninitialized]
         u8 min = RecvBuffer[1] & 0x7F;
                  ~~~~~~~~~~^~~
../src/main.c:166:28: warning: 'RecvBuffer[0]' may be used uninitialized in this function [-Wmaybe-uninitialized]
         u8 sec = RecvBuffer[0] & 0x7F;
                  ~~~~~~~~~~^~~
Finished building: ../src/main.c
 
Building target: tebf.elf
Invoking: ARM v7 gcc linker
arm-none-eabi-gcc -mcpu=cortex-a9 -mfpu=vfpv3 -mfloat-abi=hard -Wl,-build-id=none -specs=Xilinx.spec -Wl,-T -Wl,../src/lscript.ld -L../../tebf_bsp/ps7_cortexa9_0/lib -o "tebf.elf"  ./src/main.o   -Wl,--start-group,-lxil,-lgcc,-lc,--end-group -Wl,--start-group,-lxilffs,-lxil,-lgcc,-lc,--end-group
Finished building target: tebf.elf
 
Invoking: ARM v7 Print Size
arm-none-eabi-size tebf.elf  |tee "tebf.elf.size"
   text	   data	    bss	    dec	    hex	filename
 126380	   2664	 287344	 416388	  65a84	tebf.elf
Finished building: tebf.elf.size
 
15:21:50 **** Incremental Build of configuration Debug for project tebf ****
make pre-build main-build 
a9-linaro-pre-build-step
 
make: Nothing to be done for 'main-build'.
15:23:38 **** Incremental Build of configuration Debug for project tebf ****
make pre-build main-build 
a9-linaro-pre-build-step
 
Building file: ../src/main.c
Invoking: ARM v7 gcc compiler
arm-none-eabi-gcc -Wall -O0 -g3 -c -fmessage-length=0 -MT"src/main.o" -mcpu=cortex-a9 -mfpu=vfpv3 -mfloat-abi=hard -I../../tebf_bsp/ps7_cortexa9_0/include -MMD -MP -MF"src/main.d" -MT"src/main.o" -o "src/main.o" "../src/main.c"
../src/main.c: In function 'main':
../src/main.c:64:8: warning: unused variable 'RecvBuffer' [-Wunused-variable]
     u8 RecvBuffer[3];
        ^~~~~~~~~~
../src/main.c:63:8: warning: unused variable 'SendBuffer' [-Wunused-variable]
     u8 SendBuffer;
        ^~~~~~~~~~
../src/main.c:62:9: warning: unused variable 'IicStatus' [-Wunused-variable]
     int IicStatus;
         ^~~~~~~~~
../src/main.c:61:12: warning: unused variable 'Iic' [-Wunused-variable]
     XIicPs Iic;
            ^~~
../src/main.c:58:12: warning: unused variable 'wait' [-Wunused-variable]
     int i, wait;
            ^~~~
../src/main.c: In function 'load_image_from_sdcard':
../src/main.c:242:43: warning: passing argument 4 of 'f_read' from incompatible pointer type [-Wincompatible-pointer-types]
     Res = f_read(&fil, buffer, data_size, &NumBytesRead);
                                           ^~~~~~~~~~~~~
In file included from ../src/main.c:7:
../../tebf_bsp/ps7_cortexa9_0/include/ff.h:275:54: note: expected 'UINT *' {aka 'unsigned int *'} but argument is of type 'u32 *' {aka 'long unsigned int *'}
 FRESULT f_read (FIL* fp, void* buff, UINT btr, UINT* br);   /* Read data from the file */
                                                ~~~~~~^~
At top level:
../src/main.c:30:13: warning: 'filename' defined but not used [-Wunused-variable]
 static char filename[32];
             ^~~~~~~~
Finished building: ../src/main.c
 
Building target: tebf.elf
Invoking: ARM v7 gcc linker
arm-none-eabi-gcc -mcpu=cortex-a9 -mfpu=vfpv3 -mfloat-abi=hard -Wl,-build-id=none -specs=Xilinx.spec -Wl,-T -Wl,../src/lscript.ld -L../../tebf_bsp/ps7_cortexa9_0/lib -o "tebf.elf"  ./src/main.o   -Wl,--start-group,-lxil,-lgcc,-lc,--end-group -Wl,--start-group,-lxilffs,-lxil,-lgcc,-lc,--end-group
Finished building target: tebf.elf
 
Invoking: ARM v7 Print Size
arm-none-eabi-size tebf.elf  |tee "tebf.elf.size"
   text	   data	    bss	    dec	    hex	filename
 126252	   2664	 287344	 416260	  65a04	tebf.elf
Finished building: tebf.elf.size
 
15:23:40 **** Incremental Build of configuration Debug for project tebf ****
make pre-build main-build 
a9-linaro-pre-build-step
 
make: Nothing to be done for 'main-build'.
15:24:41 **** Incremental Build of configuration Debug for project tebf ****
make pre-build main-build 
a9-linaro-pre-build-step
 
Building file: ../src/main.c
Invoking: ARM v7 gcc compiler
arm-none-eabi-gcc -Wall -O0 -g3 -c -fmessage-length=0 -MT"src/main.o" -mcpu=cortex-a9 -mfpu=vfpv3 -mfloat-abi=hard -I../../tebf_bsp/ps7_cortexa9_0/include -MMD -MP -MF"src/main.d" -MT"src/main.o" -o "src/main.o" "../src/main.c"
../src/main.c: In function 'main':
../src/main.c:64:8: warning: unused variable 'RecvBuffer' [-Wunused-variable]
     u8 RecvBuffer[3];
        ^~~~~~~~~~
../src/main.c:63:8: warning: unused variable 'SendBuffer' [-Wunused-variable]
     u8 SendBuffer;
        ^~~~~~~~~~
../src/main.c:62:9: warning: unused variable 'IicStatus' [-Wunused-variable]
     int IicStatus;
         ^~~~~~~~~
../src/main.c:61:12: warning: unused variable 'Iic' [-Wunused-variable]
     XIicPs Iic;
            ^~~
../src/main.c:58:12: warning: unused variable 'wait' [-Wunused-variable]
     int i, wait;
            ^~~~
../src/main.c: In function 'load_image_from_sdcard':
../src/main.c:242:43: warning: passing argument 4 of 'f_read' from incompatible pointer type [-Wincompatible-pointer-types]
     Res = f_read(&fil, buffer, data_size, &NumBytesRead);
                                           ^~~~~~~~~~~~~
In file included from ../src/main.c:7:
../../tebf_bsp/ps7_cortexa9_0/include/ff.h:275:54: note: expected 'UINT *' {aka 'unsigned int *'} but argument is of type 'u32 *' {aka 'long unsigned int *'}
 FRESULT f_read (FIL* fp, void* buff, UINT btr, UINT* br);   /* Read data from the file */
                                                ~~~~~~^~
At top level:
../src/main.c:30:13: warning: 'filename' defined but not used [-Wunused-variable]
 static char filename[32];
             ^~~~~~~~
Finished building: ../src/main.c
 
Building target: tebf.elf
Invoking: ARM v7 gcc linker
arm-none-eabi-gcc -mcpu=cortex-a9 -mfpu=vfpv3 -mfloat-abi=hard -Wl,-build-id=none -specs=Xilinx.spec -Wl,-T -Wl,../src/lscript.ld -L../../tebf_bsp/ps7_cortexa9_0/lib -o "tebf.elf"  ./src/main.o   -Wl,--start-group,-lxil,-lgcc,-lc,--end-group -Wl,--start-group,-lxilffs,-lxil,-lgcc,-lc,--end-group
Finished building target: tebf.elf
 
Invoking: ARM v7 Print Size
arm-none-eabi-size tebf.elf  |tee "tebf.elf.size"
   text	   data	    bss	    dec	    hex	filename
 126252	   2664	 287344	 416260	  65a04	tebf.elf
Finished building: tebf.elf.size
 
15:24:42 **** Incremental Build of configuration Debug for project tebf ****
make pre-build main-build 
a9-linaro-pre-build-step
 
make: Nothing to be done for 'main-build'.
15:26:32 **** Incremental Build of configuration Debug for project tebf ****
make pre-build main-build 
a9-linaro-pre-build-step
 
Building file: ../src/main.c
Invoking: ARM v7 gcc compiler
arm-none-eabi-gcc -Wall -O0 -g3 -c -fmessage-length=0 -MT"src/main.o" -mcpu=cortex-a9 -mfpu=vfpv3 -mfloat-abi=hard -I../../tebf_bsp/ps7_cortexa9_0/include -MMD -MP -MF"src/main.d" -MT"src/main.o" -o "src/main.o" "../src/main.c"
../src/main.c: In function 'main':
../src/main.c:64:8: warning: unused variable 'RecvBuffer' [-Wunused-variable]
     u8 RecvBuffer[3];
        ^~~~~~~~~~
../src/main.c:63:8: warning: unused variable 'SendBuffer' [-Wunused-variable]
     u8 SendBuffer;
        ^~~~~~~~~~
../src/main.c:62:9: warning: unused variable 'IicStatus' [-Wunused-variable]
     int IicStatus;
         ^~~~~~~~~
../src/main.c:61:12: warning: unused variable 'Iic' [-Wunused-variable]
     XIicPs Iic;
            ^~~
../src/main.c:58:12: warning: unused variable 'wait' [-Wunused-variable]
     int i, wait;
            ^~~~
../src/main.c: In function 'load_image_from_sdcard':
../src/main.c:242:43: warning: passing argument 4 of 'f_read' from incompatible pointer type [-Wincompatible-pointer-types]
     Res = f_read(&fil, buffer, data_size, &NumBytesRead);
                                           ^~~~~~~~~~~~~
In file included from ../src/main.c:7:
../../tebf_bsp/ps7_cortexa9_0/include/ff.h:275:54: note: expected 'UINT *' {aka 'unsigned int *'} but argument is of type 'u32 *' {aka 'long unsigned int *'}
 FRESULT f_read (FIL* fp, void* buff, UINT btr, UINT* br);   /* Read data from the file */
                                                ~~~~~~^~
At top level:
../src/main.c:30:13: warning: 'filename' defined but not used [-Wunused-variable]
 static char filename[32];
             ^~~~~~~~
Finished building: ../src/main.c
 
Building target: tebf.elf
Invoking: ARM v7 gcc linker
arm-none-eabi-gcc -mcpu=cortex-a9 -mfpu=vfpv3 -mfloat-abi=hard -Wl,-build-id=none -specs=Xilinx.spec -Wl,-T -Wl,../src/lscript.ld -L../../tebf_bsp/ps7_cortexa9_0/lib -o "tebf.elf"  ./src/main.o   -Wl,--start-group,-lxil,-lgcc,-lc,--end-group -Wl,--start-group,-lxilffs,-lxil,-lgcc,-lc,--end-group
Finished building target: tebf.elf
 
Invoking: ARM v7 Print Size
arm-none-eabi-size tebf.elf  |tee "tebf.elf.size"
   text	   data	    bss	    dec	    hex	filename
 126252	   2664	 287344	 416260	  65a04	tebf.elf
Finished building: tebf.elf.size
 
15:26:34 **** Incremental Build of configuration Debug for project tebf ****
make pre-build main-build 
a9-linaro-pre-build-step
 
make: Nothing to be done for 'main-build'.
15:37:34 **** Incremental Build of configuration Debug for project tebf ****
make pre-build main-build 
a9-linaro-pre-build-step
 
Building file: ../src/main.c
Invoking: ARM v7 gcc compiler
arm-none-eabi-gcc -Wall -O0 -g3 -c -fmessage-length=0 -MT"src/main.o" -mcpu=cortex-a9 -mfpu=vfpv3 -mfloat-abi=hard -I../../tebf_bsp/ps7_cortexa9_0/include -MMD -MP -MF"src/main.d" -MT"src/main.o" -o "src/main.o" "../src/main.c"
../src/main.c: In function 'main':
../src/main.c:87:9: error: redeclaration of 'score' with no linkage
     int score;
         ^~~~~
../src/main.c:57:9: note: previous definition of 'score' was here
     int score = 123; // 0123 → 123으로 고침
         ^~~~~
../src/main.c:88:9: error: redeclaration of 'i' with no linkage
     int i;
         ^
../src/main.c:58:9: note: previous declaration of 'i' was here
     int i, wait;
         ^
../src/main.c:89:12: error: redeclaration of 'Iic' with no linkage
     XIicPs Iic;
            ^~~
../src/main.c:61:12: note: previous declaration of 'Iic' was here
     XIicPs Iic;
            ^~~
../src/main.c:90:8: error: redeclaration of 'SendBuffer' with no linkage
     u8 SendBuffer;
        ^~~~~~~~~~
../src/main.c:63:8: note: previous declaration of 'SendBuffer' was here
     u8 SendBuffer;
        ^~~~~~~~~~
../src/main.c:91:8: error: redeclaration of 'RecvBuffer' with no linkage
     u8 RecvBuffer[3];
        ^~~~~~~~~~
../src/main.c:64:8: note: previous declaration of 'RecvBuffer' was here
     u8 RecvBuffer[3];
        ^~~~~~~~~~
../src/main.c:92:10: error: redefinition of 'input'
     char input[16] = {0};
          ^~~~~
../src/main.c:66:10: note: previous definition of 'input' was here
     char input[16] = {0};
          ^~~~~
../src/main.c:93:10: error: redefinition of 'TlcdReg_upline'
     char TlcdReg_upline[17] = {0};
          ^~~~~~~~~~~~~~
../src/main.c:67:10: note: previous definition of 'TlcdReg_upline' was here
     char TlcdReg_upline[17] = {0};
          ^~~~~~~~~~~~~~
../src/main.c:94:10: error: redefinition of 'TlcdReg_downline'
     char TlcdReg_downline[17] = {0};
          ^~~~~~~~~~~~~~~~
../src/main.c:68:10: note: previous definition of 'TlcdReg_downline' was here
     char TlcdReg_downline[17] = {0};
          ^~~~~~~~~~~~~~~~
../src/main.c:95:10: error: redefinition of 'id'
     char id[MAX] = {0};
          ^~
../src/main.c:70:10: note: previous definition of 'id' was here
     char id[MAX] = {0};
          ^~
../src/main.c:96:10: error: redefinition of 'pw'
     char pw[MAX] = {0};
          ^~
../src/main.c:71:10: note: previous definition of 'pw' was here
     char pw[MAX] = {0};
          ^~
../src/main.c:99:18: error: redeclaration of 'CntrlRegister' with no linkage
     unsigned int CntrlRegister;
                  ^~~~~~~~~~~~~
../src/main.c:74:18: note: previous declaration of 'CntrlRegister' was here
     unsigned int CntrlRegister;
                  ^~~~~~~~~~~~~
../src/main.c:91:8: warning: unused variable 'RecvBuffer' [-Wunused-variable]
     u8 RecvBuffer[3];
        ^~~~~~~~~~
../src/main.c:90:8: warning: unused variable 'SendBuffer' [-Wunused-variable]
     u8 SendBuffer;
        ^~~~~~~~~~
../src/main.c:89:12: warning: unused variable 'Iic' [-Wunused-variable]
     XIicPs Iic;
            ^~~
../src/main.c:62:9: warning: unused variable 'IicStatus' [-Wunused-variable]
     int IicStatus;
         ^~~~~~~~~
../src/main.c:58:12: warning: unused variable 'wait' [-Wunused-variable]
     int i, wait;
            ^~~~
../src/main.c: In function 'load_image_from_sdcard':
../src/main.c:272:43: warning: passing argument 4 of 'f_read' from incompatible pointer type [-Wincompatible-pointer-types]
     Res = f_read(&fil, buffer, data_size, &NumBytesRead);
                                           ^~~~~~~~~~~~~
In file included from ../src/main.c:7:
../../tebf_bsp/ps7_cortexa9_0/include/ff.h:275:54: note: expected 'UINT *' {aka 'unsigned int *'} but argument is of type 'u32 *' {aka 'long unsigned int *'}
 FRESULT f_read (FIL* fp, void* buff, UINT btr, UINT* br);   /* Read data from the file */
                                                ~~~~~~^~
At top level:
../src/main.c:30:13: warning: 'filename' defined but not used [-Wunused-variable]
 static char filename[32];
             ^~~~~~~~
make: *** [src/subdir.mk:23: src/main.o] Error 1
15:37:46 **** Incremental Build of configuration Debug for project tebf ****
make pre-build main-build 
a9-linaro-pre-build-step
 
Building file: ../src/main.c
Invoking: ARM v7 gcc compiler
arm-none-eabi-gcc -Wall -O0 -g3 -c -fmessage-length=0 -MT"src/main.o" -mcpu=cortex-a9 -mfpu=vfpv3 -mfloat-abi=hard -I../../tebf_bsp/ps7_cortexa9_0/include -MMD -MP -MF"src/main.d" -MT"src/main.o" -o "src/main.o" "../src/main.c"
../src/main.c: In function 'main':
../src/main.c:89:18: error: redeclaration of 'CntrlRegister' with no linkage
     unsigned int CntrlRegister;
                  ^~~~~~~~~~~~~
../src/main.c:74:18: note: previous declaration of 'CntrlRegister' was here
     unsigned int CntrlRegister;
                  ^~~~~~~~~~~~~
../src/main.c:64:8: warning: unused variable 'RecvBuffer' [-Wunused-variable]
     u8 RecvBuffer[3];
        ^~~~~~~~~~
../src/main.c:63:8: warning: unused variable 'SendBuffer' [-Wunused-variable]
     u8 SendBuffer;
        ^~~~~~~~~~
../src/main.c:62:9: warning: unused variable 'IicStatus' [-Wunused-variable]
     int IicStatus;
         ^~~~~~~~~
../src/main.c:61:12: warning: unused variable 'Iic' [-Wunused-variable]
     XIicPs Iic;
            ^~~
../src/main.c:58:12: warning: unused variable 'wait' [-Wunused-variable]
     int i, wait;
            ^~~~
../src/main.c: In function 'load_image_from_sdcard':
../src/main.c:262:43: warning: passing argument 4 of 'f_read' from incompatible pointer type [-Wincompatible-pointer-types]
     Res = f_read(&fil, buffer, data_size, &NumBytesRead);
                                           ^~~~~~~~~~~~~
In file included from ../src/main.c:7:
../../tebf_bsp/ps7_cortexa9_0/include/ff.h:275:54: note: expected 'UINT *' {aka 'unsigned int *'} but argument is of type 'u32 *' {aka 'long unsigned int *'}
 FRESULT f_read (FIL* fp, void* buff, UINT btr, UINT* br);   /* Read data from the file */
                                                ~~~~~~^~
At top level:
../src/main.c:30:13: warning: 'filename' defined but not used [-Wunused-variable]
 static char filename[32];
             ^~~~~~~~
make: *** [src/subdir.mk:23: src/main.o] Error 1
15:37:55 **** Incremental Build of configuration Debug for project tebf ****
make pre-build main-build 
a9-linaro-pre-build-step
 
Building file: ../src/main.c
Invoking: ARM v7 gcc compiler
arm-none-eabi-gcc -Wall -O0 -g3 -c -fmessage-length=0 -MT"src/main.o" -mcpu=cortex-a9 -mfpu=vfpv3 -mfloat-abi=hard -I../../tebf_bsp/ps7_cortexa9_0/include -MMD -MP -MF"src/main.d" -MT"src/main.o" -o "src/main.o" "../src/main.c"
../src/main.c: In function 'main':
../src/main.c:64:8: warning: unused variable 'RecvBuffer' [-Wunused-variable]
     u8 RecvBuffer[3];
        ^~~~~~~~~~
../src/main.c:63:8: warning: unused variable 'SendBuffer' [-Wunused-variable]
     u8 SendBuffer;
        ^~~~~~~~~~
../src/main.c:62:9: warning: unused variable 'IicStatus' [-Wunused-variable]
     int IicStatus;
         ^~~~~~~~~
../src/main.c:61:12: warning: unused variable 'Iic' [-Wunused-variable]
     XIicPs Iic;
            ^~~
../src/main.c:58:12: warning: unused variable 'wait' [-Wunused-variable]
     int i, wait;
            ^~~~
../src/main.c: In function 'load_image_from_sdcard':
../src/main.c:256:43: warning: passing argument 4 of 'f_read' from incompatible pointer type [-Wincompatible-pointer-types]
     Res = f_read(&fil, buffer, data_size, &NumBytesRead);
                                           ^~~~~~~~~~~~~
In file included from ../src/main.c:7:
../../tebf_bsp/ps7_cortexa9_0/include/ff.h:275:54: note: expected 'UINT *' {aka 'unsigned int *'} but argument is of type 'u32 *' {aka 'long unsigned int *'}
 FRESULT f_read (FIL* fp, void* buff, UINT btr, UINT* br);   /* Read data from the file */
                                                ~~~~~~^~
At top level:
../src/main.c:30:13: warning: 'filename' defined but not used [-Wunused-variable]
 static char filename[32];
             ^~~~~~~~
Finished building: ../src/main.c
 
Building target: tebf.elf
Invoking: ARM v7 gcc linker
arm-none-eabi-gcc -mcpu=cortex-a9 -mfpu=vfpv3 -mfloat-abi=hard -Wl,-build-id=none -specs=Xilinx.spec -Wl,-T -Wl,../src/lscript.ld -L../../tebf_bsp/ps7_cortexa9_0/lib -o "tebf.elf"  ./src/main.o   -Wl,--start-group,-lxil,-lgcc,-lc,--end-group -Wl,--start-group,-lxilffs,-lxil,-lgcc,-lc,--end-group
Finished building target: tebf.elf
 
Invoking: ARM v7 Print Size
arm-none-eabi-size tebf.elf  |tee "tebf.elf.size"
   text	   data	    bss	    dec	    hex	filename
 126572	   2664	 287344	 416580	  65b44	tebf.elf
Finished building: tebf.elf.size
 
15:37:58 **** Incremental Build of configuration Debug for project tebf ****
make pre-build main-build 
a9-linaro-pre-build-step
 
make: Nothing to be done for 'main-build'.
15:43:15 **** Incremental Build of configuration Debug for project tebf ****
make pre-build main-build 
a9-linaro-pre-build-step
 
Building file: ../src/main.c
Invoking: ARM v7 gcc compiler
arm-none-eabi-gcc -Wall -O0 -g3 -c -fmessage-length=0 -MT"src/main.o" -mcpu=cortex-a9 -mfpu=vfpv3 -mfloat-abi=hard -I../../tebf_bsp/ps7_cortexa9_0/include -MMD -MP -MF"src/main.d" -MT"src/main.o" -o "src/main.o" "../src/main.c"
../src/main.c: In function 'main':
../src/main.c:64:8: warning: unused variable 'RecvBuffer' [-Wunused-variable]
     u8 RecvBuffer[3];
        ^~~~~~~~~~
../src/main.c:63:8: warning: unused variable 'SendBuffer' [-Wunused-variable]
     u8 SendBuffer;
        ^~~~~~~~~~
../src/main.c:62:9: warning: unused variable 'IicStatus' [-Wunused-variable]
     int IicStatus;
         ^~~~~~~~~
../src/main.c:61:12: warning: unused variable 'Iic' [-Wunused-variable]
     XIicPs Iic;
            ^~~
../src/main.c:58:12: warning: unused variable 'wait' [-Wunused-variable]
     int i, wait;
            ^~~~
../src/main.c: In function 'load_image_from_sdcard':
../src/main.c:242:43: warning: passing argument 4 of 'f_read' from incompatible pointer type [-Wincompatible-pointer-types]
     Res = f_read(&fil, buffer, data_size, &NumBytesRead);
                                           ^~~~~~~~~~~~~
In file included from ../src/main.c:7:
../../tebf_bsp/ps7_cortexa9_0/include/ff.h:275:54: note: expected 'UINT *' {aka 'unsigned int *'} but argument is of type 'u32 *' {aka 'long unsigned int *'}
 FRESULT f_read (FIL* fp, void* buff, UINT btr, UINT* br);   /* Read data from the file */
                                                ~~~~~~^~
At top level:
../src/main.c:30:13: warning: 'filename' defined but not used [-Wunused-variable]
 static char filename[32];
             ^~~~~~~~
Finished building: ../src/main.c
 
Building target: tebf.elf
Invoking: ARM v7 gcc linker
arm-none-eabi-gcc -mcpu=cortex-a9 -mfpu=vfpv3 -mfloat-abi=hard -Wl,-build-id=none -specs=Xilinx.spec -Wl,-T -Wl,../src/lscript.ld -L../../tebf_bsp/ps7_cortexa9_0/lib -o "tebf.elf"  ./src/main.o   -Wl,--start-group,-lxil,-lgcc,-lc,--end-group -Wl,--start-group,-lxilffs,-lxil,-lgcc,-lc,--end-group
Finished building target: tebf.elf
 
Invoking: ARM v7 Print Size
arm-none-eabi-size tebf.elf  |tee "tebf.elf.size"
   text	   data	    bss	    dec	    hex	filename
 126252	   2664	 287344	 416260	  65a04	tebf.elf
Finished building: tebf.elf.size
 
15:43:27 **** Incremental Build of configuration Debug for project tebf ****
make pre-build main-build 
a9-linaro-pre-build-step
 
make: Nothing to be done for 'main-build'.
15:43:28 **** Incremental Build of configuration Debug for project tebf ****
make pre-build main-build 
a9-linaro-pre-build-step
 
make: Nothing to be done for 'main-build'.
15:44:35 **** Incremental Build of configuration Debug for project tebf ****
make pre-build main-build 
a9-linaro-pre-build-step
 
make: Nothing to be done for 'main-build'.
15:46:14 **** Incremental Build of configuration Debug for project tebf ****
make pre-build main-build 
a9-linaro-pre-build-step
 
Building file: ../src/main.c
Invoking: ARM v7 gcc compiler
arm-none-eabi-gcc -Wall -O0 -g3 -c -fmessage-length=0 -MT"src/main.o" -mcpu=cortex-a9 -mfpu=vfpv3 -mfloat-abi=hard -I../../tebf_bsp/ps7_cortexa9_0/include -MMD -MP -MF"src/main.d" -MT"src/main.o" -o "src/main.o" "../src/main.c"
../src/main.c: In function 'main':
../src/main.c:64:8: warning: unused variable 'RecvBuffer' [-Wunused-variable]
     u8 RecvBuffer[3];
        ^~~~~~~~~~
../src/main.c:63:8: warning: unused variable 'SendBuffer' [-Wunused-variable]
     u8 SendBuffer;
        ^~~~~~~~~~
../src/main.c:62:9: warning: unused variable 'IicStatus' [-Wunused-variable]
     int IicStatus;
         ^~~~~~~~~
../src/main.c:61:12: warning: unused variable 'Iic' [-Wunused-variable]
     XIicPs Iic;
            ^~~
../src/main.c:58:12: warning: unused variable 'wait' [-Wunused-variable]
     int i, wait;
            ^~~~
../src/main.c: In function 'load_image_from_sdcard':
../src/main.c:246:43: warning: passing argument 4 of 'f_read' from incompatible pointer type [-Wincompatible-pointer-types]
     Res = f_read(&fil, buffer, data_size, &NumBytesRead);
                                           ^~~~~~~~~~~~~
In file included from ../src/main.c:7:
../../tebf_bsp/ps7_cortexa9_0/include/ff.h:275:54: note: expected 'UINT *' {aka 'unsigned int *'} but argument is of type 'u32 *' {aka 'long unsigned int *'}
 FRESULT f_read (FIL* fp, void* buff, UINT btr, UINT* br);   /* Read data from the file */
                                                ~~~~~~^~
At top level:
../src/main.c:30:13: warning: 'filename' defined but not used [-Wunused-variable]
 static char filename[32];
             ^~~~~~~~
Finished building: ../src/main.c
 
Building target: tebf.elf
Invoking: ARM v7 gcc linker
arm-none-eabi-gcc -mcpu=cortex-a9 -mfpu=vfpv3 -mfloat-abi=hard -Wl,-build-id=none -specs=Xilinx.spec -Wl,-T -Wl,../src/lscript.ld -L../../tebf_bsp/ps7_cortexa9_0/lib -o "tebf.elf"  ./src/main.o   -Wl,--start-group,-lxil,-lgcc,-lc,--end-group -Wl,--start-group,-lxilffs,-lxil,-lgcc,-lc,--end-group
Finished building target: tebf.elf
 
Invoking: ARM v7 Print Size
arm-none-eabi-size tebf.elf  |tee "tebf.elf.size"
   text	   data	    bss	    dec	    hex	filename
 126380	   2664	 287344	 416388	  65a84	tebf.elf
Finished building: tebf.elf.size
 
15:46:15 **** Incremental Build of configuration Debug for project tebf ****
make pre-build main-build 
a9-linaro-pre-build-step
 
make: Nothing to be done for 'main-build'.
15:51:40 **** Incremental Build of configuration Debug for project tebf ****
make pre-build main-build 
a9-linaro-pre-build-step
 
Building file: ../src/main.c
Invoking: ARM v7 gcc compiler
arm-none-eabi-gcc -Wall -O0 -g3 -c -fmessage-length=0 -MT"src/main.o" -mcpu=cortex-a9 -mfpu=vfpv3 -mfloat-abi=hard -I../../tebf_bsp/ps7_cortexa9_0/include -MMD -MP -MF"src/main.d" -MT"src/main.o" -o "src/main.o" "../src/main.c"
../src/main.c: In function 'main':
../src/main.c:126:17: warning: unused variable 'time_left_sec' [-Wunused-variable]
             int time_left_sec = 60;
                 ^~~~~~~~~~~~~
../src/main.c:131:17: warning: unused variable 'time_left_sec' [-Wunused-variable]
             int time_left_sec = 60;
                 ^~~~~~~~~~~~~
../src/main.c:136:17: warning: unused variable 'time_left_sec' [-Wunused-variable]
             int time_left_sec = 180;
                 ^~~~~~~~~~~~~
../src/main.c:141:17: warning: unused variable 'time_left_sec' [-Wunused-variable]
             int time_left_sec = 300;
                 ^~~~~~~~~~~~~
../src/main.c:63:8: warning: unused variable 'RecvBuffer' [-Wunused-variable]
     u8 RecvBuffer[3];
        ^~~~~~~~~~
../src/main.c:62:8: warning: unused variable 'SendBuffer' [-Wunused-variable]
     u8 SendBuffer;
        ^~~~~~~~~~
../src/main.c:61:9: warning: unused variable 'IicStatus' [-Wunused-variable]
     int IicStatus;
         ^~~~~~~~~
../src/main.c:60:12: warning: unused variable 'Iic' [-Wunused-variable]
     XIicPs Iic;
            ^~~
../src/main.c:57:12: warning: unused variable 'wait' [-Wunused-variable]
     int i, wait;
            ^~~~
../src/main.c: In function 'load_image_from_sdcard':
../src/main.c:248:43: warning: passing argument 4 of 'f_read' from incompatible pointer type [-Wincompatible-pointer-types]
     Res = f_read(&fil, buffer, data_size, &NumBytesRead);
                                           ^~~~~~~~~~~~~
In file included from ../src/main.c:7:
../../tebf_bsp/ps7_cortexa9_0/include/ff.h:275:54: note: expected 'UINT *' {aka 'unsigned int *'} but argument is of type 'u32 *' {aka 'long unsigned int *'}
 FRESULT f_read (FIL* fp, void* buff, UINT btr, UINT* br);   /* Read data from the file */
                                                ~~~~~~^~
At top level:
../src/main.c:29:13: warning: 'filename' defined but not used [-Wunused-variable]
 static char filename[32];
             ^~~~~~~~
Finished building: ../src/main.c
 
Building target: tebf.elf
Invoking: ARM v7 gcc linker
arm-none-eabi-gcc -mcpu=cortex-a9 -mfpu=vfpv3 -mfloat-abi=hard -Wl,-build-id=none -specs=Xilinx.spec -Wl,-T -Wl,../src/lscript.ld -L../../tebf_bsp/ps7_cortexa9_0/lib -o "tebf.elf"  ./src/main.o   -Wl,--start-group,-lxil,-lgcc,-lc,--end-group -Wl,--start-group,-lxilffs,-lxil,-lgcc,-lc,--end-group
Finished building target: tebf.elf
 
Invoking: ARM v7 Print Size
arm-none-eabi-size tebf.elf  |tee "tebf.elf.size"
   text	   data	    bss	    dec	    hex	filename
 126380	   2664	 287344	 416388	  65a84	tebf.elf
Finished building: tebf.elf.size
 
15:51:41 **** Incremental Build of configuration Debug for project tebf ****
make pre-build main-build 
a9-linaro-pre-build-step
 
make: Nothing to be done for 'main-build'.
15:54:27 **** Incremental Build of configuration Debug for project tebf ****
make pre-build main-build 
a9-linaro-pre-build-step
 
Building file: ../src/main.c
Invoking: ARM v7 gcc compiler
arm-none-eabi-gcc -Wall -O0 -g3 -c -fmessage-length=0 -MT"src/main.o" -mcpu=cortex-a9 -mfpu=vfpv3 -mfloat-abi=hard -I../../tebf_bsp/ps7_cortexa9_0/include -MMD -MP -MF"src/main.d" -MT"src/main.o" -o "src/main.o" "../src/main.c"
../src/main.c: In function 'main':
../src/main.c:135:17: warning: unused variable 'time_left_sec' [-Wunused-variable]
             int time_left_sec = 300;
                 ^~~~~~~~~~~~~
../src/main.c:140:17: warning: unused variable 'time_left_sec' [-Wunused-variable]
             int time_left_sec = 300;
                 ^~~~~~~~~~~~~
../src/main.c:64:8: warning: unused variable 'RecvBuffer' [-Wunused-variable]
     u8 RecvBuffer[3];
        ^~~~~~~~~~
../src/main.c:63:8: warning: unused variable 'SendBuffer' [-Wunused-variable]
     u8 SendBuffer;
        ^~~~~~~~~~
../src/main.c:62:9: warning: unused variable 'IicStatus' [-Wunused-variable]
     int IicStatus;
         ^~~~~~~~~
../src/main.c:61:12: warning: unused variable 'Iic' [-Wunused-variable]
     XIicPs Iic;
            ^~~
../src/main.c:58:12: warning: unused variable 'wait' [-Wunused-variable]
     int i, wait;
            ^~~~
../src/main.c: In function 'load_image_from_sdcard':
../src/main.c:247:43: warning: passing argument 4 of 'f_read' from incompatible pointer type [-Wincompatible-pointer-types]
     Res = f_read(&fil, buffer, data_size, &NumBytesRead);
                                           ^~~~~~~~~~~~~
In file included from ../src/main.c:7:
../../tebf_bsp/ps7_cortexa9_0/include/ff.h:275:54: note: expected 'UINT *' {aka 'unsigned int *'} but argument is of type 'u32 *' {aka 'long unsigned int *'}
 FRESULT f_read (FIL* fp, void* buff, UINT btr, UINT* br);   /* Read data from the file */
                                                ~~~~~~^~
At top level:
../src/main.c:30:13: warning: 'filename' defined but not used [-Wunused-variable]
 static char filename[32];
             ^~~~~~~~
Finished building: ../src/main.c
 
Building target: tebf.elf
Invoking: ARM v7 gcc linker
arm-none-eabi-gcc -mcpu=cortex-a9 -mfpu=vfpv3 -mfloat-abi=hard -Wl,-build-id=none -specs=Xilinx.spec -Wl,-T -Wl,../src/lscript.ld -L../../tebf_bsp/ps7_cortexa9_0/lib -o "tebf.elf"  ./src/main.o   -Wl,--start-group,-lxil,-lgcc,-lc,--end-group -Wl,--start-group,-lxilffs,-lxil,-lgcc,-lc,--end-group
Finished building target: tebf.elf
 
Invoking: ARM v7 Print Size
arm-none-eabi-size tebf.elf  |tee "tebf.elf.size"
   text	   data	    bss	    dec	    hex	filename
 126380	   2664	 287344	 416388	  65a84	tebf.elf
Finished building: tebf.elf.size
 
15:54:28 **** Incremental Build of configuration Debug for project tebf ****
make pre-build main-build 
a9-linaro-pre-build-step
 
make: Nothing to be done for 'main-build'.
15:54:55 **** Incremental Build of configuration Debug for project tebf ****
make pre-build main-build 
a9-linaro-pre-build-step
 
make: Nothing to be done for 'main-build'.
15:57:37 **** Incremental Build of configuration Debug for project tebf ****
make pre-build main-build 
a9-linaro-pre-build-step
 
Building file: ../src/main.c
Invoking: ARM v7 gcc compiler
arm-none-eabi-gcc -Wall -O0 -g3 -c -fmessage-length=0 -MT"src/main.o" -mcpu=cortex-a9 -mfpu=vfpv3 -mfloat-abi=hard -I../../tebf_bsp/ps7_cortexa9_0/include -MMD -MP -MF"src/main.d" -MT"src/main.o" -o "src/main.o" "../src/main.c"
../src/main.c: In function 'main':
../src/main.c:130:17: warning: unused variable 'time_left_sec' [-Wunused-variable]
             int time_left_sec = TIME_SQUARE;
                 ^~~~~~~~~~~~~
../src/main.c:135:17: warning: unused variable 'time_left_sec' [-Wunused-variable]
             int time_left_sec = TIME_CIRCLE;
                 ^~~~~~~~~~~~~
../src/main.c:140:17: warning: unused variable 'time_left_sec' [-Wunused-variable]
             int time_left_sec = TIME_GRAPES;
                 ^~~~~~~~~~~~~
../src/main.c:145:17: warning: unused variable 'time_left_sec' [-Wunused-variable]
             int time_left_sec = TIME_DRAW;
                 ^~~~~~~~~~~~~
../src/main.c:67:8: warning: unused variable 'RecvBuffer' [-Wunused-variable]
     u8 RecvBuffer[3];
        ^~~~~~~~~~
../src/main.c:66:8: warning: unused variable 'SendBuffer' [-Wunused-variable]
     u8 SendBuffer;
        ^~~~~~~~~~
../src/main.c:65:9: warning: unused variable 'IicStatus' [-Wunused-variable]
     int IicStatus;
         ^~~~~~~~~
../src/main.c:64:12: warning: unused variable 'Iic' [-Wunused-variable]
     XIicPs Iic;
            ^~~
../src/main.c:61:12: warning: unused variable 'wait' [-Wunused-variable]
     int i, wait;
            ^~~~
../src/main.c: In function 'load_image_from_sdcard':
../src/main.c:252:43: warning: passing argument 4 of 'f_read' from incompatible pointer type [-Wincompatible-pointer-types]
     Res = f_read(&fil, buffer, data_size, &NumBytesRead);
                                           ^~~~~~~~~~~~~
In file included from ../src/main.c:7:
../../tebf_bsp/ps7_cortexa9_0/include/ff.h:275:54: note: expected 'UINT *' {aka 'unsigned int *'} but argument is of type 'u32 *' {aka 'long unsigned int *'}
 FRESULT f_read (FIL* fp, void* buff, UINT btr, UINT* br);   /* Read data from the file */
                                                ~~~~~~^~
At top level:
../src/main.c:33:13: warning: 'filename' defined but not used [-Wunused-variable]
 static char filename[32];
             ^~~~~~~~
Finished building: ../src/main.c
 
Building target: tebf.elf
Invoking: ARM v7 gcc linker
arm-none-eabi-gcc -mcpu=cortex-a9 -mfpu=vfpv3 -mfloat-abi=hard -Wl,-build-id=none -specs=Xilinx.spec -Wl,-T -Wl,../src/lscript.ld -L../../tebf_bsp/ps7_cortexa9_0/lib -o "tebf.elf"  ./src/main.o   -Wl,--start-group,-lxil,-lgcc,-lc,--end-group -Wl,--start-group,-lxilffs,-lxil,-lgcc,-lc,--end-group
Finished building target: tebf.elf
 
Invoking: ARM v7 Print Size
arm-none-eabi-size tebf.elf  |tee "tebf.elf.size"
   text	   data	    bss	    dec	    hex	filename
 126380	   2664	 287344	 416388	  65a84	tebf.elf
Finished building: tebf.elf.size
 
15:57:38 **** Incremental Build of configuration Debug for project tebf ****
make pre-build main-build 
a9-linaro-pre-build-step
 
make: Nothing to be done for 'main-build'.
15:58:28 **** Incremental Build of configuration Debug for project tebf ****
make pre-build main-build 
a9-linaro-pre-build-step
 
Building file: ../src/main.c
Invoking: ARM v7 gcc compiler
arm-none-eabi-gcc -Wall -O0 -g3 -c -fmessage-length=0 -MT"src/main.o" -mcpu=cortex-a9 -mfpu=vfpv3 -mfloat-abi=hard -I../../tebf_bsp/ps7_cortexa9_0/include -MMD -MP -MF"src/main.d" -MT"src/main.o" -o "src/main.o" "../src/main.c"
../src/main.c: In function 'main':
../src/main.c:129:17: warning: unused variable 'time_left_sec' [-Wunused-variable]
             int time_left_sec = TIME_SQUARE;
                 ^~~~~~~~~~~~~
../src/main.c:134:17: warning: unused variable 'time_left_sec' [-Wunused-variable]
             int time_left_sec = TIME_CIRCLE;
                 ^~~~~~~~~~~~~
../src/main.c:139:17: warning: unused variable 'time_left_sec' [-Wunused-variable]
             int time_left_sec = TIME_GRAPES;
                 ^~~~~~~~~~~~~
../src/main.c:144:17: warning: unused variable 'time_left_sec' [-Wunused-variable]
             int time_left_sec = TIME_DRAW;
                 ^~~~~~~~~~~~~
../src/main.c:168:12: error: 'time_left_sec' undeclared (first use in this function)
     while (time_left_sec >= 0) {
            ^~~~~~~~~~~~~
../src/main.c:168:12: note: each undeclared identifier is reported only once for each function it appears in
../src/main.c:66:8: warning: unused variable 'RecvBuffer' [-Wunused-variable]
     u8 RecvBuffer[3];
        ^~~~~~~~~~
../src/main.c:65:8: warning: unused variable 'SendBuffer' [-Wunused-variable]
     u8 SendBuffer;
        ^~~~~~~~~~
../src/main.c:64:9: warning: unused variable 'IicStatus' [-Wunused-variable]
     int IicStatus;
         ^~~~~~~~~
../src/main.c:63:12: warning: unused variable 'Iic' [-Wunused-variable]
     XIicPs Iic;
            ^~~
../src/main.c:61:12: warning: unused variable 'wait' [-Wunused-variable]
     int i, wait;
            ^~~~
../src/main.c: In function 'load_image_from_sdcard':
../src/main.c:251:43: warning: passing argument 4 of 'f_read' from incompatible pointer type [-Wincompatible-pointer-types]
     Res = f_read(&fil, buffer, data_size, &NumBytesRead);
                                           ^~~~~~~~~~~~~
In file included from ../src/main.c:7:
../../tebf_bsp/ps7_cortexa9_0/include/ff.h:275:54: note: expected 'UINT *' {aka 'unsigned int *'} but argument is of type 'u32 *' {aka 'long unsigned int *'}
 FRESULT f_read (FIL* fp, void* buff, UINT btr, UINT* br);   /* Read data from the file */
                                                ~~~~~~^~
At top level:
../src/main.c:33:13: warning: 'filename' defined but not used [-Wunused-variable]
 static char filename[32];
             ^~~~~~~~
make: *** [src/subdir.mk:23: src/main.o] Error 1
16:00:43 **** Incremental Build of configuration Debug for project tebf ****
make pre-build main-build 
a9-linaro-pre-build-step
 
Building file: ../src/main.c
Invoking: ARM v7 gcc compiler
arm-none-eabi-gcc -Wall -O0 -g3 -c -fmessage-length=0 -MT"src/main.o" -mcpu=cortex-a9 -mfpu=vfpv3 -mfloat-abi=hard -I../../tebf_bsp/ps7_cortexa9_0/include -MMD -MP -MF"src/main.d" -MT"src/main.o" -o "src/main.o" "../src/main.c"
../src/main.c: In function 'main':
../src/main.c:67:8: warning: unused variable 'RecvBuffer' [-Wunused-variable]
     u8 RecvBuffer[3];
        ^~~~~~~~~~
../src/main.c:66:8: warning: unused variable 'SendBuffer' [-Wunused-variable]
     u8 SendBuffer;
        ^~~~~~~~~~
../src/main.c:65:9: warning: unused variable 'IicStatus' [-Wunused-variable]
     int IicStatus;
         ^~~~~~~~~
../src/main.c:64:12: warning: unused variable 'Iic' [-Wunused-variable]
     XIicPs Iic;
            ^~~
../src/main.c:61:12: warning: unused variable 'wait' [-Wunused-variable]
     int i, wait;
            ^~~~
../src/main.c: In function 'load_image_from_sdcard':
../src/main.c:252:43: warning: passing argument 4 of 'f_read' from incompatible pointer type [-Wincompatible-pointer-types]
     Res = f_read(&fil, buffer, data_size, &NumBytesRead);
                                           ^~~~~~~~~~~~~
In file included from ../src/main.c:7:
../../tebf_bsp/ps7_cortexa9_0/include/ff.h:275:54: note: expected 'UINT *' {aka 'unsigned int *'} but argument is of type 'u32 *' {aka 'long unsigned int *'}
 FRESULT f_read (FIL* fp, void* buff, UINT btr, UINT* br);   /* Read data from the file */
                                                ~~~~~~^~
At top level:
../src/main.c:33:13: warning: 'filename' defined but not used [-Wunused-variable]
 static char filename[32];
             ^~~~~~~~
Finished building: ../src/main.c
 
Building target: tebf.elf
Invoking: ARM v7 gcc linker
arm-none-eabi-gcc -mcpu=cortex-a9 -mfpu=vfpv3 -mfloat-abi=hard -Wl,-build-id=none -specs=Xilinx.spec -Wl,-T -Wl,../src/lscript.ld -L../../tebf_bsp/ps7_cortexa9_0/lib -o "tebf.elf"  ./src/main.o   -Wl,--start-group,-lxil,-lgcc,-lc,--end-group -Wl,--start-group,-lxilffs,-lxil,-lgcc,-lc,--end-group
Finished building target: tebf.elf
 
Invoking: ARM v7 Print Size
arm-none-eabi-size tebf.elf  |tee "tebf.elf.size"
   text	   data	    bss	    dec	    hex	filename
 126380	   2664	 287344	 416388	  65a84	tebf.elf
Finished building: tebf.elf.size
 
16:00:49 **** Incremental Build of configuration Debug for project tebf ****
make pre-build main-build 
a9-linaro-pre-build-step
 
make: Nothing to be done for 'main-build'.
16:01:27 **** Incremental Build of configuration Debug for project tebf ****
make pre-build main-build 
a9-linaro-pre-build-step
 
make: Nothing to be done for 'main-build'.
16:01:37 **** Incremental Build of configuration Debug for project tebf ****
make pre-build main-build 
a9-linaro-pre-build-step
 
Building file: ../src/main.c
Invoking: ARM v7 gcc compiler
arm-none-eabi-gcc -Wall -O0 -g3 -c -fmessage-length=0 -MT"src/main.o" -mcpu=cortex-a9 -mfpu=vfpv3 -mfloat-abi=hard -I../../tebf_bsp/ps7_cortexa9_0/include -MMD -MP -MF"src/main.d" -MT"src/main.o" -o "src/main.o" "../src/main.c"
../src/main.c: In function 'main':
../src/main.c:67:8: warning: unused variable 'RecvBuffer' [-Wunused-variable]
     u8 RecvBuffer[3];
        ^~~~~~~~~~
../src/main.c:66:8: warning: unused variable 'SendBuffer' [-Wunused-variable]
     u8 SendBuffer;
        ^~~~~~~~~~
../src/main.c:65:9: warning: unused variable 'IicStatus' [-Wunused-variable]
     int IicStatus;
         ^~~~~~~~~
../src/main.c:64:12: warning: unused variable 'Iic' [-Wunused-variable]
     XIicPs Iic;
            ^~~
../src/main.c:61:12: warning: unused variable 'wait' [-Wunused-variable]
     int i, wait;
            ^~~~
../src/main.c: In function 'load_image_from_sdcard':
../src/main.c:252:43: warning: passing argument 4 of 'f_read' from incompatible pointer type [-Wincompatible-pointer-types]
     Res = f_read(&fil, buffer, data_size, &NumBytesRead);
                                           ^~~~~~~~~~~~~
In file included from ../src/main.c:7:
../../tebf_bsp/ps7_cortexa9_0/include/ff.h:275:54: note: expected 'UINT *' {aka 'unsigned int *'} but argument is of type 'u32 *' {aka 'long unsigned int *'}
 FRESULT f_read (FIL* fp, void* buff, UINT btr, UINT* br);   /* Read data from the file */
                                                ~~~~~~^~
At top level:
../src/main.c:33:13: warning: 'filename' defined but not used [-Wunused-variable]
 static char filename[32];
             ^~~~~~~~
Finished building: ../src/main.c
 
Building target: tebf.elf
Invoking: ARM v7 gcc linker
arm-none-eabi-gcc -mcpu=cortex-a9 -mfpu=vfpv3 -mfloat-abi=hard -Wl,-build-id=none -specs=Xilinx.spec -Wl,-T -Wl,../src/lscript.ld -L../../tebf_bsp/ps7_cortexa9_0/lib -o "tebf.elf"  ./src/main.o   -Wl,--start-group,-lxil,-lgcc,-lc,--end-group -Wl,--start-group,-lxilffs,-lxil,-lgcc,-lc,--end-group
Finished building target: tebf.elf
 
Invoking: ARM v7 Print Size
arm-none-eabi-size tebf.elf  |tee "tebf.elf.size"
   text	   data	    bss	    dec	    hex	filename
 126380	   2664	 287344	 416388	  65a84	tebf.elf
Finished building: tebf.elf.size
 
16:01:38 **** Incremental Build of configuration Debug for project tebf ****
make pre-build main-build 
a9-linaro-pre-build-step
 
make: Nothing to be done for 'main-build'.
16:02:36 **** Incremental Build of configuration Debug for project tebf ****
make pre-build main-build 
a9-linaro-pre-build-step
 
Building file: ../src/main.c
Invoking: ARM v7 gcc compiler
arm-none-eabi-gcc -Wall -O0 -g3 -c -fmessage-length=0 -MT"src/main.o" -mcpu=cortex-a9 -mfpu=vfpv3 -mfloat-abi=hard -I../../tebf_bsp/ps7_cortexa9_0/include -MMD -MP -MF"src/main.d" -MT"src/main.o" -o "src/main.o" "../src/main.c"
../src/main.c: In function 'main':
../src/main.c:67:8: warning: unused variable 'RecvBuffer' [-Wunused-variable]
     u8 RecvBuffer[3];
        ^~~~~~~~~~
../src/main.c:66:8: warning: unused variable 'SendBuffer' [-Wunused-variable]
     u8 SendBuffer;
        ^~~~~~~~~~
../src/main.c:65:9: warning: unused variable 'IicStatus' [-Wunused-variable]
     int IicStatus;
         ^~~~~~~~~
../src/main.c:64:12: warning: unused variable 'Iic' [-Wunused-variable]
     XIicPs Iic;
            ^~~
../src/main.c:61:12: warning: unused variable 'wait' [-Wunused-variable]
     int i, wait;
            ^~~~
../src/main.c: In function 'load_image_from_sdcard':
../src/main.c:250:43: warning: passing argument 4 of 'f_read' from incompatible pointer type [-Wincompatible-pointer-types]
     Res = f_read(&fil, buffer, data_size, &NumBytesRead);
                                           ^~~~~~~~~~~~~
In file included from ../src/main.c:7:
../../tebf_bsp/ps7_cortexa9_0/include/ff.h:275:54: note: expected 'UINT *' {aka 'unsigned int *'} but argument is of type 'u32 *' {aka 'long unsigned int *'}
 FRESULT f_read (FIL* fp, void* buff, UINT btr, UINT* br);   /* Read data from the file */
                                                ~~~~~~^~
At top level:
../src/main.c:33:13: warning: 'filename' defined but not used [-Wunused-variable]
 static char filename[32];
             ^~~~~~~~
Finished building: ../src/main.c
 
Building target: tebf.elf
Invoking: ARM v7 gcc linker
arm-none-eabi-gcc -mcpu=cortex-a9 -mfpu=vfpv3 -mfloat-abi=hard -Wl,-build-id=none -specs=Xilinx.spec -Wl,-T -Wl,../src/lscript.ld -L../../tebf_bsp/ps7_cortexa9_0/lib -o "tebf.elf"  ./src/main.o   -Wl,--start-group,-lxil,-lgcc,-lc,--end-group -Wl,--start-group,-lxilffs,-lxil,-lgcc,-lc,--end-group
Finished building target: tebf.elf
 
Invoking: ARM v7 Print Size
arm-none-eabi-size tebf.elf  |tee "tebf.elf.size"
   text	   data	    bss	    dec	    hex	filename
 126380	   2664	 287344	 416388	  65a84	tebf.elf
Finished building: tebf.elf.size
 
16:02:37 **** Incremental Build of configuration Debug for project tebf ****
make pre-build main-build 
a9-linaro-pre-build-step
 
make: Nothing to be done for 'main-build'.
16:03:20 **** Incremental Build of configuration Debug for project tebf ****
make pre-build main-build 
a9-linaro-pre-build-step
 
Building file: ../src/main.c
Invoking: ARM v7 gcc compiler
arm-none-eabi-gcc -Wall -O0 -g3 -c -fmessage-length=0 -MT"src/main.o" -mcpu=cortex-a9 -mfpu=vfpv3 -mfloat-abi=hard -I../../tebf_bsp/ps7_cortexa9_0/include -MMD -MP -MF"src/main.d" -MT"src/main.o" -o "src/main.o" "../src/main.c"
../src/main.c: In function 'main':
../src/main.c:67:8: warning: unused variable 'RecvBuffer' [-Wunused-variable]
     u8 RecvBuffer[3];
        ^~~~~~~~~~
../src/main.c:66:8: warning: unused variable 'SendBuffer' [-Wunused-variable]
     u8 SendBuffer;
        ^~~~~~~~~~
../src/main.c:65:9: warning: unused variable 'IicStatus' [-Wunused-variable]
     int IicStatus;
         ^~~~~~~~~
../src/main.c:64:12: warning: unused variable 'Iic' [-Wunused-variable]
     XIicPs Iic;
            ^~~
../src/main.c:61:12: warning: unused variable 'wait' [-Wunused-variable]
     int i, wait;
            ^~~~
../src/main.c: In function 'load_image_from_sdcard':
../src/main.c:251:43: warning: passing argument 4 of 'f_read' from incompatible pointer type [-Wincompatible-pointer-types]
     Res = f_read(&fil, buffer, data_size, &NumBytesRead);
                                           ^~~~~~~~~~~~~
In file included from ../src/main.c:7:
../../tebf_bsp/ps7_cortexa9_0/include/ff.h:275:54: note: expected 'UINT *' {aka 'unsigned int *'} but argument is of type 'u32 *' {aka 'long unsigned int *'}
 FRESULT f_read (FIL* fp, void* buff, UINT btr, UINT* br);   /* Read data from the file */
                                                ~~~~~~^~
At top level:
../src/main.c:33:13: warning: 'filename' defined but not used [-Wunused-variable]
 static char filename[32];
             ^~~~~~~~
Finished building: ../src/main.c
 
Building target: tebf.elf
Invoking: ARM v7 gcc linker
arm-none-eabi-gcc -mcpu=cortex-a9 -mfpu=vfpv3 -mfloat-abi=hard -Wl,-build-id=none -specs=Xilinx.spec -Wl,-T -Wl,../src/lscript.ld -L../../tebf_bsp/ps7_cortexa9_0/lib -o "tebf.elf"  ./src/main.o   -Wl,--start-group,-lxil,-lgcc,-lc,--end-group -Wl,--start-group,-lxilffs,-lxil,-lgcc,-lc,--end-group
Finished building target: tebf.elf
 
Invoking: ARM v7 Print Size
arm-none-eabi-size tebf.elf  |tee "tebf.elf.size"
   text	   data	    bss	    dec	    hex	filename
 126380	   2664	 287344	 416388	  65a84	tebf.elf
Finished building: tebf.elf.size
 
16:03:22 **** Incremental Build of configuration Debug for project tebf ****
make pre-build main-build 
a9-linaro-pre-build-step
 
make: Nothing to be done for 'main-build'.
16:08:12 **** Incremental Build of configuration Debug for project tebf ****
make pre-build main-build 
a9-linaro-pre-build-step
 
Building file: ../src/main.c
Invoking: ARM v7 gcc compiler
arm-none-eabi-gcc -Wall -O0 -g3 -c -fmessage-length=0 -MT"src/main.o" -mcpu=cortex-a9 -mfpu=vfpv3 -mfloat-abi=hard -I../../tebf_bsp/ps7_cortexa9_0/include -MMD -MP -MF"src/main.d" -MT"src/main.o" -o "src/main.o" "../src/main.c"
../src/main.c: In function 'main':
../src/main.c:67:8: warning: unused variable 'RecvBuffer' [-Wunused-variable]
     u8 RecvBuffer[3];
        ^~~~~~~~~~
../src/main.c:66:8: warning: unused variable 'SendBuffer' [-Wunused-variable]
     u8 SendBuffer;
        ^~~~~~~~~~
../src/main.c:65:9: warning: unused variable 'IicStatus' [-Wunused-variable]
     int IicStatus;
         ^~~~~~~~~
../src/main.c:64:12: warning: unused variable 'Iic' [-Wunused-variable]
     XIicPs Iic;
            ^~~
../src/main.c:61:12: warning: unused variable 'wait' [-Wunused-variable]
     int i, wait;
            ^~~~
../src/main.c: In function 'load_image_from_sdcard':
../src/main.c:280:43: warning: passing argument 4 of 'f_read' from incompatible pointer type [-Wincompatible-pointer-types]
     Res = f_read(&fil, buffer, data_size, &NumBytesRead);
                                           ^~~~~~~~~~~~~
In file included from ../src/main.c:7:
../../tebf_bsp/ps7_cortexa9_0/include/ff.h:275:54: note: expected 'UINT *' {aka 'unsigned int *'} but argument is of type 'u32 *' {aka 'long unsigned int *'}
 FRESULT f_read (FIL* fp, void* buff, UINT btr, UINT* br);   /* Read data from the file */
                                                ~~~~~~^~
At top level:
../src/main.c:33:13: warning: 'filename' defined but not used [-Wunused-variable]
 static char filename[32];
             ^~~~~~~~
Finished building: ../src/main.c
 
Building target: tebf.elf
Invoking: ARM v7 gcc linker
arm-none-eabi-gcc -mcpu=cortex-a9 -mfpu=vfpv3 -mfloat-abi=hard -Wl,-build-id=none -specs=Xilinx.spec -Wl,-T -Wl,../src/lscript.ld -L../../tebf_bsp/ps7_cortexa9_0/lib -o "tebf.elf"  ./src/main.o   -Wl,--start-group,-lxil,-lgcc,-lc,--end-group -Wl,--start-group,-lxilffs,-lxil,-lgcc,-lc,--end-group
Finished building target: tebf.elf
 
Invoking: ARM v7 Print Size
arm-none-eabi-size tebf.elf  |tee "tebf.elf.size"
   text	   data	    bss	    dec	    hex	filename
 126812	   2664	 287344	 416820	  65c34	tebf.elf
Finished building: tebf.elf.size
 
16:08:14 **** Incremental Build of configuration Debug for project tebf ****
make pre-build main-build 
a9-linaro-pre-build-step
 
make: Nothing to be done for 'main-build'.
16:09:13 **** Incremental Build of configuration Debug for project tebf ****
make pre-build main-build 
a9-linaro-pre-build-step
 
Building file: ../src/main.c
Invoking: ARM v7 gcc compiler
arm-none-eabi-gcc -Wall -O0 -g3 -c -fmessage-length=0 -MT"src/main.o" -mcpu=cortex-a9 -mfpu=vfpv3 -mfloat-abi=hard -I../../tebf_bsp/ps7_cortexa9_0/include -MMD -MP -MF"src/main.d" -MT"src/main.o" -o "src/main.o" "../src/main.c"
../src/main.c: In function 'main':
../src/main.c:253:5: warning: 'main' is normally a non-static function [-Wmain]
 int main()
     ^~~~
../src/main.c: In function 'main':
../src/main.c:267:8: warning: unused variable 'RecvBuffer' [-Wunused-variable]
     u8 RecvBuffer[3];
        ^~~~~~~~~~
../src/main.c:266:8: warning: unused variable 'SendBuffer' [-Wunused-variable]
     u8 SendBuffer;
        ^~~~~~~~~~
../src/main.c:265:9: warning: unused variable 'IicStatus' [-Wunused-variable]
     int IicStatus;
         ^~~~~~~~~
../src/main.c:264:12: warning: unused variable 'Iic' [-Wunused-variable]
     XIicPs Iic;
            ^~~
../src/main.c:261:12: warning: unused variable 'wait' [-Wunused-variable]
     int i, wait;
            ^~~~
../src/main.c: In function 'main':
../src/main.c:458:6: error: static declaration of 'load_image_from_sdcard' follows non-static declaration
 void load_image_from_sdcard(const char *filename) {
      ^~~~~~~~~~~~~~~~~~~~~~
../src/main.c:247:6: note: previous declaration of 'load_image_from_sdcard' was here
 void load_image_from_sdcard(const char *filename);
      ^~~~~~~~~~~~~~~~~~~~~~
../src/main.c: In function 'load_image_from_sdcard':
../src/main.c:480:43: warning: passing argument 4 of 'f_read' from incompatible pointer type [-Wincompatible-pointer-types]
     Res = f_read(&fil, buffer, data_size, &NumBytesRead);
                                           ^~~~~~~~~~~~~
In file included from ../src/main.c:7:
../../tebf_bsp/ps7_cortexa9_0/include/ff.h:275:54: note: expected 'UINT *' {aka 'unsigned int *'} but argument is of type 'u32 *' {aka 'long unsigned int *'}
 FRESULT f_read (FIL* fp, void* buff, UINT btr, UINT* br);   /* Read data from the file */
                                                ~~~~~~^~
../src/main.c: In function 'main':
../src/main.c:521:6: error: static declaration of 'FormatTimeLine' follows non-static declaration
 void FormatTimeLine(char *buf, u8 min, u8 sec)
      ^~~~~~~~~~~~~~
../src/main.c:248:6: note: previous declaration of 'FormatTimeLine' was here
 void FormatTimeLine(char *buf, u8 min, u8 sec);
      ^~~~~~~~~~~~~~
../src/main.c:528:6: error: static declaration of 'FormatScoreLine' follows non-static declaration
 void FormatScoreLine(char *buf, int score)
      ^~~~~~~~~~~~~~~
../src/main.c:249:6: note: previous declaration of 'FormatScoreLine' was here
 void FormatScoreLine(char *buf, int score);
      ^~~~~~~~~~~~~~~
../src/main.c:535:5: error: static declaration of 'ReadRTC' follows non-static declaration
 int ReadRTC(XIicPs Iic, u8 *SendBuffer, u8 *RecvBuffer)
     ^~~~~~~
../src/main.c:250:6: note: previous declaration of 'ReadRTC' was here
 int  ReadRTC(XIicPs Iic, u8 *SendBuffer, u8 *RecvBuffer);
      ^~~~~~~
../src/main.c:568:5: error: static declaration of 'WriteRTC' follows non-static declaration
 int WriteRTC(XIicPs *Iic, u8 min, u8 sec)
     ^~~~~~~~
../src/main.c:251:6: note: previous declaration of 'WriteRTC' was here
 int  WriteRTC(XIicPs *Iic, u8 min, u8 sec);
      ^~~~~~~~
../src/main.c:604:6: error: static declaration of 'GetCmd' follows non-static declaration
 void GetCmd(char *sel)
      ^~~~~~
../src/main.c:244:6: note: previous declaration of 'GetCmd' was here
 void GetCmd(char *sel);
      ^~~~~~
../src/main.c:619:6: error: static declaration of 'GetCmdWithLiveLCD' follows non-static declaration
 void GetCmdWithLiveLCD(char *buf, int line)
      ^~~~~~~~~~~~~~~~~
../src/main.c:245:6: note: previous declaration of 'GetCmdWithLiveLCD' was here
 void GetCmdWithLiveLCD(char *buf, int line);
      ^~~~~~~~~~~~~~~~~
../src/main.c:640:6: error: static declaration of 'WriteTLCDByString' follows non-static declaration
 void WriteTLCDByString(char *text, int line)
      ^~~~~~~~~~~~~~~~~
../src/main.c:246:6: note: previous declaration of 'WriteTLCDByString' was here
 void WriteTLCDByString(char *text, int line);
      ^~~~~~~~~~~~~~~~~
../src/main.c:233:13: warning: unused variable 'filename' [-Wunused-variable]
 static char filename[32];
             ^~~~~~~~
../src/main.c:67:8: warning: unused variable 'RecvBuffer' [-Wunused-variable]
     u8 RecvBuffer[3];
        ^~~~~~~~~~
../src/main.c:66:8: warning: unused variable 'SendBuffer' [-Wunused-variable]
     u8 SendBuffer;
        ^~~~~~~~~~
../src/main.c:65:9: warning: unused variable 'IicStatus' [-Wunused-variable]
     int IicStatus;
         ^~~~~~~~~
../src/main.c:64:12: warning: unused variable 'Iic' [-Wunused-variable]
     XIicPs Iic;
            ^~~
../src/main.c:61:12: warning: unused variable 'wait' [-Wunused-variable]
     int i, wait;
            ^~~~
../src/main.c: In function 'load_image_from_sdcard':
../src/main.c:727:43: warning: passing argument 4 of 'f_read' from incompatible pointer type [-Wincompatible-pointer-types]
     Res = f_read(&fil, buffer, data_size, &NumBytesRead);
                                           ^~~~~~~~~~~~~
In file included from ../src/main.c:7:
../../tebf_bsp/ps7_cortexa9_0/include/ff.h:275:54: note: expected 'UINT *' {aka 'unsigned int *'} but argument is of type 'u32 *' {aka 'long unsigned int *'}
 FRESULT f_read (FIL* fp, void* buff, UINT btr, UINT* br);   /* Read data from the file */
                                                ~~~~~~^~
At top level:
../src/main.c:233:13: warning: 'filename' defined but not used [-Wunused-variable]
 static char filename[32];
             ^~~~~~~~
../src/main.c:619:6: warning: 'GetCmdWithLiveLCD' defined but not used [-Wunused-function]
 void GetCmdWithLiveLCD(char *buf, int line)
      ^~~~~~~~~~~~~~~~~
../src/main.c:604:6: warning: 'GetCmd' defined but not used [-Wunused-function]
 void GetCmd(char *sel)
      ^~~~~~
../src/main.c:568:5: warning: 'WriteRTC' defined but not used [-Wunused-function]
 int WriteRTC(XIicPs *Iic, u8 min, u8 sec)
     ^~~~~~~~
../src/main.c:535:5: warning: 'ReadRTC' defined but not used [-Wunused-function]
 int ReadRTC(XIicPs Iic, u8 *SendBuffer, u8 *RecvBuffer)
     ^~~~~~~
../src/main.c:528:6: warning: 'FormatScoreLine' defined but not used [-Wunused-function]
 void FormatScoreLine(char *buf, int score)
      ^~~~~~~~~~~~~~~
../src/main.c:521:6: warning: 'FormatTimeLine' defined but not used [-Wunused-function]
 void FormatTimeLine(char *buf, u8 min, u8 sec)
      ^~~~~~~~~~~~~~
../src/main.c:253:5: warning: 'main' defined but not used [-Wunused-function]
 int main()
     ^~~~
../src/main.c:33:13: warning: 'filename' defined but not used [-Wunused-variable]
 static char filename[32];
             ^~~~~~~~
make: *** [src/subdir.mk:23: src/main.o] Error 1
16:09:14 **** Incremental Build of configuration Debug for project tebf ****
make pre-build main-build 
a9-linaro-pre-build-step
 
Building file: ../src/main.c
Invoking: ARM v7 gcc compiler
arm-none-eabi-gcc -Wall -O0 -g3 -c -fmessage-length=0 -MT"src/main.o" -mcpu=cortex-a9 -mfpu=vfpv3 -mfloat-abi=hard -I../../tebf_bsp/ps7_cortexa9_0/include -MMD -MP -MF"src/main.d" -MT"src/main.o" -o "src/main.o" "../src/main.c"
../src/main.c: In function 'main':
../src/main.c:253:5: warning: 'main' is normally a non-static function [-Wmain]
 int main()
     ^~~~
../src/main.c: In function 'main':
../src/main.c:267:8: warning: unused variable 'RecvBuffer' [-Wunused-variable]
     u8 RecvBuffer[3];
        ^~~~~~~~~~
../src/main.c:266:8: warning: unused variable 'SendBuffer' [-Wunused-variable]
     u8 SendBuffer;
        ^~~~~~~~~~
../src/main.c:265:9: warning: unused variable 'IicStatus' [-Wunused-variable]
     int IicStatus;
         ^~~~~~~~~
../src/main.c:264:12: warning: unused variable 'Iic' [-Wunused-variable]
     XIicPs Iic;
            ^~~
../src/main.c:261:12: warning: unused variable 'wait' [-Wunused-variable]
     int i, wait;
            ^~~~
../src/main.c: In function 'main':
../src/main.c:458:6: error: static declaration of 'load_image_from_sdcard' follows non-static declaration
 void load_image_from_sdcard(const char *filename) {
      ^~~~~~~~~~~~~~~~~~~~~~
../src/main.c:247:6: note: previous declaration of 'load_image_from_sdcard' was here
 void load_image_from_sdcard(const char *filename);
      ^~~~~~~~~~~~~~~~~~~~~~
../src/main.c: In function 'load_image_from_sdcard':
../src/main.c:480:43: warning: passing argument 4 of 'f_read' from incompatible pointer type [-Wincompatible-pointer-types]
     Res = f_read(&fil, buffer, data_size, &NumBytesRead);
                                           ^~~~~~~~~~~~~
In file included from ../src/main.c:7:
../../tebf_bsp/ps7_cortexa9_0/include/ff.h:275:54: note: expected 'UINT *' {aka 'unsigned int *'} but argument is of type 'u32 *' {aka 'long unsigned int *'}
 FRESULT f_read (FIL* fp, void* buff, UINT btr, UINT* br);   /* Read data from the file */
                                                ~~~~~~^~
../src/main.c: In function 'main':
../src/main.c:521:6: error: static declaration of 'FormatTimeLine' follows non-static declaration
 void FormatTimeLine(char *buf, u8 min, u8 sec)
      ^~~~~~~~~~~~~~
../src/main.c:248:6: note: previous declaration of 'FormatTimeLine' was here
 void FormatTimeLine(char *buf, u8 min, u8 sec);
      ^~~~~~~~~~~~~~
../src/main.c:528:6: error: static declaration of 'FormatScoreLine' follows non-static declaration
 void FormatScoreLine(char *buf, int score)
      ^~~~~~~~~~~~~~~
../src/main.c:249:6: note: previous declaration of 'FormatScoreLine' was here
 void FormatScoreLine(char *buf, int score);
      ^~~~~~~~~~~~~~~
../src/main.c:535:5: error: static declaration of 'ReadRTC' follows non-static declaration
 int ReadRTC(XIicPs Iic, u8 *SendBuffer, u8 *RecvBuffer)
     ^~~~~~~
../src/main.c:250:6: note: previous declaration of 'ReadRTC' was here
 int  ReadRTC(XIicPs Iic, u8 *SendBuffer, u8 *RecvBuffer);
      ^~~~~~~
../src/main.c:568:5: error: static declaration of 'WriteRTC' follows non-static declaration
 int WriteRTC(XIicPs *Iic, u8 min, u8 sec)
     ^~~~~~~~
../src/main.c:251:6: note: previous declaration of 'WriteRTC' was here
 int  WriteRTC(XIicPs *Iic, u8 min, u8 sec);
      ^~~~~~~~
../src/main.c:604:6: error: static declaration of 'GetCmd' follows non-static declaration
 void GetCmd(char *sel)
      ^~~~~~
../src/main.c:244:6: note: previous declaration of 'GetCmd' was here
 void GetCmd(char *sel);
      ^~~~~~
../src/main.c:619:6: error: static declaration of 'GetCmdWithLiveLCD' follows non-static declaration
 void GetCmdWithLiveLCD(char *buf, int line)
      ^~~~~~~~~~~~~~~~~
../src/main.c:245:6: note: previous declaration of 'GetCmdWithLiveLCD' was here
 void GetCmdWithLiveLCD(char *buf, int line);
      ^~~~~~~~~~~~~~~~~
../src/main.c:640:6: error: static declaration of 'WriteTLCDByString' follows non-static declaration
 void WriteTLCDByString(char *text, int line)
      ^~~~~~~~~~~~~~~~~
../src/main.c:246:6: note: previous declaration of 'WriteTLCDByString' was here
 void WriteTLCDByString(char *text, int line);
      ^~~~~~~~~~~~~~~~~
../src/main.c:233:13: warning: unused variable 'filename' [-Wunused-variable]
 static char filename[32];
             ^~~~~~~~
../src/main.c:67:8: warning: unused variable 'RecvBuffer' [-Wunused-variable]
     u8 RecvBuffer[3];
        ^~~~~~~~~~
../src/main.c:66:8: warning: unused variable 'SendBuffer' [-Wunused-variable]
     u8 SendBuffer;
        ^~~~~~~~~~
../src/main.c:65:9: warning: unused variable 'IicStatus' [-Wunused-variable]
     int IicStatus;
         ^~~~~~~~~
../src/main.c:64:12: warning: unused variable 'Iic' [-Wunused-variable]
     XIicPs Iic;
            ^~~
../src/main.c:61:12: warning: unused variable 'wait' [-Wunused-variable]
     int i, wait;
            ^~~~
../src/main.c: In function 'load_image_from_sdcard':
../src/main.c:727:43: warning: passing argument 4 of 'f_read' from incompatible pointer type [-Wincompatible-pointer-types]
     Res = f_read(&fil, buffer, data_size, &NumBytesRead);
                                           ^~~~~~~~~~~~~
In file included from ../src/main.c:7:
../../tebf_bsp/ps7_cortexa9_0/include/ff.h:275:54: note: expected 'UINT *' {aka 'unsigned int *'} but argument is of type 'u32 *' {aka 'long unsigned int *'}
 FRESULT f_read (FIL* fp, void* buff, UINT btr, UINT* br);   /* Read data from the file */
                                                ~~~~~~^~
At top level:
../src/main.c:233:13: warning: 'filename' defined but not used [-Wunused-variable]
 static char filename[32];
             ^~~~~~~~
../src/main.c:619:6: warning: 'GetCmdWithLiveLCD' defined but not used [-Wunused-function]
 void GetCmdWithLiveLCD(char *buf, int line)
      ^~~~~~~~~~~~~~~~~
../src/main.c:604:6: warning: 'GetCmd' defined but not used [-Wunused-function]
 void GetCmd(char *sel)
      ^~~~~~
../src/main.c:568:5: warning: 'WriteRTC' defined but not used [-Wunused-function]
 int WriteRTC(XIicPs *Iic, u8 min, u8 sec)
     ^~~~~~~~
../src/main.c:535:5: warning: 'ReadRTC' defined but not used [-Wunused-function]
 int ReadRTC(XIicPs Iic, u8 *SendBuffer, u8 *RecvBuffer)
     ^~~~~~~
../src/main.c:528:6: warning: 'FormatScoreLine' defined but not used [-Wunused-function]
 void FormatScoreLine(char *buf, int score)
      ^~~~~~~~~~~~~~~
../src/main.c:521:6: warning: 'FormatTimeLine' defined but not used [-Wunused-function]
 void FormatTimeLine(char *buf, u8 min, u8 sec)
      ^~~~~~~~~~~~~~
../src/main.c:253:5: warning: 'main' defined but not used [-Wunused-function]
 int main()
     ^~~~
../src/main.c:33:13: warning: 'filename' defined but not used [-Wunused-variable]
 static char filename[32];
             ^~~~~~~~
make: *** [src/subdir.mk:23: src/main.o] Error 1
16:10:41 **** Incremental Build of configuration Debug for project tebf ****
make pre-build main-build 
a9-linaro-pre-build-step
 
Building file: ../src/main.c
Invoking: ARM v7 gcc compiler
arm-none-eabi-gcc -Wall -O0 -g3 -c -fmessage-length=0 -MT"src/main.o" -mcpu=cortex-a9 -mfpu=vfpv3 -mfloat-abi=hard -I../../tebf_bsp/ps7_cortexa9_0/include -MMD -MP -MF"src/main.d" -MT"src/main.o" -o "src/main.o" "../src/main.c"
../src/main.c: In function 'main':
../src/main.c:253:5: warning: 'main' is normally a non-static function [-Wmain]
 int main()
     ^~~~
../src/main.c: In function 'main':
../src/main.c:267:8: warning: unused variable 'RecvBuffer' [-Wunused-variable]
     u8 RecvBuffer[3];
        ^~~~~~~~~~
../src/main.c:266:8: warning: unused variable 'SendBuffer' [-Wunused-variable]
     u8 SendBuffer;
        ^~~~~~~~~~
../src/main.c:265:9: warning: unused variable 'IicStatus' [-Wunused-variable]
     int IicStatus;
         ^~~~~~~~~
../src/main.c:264:12: warning: unused variable 'Iic' [-Wunused-variable]
     XIicPs Iic;
            ^~~
../src/main.c:261:12: warning: unused variable 'wait' [-Wunused-variable]
     int i, wait;
            ^~~~
../src/main.c: In function 'main':
../src/main.c:458:6: error: static declaration of 'load_image_from_sdcard' follows non-static declaration
 void load_image_from_sdcard(const char *filename) {
      ^~~~~~~~~~~~~~~~~~~~~~
../src/main.c:247:6: note: previous declaration of 'load_image_from_sdcard' was here
 void load_image_from_sdcard(const char *filename);
      ^~~~~~~~~~~~~~~~~~~~~~
../src/main.c: In function 'load_image_from_sdcard':
../src/main.c:480:43: warning: passing argument 4 of 'f_read' from incompatible pointer type [-Wincompatible-pointer-types]
     Res = f_read(&fil, buffer, data_size, &NumBytesRead);
                                           ^~~~~~~~~~~~~
In file included from ../src/main.c:7:
../../tebf_bsp/ps7_cortexa9_0/include/ff.h:275:54: note: expected 'UINT *' {aka 'unsigned int *'} but argument is of type 'u32 *' {aka 'long unsigned int *'}
 FRESULT f_read (FIL* fp, void* buff, UINT btr, UINT* br);   /* Read data from the file */
                                                ~~~~~~^~
../src/main.c: In function 'main':
../src/main.c:521:6: error: static declaration of 'FormatTimeLine' follows non-static declaration
 void FormatTimeLine(char *buf, u8 min, u8 sec)
      ^~~~~~~~~~~~~~
../src/main.c:248:6: note: previous declaration of 'FormatTimeLine' was here
 void FormatTimeLine(char *buf, u8 min, u8 sec);
      ^~~~~~~~~~~~~~
../src/main.c:528:6: error: static declaration of 'FormatScoreLine' follows non-static declaration
 void FormatScoreLine(char *buf, int score)
      ^~~~~~~~~~~~~~~
../src/main.c:249:6: note: previous declaration of 'FormatScoreLine' was here
 void FormatScoreLine(char *buf, int score);
      ^~~~~~~~~~~~~~~
../src/main.c:535:5: error: static declaration of 'ReadRTC' follows non-static declaration
 int ReadRTC(XIicPs Iic, u8 *SendBuffer, u8 *RecvBuffer)
     ^~~~~~~
../src/main.c:250:6: note: previous declaration of 'ReadRTC' was here
 int  ReadRTC(XIicPs Iic, u8 *SendBuffer, u8 *RecvBuffer);
      ^~~~~~~
../src/main.c:568:5: error: static declaration of 'WriteRTC' follows non-static declaration
 int WriteRTC(XIicPs *Iic, u8 min, u8 sec)
     ^~~~~~~~
../src/main.c:251:6: note: previous declaration of 'WriteRTC' was here
 int  WriteRTC(XIicPs *Iic, u8 min, u8 sec);
      ^~~~~~~~
../src/main.c:604:6: error: static declaration of 'GetCmd' follows non-static declaration
 void GetCmd(char *sel)
      ^~~~~~
../src/main.c:244:6: note: previous declaration of 'GetCmd' was here
 void GetCmd(char *sel);
      ^~~~~~
../src/main.c:619:6: error: static declaration of 'GetCmdWithLiveLCD' follows non-static declaration
 void GetCmdWithLiveLCD(char *buf, int line)
      ^~~~~~~~~~~~~~~~~
../src/main.c:245:6: note: previous declaration of 'GetCmdWithLiveLCD' was here
 void GetCmdWithLiveLCD(char *buf, int line);
      ^~~~~~~~~~~~~~~~~
../src/main.c:640:6: error: static declaration of 'WriteTLCDByString' follows non-static declaration
 void WriteTLCDByString(char *text, int line)
      ^~~~~~~~~~~~~~~~~
../src/main.c:246:6: note: previous declaration of 'WriteTLCDByString' was here
 void WriteTLCDByString(char *text, int line);
      ^~~~~~~~~~~~~~~~~
../src/main.c:233:13: warning: unused variable 'filename' [-Wunused-variable]
 static char filename[32];
             ^~~~~~~~
../src/main.c:67:8: warning: unused variable 'RecvBuffer' [-Wunused-variable]
     u8 RecvBuffer[3];
        ^~~~~~~~~~
../src/main.c:66:8: warning: unused variable 'SendBuffer' [-Wunused-variable]
     u8 SendBuffer;
        ^~~~~~~~~~
../src/main.c:65:9: warning: unused variable 'IicStatus' [-Wunused-variable]
     int IicStatus;
         ^~~~~~~~~
../src/main.c:64:12: warning: unused variable 'Iic' [-Wunused-variable]
     XIicPs Iic;
            ^~~
../src/main.c:61:12: warning: unused variable 'wait' [-Wunused-variable]
     int i, wait;
            ^~~~
../src/main.c: In function 'load_image_from_sdcard':
../src/main.c:727:43: warning: passing argument 4 of 'f_read' from incompatible pointer type [-Wincompatible-pointer-types]
     Res = f_read(&fil, buffer, data_size, &NumBytesRead);
                                           ^~~~~~~~~~~~~
In file included from ../src/main.c:7:
../../tebf_bsp/ps7_cortexa9_0/include/ff.h:275:54: note: expected 'UINT *' {aka 'unsigned int *'} but argument is of type 'u32 *' {aka 'long unsigned int *'}
 FRESULT f_read (FIL* fp, void* buff, UINT btr, UINT* br);   /* Read data from the file */
                                                ~~~~~~^~
At top level:
../src/main.c:233:13: warning: 'filename' defined but not used [-Wunused-variable]
 static char filename[32];
             ^~~~~~~~
../src/main.c:619:6: warning: 'GetCmdWithLiveLCD' defined but not used [-Wunused-function]
 void GetCmdWithLiveLCD(char *buf, int line)
      ^~~~~~~~~~~~~~~~~
../src/main.c:604:6: warning: 'GetCmd' defined but not used [-Wunused-function]
 void GetCmd(char *sel)
      ^~~~~~
../src/main.c:568:5: warning: 'WriteRTC' defined but not used [-Wunused-function]
 int WriteRTC(XIicPs *Iic, u8 min, u8 sec)
     ^~~~~~~~
../src/main.c:535:5: warning: 'ReadRTC' defined but not used [-Wunused-function]
 int ReadRTC(XIicPs Iic, u8 *SendBuffer, u8 *RecvBuffer)
     ^~~~~~~
../src/main.c:528:6: warning: 'FormatScoreLine' defined but not used [-Wunused-function]
 void FormatScoreLine(char *buf, int score)
      ^~~~~~~~~~~~~~~
../src/main.c:521:6: warning: 'FormatTimeLine' defined but not used [-Wunused-function]
 void FormatTimeLine(char *buf, u8 min, u8 sec)
      ^~~~~~~~~~~~~~
../src/main.c:253:5: warning: 'main' defined but not used [-Wunused-function]
 int main()
     ^~~~
../src/main.c:33:13: warning: 'filename' defined but not used [-Wunused-variable]
 static char filename[32];
             ^~~~~~~~
make: *** [src/subdir.mk:23: src/main.o] Error 1
16:10:47 **** Incremental Build of configuration Debug for project tebf ****
make pre-build main-build 
a9-linaro-pre-build-step
 
Building file: ../src/main.c
Invoking: ARM v7 gcc compiler
arm-none-eabi-gcc -Wall -O0 -g3 -c -fmessage-length=0 -MT"src/main.o" -mcpu=cortex-a9 -mfpu=vfpv3 -mfloat-abi=hard -I../../tebf_bsp/ps7_cortexa9_0/include -MMD -MP -MF"src/main.d" -MT"src/main.o" -o "src/main.o" "../src/main.c"
../src/main.c: In function 'main':
../src/main.c:253:5: warning: 'main' is normally a non-static function [-Wmain]
 int main()
     ^~~~
../src/main.c: In function 'main':
../src/main.c:267:8: warning: unused variable 'RecvBuffer' [-Wunused-variable]
     u8 RecvBuffer[3];
        ^~~~~~~~~~
../src/main.c:266:8: warning: unused variable 'SendBuffer' [-Wunused-variable]
     u8 SendBuffer;
        ^~~~~~~~~~
../src/main.c:265:9: warning: unused variable 'IicStatus' [-Wunused-variable]
     int IicStatus;
         ^~~~~~~~~
../src/main.c:264:12: warning: unused variable 'Iic' [-Wunused-variable]
     XIicPs Iic;
            ^~~
../src/main.c:261:12: warning: unused variable 'wait' [-Wunused-variable]
     int i, wait;
            ^~~~
../src/main.c: In function 'main':
../src/main.c:458:6: error: static declaration of 'load_image_from_sdcard' follows non-static declaration
 void load_image_from_sdcard(const char *filename) {
      ^~~~~~~~~~~~~~~~~~~~~~
../src/main.c:247:6: note: previous declaration of 'load_image_from_sdcard' was here
 void load_image_from_sdcard(const char *filename);
      ^~~~~~~~~~~~~~~~~~~~~~
../src/main.c: In function 'load_image_from_sdcard':
../src/main.c:480:43: warning: passing argument 4 of 'f_read' from incompatible pointer type [-Wincompatible-pointer-types]
     Res = f_read(&fil, buffer, data_size, &NumBytesRead);
                                           ^~~~~~~~~~~~~
In file included from ../src/main.c:7:
../../tebf_bsp/ps7_cortexa9_0/include/ff.h:275:54: note: expected 'UINT *' {aka 'unsigned int *'} but argument is of type 'u32 *' {aka 'long unsigned int *'}
 FRESULT f_read (FIL* fp, void* buff, UINT btr, UINT* br);   /* Read data from the file */
                                                ~~~~~~^~
../src/main.c: In function 'main':
../src/main.c:521:6: error: static declaration of 'FormatTimeLine' follows non-static declaration
 void FormatTimeLine(char *buf, u8 min, u8 sec)
      ^~~~~~~~~~~~~~
../src/main.c:248:6: note: previous declaration of 'FormatTimeLine' was here
 void FormatTimeLine(char *buf, u8 min, u8 sec);
      ^~~~~~~~~~~~~~
../src/main.c:528:6: error: static declaration of 'FormatScoreLine' follows non-static declaration
 void FormatScoreLine(char *buf, int score)
      ^~~~~~~~~~~~~~~
../src/main.c:249:6: note: previous declaration of 'FormatScoreLine' was here
 void FormatScoreLine(char *buf, int score);
      ^~~~~~~~~~~~~~~
../src/main.c:535:5: error: static declaration of 'ReadRTC' follows non-static declaration
 int ReadRTC(XIicPs Iic, u8 *SendBuffer, u8 *RecvBuffer)
     ^~~~~~~
../src/main.c:250:6: note: previous declaration of 'ReadRTC' was here
 int  ReadRTC(XIicPs Iic, u8 *SendBuffer, u8 *RecvBuffer);
      ^~~~~~~
../src/main.c:568:5: error: static declaration of 'WriteRTC' follows non-static declaration
 int WriteRTC(XIicPs *Iic, u8 min, u8 sec)
     ^~~~~~~~
../src/main.c:251:6: note: previous declaration of 'WriteRTC' was here
 int  WriteRTC(XIicPs *Iic, u8 min, u8 sec);
      ^~~~~~~~
../src/main.c:604:6: error: static declaration of 'GetCmd' follows non-static declaration
 void GetCmd(char *sel)
      ^~~~~~
../src/main.c:244:6: note: previous declaration of 'GetCmd' was here
 void GetCmd(char *sel);
      ^~~~~~
../src/main.c:619:6: error: static declaration of 'GetCmdWithLiveLCD' follows non-static declaration
 void GetCmdWithLiveLCD(char *buf, int line)
      ^~~~~~~~~~~~~~~~~
../src/main.c:245:6: note: previous declaration of 'GetCmdWithLiveLCD' was here
 void GetCmdWithLiveLCD(char *buf, int line);
      ^~~~~~~~~~~~~~~~~
../src/main.c:640:6: error: static declaration of 'WriteTLCDByString' follows non-static declaration
 void WriteTLCDByString(char *text, int line)
      ^~~~~~~~~~~~~~~~~
../src/main.c:246:6: note: previous declaration of 'WriteTLCDByString' was here
 void WriteTLCDByString(char *text, int line);
      ^~~~~~~~~~~~~~~~~
../src/main.c:233:13: warning: unused variable 'filename' [-Wunused-variable]
 static char filename[32];
             ^~~~~~~~
../src/main.c:67:8: warning: unused variable 'RecvBuffer' [-Wunused-variable]
     u8 RecvBuffer[3];
        ^~~~~~~~~~
../src/main.c:66:8: warning: unused variable 'SendBuffer' [-Wunused-variable]
     u8 SendBuffer;
        ^~~~~~~~~~
../src/main.c:65:9: warning: unused variable 'IicStatus' [-Wunused-variable]
     int IicStatus;
         ^~~~~~~~~
../src/main.c:64:12: warning: unused variable 'Iic' [-Wunused-variable]
     XIicPs Iic;
            ^~~
../src/main.c:61:12: warning: unused variable 'wait' [-Wunused-variable]
     int i, wait;
            ^~~~
../src/main.c: In function 'load_image_from_sdcard':
../src/main.c:727:43: warning: passing argument 4 of 'f_read' from incompatible pointer type [-Wincompatible-pointer-types]
     Res = f_read(&fil, buffer, data_size, &NumBytesRead);
                                           ^~~~~~~~~~~~~
In file included from ../src/main.c:7:
../../tebf_bsp/ps7_cortexa9_0/include/ff.h:275:54: note: expected 'UINT *' {aka 'unsigned int *'} but argument is of type 'u32 *' {aka 'long unsigned int *'}
 FRESULT f_read (FIL* fp, void* buff, UINT btr, UINT* br);   /* Read data from the file */
                                                ~~~~~~^~
At top level:
../src/main.c:233:13: warning: 'filename' defined but not used [-Wunused-variable]
 static char filename[32];
             ^~~~~~~~
../src/main.c:619:6: warning: 'GetCmdWithLiveLCD' defined but not used [-Wunused-function]
 void GetCmdWithLiveLCD(char *buf, int line)
      ^~~~~~~~~~~~~~~~~
../src/main.c:604:6: warning: 'GetCmd' defined but not used [-Wunused-function]
 void GetCmd(char *sel)
      ^~~~~~
../src/main.c:568:5: warning: 'WriteRTC' defined but not used [-Wunused-function]
 int WriteRTC(XIicPs *Iic, u8 min, u8 sec)
     ^~~~~~~~
../src/main.c:535:5: warning: 'ReadRTC' defined but not used [-Wunused-function]
 int ReadRTC(XIicPs Iic, u8 *SendBuffer, u8 *RecvBuffer)
     ^~~~~~~
../src/main.c:528:6: warning: 'FormatScoreLine' defined but not used [-Wunused-function]
 void FormatScoreLine(char *buf, int score)
      ^~~~~~~~~~~~~~~
../src/main.c:521:6: warning: 'FormatTimeLine' defined but not used [-Wunused-function]
 void FormatTimeLine(char *buf, u8 min, u8 sec)
      ^~~~~~~~~~~~~~
../src/main.c:253:5: warning: 'main' defined but not used [-Wunused-function]
 int main()
     ^~~~
../src/main.c:33:13: warning: 'filename' defined but not used [-Wunused-variable]
 static char filename[32];
             ^~~~~~~~
make: *** [src/subdir.mk:23: src/main.o] Error 1
16:10:54 **** Incremental Build of configuration Debug for project tebf ****
make pre-build main-build 
a9-linaro-pre-build-step
 
Building file: ../src/main.c
Invoking: ARM v7 gcc compiler
arm-none-eabi-gcc -Wall -O0 -g3 -c -fmessage-length=0 -MT"src/main.o" -mcpu=cortex-a9 -mfpu=vfpv3 -mfloat-abi=hard -I../../tebf_bsp/ps7_cortexa9_0/include -MMD -MP -MF"src/main.d" -MT"src/main.o" -o "src/main.o" "../src/main.c"
../src/main.c: In function 'main':
../src/main.c:67:8: warning: unused variable 'RecvBuffer' [-Wunused-variable]
     u8 RecvBuffer[3];
        ^~~~~~~~~~
../src/main.c:66:8: warning: unused variable 'SendBuffer' [-Wunused-variable]
     u8 SendBuffer;
        ^~~~~~~~~~
../src/main.c:65:9: warning: unused variable 'IicStatus' [-Wunused-variable]
     int IicStatus;
         ^~~~~~~~~
../src/main.c:64:12: warning: unused variable 'Iic' [-Wunused-variable]
     XIicPs Iic;
            ^~~
../src/main.c:61:12: warning: unused variable 'wait' [-Wunused-variable]
     int i, wait;
            ^~~~
../src/main.c: In function 'load_image_from_sdcard':
../src/main.c:280:43: warning: passing argument 4 of 'f_read' from incompatible pointer type [-Wincompatible-pointer-types]
     Res = f_read(&fil, buffer, data_size, &NumBytesRead);
                                           ^~~~~~~~~~~~~
In file included from ../src/main.c:7:
../../tebf_bsp/ps7_cortexa9_0/include/ff.h:275:54: note: expected 'UINT *' {aka 'unsigned int *'} but argument is of type 'u32 *' {aka 'long unsigned int *'}
 FRESULT f_read (FIL* fp, void* buff, UINT btr, UINT* br);   /* Read data from the file */
                                                ~~~~~~^~
At top level:
../src/main.c:33:13: warning: 'filename' defined but not used [-Wunused-variable]
 static char filename[32];
             ^~~~~~~~
Finished building: ../src/main.c
 
Building target: tebf.elf
Invoking: ARM v7 gcc linker
arm-none-eabi-gcc -mcpu=cortex-a9 -mfpu=vfpv3 -mfloat-abi=hard -Wl,-build-id=none -specs=Xilinx.spec -Wl,-T -Wl,../src/lscript.ld -L../../tebf_bsp/ps7_cortexa9_0/lib -o "tebf.elf"  ./src/main.o   -Wl,--start-group,-lxil,-lgcc,-lc,--end-group -Wl,--start-group,-lxilffs,-lxil,-lgcc,-lc,--end-group
Finished building target: tebf.elf
 
Invoking: ARM v7 Print Size
arm-none-eabi-size tebf.elf  |tee "tebf.elf.size"
   text	   data	    bss	    dec	    hex	filename
 126812	   2664	 287344	 416820	  65c34	tebf.elf
Finished building: tebf.elf.size
 
16:11:42 **** Incremental Build of configuration Debug for project tebf ****
make pre-build main-build 
a9-linaro-pre-build-step
 
Building file: ../src/main.c
Invoking: ARM v7 gcc compiler
arm-none-eabi-gcc -Wall -O0 -g3 -c -fmessage-length=0 -MT"src/main.o" -mcpu=cortex-a9 -mfpu=vfpv3 -mfloat-abi=hard -I../../tebf_bsp/ps7_cortexa9_0/include -MMD -MP -MF"src/main.d" -MT"src/main.o" -o "src/main.o" "../src/main.c"
../src/main.c: In function 'main':
../src/main.c:67:8: warning: unused variable 'RecvBuffer' [-Wunused-variable]
     u8 RecvBuffer[3];
        ^~~~~~~~~~
../src/main.c:66:8: warning: unused variable 'SendBuffer' [-Wunused-variable]
     u8 SendBuffer;
        ^~~~~~~~~~
../src/main.c:65:9: warning: unused variable 'IicStatus' [-Wunused-variable]
     int IicStatus;
         ^~~~~~~~~
../src/main.c:64:12: warning: unused variable 'Iic' [-Wunused-variable]
     XIicPs Iic;
            ^~~
../src/main.c:61:12: warning: unused variable 'wait' [-Wunused-variable]
     int i, wait;
            ^~~~
../src/main.c: In function 'load_image_from_sdcard':
../src/main.c:282:43: warning: passing argument 4 of 'f_read' from incompatible pointer type [-Wincompatible-pointer-types]
     Res = f_read(&fil, buffer, data_size, &NumBytesRead);
                                           ^~~~~~~~~~~~~
In file included from ../src/main.c:7:
../../tebf_bsp/ps7_cortexa9_0/include/ff.h:275:54: note: expected 'UINT *' {aka 'unsigned int *'} but argument is of type 'u32 *' {aka 'long unsigned int *'}
 FRESULT f_read (FIL* fp, void* buff, UINT btr, UINT* br);   /* Read data from the file */
                                                ~~~~~~^~
At top level:
../src/main.c:33:13: warning: 'filename' defined but not used [-Wunused-variable]
 static char filename[32];
             ^~~~~~~~
Finished building: ../src/main.c
 
Building target: tebf.elf
Invoking: ARM v7 gcc linker
arm-none-eabi-gcc -mcpu=cortex-a9 -mfpu=vfpv3 -mfloat-abi=hard -Wl,-build-id=none -specs=Xilinx.spec -Wl,-T -Wl,../src/lscript.ld -L../../tebf_bsp/ps7_cortexa9_0/lib -o "tebf.elf"  ./src/main.o   -Wl,--start-group,-lxil,-lgcc,-lc,--end-group -Wl,--start-group,-lxilffs,-lxil,-lgcc,-lc,--end-group
Finished building target: tebf.elf
 
Invoking: ARM v7 Print Size
arm-none-eabi-size tebf.elf  |tee "tebf.elf.size"
   text	   data	    bss	    dec	    hex	filename
 126812	   2664	 287344	 416820	  65c34	tebf.elf
Finished building: tebf.elf.size
 
16:11:46 **** Incremental Build of configuration Debug for project tebf ****
make pre-build main-build 
a9-linaro-pre-build-step
 
make: Nothing to be done for 'main-build'.
16:17:43 **** Incremental Build of configuration Debug for project tebf ****
make pre-build main-build 
a9-linaro-pre-build-step
 
Building file: ../src/main.c
Invoking: ARM v7 gcc compiler
arm-none-eabi-gcc -Wall -O0 -g3 -c -fmessage-length=0 -MT"src/main.o" -mcpu=cortex-a9 -mfpu=vfpv3 -mfloat-abi=hard -I../../tebf_bsp/ps7_cortexa9_0/include -MMD -MP -MF"src/main.d" -MT"src/main.o" -o "src/main.o" "../src/main.c"
../src/main.c: In function 'main':
../src/main.c:67:8: warning: unused variable 'RecvBuffer' [-Wunused-variable]
     u8 RecvBuffer[3];
        ^~~~~~~~~~
../src/main.c:66:8: warning: unused variable 'SendBuffer' [-Wunused-variable]
     u8 SendBuffer;
        ^~~~~~~~~~
../src/main.c:65:9: warning: unused variable 'IicStatus' [-Wunused-variable]
     int IicStatus;
         ^~~~~~~~~
../src/main.c:64:12: warning: unused variable 'Iic' [-Wunused-variable]
     XIicPs Iic;
            ^~~
../src/main.c:61:12: warning: unused variable 'wait' [-Wunused-variable]
     int i, wait;
            ^~~~
../src/main.c: In function 'load_image_from_sdcard':
../src/main.c:281:43: warning: passing argument 4 of 'f_read' from incompatible pointer type [-Wincompatible-pointer-types]
     Res = f_read(&fil, buffer, data_size, &NumBytesRead);
                                           ^~~~~~~~~~~~~
In file included from ../src/main.c:7:
../../tebf_bsp/ps7_cortexa9_0/include/ff.h:275:54: note: expected 'UINT *' {aka 'unsigned int *'} but argument is of type 'u32 *' {aka 'long unsigned int *'}
 FRESULT f_read (FIL* fp, void* buff, UINT btr, UINT* br);   /* Read data from the file */
                                                ~~~~~~^~
At top level:
../src/main.c:33:13: warning: 'filename' defined but not used [-Wunused-variable]
 static char filename[32];
             ^~~~~~~~
Finished building: ../src/main.c
 
Building target: tebf.elf
Invoking: ARM v7 gcc linker
arm-none-eabi-gcc -mcpu=cortex-a9 -mfpu=vfpv3 -mfloat-abi=hard -Wl,-build-id=none -specs=Xilinx.spec -Wl,-T -Wl,../src/lscript.ld -L../../tebf_bsp/ps7_cortexa9_0/lib -o "tebf.elf"  ./src/main.o   -Wl,--start-group,-lxil,-lgcc,-lc,--end-group -Wl,--start-group,-lxilffs,-lxil,-lgcc,-lc,--end-group
Finished building target: tebf.elf
 
Invoking: ARM v7 Print Size
arm-none-eabi-size tebf.elf  |tee "tebf.elf.size"
   text	   data	    bss	    dec	    hex	filename
 126876	   2664	 287344	 416884	  65c74	tebf.elf
Finished building: tebf.elf.size
 
16:17:45 **** Incremental Build of configuration Debug for project tebf ****
make pre-build main-build 
a9-linaro-pre-build-step
 
make: Nothing to be done for 'main-build'.
16:20:09 **** Incremental Build of project tebf_bsp ****
make -k all 
"Running Make include in ps7_cortexa9_0/libsrc/coresightps_dcc_v1_5/src"
make -C ps7_cortexa9_0/libsrc/coresightps_dcc_v1_5/src -s include  "SHELL=CMD" "COMPILER=arm-none-eabi-gcc" "ARCHIVER=arm-none-eabi-ar" "COMPILER_FLAGS=  -O2 -c" "EXTRA_COMPILER_FLAGS=-mcpu=cortex-a9 -mfpu=vfpv3 -mfloat-abi=hard -nostartfiles -g -Wall -Wextra"
"Running Make include in ps7_cortexa9_0/libsrc/cpu_cortexa9_v2_7/src"
make -C ps7_cortexa9_0/libsrc/cpu_cortexa9_v2_7/src -s include  "SHELL=CMD" "COMPILER=arm-none-eabi-gcc" "ARCHIVER=arm-none-eabi-ar" "COMPILER_FLAGS=  -O2 -c" "EXTRA_COMPILER_FLAGS=-mcpu=cortex-a9 -mfpu=vfpv3 -mfloat-abi=hard -nostartfiles -g -Wall -Wextra"
"Running Make include in ps7_cortexa9_0/libsrc/ddrps_v1_0/src"
make -C ps7_cortexa9_0/libsrc/ddrps_v1_0/src -s include  "SHELL=CMD" "COMPILER=arm-none-eabi-gcc" "ARCHIVER=arm-none-eabi-ar" "COMPILER_FLAGS=  -O2 -c" "EXTRA_COMPILER_FLAGS=-mcpu=cortex-a9 -mfpu=vfpv3 -mfloat-abi=hard -nostartfiles -g -Wall -Wextra"
"Running Make include in ps7_cortexa9_0/libsrc/devcfg_v3_5/src"
make -C ps7_cortexa9_0/libsrc/devcfg_v3_5/src -s include  "SHELL=CMD" "COMPILER=arm-none-eabi-gcc" "ARCHIVER=arm-none-eabi-ar" "COMPILER_FLAGS=  -O2 -c" "EXTRA_COMPILER_FLAGS=-mcpu=cortex-a9 -mfpu=vfpv3 -mfloat-abi=hard -nostartfiles -g -Wall -Wextra"
"Running Make include in ps7_cortexa9_0/libsrc/dmaps_v2_4/src"
make -C ps7_cortexa9_0/libsrc/dmaps_v2_4/src -s include  "SHELL=CMD" "COMPILER=arm-none-eabi-gcc" "ARCHIVER=arm-none-eabi-ar" "COMPILER_FLAGS=  -O2 -c" "EXTRA_COMPILER_FLAGS=-mcpu=cortex-a9 -mfpu=vfpv3 -mfloat-abi=hard -nostartfiles -g -Wall -Wextra"
"Running Make include in ps7_cortexa9_0/libsrc/gpio_v4_4/src"
make -C ps7_cortexa9_0/libsrc/gpio_v4_4/src -s include  "SHELL=CMD" "COMPILER=arm-none-eabi-gcc" "ARCHIVER=arm-none-eabi-ar" "COMPILER_FLAGS=  -O2 -c" "EXTRA_COMPILER_FLAGS=-mcpu=cortex-a9 -mfpu=vfpv3 -mfloat-abi=hard -nostartfiles -g -Wall -Wextra"
"Running Make include in ps7_cortexa9_0/libsrc/iicps_v3_9/src"
make -C ps7_cortexa9_0/libsrc/iicps_v3_9/src -s include  "SHELL=CMD" "COMPILER=arm-none-eabi-gcc" "ARCHIVER=arm-none-eabi-ar" "COMPILER_FLAGS=  -O2 -c" "EXTRA_COMPILER_FLAGS=-mcpu=cortex-a9 -mfpu=vfpv3 -mfloat-abi=hard -nostartfiles -g -Wall -Wextra"
"Running Make include in ps7_cortexa9_0/libsrc/scugic_v4_0/src"
make -C ps7_cortexa9_0/libsrc/scugic_v4_0/src -s include  "SHELL=CMD" "COMPILER=arm-none-eabi-gcc" "ARCHIVER=arm-none-eabi-ar" "COMPILER_FLAGS=  -O2 -c" "EXTRA_COMPILER_FLAGS=-mcpu=cortex-a9 -mfpu=vfpv3 -mfloat-abi=hard -nostartfiles -g -Wall -Wextra"
"Running Make include in ps7_cortexa9_0/libsrc/scutimer_v2_1/src"
make -C ps7_cortexa9_0/libsrc/scutimer_v2_1/src -s include  "SHELL=CMD" "COMPILER=arm-none-eabi-gcc" "ARCHIVER=arm-none-eabi-ar" "COMPILER_FLAGS=  -O2 -c" "EXTRA_COMPILER_FLAGS=-mcpu=cortex-a9 -mfpu=vfpv3 -mfloat-abi=hard -nostartfiles -g -Wall -Wextra"
"Running Make include in ps7_cortexa9_0/libsrc/scuwdt_v2_1/src"
make -C ps7_cortexa9_0/libsrc/scuwdt_v2_1/src -s include  "SHELL=CMD" "COMPILER=arm-none-eabi-gcc" "ARCHIVER=arm-none-eabi-ar" "COMPILER_FLAGS=  -O2 -c" "EXTRA_COMPILER_FLAGS=-mcpu=cortex-a9 -mfpu=vfpv3 -mfloat-abi=hard -nostartfiles -g -Wall -Wextra"
"Running Make include in ps7_cortexa9_0/libsrc/sdps_v3_7/src"
make -C ps7_cortexa9_0/libsrc/sdps_v3_7/src -s include  "SHELL=CMD" "COMPILER=arm-none-eabi-gcc" "ARCHIVER=arm-none-eabi-ar" "COMPILER_FLAGS=  -O2 -c" "EXTRA_COMPILER_FLAGS=-mcpu=cortex-a9 -mfpu=vfpv3 -mfloat-abi=hard -nostartfiles -g -Wall -Wextra"
"Running Make include in ps7_cortexa9_0/libsrc/seven_seg_v1_0/src"
make -C ps7_cortexa9_0/libsrc/seven_seg_v1_0/src -s include  "SHELL=CMD" "COMPILER=arm-none-eabi-gcc" "ARCHIVER=arm-none-eabi-ar" "COMPILER_FLAGS=  -O2 -c" "EXTRA_COMPILER_FLAGS=-mcpu=cortex-a9 -mfpu=vfpv3 -mfloat-abi=hard -nostartfiles -g -Wall -Wextra"
"Running Make include in ps7_cortexa9_0/libsrc/standalone_v7_0/src"
make -C ps7_cortexa9_0/libsrc/standalone_v7_0/src -s include  "SHELL=CMD" "COMPILER=arm-none-eabi-gcc" "ARCHIVER=arm-none-eabi-ar" "COMPILER_FLAGS=  -O2 -c" "EXTRA_COMPILER_FLAGS=-mcpu=cortex-a9 -mfpu=vfpv3 -mfloat-abi=hard -nostartfiles -g -Wall -Wextra"
"Running Make include in ps7_cortexa9_0/libsrc/textlcd_v1_0/src"
make -C ps7_cortexa9_0/libsrc/textlcd_v1_0/src -s include  "SHELL=CMD" "COMPILER=arm-none-eabi-gcc" "ARCHIVER=arm-none-eabi-ar" "COMPILER_FLAGS=  -O2 -c" "EXTRA_COMPILER_FLAGS=-mcpu=cortex-a9 -mfpu=vfpv3 -mfloat-abi=hard -nostartfiles -g -Wall -Wextra"
"Running Make include in ps7_cortexa9_0/libsrc/tftlcd_v1_0/src"
make -C ps7_cortexa9_0/libsrc/tftlcd_v1_0/src -s include  "SHELL=CMD" "COMPILER=arm-none-eabi-gcc" "ARCHIVER=arm-none-eabi-ar" "COMPILER_FLAGS=  -O2 -c" "EXTRA_COMPILER_FLAGS=-mcpu=cortex-a9 -mfpu=vfpv3 -mfloat-abi=hard -nostartfiles -g -Wall -Wextra"
"Running Make include in ps7_cortexa9_0/libsrc/uartps_v3_7/src"
make -C ps7_cortexa9_0/libsrc/uartps_v3_7/src -s include  "SHELL=CMD" "COMPILER=arm-none-eabi-gcc" "ARCHIVER=arm-none-eabi-ar" "COMPILER_FLAGS=  -O2 -c" "EXTRA_COMPILER_FLAGS=-mcpu=cortex-a9 -mfpu=vfpv3 -mfloat-abi=hard -nostartfiles -g -Wall -Wextra"
"Running Make include in ps7_cortexa9_0/libsrc/xadcps_v2_3/src"
make -C ps7_cortexa9_0/libsrc/xadcps_v2_3/src -s include  "SHELL=CMD" "COMPILER=arm-none-eabi-gcc" "ARCHIVER=arm-none-eabi-ar" "COMPILER_FLAGS=  -O2 -c" "EXTRA_COMPILER_FLAGS=-mcpu=cortex-a9 -mfpu=vfpv3 -mfloat-abi=hard -nostartfiles -g -Wall -Wextra"
"Running Make include in ps7_cortexa9_0/libsrc/xilffs_v4_1/src"
make -C ps7_cortexa9_0/libsrc/xilffs_v4_1/src -s include  "SHELL=CMD" "COMPILER=arm-none-eabi-gcc" "ARCHIVER=arm-none-eabi-ar" "COMPILER_FLAGS=  -O2 -c" "EXTRA_COMPILER_FLAGS=-mcpu=cortex-a9 -mfpu=vfpv3 -mfloat-abi=hard -nostartfiles -g -Wall -Wextra"
"Running Make libs in ps7_cortexa9_0/libsrc/coresightps_dcc_v1_5/src"
make -C ps7_cortexa9_0/libsrc/coresightps_dcc_v1_5/src -s libs  "SHELL=CMD" "COMPILER=arm-none-eabi-gcc" "ARCHIVER=arm-none-eabi-ar" "COMPILER_FLAGS=  -O2 -c" "EXTRA_COMPILER_FLAGS=-mcpu=cortex-a9 -mfpu=vfpv3 -mfloat-abi=hard -nostartfiles -g -Wall -Wextra"
"Compiling coresightps_dcc"
"Running Make libs in ps7_cortexa9_0/libsrc/cpu_cortexa9_v2_7/src"
make -C ps7_cortexa9_0/libsrc/cpu_cortexa9_v2_7/src -s libs  "SHELL=CMD" "COMPILER=arm-none-eabi-gcc" "ARCHIVER=arm-none-eabi-ar" "COMPILER_FLAGS=  -O2 -c" "EXTRA_COMPILER_FLAGS=-mcpu=cortex-a9 -mfpu=vfpv3 -mfloat-abi=hard -nostartfiles -g -Wall -Wextra"
"Compiling cpu_cortexa9"
"Running Make libs in ps7_cortexa9_0/libsrc/ddrps_v1_0/src"
make -C ps7_cortexa9_0/libsrc/ddrps_v1_0/src -s libs  "SHELL=CMD" "COMPILER=arm-none-eabi-gcc" "ARCHIVER=arm-none-eabi-ar" "COMPILER_FLAGS=  -O2 -c" "EXTRA_COMPILER_FLAGS=-mcpu=cortex-a9 -mfpu=vfpv3 -mfloat-abi=hard -nostartfiles -g -Wall -Wextra"
"Compiling ddrps"
"Running Make libs in ps7_cortexa9_0/libsrc/devcfg_v3_5/src"
make -C ps7_cortexa9_0/libsrc/devcfg_v3_5/src -s libs  "SHELL=CMD" "COMPILER=arm-none-eabi-gcc" "ARCHIVER=arm-none-eabi-ar" "COMPILER_FLAGS=  -O2 -c" "EXTRA_COMPILER_FLAGS=-mcpu=cortex-a9 -mfpu=vfpv3 -mfloat-abi=hard -nostartfiles -g -Wall -Wextra"
"Compiling devcfg"
"Running Make libs in ps7_cortexa9_0/libsrc/dmaps_v2_4/src"
make -C ps7_cortexa9_0/libsrc/dmaps_v2_4/src -s libs  "SHELL=CMD" "COMPILER=arm-none-eabi-gcc" "ARCHIVER=arm-none-eabi-ar" "COMPILER_FLAGS=  -O2 -c" "EXTRA_COMPILER_FLAGS=-mcpu=cortex-a9 -mfpu=vfpv3 -mfloat-abi=hard -nostartfiles -g -Wall -Wextra"
"Compiling dmaps"
"Running Make libs in ps7_cortexa9_0/libsrc/gpio_v4_4/src"
make -C ps7_cortexa9_0/libsrc/gpio_v4_4/src -s libs  "SHELL=CMD" "COMPILER=arm-none-eabi-gcc" "ARCHIVER=arm-none-eabi-ar" "COMPILER_FLAGS=  -O2 -c" "EXTRA_COMPILER_FLAGS=-mcpu=cortex-a9 -mfpu=vfpv3 -mfloat-abi=hard -nostartfiles -g -Wall -Wextra"
"Compiling gpio"
"Running Make libs in ps7_cortexa9_0/libsrc/iicps_v3_9/src"
make -C ps7_cortexa9_0/libsrc/iicps_v3_9/src -s libs  "SHELL=CMD" "COMPILER=arm-none-eabi-gcc" "ARCHIVER=arm-none-eabi-ar" "COMPILER_FLAGS=  -O2 -c" "EXTRA_COMPILER_FLAGS=-mcpu=cortex-a9 -mfpu=vfpv3 -mfloat-abi=hard -nostartfiles -g -Wall -Wextra"
"Compiling iicps"
"Running Make libs in ps7_cortexa9_0/libsrc/scugic_v4_0/src"
make -C ps7_cortexa9_0/libsrc/scugic_v4_0/src -s libs  "SHELL=CMD" "COMPILER=arm-none-eabi-gcc" "ARCHIVER=arm-none-eabi-ar" "COMPILER_FLAGS=  -O2 -c" "EXTRA_COMPILER_FLAGS=-mcpu=cortex-a9 -mfpu=vfpv3 -mfloat-abi=hard -nostartfiles -g -Wall -Wextra"
"Compiling scugic"
"Running Make libs in ps7_cortexa9_0/libsrc/scutimer_v2_1/src"
make -C ps7_cortexa9_0/libsrc/scutimer_v2_1/src -s libs  "SHELL=CMD" "COMPILER=arm-none-eabi-gcc" "ARCHIVER=arm-none-eabi-ar" "COMPILER_FLAGS=  -O2 -c" "EXTRA_COMPILER_FLAGS=-mcpu=cortex-a9 -mfpu=vfpv3 -mfloat-abi=hard -nostartfiles -g -Wall -Wextra"
"Compiling scutimer"
"Running Make libs in ps7_cortexa9_0/libsrc/scuwdt_v2_1/src"
make -C ps7_cortexa9_0/libsrc/scuwdt_v2_1/src -s libs  "SHELL=CMD" "COMPILER=arm-none-eabi-gcc" "ARCHIVER=arm-none-eabi-ar" "COMPILER_FLAGS=  -O2 -c" "EXTRA_COMPILER_FLAGS=-mcpu=cortex-a9 -mfpu=vfpv3 -mfloat-abi=hard -nostartfiles -g -Wall -Wextra"
"Compiling scuwdt"
"Running Make libs in ps7_cortexa9_0/libsrc/sdps_v3_7/src"
make -C ps7_cortexa9_0/libsrc/sdps_v3_7/src -s libs  "SHELL=CMD" "COMPILER=arm-none-eabi-gcc" "ARCHIVER=arm-none-eabi-ar" "COMPILER_FLAGS=  -O2 -c" "EXTRA_COMPILER_FLAGS=-mcpu=cortex-a9 -mfpu=vfpv3 -mfloat-abi=hard -nostartfiles -g -Wall -Wextra"
"Compiling sdps"
"Running Make libs in ps7_cortexa9_0/libsrc/seven_seg_v1_0/src"
make -C ps7_cortexa9_0/libsrc/seven_seg_v1_0/src -s libs  "SHELL=CMD" "COMPILER=arm-none-eabi-gcc" "ARCHIVER=arm-none-eabi-ar" "COMPILER_FLAGS=  -O2 -c" "EXTRA_COMPILER_FLAGS=-mcpu=cortex-a9 -mfpu=vfpv3 -mfloat-abi=hard -nostartfiles -g -Wall -Wextra"
"Compiling seven_seg..."
seven_seg_selftest.c: In function 'SEVEN_SEG_Reg_SelfTest':
seven_seg_selftest.c:52:58: warning: comparison of integer expressions of different signedness: 'u32' {aka 'long unsigned int'} and 'int' [-Wsign-compare]
    if ( SEVEN_SEG_mReadReg (baseaddr, read_loop_index*4) != (read_loop_index+1)*READ_WRITE_MUL_FACTOR){
                                                          ^~
seven_seg_selftest.c:36:6: warning: unused variable 'Index' [-Wunused-variable]
  int Index;
      ^~~~~
"Running Make libs in ps7_cortexa9_0/libsrc/standalone_v7_0/src"
make -C ps7_cortexa9_0/libsrc/standalone_v7_0/src -s libs  "SHELL=CMD" "COMPILER=arm-none-eabi-gcc" "ARCHIVER=arm-none-eabi-ar" "COMPILER_FLAGS=  -O2 -c" "EXTRA_COMPILER_FLAGS=-mcpu=cortex-a9 -mfpu=vfpv3 -mfloat-abi=hard -nostartfiles -g -Wall -Wextra"
"Compiling standalone"
In file included from usleep.c:56:
xtime_l.h:87:9: note: #pragma message: For the sleep routines, Global timer is being used
 #pragma message ("For the sleep routines, Global timer is being used")
         ^~~~~~~
In file included from sleep.c:53:
xtime_l.h:87:9: note: #pragma message: For the sleep routines, Global timer is being used
 #pragma message ("For the sleep routines, Global timer is being used")
         ^~~~~~~
In file included from xil_sleeptimer.c:51:
xtime_l.h:87:9: note: #pragma message: For the sleep routines, Global timer is being used
 #pragma message ("For the sleep routines, Global timer is being used")
         ^~~~~~~
In file included from xtime_l.c:49:
xtime_l.h:87:9: note: #pragma message: For the sleep routines, Global timer is being used
 #pragma message ("For the sleep routines, Global timer is being used")
         ^~~~~~~
"Running Make libs in ps7_cortexa9_0/libsrc/textlcd_v1_0/src"
make -C ps7_cortexa9_0/libsrc/textlcd_v1_0/src -s libs  "SHELL=CMD" "COMPILER=arm-none-eabi-gcc" "ARCHIVER=arm-none-eabi-ar" "COMPILER_FLAGS=  -O2 -c" "EXTRA_COMPILER_FLAGS=-mcpu=cortex-a9 -mfpu=vfpv3 -mfloat-abi=hard -nostartfiles -g -Wall -Wextra"
"Compiling textlcd..."
textlcd_selftest.c: In function 'TEXTLCD_Reg_SelfTest':
textlcd_selftest.c:52:56: warning: comparison of integer expressions of different signedness: 'u32' {aka 'long unsigned int'} and 'int' [-Wsign-compare]
    if ( TEXTLCD_mReadReg (baseaddr, read_loop_index*4) != (read_loop_index+1)*READ_WRITE_MUL_FACTOR){
                                                        ^~
textlcd_selftest.c:36:6: warning: unused variable 'Index' [-Wunused-variable]
  int Index;
      ^~~~~
"Running Make libs in ps7_cortexa9_0/libsrc/tftlcd_v1_0/src"
make -C ps7_cortexa9_0/libsrc/tftlcd_v1_0/src -s libs  "SHELL=CMD" "COMPILER=arm-none-eabi-gcc" "ARCHIVER=arm-none-eabi-ar" "COMPILER_FLAGS=  -O2 -c" "EXTRA_COMPILER_FLAGS=-mcpu=cortex-a9 -mfpu=vfpv3 -mfloat-abi=hard -nostartfiles -g -Wall -Wextra"
"Compiling tftlcd..."
tftlcd_selftest.c: In function 'TFTLCD_Reg_SelfTest':
tftlcd_selftest.c:52:55: warning: comparison of integer expressions of different signedness: 'u32' {aka 'long unsigned int'} and 'int' [-Wsign-compare]
    if ( TFTLCD_mReadReg (baseaddr, read_loop_index*4) != (read_loop_index+1)*READ_WRITE_MUL_FACTOR){
                                                       ^~
tftlcd_selftest.c:36:6: warning: unused variable 'Index' [-Wunused-variable]
  int Index;
      ^~~~~
"Running Make libs in ps7_cortexa9_0/libsrc/uartps_v3_7/src"
make -C ps7_cortexa9_0/libsrc/uartps_v3_7/src -s libs  "SHELL=CMD" "COMPILER=arm-none-eabi-gcc" "ARCHIVER=arm-none-eabi-ar" "COMPILER_FLAGS=  -O2 -c" "EXTRA_COMPILER_FLAGS=-mcpu=cortex-a9 -mfpu=vfpv3 -mfloat-abi=hard -nostartfiles -g -Wall -Wextra"
"Compiling uartps"
"Running Make libs in ps7_cortexa9_0/libsrc/xadcps_v2_3/src"
make -C ps7_cortexa9_0/libsrc/xadcps_v2_3/src -s libs  "SHELL=CMD" "COMPILER=arm-none-eabi-gcc" "ARCHIVER=arm-none-eabi-ar" "COMPILER_FLAGS=  -O2 -c" "EXTRA_COMPILER_FLAGS=-mcpu=cortex-a9 -mfpu=vfpv3 -mfloat-abi=hard -nostartfiles -g -Wall -Wextra"
"Compiling xadcps"
"Running Make libs in ps7_cortexa9_0/libsrc/xilffs_v4_1/src"
make -C ps7_cortexa9_0/libsrc/xilffs_v4_1/src -s libs  "SHELL=CMD" "COMPILER=arm-none-eabi-gcc" "ARCHIVER=arm-none-eabi-ar" "COMPILER_FLAGS=  -O2 -c" "EXTRA_COMPILER_FLAGS=-mcpu=cortex-a9 -mfpu=vfpv3 -mfloat-abi=hard -nostartfiles -g -Wall -Wextra"
"Compiling XilFFs Library"
'Finished building libraries'
16:20:30 **** Incremental Build of configuration Debug for project tebf ****
make pre-build main-build 
a9-linaro-pre-build-step
 
Building file: ../src/main.c
Invoking: ARM v7 gcc compiler
arm-none-eabi-gcc -Wall -O0 -g3 -c -fmessage-length=0 -MT"src/main.o" -mcpu=cortex-a9 -mfpu=vfpv3 -mfloat-abi=hard -I../../tebf_bsp/ps7_cortexa9_0/include -MMD -MP -MF"src/main.d" -MT"src/main.o" -o "src/main.o" "../src/main.c"
../src/main.c: In function 'main':
../src/main.c:203:9: error: 'socre' undeclared (first use in this function); did you mean 'score'?
         socre = 0;
         ^~~~~
         score
../src/main.c:203:9: note: each undeclared identifier is reported only once for each function it appears in
../src/main.c:67:8: warning: unused variable 'RecvBuffer' [-Wunused-variable]
     u8 RecvBuffer[3];
        ^~~~~~~~~~
../src/main.c:66:8: warning: unused variable 'SendBuffer' [-Wunused-variable]
     u8 SendBuffer;
        ^~~~~~~~~~
../src/main.c:65:9: warning: unused variable 'IicStatus' [-Wunused-variable]
     int IicStatus;
         ^~~~~~~~~
../src/main.c:64:12: warning: unused variable 'Iic' [-Wunused-variable]
     XIicPs Iic;
            ^~~
../src/main.c:61:12: warning: unused variable 'wait' [-Wunused-variable]
     int i, wait;
            ^~~~
../src/main.c: In function 'load_image_from_sdcard':
../src/main.c:283:43: warning: passing argument 4 of 'f_read' from incompatible pointer type [-Wincompatible-pointer-types]
     Res = f_read(&fil, buffer, data_size, &NumBytesRead);
                                           ^~~~~~~~~~~~~
In file included from ../src/main.c:7:
../../tebf_bsp/ps7_cortexa9_0/include/ff.h:275:54: note: expected 'UINT *' {aka 'unsigned int *'} but argument is of type 'u32 *' {aka 'long unsigned int *'}
 FRESULT f_read (FIL* fp, void* buff, UINT btr, UINT* br);   /* Read data from the file */
                                                ~~~~~~^~
At top level:
../src/main.c:33:13: warning: 'filename' defined but not used [-Wunused-variable]
 static char filename[32];
             ^~~~~~~~
make: *** [src/subdir.mk:23: src/main.o] Error 1
16:20:44 **** Incremental Build of configuration Debug for project tebf ****
make pre-build main-build 
a9-linaro-pre-build-step
 
Building file: ../src/main.c
Invoking: ARM v7 gcc compiler
arm-none-eabi-gcc -Wall -O0 -g3 -c -fmessage-length=0 -MT"src/main.o" -mcpu=cortex-a9 -mfpu=vfpv3 -mfloat-abi=hard -I../../tebf_bsp/ps7_cortexa9_0/include -MMD -MP -MF"src/main.d" -MT"src/main.o" -o "src/main.o" "../src/main.c"
../src/main.c: In function 'main':
../src/main.c:67:8: warning: unused variable 'RecvBuffer' [-Wunused-variable]
     u8 RecvBuffer[3];
        ^~~~~~~~~~
../src/main.c:66:8: warning: unused variable 'SendBuffer' [-Wunused-variable]
     u8 SendBuffer;
        ^~~~~~~~~~
../src/main.c:65:9: warning: unused variable 'IicStatus' [-Wunused-variable]
     int IicStatus;
         ^~~~~~~~~
../src/main.c:64:12: warning: unused variable 'Iic' [-Wunused-variable]
     XIicPs Iic;
            ^~~
../src/main.c:61:12: warning: unused variable 'wait' [-Wunused-variable]
     int i, wait;
            ^~~~
../src/main.c: In function 'load_image_from_sdcard':
../src/main.c:283:43: warning: passing argument 4 of 'f_read' from incompatible pointer type [-Wincompatible-pointer-types]
     Res = f_read(&fil, buffer, data_size, &NumBytesRead);
                                           ^~~~~~~~~~~~~
In file included from ../src/main.c:7:
../../tebf_bsp/ps7_cortexa9_0/include/ff.h:275:54: note: expected 'UINT *' {aka 'unsigned int *'} but argument is of type 'u32 *' {aka 'long unsigned int *'}
 FRESULT f_read (FIL* fp, void* buff, UINT btr, UINT* br);   /* Read data from the file */
                                                ~~~~~~^~
At top level:
../src/main.c:33:13: warning: 'filename' defined but not used [-Wunused-variable]
 static char filename[32];
             ^~~~~~~~
Finished building: ../src/main.c
 
Building target: tebf.elf
Invoking: ARM v7 gcc linker
arm-none-eabi-gcc -mcpu=cortex-a9 -mfpu=vfpv3 -mfloat-abi=hard -Wl,-build-id=none -specs=Xilinx.spec -Wl,-T -Wl,../src/lscript.ld -L../../tebf_bsp/ps7_cortexa9_0/lib -o "tebf.elf"  ./src/main.o   -Wl,--start-group,-lxil,-lgcc,-lc,--end-group -Wl,--start-group,-lxilffs,-lxil,-lgcc,-lc,--end-group
Finished building target: tebf.elf
 
Invoking: ARM v7 Print Size
arm-none-eabi-size tebf.elf  |tee "tebf.elf.size"
   text	   data	    bss	    dec	    hex	filename
 126876	   2664	 287344	 416884	  65c74	tebf.elf
Finished building: tebf.elf.size
 
16:20:47 **** Incremental Build of configuration Debug for project tebf ****
make pre-build main-build 
a9-linaro-pre-build-step
 
make: Nothing to be done for 'main-build'.
16:28:58 **** Incremental Build of configuration Debug for project tebf ****
make pre-build main-build 
a9-linaro-pre-build-step
 
Building file: ../src/main.c
Invoking: ARM v7 gcc compiler
arm-none-eabi-gcc -Wall -O0 -g3 -c -fmessage-length=0 -MT"src/main.o" -mcpu=cortex-a9 -mfpu=vfpv3 -mfloat-abi=hard -I../../tebf_bsp/ps7_cortexa9_0/include -MMD -MP -MF"src/main.d" -MT"src/main.o" -o "src/main.o" "../src/main.c"
../src/main.c: In function 'main':
../src/main.c:174:5: warning: implicit declaration of function 'ShowTimeAndScore' [-Wimplicit-function-declaration]
     ShowTimeAndScore(min_dec, sec_dec, score, TlcdReg_upline, TlcdReg_downline);
     ^~~~~~~~~~~~~~~~
../src/main.c:67:8: warning: unused variable 'RecvBuffer' [-Wunused-variable]
     u8 RecvBuffer[3];
        ^~~~~~~~~~
../src/main.c:66:8: warning: unused variable 'SendBuffer' [-Wunused-variable]
     u8 SendBuffer;
        ^~~~~~~~~~
../src/main.c:65:9: warning: unused variable 'IicStatus' [-Wunused-variable]
     int IicStatus;
         ^~~~~~~~~
../src/main.c:64:12: warning: unused variable 'Iic' [-Wunused-variable]
     XIicPs Iic;
            ^~~
../src/main.c:61:12: warning: unused variable 'wait' [-Wunused-variable]
     int i, wait;
            ^~~~
../src/main.c:61:9: warning: unused variable 'i' [-Wunused-variable]
     int i, wait;
         ^
../src/main.c: At top level:
../src/main.c:235:6: warning: conflicting types for 'ShowTimeAndScore'
 void ShowTimeAndScore(int min_dec, int sec_dec, int score, char *TlcdReg_upline, char *TlcdReg_downline) {
      ^~~~~~~~~~~~~~~~
../src/main.c:174:5: note: previous implicit declaration of 'ShowTimeAndScore' was here
     ShowTimeAndScore(min_dec, sec_dec, score, TlcdReg_upline, TlcdReg_downline);
     ^~~~~~~~~~~~~~~~
../src/main.c: In function 'load_image_from_sdcard':
../src/main.c:286:43: warning: passing argument 4 of 'f_read' from incompatible pointer type [-Wincompatible-pointer-types]
     Res = f_read(&fil, buffer, data_size, &NumBytesRead);
                                           ^~~~~~~~~~~~~
In file included from ../src/main.c:7:
../../tebf_bsp/ps7_cortexa9_0/include/ff.h:275:54: note: expected 'UINT *' {aka 'unsigned int *'} but argument is of type 'u32 *' {aka 'long unsigned int *'}
 FRESULT f_read (FIL* fp, void* buff, UINT btr, UINT* br);   /* Read data from the file */
                                                ~~~~~~^~
At top level:
../src/main.c:33:13: warning: 'filename' defined but not used [-Wunused-variable]
 static char filename[32];
             ^~~~~~~~
Finished building: ../src/main.c
 
Building target: tebf.elf
Invoking: ARM v7 gcc linker
arm-none-eabi-gcc -mcpu=cortex-a9 -mfpu=vfpv3 -mfloat-abi=hard -Wl,-build-id=none -specs=Xilinx.spec -Wl,-T -Wl,../src/lscript.ld -L../../tebf_bsp/ps7_cortexa9_0/lib -o "tebf.elf"  ./src/main.o   -Wl,--start-group,-lxil,-lgcc,-lc,--end-group -Wl,--start-group,-lxilffs,-lxil,-lgcc,-lc,--end-group
Finished building target: tebf.elf
 
Invoking: ARM v7 Print Size
arm-none-eabi-size tebf.elf  |tee "tebf.elf.size"
   text	   data	    bss	    dec	    hex	filename
 126964	   2664	 287344	 416972	  65ccc	tebf.elf
Finished building: tebf.elf.size
 
16:28:59 **** Incremental Build of configuration Debug for project tebf ****
make pre-build main-build 
a9-linaro-pre-build-step
 
make: Nothing to be done for 'main-build'.
16:32:56 **** Incremental Build of configuration Debug for project tebf ****
make pre-build main-build 
a9-linaro-pre-build-step
 
make: Nothing to be done for 'main-build'.
16:37:38 **** Incremental Build of configuration Debug for project tebf ****
make pre-build main-build 
a9-linaro-pre-build-step
 
Building file: ../src/main.c
Invoking: ARM v7 gcc compiler
arm-none-eabi-gcc -Wall -O0 -g3 -c -fmessage-length=0 -MT"src/main.o" -mcpu=cortex-a9 -mfpu=vfpv3 -mfloat-abi=hard -I../../tebf_bsp/ps7_cortexa9_0/include -MMD -MP -MF"src/main.d" -MT"src/main.o" -o "src/main.o" "../src/main.c"
../src/main.c: In function 'main':
../src/main.c:171:5: warning: implicit declaration of function 'ShowTimeAndScore' [-Wimplicit-function-declaration]
     ShowTimeAndScore(min_dec, sec_dec, score, TlcdReg_upline, TlcdReg_downline);
     ^~~~~~~~~~~~~~~~
../src/main.c:67:8: warning: unused variable 'RecvBuffer' [-Wunused-variable]
     u8 RecvBuffer[3];
        ^~~~~~~~~~
../src/main.c:66:8: warning: unused variable 'SendBuffer' [-Wunused-variable]
     u8 SendBuffer;
        ^~~~~~~~~~
../src/main.c:65:9: warning: unused variable 'IicStatus' [-Wunused-variable]
     int IicStatus;
         ^~~~~~~~~
../src/main.c:64:12: warning: unused variable 'Iic' [-Wunused-variable]
     XIicPs Iic;
            ^~~
../src/main.c:61:12: warning: unused variable 'wait' [-Wunused-variable]
     int i, wait;
            ^~~~
../src/main.c:61:9: warning: unused variable 'i' [-Wunused-variable]
     int i, wait;
         ^
../src/main.c: At top level:
../src/main.c:241:6: warning: conflicting types for 'ShowTimeAndScore'
 void ShowTimeAndScore(int min_dec, int sec_dec, int score, char *TlcdReg_upline, char *TlcdReg_downline) {
      ^~~~~~~~~~~~~~~~
../src/main.c:171:5: note: previous implicit declaration of 'ShowTimeAndScore' was here
     ShowTimeAndScore(min_dec, sec_dec, score, TlcdReg_upline, TlcdReg_downline);
     ^~~~~~~~~~~~~~~~
../src/main.c: In function 'load_image_from_sdcard':
../src/main.c:292:43: warning: passing argument 4 of 'f_read' from incompatible pointer type [-Wincompatible-pointer-types]
     Res = f_read(&fil, buffer, data_size, &NumBytesRead);
                                           ^~~~~~~~~~~~~
In file included from ../src/main.c:7:
../../tebf_bsp/ps7_cortexa9_0/include/ff.h:275:54: note: expected 'UINT *' {aka 'unsigned int *'} but argument is of type 'u32 *' {aka 'long unsigned int *'}
 FRESULT f_read (FIL* fp, void* buff, UINT btr, UINT* br);   /* Read data from the file */
                                                ~~~~~~^~
At top level:
../src/main.c:33:13: warning: 'filename' defined but not used [-Wunused-variable]
 static char filename[32];
             ^~~~~~~~
Finished building: ../src/main.c
 
Building target: tebf.elf
Invoking: ARM v7 gcc linker
arm-none-eabi-gcc -mcpu=cortex-a9 -mfpu=vfpv3 -mfloat-abi=hard -Wl,-build-id=none -specs=Xilinx.spec -Wl,-T -Wl,../src/lscript.ld -L../../tebf_bsp/ps7_cortexa9_0/lib -o "tebf.elf"  ./src/main.o   -Wl,--start-group,-lxil,-lgcc,-lc,--end-group -Wl,--start-group,-lxilffs,-lxil,-lgcc,-lc,--end-group
Finished building target: tebf.elf
 
Invoking: ARM v7 Print Size
arm-none-eabi-size tebf.elf  |tee "tebf.elf.size"
   text	   data	    bss	    dec	    hex	filename
 127028	   2664	 287344	 417036	  65d0c	tebf.elf
Finished building: tebf.elf.size
 
16:37:39 **** Incremental Build of configuration Debug for project tebf ****
make pre-build main-build 
a9-linaro-pre-build-step
 
make: Nothing to be done for 'main-build'.
16:38:37 **** Incremental Build of configuration Debug for project tebf ****
make pre-build main-build 
a9-linaro-pre-build-step
 
make: Nothing to be done for 'main-build'.
16:39:03 **** Incremental Build of configuration Debug for project tebf ****
make pre-build main-build 
a9-linaro-pre-build-step
 
Building file: ../src/main.c
Invoking: ARM v7 gcc compiler
arm-none-eabi-gcc -Wall -O0 -g3 -c -fmessage-length=0 -MT"src/main.o" -mcpu=cortex-a9 -mfpu=vfpv3 -mfloat-abi=hard -I../../tebf_bsp/ps7_cortexa9_0/include -MMD -MP -MF"src/main.d" -MT"src/main.o" -o "src/main.o" "../src/main.c"
../src/main.c: In function 'main':
../src/main.c:173:5: warning: implicit declaration of function 'ShowTimeAndScore' [-Wimplicit-function-declaration]
     ShowTimeAndScore(min_dec, sec_dec, score, TlcdReg_upline, TlcdReg_downline);
     ^~~~~~~~~~~~~~~~
../src/main.c:67:8: warning: unused variable 'RecvBuffer' [-Wunused-variable]
     u8 RecvBuffer[3];
        ^~~~~~~~~~
../src/main.c:66:8: warning: unused variable 'SendBuffer' [-Wunused-variable]
     u8 SendBuffer;
        ^~~~~~~~~~
../src/main.c:65:9: warning: unused variable 'IicStatus' [-Wunused-variable]
     int IicStatus;
         ^~~~~~~~~
../src/main.c:64:12: warning: unused variable 'Iic' [-Wunused-variable]
     XIicPs Iic;
            ^~~
../src/main.c:61:12: warning: unused variable 'wait' [-Wunused-variable]
     int i, wait;
            ^~~~
../src/main.c:61:9: warning: unused variable 'i' [-Wunused-variable]
     int i, wait;
         ^
../src/main.c: At top level:
../src/main.c:243:6: warning: conflicting types for 'ShowTimeAndScore'
 void ShowTimeAndScore(int min_dec, int sec_dec, int score, char *TlcdReg_upline, char *TlcdReg_downline) {
      ^~~~~~~~~~~~~~~~
../src/main.c:173:5: note: previous implicit declaration of 'ShowTimeAndScore' was here
     ShowTimeAndScore(min_dec, sec_dec, score, TlcdReg_upline, TlcdReg_downline);
     ^~~~~~~~~~~~~~~~
../src/main.c: In function 'load_image_from_sdcard':
../src/main.c:294:43: warning: passing argument 4 of 'f_read' from incompatible pointer type [-Wincompatible-pointer-types]
     Res = f_read(&fil, buffer, data_size, &NumBytesRead);
                                           ^~~~~~~~~~~~~
In file included from ../src/main.c:7:
../../tebf_bsp/ps7_cortexa9_0/include/ff.h:275:54: note: expected 'UINT *' {aka 'unsigned int *'} but argument is of type 'u32 *' {aka 'long unsigned int *'}
 FRESULT f_read (FIL* fp, void* buff, UINT btr, UINT* br);   /* Read data from the file */
                                                ~~~~~~^~
At top level:
../src/main.c:33:13: warning: 'filename' defined but not used [-Wunused-variable]
 static char filename[32];
             ^~~~~~~~
Finished building: ../src/main.c
 
Building target: tebf.elf
Invoking: ARM v7 gcc linker
arm-none-eabi-gcc -mcpu=cortex-a9 -mfpu=vfpv3 -mfloat-abi=hard -Wl,-build-id=none -specs=Xilinx.spec -Wl,-T -Wl,../src/lscript.ld -L../../tebf_bsp/ps7_cortexa9_0/lib -o "tebf.elf"  ./src/main.o   -Wl,--start-group,-lxil,-lgcc,-lc,--end-group -Wl,--start-group,-lxilffs,-lxil,-lgcc,-lc,--end-group
Finished building target: tebf.elf
 
Invoking: ARM v7 Print Size
arm-none-eabi-size tebf.elf  |tee "tebf.elf.size"
   text	   data	    bss	    dec	    hex	filename
 127092	   2664	 287344	 417100	  65d4c	tebf.elf
Finished building: tebf.elf.size
 
16:39:04 **** Incremental Build of configuration Debug for project tebf ****
make pre-build main-build 
a9-linaro-pre-build-step
 
make: Nothing to be done for 'main-build'.
16:46:26 **** Incremental Build of configuration Debug for project tebf ****
make pre-build main-build 
a9-linaro-pre-build-step
 
make: Nothing to be done for 'main-build'.
16:47:01 **** Incremental Build of configuration Debug for project tebf ****
make pre-build main-build 
a9-linaro-pre-build-step
 
make: Nothing to be done for 'main-build'.
16:47:03 **** Incremental Build of configuration Debug for project tebf ****
make pre-build main-build 
a9-linaro-pre-build-step
 
make: Nothing to be done for 'main-build'.
16:47:36 **** Incremental Build of configuration Debug for project tebf ****
make pre-build main-build 
a9-linaro-pre-build-step
 
make: Nothing to be done for 'main-build'.
16:47:40 **** Incremental Build of configuration Debug for project tebf ****
make pre-build main-build 
a9-linaro-pre-build-step
 
make: Nothing to be done for 'main-build'.
16:49:18 **** Incremental Build of configuration Debug for project tebf ****
make pre-build main-build 
a9-linaro-pre-build-step
 
make: Nothing to be done for 'main-build'.
16:50:18 **** Incremental Build of configuration Debug for project tebf ****
make pre-build main-build 
a9-linaro-pre-build-step
 
make: Nothing to be done for 'main-build'.
16:51:05 **** Incremental Build of configuration Debug for project tebf ****
make pre-build main-build 
a9-linaro-pre-build-step
 
make: Nothing to be done for 'main-build'.
16:52:01 **** Incremental Build of configuration Debug for project tebf ****
make pre-build main-build 
a9-linaro-pre-build-step
 
make: Nothing to be done for 'main-build'.
