
*** Running vivado
    with args -log system_tftlcd_0_0.vds -m64 -product Vivado -mode batch -messageDb vivado.pb -notrace -source system_tftlcd_0_0.tcl


****** Vivado v2019.1 (64-bit)
  **** SW Build 2552052 on Fri May 24 14:49:42 MDT 2019
  **** IP Build 2548770 on Fri May 24 18:01:18 MDT 2019
    ** Copyright 1986-2019 Xilinx, Inc. All Rights Reserved.

source system_tftlcd_0_0.tcl -notrace
INFO: [IP_Flow 19-234] Refreshing IP repositories
INFO: [IP_Flow 19-1700] Loaded user IP repository 'c:/work/ip_repo/seven_seg_1.0'.
INFO: [IP_Flow 19-1700] Loaded user IP repository 'c:/work/ip_repo/textlcd_1.0'.
INFO: [IP_Flow 19-1700] Loaded user IP repository 'c:/work/ip_repo/tftlcd_1.0'.
INFO: [IP_Flow 19-2313] Loaded Vivado IP repository 'C:/Xilinx/Vivado/2019.1/data/ip'.
Command: synth_design -top system_tftlcd_0_0 -part xc7z020clg484-1 -mode out_of_context
Starting synth_design
Attempting to get a license for feature 'Synthesis' and/or device 'xc7z020'
INFO: [Common 17-349] Got license for feature 'Synthesis' and/or device 'xc7z020'
INFO: [Device 21-403] Loading part xc7z020clg484-1
INFO: Launching helper process for spawning children vivado processes
INFO: Helper process launched with PID 14524 
---------------------------------------------------------------------------------
Starting RTL Elaboration : Time (s): cpu = 00:00:10 ; elapsed = 00:00:12 . Memory (MB): peak = 739.086 ; gain = 177.895
---------------------------------------------------------------------------------
INFO: [Synth 8-6157] synthesizing module 'system_tftlcd_0_0' [c:/work/teamp1/teamp1.srcs/sources_1/bd/system/ip/system_tftlcd_0_0/synth/system_tftlcd_0_0.v:57]
INFO: [Synth 8-6157] synthesizing module 'tftlcd_v1_0' [c:/work/teamp1/teamp1.srcs/sources_1/bd/system/ipshared/a0b2/hdl/tftlcd_v1_0.v:3]
	Parameter C_S00_AXI_DATA_WIDTH bound to: 32 - type: integer 
	Parameter C_S00_AXI_ADDR_WIDTH bound to: 19 - type: integer 
INFO: [Synth 8-6157] synthesizing module 'tftlcd_v1_0_S00_AXI' [c:/work/teamp1/teamp1.srcs/sources_1/bd/system/ipshared/a0b2/hdl/tftlcd_v1_0_S00_AXI.v:4]
	Parameter C_S_AXI_DATA_WIDTH bound to: 32 - type: integer 
	Parameter C_S_AXI_ADDR_WIDTH bound to: 19 - type: integer 
	Parameter ADDR_LSB bound to: 2 - type: integer 
	Parameter OPT_MEM_ADDR_BITS bound to: 16 - type: integer 
INFO: [Synth 8-6157] synthesizing module 'TFTLCDctrl' [c:/work/teamp1/teamp1.srcs/sources_1/bd/system/ipshared/a0b2/src/TFTLCDCtrl.v:3]
INFO: [Synth 8-6157] synthesizing module 'g2m' [c:/work/teamp1/teamp1.srcs/sources_1/bd/system/ipshared/a0b2/src/g2m.v:8]
INFO: [Synth 8-6155] done synthesizing module 'g2m' (1#1) [c:/work/teamp1/teamp1.srcs/sources_1/bd/system/ipshared/a0b2/src/g2m.v:8]
INFO: [Synth 8-6157] synthesizing module 'horizontal' [c:/work/teamp1/teamp1.srcs/sources_1/bd/system/ipshared/a0b2/src/horizontal.v:3]
INFO: [Synth 8-6155] done synthesizing module 'horizontal' (2#1) [c:/work/teamp1/teamp1.srcs/sources_1/bd/system/ipshared/a0b2/src/horizontal.v:3]
INFO: [Synth 8-6157] synthesizing module 'vertical' [c:/work/teamp1/teamp1.srcs/sources_1/bd/system/ipshared/a0b2/src/vertical.v:2]
INFO: [Synth 8-6155] done synthesizing module 'vertical' (3#1) [c:/work/teamp1/teamp1.srcs/sources_1/bd/system/ipshared/a0b2/src/vertical.v:2]
INFO: [Synth 8-6157] synthesizing module 'rgb' [c:/work/teamp1/teamp1.srcs/sources_1/bd/system/ipshared/a0b2/src/rgb.v:3]
	Parameter WIDTH bound to: 80 - type: integer 
	Parameter HEIGHT bound to: 60 - type: integer 
	Parameter BORDER_LEFT bound to: 32 - type: integer 
	Parameter BORDER_RIGHT bound to: 39 - type: integer 
	Parameter BORDER_TOP bound to: 24 - type: integer 
	Parameter BORDER_BOTTOM bound to: 30 - type: integer 
INFO: [Synth 8-226] default block is never used [c:/work/teamp1/teamp1.srcs/sources_1/bd/system/ipshared/a0b2/src/rgb.v:163]
INFO: [Synth 8-226] default block is never used [c:/work/teamp1/teamp1.srcs/sources_1/bd/system/ipshared/a0b2/src/rgb.v:92]
INFO: [Synth 8-226] default block is never used [c:/work/teamp1/teamp1.srcs/sources_1/bd/system/ipshared/a0b2/src/rgb.v:163]
INFO: [Synth 8-226] default block is never used [c:/work/teamp1/teamp1.srcs/sources_1/bd/system/ipshared/a0b2/src/rgb.v:92]
INFO: [Synth 8-226] default block is never used [c:/work/teamp1/teamp1.srcs/sources_1/bd/system/ipshared/a0b2/src/rgb.v:163]
INFO: [Synth 8-226] default block is never used [c:/work/teamp1/teamp1.srcs/sources_1/bd/system/ipshared/a0b2/src/rgb.v:92]
INFO: [Synth 8-226] default block is never used [c:/work/teamp1/teamp1.srcs/sources_1/bd/system/ipshared/a0b2/src/rgb.v:163]
INFO: [Synth 8-226] default block is never used [c:/work/teamp1/teamp1.srcs/sources_1/bd/system/ipshared/a0b2/src/rgb.v:92]
INFO: [Synth 8-226] default block is never used [c:/work/teamp1/teamp1.srcs/sources_1/bd/system/ipshared/a0b2/src/rgb.v:163]
INFO: [Synth 8-226] default block is never used [c:/work/teamp1/teamp1.srcs/sources_1/bd/system/ipshared/a0b2/src/rgb.v:92]
INFO: [Synth 8-226] default block is never used [c:/work/teamp1/teamp1.srcs/sources_1/bd/system/ipshared/a0b2/src/rgb.v:163]
INFO: [Synth 8-226] default block is never used [c:/work/teamp1/teamp1.srcs/sources_1/bd/system/ipshared/a0b2/src/rgb.v:92]
INFO: [Synth 8-226] default block is never used [c:/work/teamp1/teamp1.srcs/sources_1/bd/system/ipshared/a0b2/src/rgb.v:163]
INFO: [Synth 8-226] default block is never used [c:/work/teamp1/teamp1.srcs/sources_1/bd/system/ipshared/a0b2/src/rgb.v:92]
INFO: [Synth 8-226] default block is never used [c:/work/teamp1/teamp1.srcs/sources_1/bd/system/ipshared/a0b2/src/rgb.v:163]
INFO: [Synth 8-226] default block is never used [c:/work/teamp1/teamp1.srcs/sources_1/bd/system/ipshared/a0b2/src/rgb.v:92]
INFO: [Synth 8-226] default block is never used [c:/work/teamp1/teamp1.srcs/sources_1/bd/system/ipshared/a0b2/src/rgb.v:163]
INFO: [Synth 8-226] default block is never used [c:/work/teamp1/teamp1.srcs/sources_1/bd/system/ipshared/a0b2/src/rgb.v:92]
INFO: [Synth 8-226] default block is never used [c:/work/teamp1/teamp1.srcs/sources_1/bd/system/ipshared/a0b2/src/rgb.v:163]
INFO: [Synth 8-226] default block is never used [c:/work/teamp1/teamp1.srcs/sources_1/bd/system/ipshared/a0b2/src/rgb.v:92]
INFO: [Synth 8-226] default block is never used [c:/work/teamp1/teamp1.srcs/sources_1/bd/system/ipshared/a0b2/src/rgb.v:163]
INFO: [Synth 8-226] default block is never used [c:/work/teamp1/teamp1.srcs/sources_1/bd/system/ipshared/a0b2/src/rgb.v:92]
INFO: [Synth 8-226] default block is never used [c:/work/teamp1/teamp1.srcs/sources_1/bd/system/ipshared/a0b2/src/rgb.v:163]
INFO: [Synth 8-226] default block is never used [c:/work/teamp1/teamp1.srcs/sources_1/bd/system/ipshared/a0b2/src/rgb.v:92]
INFO: [Synth 8-226] default block is never used [c:/work/teamp1/teamp1.srcs/sources_1/bd/system/ipshared/a0b2/src/rgb.v:163]
INFO: [Synth 8-226] default block is never used [c:/work/teamp1/teamp1.srcs/sources_1/bd/system/ipshared/a0b2/src/rgb.v:92]
INFO: [Synth 8-226] default block is never used [c:/work/teamp1/teamp1.srcs/sources_1/bd/system/ipshared/a0b2/src/rgb.v:163]
INFO: [Synth 8-226] default block is never used [c:/work/teamp1/teamp1.srcs/sources_1/bd/system/ipshared/a0b2/src/rgb.v:92]
INFO: [Synth 8-226] default block is never used [c:/work/teamp1/teamp1.srcs/sources_1/bd/system/ipshared/a0b2/src/rgb.v:163]
INFO: [Synth 8-226] default block is never used [c:/work/teamp1/teamp1.srcs/sources_1/bd/system/ipshared/a0b2/src/rgb.v:92]
INFO: [Synth 8-226] default block is never used [c:/work/teamp1/teamp1.srcs/sources_1/bd/system/ipshared/a0b2/src/rgb.v:163]
INFO: [Synth 8-226] default block is never used [c:/work/teamp1/teamp1.srcs/sources_1/bd/system/ipshared/a0b2/src/rgb.v:92]
INFO: [Synth 8-226] default block is never used [c:/work/teamp1/teamp1.srcs/sources_1/bd/system/ipshared/a0b2/src/rgb.v:163]
INFO: [Synth 8-226] default block is never used [c:/work/teamp1/teamp1.srcs/sources_1/bd/system/ipshared/a0b2/src/rgb.v:92]
INFO: [Synth 8-226] default block is never used [c:/work/teamp1/teamp1.srcs/sources_1/bd/system/ipshared/a0b2/src/rgb.v:163]
INFO: [Synth 8-226] default block is never used [c:/work/teamp1/teamp1.srcs/sources_1/bd/system/ipshared/a0b2/src/rgb.v:92]
INFO: [Synth 8-226] default block is never used [c:/work/teamp1/teamp1.srcs/sources_1/bd/system/ipshared/a0b2/src/rgb.v:163]
INFO: [Synth 8-226] default block is never used [c:/work/teamp1/teamp1.srcs/sources_1/bd/system/ipshared/a0b2/src/rgb.v:92]
INFO: [Synth 8-226] default block is never used [c:/work/teamp1/teamp1.srcs/sources_1/bd/system/ipshared/a0b2/src/rgb.v:163]
INFO: [Synth 8-226] default block is never used [c:/work/teamp1/teamp1.srcs/sources_1/bd/system/ipshared/a0b2/src/rgb.v:92]
INFO: [Synth 8-226] default block is never used [c:/work/teamp1/teamp1.srcs/sources_1/bd/system/ipshared/a0b2/src/rgb.v:163]
INFO: [Synth 8-226] default block is never used [c:/work/teamp1/teamp1.srcs/sources_1/bd/system/ipshared/a0b2/src/rgb.v:92]
INFO: [Synth 8-226] default block is never used [c:/work/teamp1/teamp1.srcs/sources_1/bd/system/ipshared/a0b2/src/rgb.v:163]
INFO: [Synth 8-226] default block is never used [c:/work/teamp1/teamp1.srcs/sources_1/bd/system/ipshared/a0b2/src/rgb.v:92]
INFO: [Synth 8-226] default block is never used [c:/work/teamp1/teamp1.srcs/sources_1/bd/system/ipshared/a0b2/src/rgb.v:163]
INFO: [Synth 8-226] default block is never used [c:/work/teamp1/teamp1.srcs/sources_1/bd/system/ipshared/a0b2/src/rgb.v:92]
INFO: [Synth 8-226] default block is never used [c:/work/teamp1/teamp1.srcs/sources_1/bd/system/ipshared/a0b2/src/rgb.v:163]
INFO: [Synth 8-226] default block is never used [c:/work/teamp1/teamp1.srcs/sources_1/bd/system/ipshared/a0b2/src/rgb.v:92]
INFO: [Synth 8-226] default block is never used [c:/work/teamp1/teamp1.srcs/sources_1/bd/system/ipshared/a0b2/src/rgb.v:163]
INFO: [Synth 8-226] default block is never used [c:/work/teamp1/teamp1.srcs/sources_1/bd/system/ipshared/a0b2/src/rgb.v:92]
INFO: [Synth 8-226] default block is never used [c:/work/teamp1/teamp1.srcs/sources_1/bd/system/ipshared/a0b2/src/rgb.v:163]
INFO: [Synth 8-226] default block is never used [c:/work/teamp1/teamp1.srcs/sources_1/bd/system/ipshared/a0b2/src/rgb.v:92]
INFO: [Synth 8-226] default block is never used [c:/work/teamp1/teamp1.srcs/sources_1/bd/system/ipshared/a0b2/src/rgb.v:163]
INFO: [Synth 8-226] default block is never used [c:/work/teamp1/teamp1.srcs/sources_1/bd/system/ipshared/a0b2/src/rgb.v:92]
INFO: [Synth 8-226] default block is never used [c:/work/teamp1/teamp1.srcs/sources_1/bd/system/ipshared/a0b2/src/rgb.v:163]
INFO: [Synth 8-226] default block is never used [c:/work/teamp1/teamp1.srcs/sources_1/bd/system/ipshared/a0b2/src/rgb.v:92]
INFO: [Synth 8-226] default block is never used [c:/work/teamp1/teamp1.srcs/sources_1/bd/system/ipshared/a0b2/src/rgb.v:163]
INFO: [Synth 8-226] default block is never used [c:/work/teamp1/teamp1.srcs/sources_1/bd/system/ipshared/a0b2/src/rgb.v:92]
INFO: [Synth 8-226] default block is never used [c:/work/teamp1/teamp1.srcs/sources_1/bd/system/ipshared/a0b2/src/rgb.v:163]
INFO: [Synth 8-226] default block is never used [c:/work/teamp1/teamp1.srcs/sources_1/bd/system/ipshared/a0b2/src/rgb.v:92]
INFO: [Synth 8-226] default block is never used [c:/work/teamp1/teamp1.srcs/sources_1/bd/system/ipshared/a0b2/src/rgb.v:163]
INFO: [Synth 8-226] default block is never used [c:/work/teamp1/teamp1.srcs/sources_1/bd/system/ipshared/a0b2/src/rgb.v:92]
INFO: [Synth 8-226] default block is never used [c:/work/teamp1/teamp1.srcs/sources_1/bd/system/ipshared/a0b2/src/rgb.v:163]
INFO: [Synth 8-226] default block is never used [c:/work/teamp1/teamp1.srcs/sources_1/bd/system/ipshared/a0b2/src/rgb.v:92]
INFO: [Synth 8-226] default block is never used [c:/work/teamp1/teamp1.srcs/sources_1/bd/system/ipshared/a0b2/src/rgb.v:163]
INFO: [Synth 8-226] default block is never used [c:/work/teamp1/teamp1.srcs/sources_1/bd/system/ipshared/a0b2/src/rgb.v:92]
INFO: [Synth 8-226] default block is never used [c:/work/teamp1/teamp1.srcs/sources_1/bd/system/ipshared/a0b2/src/rgb.v:163]
INFO: [Synth 8-226] default block is never used [c:/work/teamp1/teamp1.srcs/sources_1/bd/system/ipshared/a0b2/src/rgb.v:92]
INFO: [Synth 8-226] default block is never used [c:/work/teamp1/teamp1.srcs/sources_1/bd/system/ipshared/a0b2/src/rgb.v:163]
INFO: [Synth 8-226] default block is never used [c:/work/teamp1/teamp1.srcs/sources_1/bd/system/ipshared/a0b2/src/rgb.v:92]
INFO: [Synth 8-226] default block is never used [c:/work/teamp1/teamp1.srcs/sources_1/bd/system/ipshared/a0b2/src/rgb.v:163]
INFO: [Synth 8-226] default block is never used [c:/work/teamp1/teamp1.srcs/sources_1/bd/system/ipshared/a0b2/src/rgb.v:92]
INFO: [Synth 8-226] default block is never used [c:/work/teamp1/teamp1.srcs/sources_1/bd/system/ipshared/a0b2/src/rgb.v:163]
INFO: [Synth 8-226] default block is never used [c:/work/teamp1/teamp1.srcs/sources_1/bd/system/ipshared/a0b2/src/rgb.v:92]
INFO: [Synth 8-226] default block is never used [c:/work/teamp1/teamp1.srcs/sources_1/bd/system/ipshared/a0b2/src/rgb.v:163]
INFO: [Synth 8-226] default block is never used [c:/work/teamp1/teamp1.srcs/sources_1/bd/system/ipshared/a0b2/src/rgb.v:92]
INFO: [Synth 8-226] default block is never used [c:/work/teamp1/teamp1.srcs/sources_1/bd/system/ipshared/a0b2/src/rgb.v:163]
INFO: [Synth 8-226] default block is never used [c:/work/teamp1/teamp1.srcs/sources_1/bd/system/ipshared/a0b2/src/rgb.v:92]
INFO: [Synth 8-226] default block is never used [c:/work/teamp1/teamp1.srcs/sources_1/bd/system/ipshared/a0b2/src/rgb.v:163]
INFO: [Synth 8-226] default block is never used [c:/work/teamp1/teamp1.srcs/sources_1/bd/system/ipshared/a0b2/src/rgb.v:92]
INFO: [Synth 8-226] default block is never used [c:/work/teamp1/teamp1.srcs/sources_1/bd/system/ipshared/a0b2/src/rgb.v:163]
INFO: [Synth 8-226] default block is never used [c:/work/teamp1/teamp1.srcs/sources_1/bd/system/ipshared/a0b2/src/rgb.v:92]
INFO: [Synth 8-226] default block is never used [c:/work/teamp1/teamp1.srcs/sources_1/bd/system/ipshared/a0b2/src/rgb.v:163]
INFO: [Synth 8-226] default block is never used [c:/work/teamp1/teamp1.srcs/sources_1/bd/system/ipshared/a0b2/src/rgb.v:92]
INFO: [Synth 8-226] default block is never used [c:/work/teamp1/teamp1.srcs/sources_1/bd/system/ipshared/a0b2/src/rgb.v:163]
INFO: [Synth 8-226] default block is never used [c:/work/teamp1/teamp1.srcs/sources_1/bd/system/ipshared/a0b2/src/rgb.v:92]
INFO: [Synth 8-226] default block is never used [c:/work/teamp1/teamp1.srcs/sources_1/bd/system/ipshared/a0b2/src/rgb.v:163]
INFO: [Synth 8-226] default block is never used [c:/work/teamp1/teamp1.srcs/sources_1/bd/system/ipshared/a0b2/src/rgb.v:92]
INFO: [Synth 8-226] default block is never used [c:/work/teamp1/teamp1.srcs/sources_1/bd/system/ipshared/a0b2/src/rgb.v:163]
INFO: [Synth 8-226] default block is never used [c:/work/teamp1/teamp1.srcs/sources_1/bd/system/ipshared/a0b2/src/rgb.v:92]
INFO: [Synth 8-226] default block is never used [c:/work/teamp1/teamp1.srcs/sources_1/bd/system/ipshared/a0b2/src/rgb.v:163]
INFO: [Synth 8-226] default block is never used [c:/work/teamp1/teamp1.srcs/sources_1/bd/system/ipshared/a0b2/src/rgb.v:92]
INFO: [Synth 8-226] default block is never used [c:/work/teamp1/teamp1.srcs/sources_1/bd/system/ipshared/a0b2/src/rgb.v:163]
INFO: [Synth 8-226] default block is never used [c:/work/teamp1/teamp1.srcs/sources_1/bd/system/ipshared/a0b2/src/rgb.v:92]
INFO: [Synth 8-226] default block is never used [c:/work/teamp1/teamp1.srcs/sources_1/bd/system/ipshared/a0b2/src/rgb.v:163]
INFO: [Synth 8-226] default block is never used [c:/work/teamp1/teamp1.srcs/sources_1/bd/system/ipshared/a0b2/src/rgb.v:92]
INFO: [Synth 8-226] default block is never used [c:/work/teamp1/teamp1.srcs/sources_1/bd/system/ipshared/a0b2/src/rgb.v:163]
INFO: [Synth 8-226] default block is never used [c:/work/teamp1/teamp1.srcs/sources_1/bd/system/ipshared/a0b2/src/rgb.v:92]
INFO: [Synth 8-226] default block is never used [c:/work/teamp1/teamp1.srcs/sources_1/bd/system/ipshared/a0b2/src/rgb.v:163]
INFO: [Synth 8-226] default block is never used [c:/work/teamp1/teamp1.srcs/sources_1/bd/system/ipshared/a0b2/src/rgb.v:92]
INFO: [Common 17-14] Message 'Synth 8-226' appears 100 times and further instances of the messages will be disabled. Use the Tcl command set_msg_config to change the current settings.
INFO: [Synth 8-6155] done synthesizing module 'rgb' (4#1) [c:/work/teamp1/teamp1.srcs/sources_1/bd/system/ipshared/a0b2/src/rgb.v:3]
INFO: [Synth 8-6155] done synthesizing module 'TFTLCDctrl' (5#1) [c:/work/teamp1/teamp1.srcs/sources_1/bd/system/ipshared/a0b2/src/TFTLCDCtrl.v:3]
WARNING: [Synth 8-7023] instance 'TFTLCDctrl_U0' of module 'TFTLCDctrl' has 19 connections declared, but only 16 given [c:/work/teamp1/teamp1.srcs/sources_1/bd/system/ipshared/a0b2/hdl/tftlcd_v1_0_S00_AXI.v:440]
INFO: [Synth 8-638] synthesizing module 'blk_mem' [c:/work/teamp1/teamp1.srcs/sources_1/bd/system/ip/system_tftlcd_0_0/src/blk_mem/synth/blk_mem.vhd:71]
	Parameter C_FAMILY bound to: zynq - type: string 
	Parameter C_XDEVICEFAMILY bound to: zynq - type: string 
	Parameter C_ELABORATION_DIR bound to: ./ - type: string 
	Parameter C_INTERFACE_TYPE bound to: 0 - type: integer 
	Parameter C_AXI_TYPE bound to: 1 - type: integer 
	Parameter C_AXI_SLAVE_TYPE bound to: 0 - type: integer 
	Parameter C_USE_BRAM_BLOCK bound to: 0 - type: integer 
	Parameter C_ENABLE_32BIT_ADDRESS bound to: 0 - type: integer 
	Parameter C_CTRL_ECC_ALGO bound to: NONE - type: string 
	Parameter C_HAS_AXI_ID bound to: 0 - type: integer 
	Parameter C_AXI_ID_WIDTH bound to: 4 - type: integer 
	Parameter C_MEM_TYPE bound to: 1 - type: integer 
	Parameter C_BYTE_SIZE bound to: 9 - type: integer 
	Parameter C_ALGORITHM bound to: 1 - type: integer 
	Parameter C_PRIM_TYPE bound to: 1 - type: integer 
	Parameter C_LOAD_INIT_FILE bound to: 0 - type: integer 
	Parameter C_INIT_FILE_NAME bound to: no_coe_file_loaded - type: string 
	Parameter C_INIT_FILE bound to: blk_mem.mem - type: string 
	Parameter C_USE_DEFAULT_DATA bound to: 0 - type: integer 
	Parameter C_DEFAULT_DATA bound to: 0 - type: string 
	Parameter C_HAS_RSTA bound to: 0 - type: integer 
	Parameter C_RST_PRIORITY_A bound to: CE - type: string 
	Parameter C_RSTRAM_A bound to: 0 - type: integer 
	Parameter C_INITA_VAL bound to: 0 - type: string 
	Parameter C_HAS_ENA bound to: 0 - type: integer 
	Parameter C_HAS_REGCEA bound to: 0 - type: integer 
	Parameter C_USE_BYTE_WEA bound to: 0 - type: integer 
	Parameter C_WEA_WIDTH bound to: 1 - type: integer 
	Parameter C_WRITE_MODE_A bound to: NO_CHANGE - type: string 
	Parameter C_WRITE_WIDTH_A bound to: 16 - type: integer 
	Parameter C_READ_WIDTH_A bound to: 16 - type: integer 
	Parameter C_WRITE_DEPTH_A bound to: 130560 - type: integer 
	Parameter C_READ_DEPTH_A bound to: 130560 - type: integer 
	Parameter C_ADDRA_WIDTH bound to: 17 - type: integer 
	Parameter C_HAS_RSTB bound to: 0 - type: integer 
	Parameter C_RST_PRIORITY_B bound to: CE - type: string 
	Parameter C_RSTRAM_B bound to: 0 - type: integer 
	Parameter C_INITB_VAL bound to: 0 - type: string 
	Parameter C_HAS_ENB bound to: 0 - type: integer 
	Parameter C_HAS_REGCEB bound to: 0 - type: integer 
	Parameter C_USE_BYTE_WEB bound to: 0 - type: integer 
	Parameter C_WEB_WIDTH bound to: 1 - type: integer 
	Parameter C_WRITE_MODE_B bound to: WRITE_FIRST - type: string 
	Parameter C_WRITE_WIDTH_B bound to: 16 - type: integer 
	Parameter C_READ_WIDTH_B bound to: 16 - type: integer 
	Parameter C_WRITE_DEPTH_B bound to: 130560 - type: integer 
	Parameter C_READ_DEPTH_B bound to: 130560 - type: integer 
	Parameter C_ADDRB_WIDTH bound to: 17 - type: integer 
	Parameter C_HAS_MEM_OUTPUT_REGS_A bound to: 0 - type: integer 
	Parameter C_HAS_MEM_OUTPUT_REGS_B bound to: 1 - type: integer 
	Parameter C_HAS_MUX_OUTPUT_REGS_A bound to: 0 - type: integer 
	Parameter C_HAS_MUX_OUTPUT_REGS_B bound to: 0 - type: integer 
	Parameter C_MUX_PIPELINE_STAGES bound to: 0 - type: integer 
	Parameter C_HAS_SOFTECC_INPUT_REGS_A bound to: 0 - type: integer 
	Parameter C_HAS_SOFTECC_OUTPUT_REGS_B bound to: 0 - type: integer 
	Parameter C_USE_SOFTECC bound to: 0 - type: integer 
	Parameter C_USE_ECC bound to: 0 - type: integer 
	Parameter C_EN_ECC_PIPE bound to: 0 - type: integer 
	Parameter C_READ_LATENCY_A bound to: 1 - type: integer 
	Parameter C_READ_LATENCY_B bound to: 1 - type: integer 
	Parameter C_HAS_INJECTERR bound to: 0 - type: integer 
	Parameter C_SIM_COLLISION_CHECK bound to: ALL - type: string 
	Parameter C_COMMON_CLK bound to: 0 - type: integer 
	Parameter C_DISABLE_WARN_BHV_COLL bound to: 0 - type: integer 
	Parameter C_EN_SLEEP_PIN bound to: 0 - type: integer 
	Parameter C_USE_URAM bound to: 0 - type: integer 
	Parameter C_EN_RDADDRA_CHG bound to: 0 - type: integer 
	Parameter C_EN_RDADDRB_CHG bound to: 0 - type: integer 
	Parameter C_EN_DEEPSLEEP_PIN bound to: 0 - type: integer 
	Parameter C_EN_SHUTDOWN_PIN bound to: 0 - type: integer 
	Parameter C_EN_SAFETY_CKT bound to: 0 - type: integer 
	Parameter C_DISABLE_WARN_BHV_RANGE bound to: 0 - type: integer 
	Parameter C_COUNT_36K_BRAM bound to: 60 - type: string 
	Parameter C_COUNT_18K_BRAM bound to: 0 - type: string 
	Parameter C_EST_POWER_SUMMARY bound to: Estimated Power for IP     :     33.737328 mW - type: string 
INFO: [Synth 8-3491] module 'blk_mem_gen_v8_4_3' declared at 'c:/work/teamp1/teamp1.srcs/sources_1/bd/system/ip/system_tftlcd_0_0/src/blk_mem/hdl/blk_mem_gen_v8_4_vhsyn_rfs.vhd:195321' bound to instance 'U0' of component 'blk_mem_gen_v8_4_3' [c:/work/teamp1/teamp1.srcs/sources_1/bd/system/ip/system_tftlcd_0_0/src/blk_mem/synth/blk_mem.vhd:239]
INFO: [Synth 8-256] done synthesizing module 'blk_mem' (16#1) [c:/work/teamp1/teamp1.srcs/sources_1/bd/system/ip/system_tftlcd_0_0/src/blk_mem/synth/blk_mem.vhd:71]
WARNING: [Synth 8-3848] Net R in module/entity tftlcd_v1_0_S00_AXI does not have driver. [c:/work/teamp1/teamp1.srcs/sources_1/bd/system/ipshared/a0b2/hdl/tftlcd_v1_0_S00_AXI.v:28]
WARNING: [Synth 8-3848] Net G in module/entity tftlcd_v1_0_S00_AXI does not have driver. [c:/work/teamp1/teamp1.srcs/sources_1/bd/system/ipshared/a0b2/hdl/tftlcd_v1_0_S00_AXI.v:29]
WARNING: [Synth 8-3848] Net B in module/entity tftlcd_v1_0_S00_AXI does not have driver. [c:/work/teamp1/teamp1.srcs/sources_1/bd/system/ipshared/a0b2/hdl/tftlcd_v1_0_S00_AXI.v:30]
INFO: [Synth 8-6155] done synthesizing module 'tftlcd_v1_0_S00_AXI' (17#1) [c:/work/teamp1/teamp1.srcs/sources_1/bd/system/ipshared/a0b2/hdl/tftlcd_v1_0_S00_AXI.v:4]
WARNING: [Synth 8-7023] instance 'tftlcd_v1_0_S00_AXI_inst' of module 'tftlcd_v1_0_S00_AXI' has 38 connections declared, but only 25 given [c:/work/teamp1/teamp1.srcs/sources_1/bd/system/ipshared/a0b2/hdl/tftlcd_v1_0.v:60]
INFO: [Synth 8-6155] done synthesizing module 'tftlcd_v1_0' (18#1) [c:/work/teamp1/teamp1.srcs/sources_1/bd/system/ipshared/a0b2/hdl/tftlcd_v1_0.v:3]
INFO: [Synth 8-6155] done synthesizing module 'system_tftlcd_0_0' (19#1) [c:/work/teamp1/teamp1.srcs/sources_1/bd/system/ip/system_tftlcd_0_0/synth/system_tftlcd_0_0.v:57]
WARNING: [Synth 8-3331] design rgb has unconnected port HsyncCount[2]
WARNING: [Synth 8-3331] design rgb has unconnected port HsyncCount[1]
WARNING: [Synth 8-3331] design rgb has unconnected port HsyncCount[0]
WARNING: [Synth 8-3331] design rgb has unconnected port VsyncCount[9]
WARNING: [Synth 8-3331] design rgb has unconnected port VsyncCount[2]
WARNING: [Synth 8-3331] design rgb has unconnected port VsyncCount[1]
WARNING: [Synth 8-3331] design rgb has unconnected port VsyncCount[0]
WARNING: [Synth 8-3331] design blk_mem_gen_mux__parameterized0 has unconnected port MUX_RST[0]
WARNING: [Synth 8-3331] design blk_mem_gen_mux__parameterized0 has unconnected port MEM_LAT_RST
WARNING: [Synth 8-3331] design blk_mem_gen_mux__parameterized0 has unconnected port MUX_REGCE[0]
WARNING: [Synth 8-3331] design blk_mem_gen_mux__parameterized0 has unconnected port WE
WARNING: [Synth 8-3331] design blk_mem_gen_mux__parameterized0 has unconnected port ADDR_IN[16]
WARNING: [Synth 8-3331] design blk_mem_gen_mux__parameterized0 has unconnected port ADDR_IN[15]
WARNING: [Synth 8-3331] design blk_mem_gen_mux__parameterized0 has unconnected port ADDR_IN[14]
WARNING: [Synth 8-3331] design blk_mem_gen_mux__parameterized0 has unconnected port ADDR_IN[13]
WARNING: [Synth 8-3331] design blk_mem_gen_mux__parameterized0 has unconnected port ADDR_IN[12]
WARNING: [Synth 8-3331] design blk_mem_gen_mux__parameterized0 has unconnected port ADDR_IN[11]
WARNING: [Synth 8-3331] design blk_mem_gen_mux__parameterized0 has unconnected port ADDR_IN[10]
WARNING: [Synth 8-3331] design blk_mem_gen_mux__parameterized0 has unconnected port ADDR_IN[9]
WARNING: [Synth 8-3331] design blk_mem_gen_mux__parameterized0 has unconnected port ADDR_IN[8]
WARNING: [Synth 8-3331] design blk_mem_gen_mux__parameterized0 has unconnected port ADDR_IN[7]
WARNING: [Synth 8-3331] design blk_mem_gen_mux__parameterized0 has unconnected port ADDR_IN[6]
WARNING: [Synth 8-3331] design blk_mem_gen_mux__parameterized0 has unconnected port ADDR_IN[5]
WARNING: [Synth 8-3331] design blk_mem_gen_mux__parameterized0 has unconnected port ADDR_IN[4]
WARNING: [Synth 8-3331] design blk_mem_gen_mux__parameterized0 has unconnected port ADDR_IN[3]
WARNING: [Synth 8-3331] design blk_mem_gen_mux__parameterized0 has unconnected port ADDR_IN[2]
WARNING: [Synth 8-3331] design blk_mem_gen_mux__parameterized0 has unconnected port ADDR_IN[1]
WARNING: [Synth 8-3331] design blk_mem_gen_mux__parameterized0 has unconnected port ADDR_IN[0]
WARNING: [Synth 8-3331] design blk_mem_gen_mux__parameterized0 has unconnected port SBITERRIN[511]
WARNING: [Synth 8-3331] design blk_mem_gen_mux__parameterized0 has unconnected port SBITERRIN[510]
WARNING: [Synth 8-3331] design blk_mem_gen_mux__parameterized0 has unconnected port SBITERRIN[509]
WARNING: [Synth 8-3331] design blk_mem_gen_mux__parameterized0 has unconnected port SBITERRIN[508]
WARNING: [Synth 8-3331] design blk_mem_gen_mux__parameterized0 has unconnected port SBITERRIN[507]
WARNING: [Synth 8-3331] design blk_mem_gen_mux__parameterized0 has unconnected port SBITERRIN[506]
WARNING: [Synth 8-3331] design blk_mem_gen_mux__parameterized0 has unconnected port SBITERRIN[505]
WARNING: [Synth 8-3331] design blk_mem_gen_mux__parameterized0 has unconnected port SBITERRIN[504]
WARNING: [Synth 8-3331] design blk_mem_gen_mux__parameterized0 has unconnected port SBITERRIN[503]
WARNING: [Synth 8-3331] design blk_mem_gen_mux__parameterized0 has unconnected port SBITERRIN[502]
WARNING: [Synth 8-3331] design blk_mem_gen_mux__parameterized0 has unconnected port SBITERRIN[501]
WARNING: [Synth 8-3331] design blk_mem_gen_mux__parameterized0 has unconnected port SBITERRIN[500]
WARNING: [Synth 8-3331] design blk_mem_gen_mux__parameterized0 has unconnected port SBITERRIN[499]
WARNING: [Synth 8-3331] design blk_mem_gen_mux__parameterized0 has unconnected port SBITERRIN[498]
WARNING: [Synth 8-3331] design blk_mem_gen_mux__parameterized0 has unconnected port SBITERRIN[497]
WARNING: [Synth 8-3331] design blk_mem_gen_mux__parameterized0 has unconnected port SBITERRIN[496]
WARNING: [Synth 8-3331] design blk_mem_gen_mux__parameterized0 has unconnected port SBITERRIN[495]
WARNING: [Synth 8-3331] design blk_mem_gen_mux__parameterized0 has unconnected port SBITERRIN[494]
WARNING: [Synth 8-3331] design blk_mem_gen_mux__parameterized0 has unconnected port SBITERRIN[493]
WARNING: [Synth 8-3331] design blk_mem_gen_mux__parameterized0 has unconnected port SBITERRIN[492]
WARNING: [Synth 8-3331] design blk_mem_gen_mux__parameterized0 has unconnected port SBITERRIN[491]
WARNING: [Synth 8-3331] design blk_mem_gen_mux__parameterized0 has unconnected port SBITERRIN[490]
WARNING: [Synth 8-3331] design blk_mem_gen_mux__parameterized0 has unconnected port SBITERRIN[489]
WARNING: [Synth 8-3331] design blk_mem_gen_mux__parameterized0 has unconnected port SBITERRIN[488]
WARNING: [Synth 8-3331] design blk_mem_gen_mux__parameterized0 has unconnected port SBITERRIN[487]
WARNING: [Synth 8-3331] design blk_mem_gen_mux__parameterized0 has unconnected port SBITERRIN[486]
WARNING: [Synth 8-3331] design blk_mem_gen_mux__parameterized0 has unconnected port SBITERRIN[485]
WARNING: [Synth 8-3331] design blk_mem_gen_mux__parameterized0 has unconnected port SBITERRIN[484]
WARNING: [Synth 8-3331] design blk_mem_gen_mux__parameterized0 has unconnected port SBITERRIN[483]
WARNING: [Synth 8-3331] design blk_mem_gen_mux__parameterized0 has unconnected port SBITERRIN[482]
WARNING: [Synth 8-3331] design blk_mem_gen_mux__parameterized0 has unconnected port SBITERRIN[481]
WARNING: [Synth 8-3331] design blk_mem_gen_mux__parameterized0 has unconnected port SBITERRIN[480]
WARNING: [Synth 8-3331] design blk_mem_gen_mux__parameterized0 has unconnected port SBITERRIN[479]
WARNING: [Synth 8-3331] design blk_mem_gen_mux__parameterized0 has unconnected port SBITERRIN[478]
WARNING: [Synth 8-3331] design blk_mem_gen_mux__parameterized0 has unconnected port SBITERRIN[477]
WARNING: [Synth 8-3331] design blk_mem_gen_mux__parameterized0 has unconnected port SBITERRIN[476]
WARNING: [Synth 8-3331] design blk_mem_gen_mux__parameterized0 has unconnected port SBITERRIN[475]
WARNING: [Synth 8-3331] design blk_mem_gen_mux__parameterized0 has unconnected port SBITERRIN[474]
WARNING: [Synth 8-3331] design blk_mem_gen_mux__parameterized0 has unconnected port SBITERRIN[473]
WARNING: [Synth 8-3331] design blk_mem_gen_mux__parameterized0 has unconnected port SBITERRIN[472]
WARNING: [Synth 8-3331] design blk_mem_gen_mux__parameterized0 has unconnected port SBITERRIN[471]
WARNING: [Synth 8-3331] design blk_mem_gen_mux__parameterized0 has unconnected port SBITERRIN[470]
WARNING: [Synth 8-3331] design blk_mem_gen_mux__parameterized0 has unconnected port SBITERRIN[469]
WARNING: [Synth 8-3331] design blk_mem_gen_mux__parameterized0 has unconnected port SBITERRIN[468]
WARNING: [Synth 8-3331] design blk_mem_gen_mux__parameterized0 has unconnected port SBITERRIN[467]
WARNING: [Synth 8-3331] design blk_mem_gen_mux__parameterized0 has unconnected port SBITERRIN[466]
WARNING: [Synth 8-3331] design blk_mem_gen_mux__parameterized0 has unconnected port SBITERRIN[465]
WARNING: [Synth 8-3331] design blk_mem_gen_mux__parameterized0 has unconnected port SBITERRIN[464]
WARNING: [Synth 8-3331] design blk_mem_gen_mux__parameterized0 has unconnected port SBITERRIN[463]
WARNING: [Synth 8-3331] design blk_mem_gen_mux__parameterized0 has unconnected port SBITERRIN[462]
WARNING: [Synth 8-3331] design blk_mem_gen_mux__parameterized0 has unconnected port SBITERRIN[461]
WARNING: [Synth 8-3331] design blk_mem_gen_mux__parameterized0 has unconnected port SBITERRIN[460]
WARNING: [Synth 8-3331] design blk_mem_gen_mux__parameterized0 has unconnected port SBITERRIN[459]
WARNING: [Synth 8-3331] design blk_mem_gen_mux__parameterized0 has unconnected port SBITERRIN[458]
WARNING: [Synth 8-3331] design blk_mem_gen_mux__parameterized0 has unconnected port SBITERRIN[457]
WARNING: [Synth 8-3331] design blk_mem_gen_mux__parameterized0 has unconnected port SBITERRIN[456]
WARNING: [Synth 8-3331] design blk_mem_gen_mux__parameterized0 has unconnected port SBITERRIN[455]
WARNING: [Synth 8-3331] design blk_mem_gen_mux__parameterized0 has unconnected port SBITERRIN[454]
WARNING: [Synth 8-3331] design blk_mem_gen_mux__parameterized0 has unconnected port SBITERRIN[453]
WARNING: [Synth 8-3331] design blk_mem_gen_mux__parameterized0 has unconnected port SBITERRIN[452]
WARNING: [Synth 8-3331] design blk_mem_gen_mux__parameterized0 has unconnected port SBITERRIN[451]
WARNING: [Synth 8-3331] design blk_mem_gen_mux__parameterized0 has unconnected port SBITERRIN[450]
WARNING: [Synth 8-3331] design blk_mem_gen_mux__parameterized0 has unconnected port SBITERRIN[449]
WARNING: [Synth 8-3331] design blk_mem_gen_mux__parameterized0 has unconnected port SBITERRIN[448]
WARNING: [Synth 8-3331] design blk_mem_gen_mux__parameterized0 has unconnected port SBITERRIN[447]
WARNING: [Synth 8-3331] design blk_mem_gen_mux__parameterized0 has unconnected port SBITERRIN[446]
WARNING: [Synth 8-3331] design blk_mem_gen_mux__parameterized0 has unconnected port SBITERRIN[445]
WARNING: [Synth 8-3331] design blk_mem_gen_mux__parameterized0 has unconnected port SBITERRIN[444]
WARNING: [Synth 8-3331] design blk_mem_gen_mux__parameterized0 has unconnected port SBITERRIN[443]
WARNING: [Synth 8-3331] design blk_mem_gen_mux__parameterized0 has unconnected port SBITERRIN[442]
WARNING: [Synth 8-3331] design blk_mem_gen_mux__parameterized0 has unconnected port SBITERRIN[441]
WARNING: [Synth 8-3331] design blk_mem_gen_mux__parameterized0 has unconnected port SBITERRIN[440]
INFO: [Common 17-14] Message 'Synth 8-3331' appears 100 times and further instances of the messages will be disabled. Use the Tcl command set_msg_config to change the current settings.
---------------------------------------------------------------------------------
Finished RTL Elaboration : Time (s): cpu = 00:05:29 ; elapsed = 00:05:37 . Memory (MB): peak = 1684.512 ; gain = 1123.320
---------------------------------------------------------------------------------

Report Check Netlist: 
+------+------------------+-------+---------+-------+------------------+
|      |Item              |Errors |Warnings |Status |Description       |
+------+------------------+-------+---------+-------+------------------+
|1     |multi_driven_nets |      0|        0|Passed |Multi driven nets |
+------+------------------+-------+---------+-------+------------------+
---------------------------------------------------------------------------------
Start Handling Custom Attributes
---------------------------------------------------------------------------------
---------------------------------------------------------------------------------
Finished Handling Custom Attributes : Time (s): cpu = 00:05:34 ; elapsed = 00:05:42 . Memory (MB): peak = 1684.512 ; gain = 1123.320
---------------------------------------------------------------------------------
---------------------------------------------------------------------------------
Finished RTL Optimization Phase 1 : Time (s): cpu = 00:05:34 ; elapsed = 00:05:42 . Memory (MB): peak = 1684.512 ; gain = 1123.320
---------------------------------------------------------------------------------
INFO: [Netlist 29-17] Analyzing 60 Unisim elements for replacement
INFO: [Netlist 29-28] Unisim Transformation completed in 1 CPU seconds
INFO: [Project 1-570] Preparing netlist for logic optimization

Processing XDC Constraints
Initializing timing engine
Parsing XDC File [C:/work/teamp1/teamp1.runs/system_tftlcd_0_0_synth_1/dont_touch.xdc]
Finished Parsing XDC File [C:/work/teamp1/teamp1.runs/system_tftlcd_0_0_synth_1/dont_touch.xdc]
Completed Processing XDC Constraints

Netlist sorting complete. Time (s): cpu = 00:00:00 ; elapsed = 00:00:00.014 . Memory (MB): peak = 1684.512 ; gain = 0.000
INFO: [Project 1-111] Unisim Transformation Summary:
No Unisim elements were transformed.

Constraint Validation Runtime : Time (s): cpu = 00:00:02 ; elapsed = 00:00:00.936 . Memory (MB): peak = 1684.512 ; gain = 0.000
---------------------------------------------------------------------------------
Finished Constraint Validation : Time (s): cpu = 00:05:51 ; elapsed = 00:05:58 . Memory (MB): peak = 1684.512 ; gain = 1123.320
---------------------------------------------------------------------------------
INFO: [Synth 8-5580] Multithreading enabled for synth_design using a maximum of 2 processes.
---------------------------------------------------------------------------------
Start Loading Part and Timing Information
---------------------------------------------------------------------------------
Loading part: xc7z020clg484-1
---------------------------------------------------------------------------------
Finished Loading Part and Timing Information : Time (s): cpu = 00:05:51 ; elapsed = 00:05:58 . Memory (MB): peak = 1684.512 ; gain = 1123.320
---------------------------------------------------------------------------------
INFO: [Synth 8-5818] HDL ADVISOR - The operator resource <adder> is shared. To prevent sharing consider applying a KEEP on the output of the operator [c:/work/teamp1/teamp1.srcs/sources_1/bd/system/ipshared/a0b2/src/rgb.v:216]
INFO: [Synth 8-5818] HDL ADVISOR - The operator resource <adder> is shared. To prevent sharing consider applying a KEEP on the output of the operator [c:/work/teamp1/teamp1.srcs/sources_1/bd/system/ipshared/a0b2/src/rgb.v:220]
INFO: [Synth 8-5845] Not enough pipeline registers after wide multiplier. Recommended levels of pipeline registers is 4 [c:/work/teamp1/teamp1.srcs/sources_1/bd/system/ipshared/a0b2/src/rgb.v:124]
INFO: [Synth 8-5845] Not enough pipeline registers after wide multiplier. Recommended levels of pipeline registers is 4 [c:/work/teamp1/teamp1.srcs/sources_1/bd/system/ipshared/a0b2/src/rgb.v:142]
INFO: [Synth 8-5845] Not enough pipeline registers after wide multiplier. Recommended levels of pipeline registers is 4 [c:/work/teamp1/teamp1.srcs/sources_1/bd/system/ipshared/a0b2/src/rgb.v:148]
INFO: [Synth 8-5845] Not enough pipeline registers after wide multiplier. Recommended levels of pipeline registers is 4 [c:/work/teamp1/teamp1.srcs/sources_1/bd/system/ipshared/a0b2/src/rgb.v:139]
INFO: [Synth 8-5845] Not enough pipeline registers after wide multiplier. Recommended levels of pipeline registers is 4 [c:/work/teamp1/teamp1.srcs/sources_1/bd/system/ipshared/a0b2/src/rgb.v:55]
INFO: [Synth 8-5845] Not enough pipeline registers after wide multiplier. Recommended levels of pipeline registers is 4 [c:/work/teamp1/teamp1.srcs/sources_1/bd/system/ipshared/a0b2/src/rgb.v:72]
INFO: [Synth 8-5845] Not enough pipeline registers after wide multiplier. Recommended levels of pipeline registers is 4 [c:/work/teamp1/teamp1.srcs/sources_1/bd/system/ipshared/a0b2/src/rgb.v:78]
INFO: [Synth 8-5845] Not enough pipeline registers after wide multiplier. Recommended levels of pipeline registers is 4 [c:/work/teamp1/teamp1.srcs/sources_1/bd/system/ipshared/a0b2/src/rgb.v:69]
---------------------------------------------------------------------------------
Finished RTL Optimization Phase 2 : Time (s): cpu = 00:08:43 ; elapsed = 00:09:01 . Memory (MB): peak = 1684.512 ; gain = 1123.320
---------------------------------------------------------------------------------

Report RTL Partitions: 
+------+-------------------------+------------+----------+
|      |RTL Partition            |Replication |Instances |
+------+-------------------------+------------+----------+
|1     |rgb__GB0                 |           1|     53114|
|2     |rgb__GB1                 |           1|     12999|
|3     |rgb__GB2                 |           1|     16235|
|4     |rgb__GB3                 |           1|     20321|
|5     |rgb__GB4                 |           1|     17211|
|6     |TFTLCDctrl__GC0          |           1|       244|
|7     |tftlcd_v1_0_S00_AXI__GC0 |           1|      3149|
+------+-------------------------+------------+----------+
---------------------------------------------------------------------------------
Start RTL Component Statistics 
---------------------------------------------------------------------------------
Detailed RTL Component Info : 
+---Adders : 
	   3 Input     32 Bit       Adders := 24    
	   2 Input     32 Bit       Adders := 40    
	   4 Input     32 Bit       Adders := 4     
	   2 Input     17 Bit       Adders := 1     
	   2 Input     10 Bit       Adders := 2     
	   2 Input      9 Bit       Adders := 2     
	   2 Input      7 Bit       Adders := 2     
	   2 Input      6 Bit       Adders := 2     
+---Registers : 
	               32 Bit    Registers := 5     
	               19 Bit    Registers := 2     
	               17 Bit    Registers := 2     
	               10 Bit    Registers := 2     
	                9 Bit    Registers := 2     
	                7 Bit    Registers := 2     
	                6 Bit    Registers := 2     
	                5 Bit    Registers := 3     
	                2 Bit    Registers := 2     
	                1 Bit    Registers := 9626  
+---Multipliers : 
	                32x32  Multipliers := 24    
+---Muxes : 
	   2 Input     32 Bit        Muxes := 9     
	   4 Input     32 Bit        Muxes := 5     
	   2 Input     17 Bit        Muxes := 1     
	   2 Input     10 Bit        Muxes := 2     
	   2 Input      9 Bit        Muxes := 2     
	   2 Input      6 Bit        Muxes := 6     
	   2 Input      5 Bit        Muxes := 8     
	   2 Input      2 Bit        Muxes := 4     
	   2 Input      1 Bit        Muxes := 9674  
	   4 Input      1 Bit        Muxes := 44    
	   6 Input      1 Bit        Muxes := 6     
---------------------------------------------------------------------------------
Finished RTL Component Statistics 
---------------------------------------------------------------------------------
---------------------------------------------------------------------------------
Start RTL Hierarchical Component Statistics 
---------------------------------------------------------------------------------
Hierarchical RTL Component report 
Module rgb 
Detailed RTL Component Info : 
+---Adders : 
	   3 Input     32 Bit       Adders := 12    
	   2 Input     32 Bit       Adders := 20    
	   4 Input     32 Bit       Adders := 2     
	   2 Input      7 Bit       Adders := 1     
	   2 Input      6 Bit       Adders := 1     
+---Registers : 
	                7 Bit    Registers := 1     
	                6 Bit    Registers := 1     
	                1 Bit    Registers := 4805  
+---Multipliers : 
	                32x32  Multipliers := 12    
+---Muxes : 
	   2 Input      6 Bit        Muxes := 2     
	   2 Input      5 Bit        Muxes := 2     
	   2 Input      2 Bit        Muxes := 2     
	   2 Input      1 Bit        Muxes := 4802  
	   4 Input      1 Bit        Muxes := 22    
	   6 Input      1 Bit        Muxes := 3     
Module g2m 
Detailed RTL Component Info : 
+---Registers : 
	                1 Bit    Registers := 1     
Module horizontal 
Detailed RTL Component Info : 
+---Adders : 
	   2 Input     10 Bit       Adders := 1     
+---Registers : 
	               10 Bit    Registers := 1     
	                1 Bit    Registers := 1     
+---Muxes : 
	   2 Input     10 Bit        Muxes := 1     
Module vertical 
Detailed RTL Component Info : 
+---Adders : 
	   2 Input      9 Bit       Adders := 1     
+---Registers : 
	                9 Bit    Registers := 1     
	                1 Bit    Registers := 1     
+---Muxes : 
	   2 Input      9 Bit        Muxes := 1     
Module TFTLCDctrl 
Detailed RTL Component Info : 
+---Muxes : 
	   2 Input      6 Bit        Muxes := 1     
	   2 Input      5 Bit        Muxes := 2     
Module bindec__1 
Detailed RTL Component Info : 
+---Muxes : 
	   2 Input      1 Bit        Muxes := 32    
Module bindec 
Detailed RTL Component Info : 
+---Muxes : 
	   2 Input      1 Bit        Muxes := 32    
Module blk_mem_gen_mux 
Detailed RTL Component Info : 
+---Registers : 
	                5 Bit    Registers := 1     
Module blk_mem_gen_mux__parameterized0 
Detailed RTL Component Info : 
+---Registers : 
	               17 Bit    Registers := 1     
	                5 Bit    Registers := 2     
+---Muxes : 
	   2 Input      1 Bit        Muxes := 1     
Module tftlcd_v1_0_S00_AXI 
Detailed RTL Component Info : 
+---Adders : 
	   2 Input     17 Bit       Adders := 1     
+---Registers : 
	               32 Bit    Registers := 5     
	               19 Bit    Registers := 2     
	               17 Bit    Registers := 1     
	                2 Bit    Registers := 2     
	                1 Bit    Registers := 10    
+---Muxes : 
	   2 Input     32 Bit        Muxes := 9     
	   4 Input     32 Bit        Muxes := 5     
	   2 Input     17 Bit        Muxes := 1     
	   2 Input      1 Bit        Muxes := 5     
---------------------------------------------------------------------------------
Finished RTL Hierarchical Component Statistics
---------------------------------------------------------------------------------
---------------------------------------------------------------------------------
Start Part Resource Summary
---------------------------------------------------------------------------------
Part Resources:
DSPs: 220 (col length:60)
BRAMs: 280 (col length: RAMB18 60 RAMB36 30)
---------------------------------------------------------------------------------
Finished Part Resource Summary
---------------------------------------------------------------------------------
---------------------------------------------------------------------------------
Start Cross Boundary and Area Optimization
---------------------------------------------------------------------------------
INFO: [Synth 8-3917] design system_tftlcd_0_0 has port TFTLCD_DE_out driven by constant 1
INFO: [Synth 8-3917] design system_tftlcd_0_0 has port TFTLCD_Tpower driven by constant 1
INFO: [Synth 8-3886] merging instance 'tftlcd_v1_0_S00_AXI_insti_6/axi_rresp_reg[0]' (FDRE) to 'tftlcd_v1_0_S00_AXI_insti_6/axi_rresp_reg[1]'
INFO: [Synth 8-3333] propagating constant 0 across sequential element (tftlcd_v1_0_S00_AXI_insti_6/\axi_rresp_reg[1] )
INFO: [Synth 8-3886] merging instance 'tftlcd_v1_0_S00_AXI_insti_6/axi_bresp_reg[0]' (FDRE) to 'tftlcd_v1_0_S00_AXI_insti_6/axi_bresp_reg[1]'
INFO: [Synth 8-3333] propagating constant 0 across sequential element (tftlcd_v1_0_S00_AXI_insti_6/\axi_bresp_reg[1] )
INFO: [Synth 8-5845] Not enough pipeline registers after wide multiplier. Recommended levels of pipeline registers is 4 [c:/work/teamp1/teamp1.srcs/sources_1/bd/system/ipshared/a0b2/src/rgb.v:124]
INFO: [Synth 8-5845] Not enough pipeline registers after wide multiplier. Recommended levels of pipeline registers is 4 [c:/work/teamp1/teamp1.srcs/sources_1/bd/system/ipshared/a0b2/src/rgb.v:139]
INFO: [Synth 8-5845] Not enough pipeline registers after wide multiplier. Recommended levels of pipeline registers is 4 [c:/work/teamp1/teamp1.srcs/sources_1/bd/system/ipshared/a0b2/src/rgb.v:151]
INFO: [Synth 8-5845] Not enough pipeline registers after wide multiplier. Recommended levels of pipeline registers is 4 [c:/work/teamp1/teamp1.srcs/sources_1/bd/system/ipshared/a0b2/src/rgb.v:148]
INFO: [Synth 8-5845] Not enough pipeline registers after wide multiplier. Recommended levels of pipeline registers is 4 [c:/work/teamp1/teamp1.srcs/sources_1/bd/system/ipshared/a0b2/src/rgb.v:145]
INFO: [Synth 8-5845] Not enough pipeline registers after wide multiplier. Recommended levels of pipeline registers is 4 [c:/work/teamp1/teamp1.srcs/sources_1/bd/system/ipshared/a0b2/src/rgb.v:142]
INFO: [Synth 8-5845] Not enough pipeline registers after wide multiplier. Recommended levels of pipeline registers is 4 [c:/work/teamp1/teamp1.srcs/sources_1/bd/system/ipshared/a0b2/src/rgb.v:55]
INFO: [Synth 8-5845] Not enough pipeline registers after wide multiplier. Recommended levels of pipeline registers is 4 [c:/work/teamp1/teamp1.srcs/sources_1/bd/system/ipshared/a0b2/src/rgb.v:69]
INFO: [Synth 8-5845] Not enough pipeline registers after wide multiplier. Recommended levels of pipeline registers is 4 [c:/work/teamp1/teamp1.srcs/sources_1/bd/system/ipshared/a0b2/src/rgb.v:72]
INFO: [Synth 8-5845] Not enough pipeline registers after wide multiplier. Recommended levels of pipeline registers is 4 [c:/work/teamp1/teamp1.srcs/sources_1/bd/system/ipshared/a0b2/src/rgb.v:75]
INFO: [Synth 8-5845] Not enough pipeline registers after wide multiplier. Recommended levels of pipeline registers is 4 [c:/work/teamp1/teamp1.srcs/sources_1/bd/system/ipshared/a0b2/src/rgb.v:78]
INFO: [Synth 8-5845] Not enough pipeline registers after wide multiplier. Recommended levels of pipeline registers is 4 [c:/work/teamp1/teamp1.srcs/sources_1/bd/system/ipshared/a0b2/src/rgb.v:81]
DSP Report: Generating DSP is_circle_border_return2, operation Mode is: A*B.
DSP Report: operator is_circle_border_return2 is absorbed into DSP is_circle_border_return2.
DSP Report: operator is_circle_border_return2 is absorbed into DSP is_circle_border_return2.
DSP Report: Generating DSP is_circle_border_return2, operation Mode is: A*B.
DSP Report: operator is_circle_border_return2 is absorbed into DSP is_circle_border_return2.
DSP Report: operator is_circle_border_return2 is absorbed into DSP is_circle_border_return2.
DSP Report: Generating DSP is_circle_border_return2, operation Mode is: (PCIN>>17)+A*B.
DSP Report: operator is_circle_border_return2 is absorbed into DSP is_circle_border_return2.
DSP Report: operator is_circle_border_return2 is absorbed into DSP is_circle_border_return2.
DSP Report: Generating DSP is_circle_border_return2, operation Mode is: A*B.
DSP Report: operator is_circle_border_return2 is absorbed into DSP is_circle_border_return2.
DSP Report: operator is_circle_border_return2 is absorbed into DSP is_circle_border_return2.
DSP Report: Generating DSP is_circle_border_return2, operation Mode is: (PCIN>>17)+A*B.
DSP Report: operator is_circle_border_return2 is absorbed into DSP is_circle_border_return2.
DSP Report: operator is_circle_border_return2 is absorbed into DSP is_circle_border_return2.
DSP Report: Generating DSP is_circle_border_return2, operation Mode is: A*B.
DSP Report: operator is_circle_border_return2 is absorbed into DSP is_circle_border_return2.
DSP Report: operator is_circle_border_return2 is absorbed into DSP is_circle_border_return2.
DSP Report: Generating DSP is_circle_border_return2, operation Mode is: (PCIN>>17)+A*B.
DSP Report: operator is_circle_border_return2 is absorbed into DSP is_circle_border_return2.
DSP Report: operator is_circle_border_return2 is absorbed into DSP is_circle_border_return2.
DSP Report: Generating DSP is_grape_border4, operation Mode is: A*B.
DSP Report: operator is_grape_border4 is absorbed into DSP is_grape_border4.
DSP Report: operator is_grape_border4 is absorbed into DSP is_grape_border4.
DSP Report: Generating DSP is_grape_border4, operation Mode is: A*B.
DSP Report: operator is_grape_border4 is absorbed into DSP is_grape_border4.
DSP Report: operator is_grape_border4 is absorbed into DSP is_grape_border4.
DSP Report: Generating DSP is_grape_border4, operation Mode is: (PCIN>>17)+A*B.
DSP Report: operator is_grape_border4 is absorbed into DSP is_grape_border4.
DSP Report: operator is_grape_border4 is absorbed into DSP is_grape_border4.
DSP Report: Generating DSP is_grape_border3, operation Mode is: A*B.
DSP Report: operator is_grape_border3 is absorbed into DSP is_grape_border3.
DSP Report: operator is_grape_border3 is absorbed into DSP is_grape_border3.
DSP Report: Generating DSP is_grape_border3, operation Mode is: (PCIN>>17)+A*B.
DSP Report: operator is_grape_border3 is absorbed into DSP is_grape_border3.
DSP Report: operator is_grape_border3 is absorbed into DSP is_grape_border3.
DSP Report: Generating DSP is_grape_border3, operation Mode is: A*B.
DSP Report: operator is_grape_border3 is absorbed into DSP is_grape_border3.
DSP Report: operator is_grape_border3 is absorbed into DSP is_grape_border3.
DSP Report: Generating DSP is_grape_border3, operation Mode is: (PCIN>>17)+A*B.
DSP Report: operator is_grape_border3 is absorbed into DSP is_grape_border3.
DSP Report: operator is_grape_border3 is absorbed into DSP is_grape_border3.
DSP Report: Generating DSP is_grape_border4, operation Mode is: A*B.
DSP Report: operator is_grape_border4 is absorbed into DSP is_grape_border4.
DSP Report: operator is_grape_border4 is absorbed into DSP is_grape_border4.
DSP Report: Generating DSP is_grape_border4, operation Mode is: A*B.
DSP Report: operator is_grape_border4 is absorbed into DSP is_grape_border4.
DSP Report: operator is_grape_border4 is absorbed into DSP is_grape_border4.
DSP Report: Generating DSP is_grape_border4, operation Mode is: (PCIN>>17)+A*B.
DSP Report: operator is_grape_border4 is absorbed into DSP is_grape_border4.
DSP Report: operator is_grape_border4 is absorbed into DSP is_grape_border4.
DSP Report: Generating DSP is_grape_border4, operation Mode is: A*B.
DSP Report: operator is_grape_border4 is absorbed into DSP is_grape_border4.
DSP Report: operator is_grape_border4 is absorbed into DSP is_grape_border4.
DSP Report: Generating DSP is_grape_border4, operation Mode is: A*B.
DSP Report: operator is_grape_border4 is absorbed into DSP is_grape_border4.
DSP Report: operator is_grape_border4 is absorbed into DSP is_grape_border4.
DSP Report: Generating DSP is_grape_border4, operation Mode is: (PCIN>>17)+A*B.
DSP Report: operator is_grape_border4 is absorbed into DSP is_grape_border4.
DSP Report: operator is_grape_border4 is absorbed into DSP is_grape_border4.
DSP Report: Generating DSP is_grape_border4, operation Mode is: A*B.
DSP Report: operator is_grape_border4 is absorbed into DSP is_grape_border4.
DSP Report: operator is_grape_border4 is absorbed into DSP is_grape_border4.
DSP Report: Generating DSP is_grape_border4, operation Mode is: (PCIN>>17)+A*B.
DSP Report: operator is_grape_border4 is absorbed into DSP is_grape_border4.
DSP Report: operator is_grape_border4 is absorbed into DSP is_grape_border4.
DSP Report: Generating DSP is_grape_border4, operation Mode is: A*B.
DSP Report: operator is_grape_border4 is absorbed into DSP is_grape_border4.
DSP Report: operator is_grape_border4 is absorbed into DSP is_grape_border4.
DSP Report: Generating DSP is_grape_border4, operation Mode is: (PCIN>>17)+A*B.
DSP Report: operator is_grape_border4 is absorbed into DSP is_grape_border4.
DSP Report: operator is_grape_border4 is absorbed into DSP is_grape_border4.
DSP Report: Generating DSP is_grape_border4, operation Mode is: A*B.
DSP Report: operator is_grape_border4 is absorbed into DSP is_grape_border4.
DSP Report: operator is_grape_border4 is absorbed into DSP is_grape_border4.
DSP Report: Generating DSP is_grape_border4, operation Mode is: (PCIN>>17)+A*B.
DSP Report: operator is_grape_border4 is absorbed into DSP is_grape_border4.
DSP Report: operator is_grape_border4 is absorbed into DSP is_grape_border4.
DSP Report: Generating DSP is_grape_border4, operation Mode is: A*B.
DSP Report: operator is_grape_border4 is absorbed into DSP is_grape_border4.
DSP Report: operator is_grape_border4 is absorbed into DSP is_grape_border4.
DSP Report: Generating DSP is_grape_border4, operation Mode is: (PCIN>>17)+A*B.
DSP Report: operator is_grape_border4 is absorbed into DSP is_grape_border4.
DSP Report: operator is_grape_border4 is absorbed into DSP is_grape_border4.
DSP Report: Generating DSP is_grape_border4, operation Mode is: A*B.
DSP Report: operator is_grape_border4 is absorbed into DSP is_grape_border4.
DSP Report: operator is_grape_border4 is absorbed into DSP is_grape_border4.
DSP Report: Generating DSP is_grape_border4, operation Mode is: (PCIN>>17)+A*B.
DSP Report: operator is_grape_border4 is absorbed into DSP is_grape_border4.
DSP Report: operator is_grape_border4 is absorbed into DSP is_grape_border4.
DSP Report: Generating DSP is_grape_border4, operation Mode is: A*B.
DSP Report: operator is_grape_border4 is absorbed into DSP is_grape_border4.
DSP Report: operator is_grape_border4 is absorbed into DSP is_grape_border4.
DSP Report: Generating DSP is_grape_border4, operation Mode is: (PCIN>>17)+A*B.
DSP Report: operator is_grape_border4 is absorbed into DSP is_grape_border4.
DSP Report: operator is_grape_border4 is absorbed into DSP is_grape_border4.
DSP Report: Generating DSP is_grape_border4, operation Mode is: A*B.
DSP Report: operator is_grape_border4 is absorbed into DSP is_grape_border4.
DSP Report: operator is_grape_border4 is absorbed into DSP is_grape_border4.
DSP Report: Generating DSP is_grape_border4, operation Mode is: (PCIN>>17)+A*B.
DSP Report: operator is_grape_border4 is absorbed into DSP is_grape_border4.
DSP Report: operator is_grape_border4 is absorbed into DSP is_grape_border4.
DSP Report: Generating DSP is_grape_border4, operation Mode is: A*B.
DSP Report: operator is_grape_border4 is absorbed into DSP is_grape_border4.
DSP Report: operator is_grape_border4 is absorbed into DSP is_grape_border4.
DSP Report: Generating DSP is_grape_border4, operation Mode is: (PCIN>>17)+A*B.
DSP Report: operator is_grape_border4 is absorbed into DSP is_grape_border4.
DSP Report: operator is_grape_border4 is absorbed into DSP is_grape_border4.
DSP Report: Generating DSP p_1_out, operation Mode is: A*B.
DSP Report: operator p_1_out is absorbed into DSP p_1_out.
DSP Report: operator p_0_out is absorbed into DSP p_1_out.
DSP Report: Generating DSP p_1_out, operation Mode is: A*B.
DSP Report: operator p_1_out is absorbed into DSP p_1_out.
DSP Report: operator p_0_out is absorbed into DSP p_1_out.
DSP Report: Generating DSP p_1_out, operation Mode is: (PCIN>>17)+A*B.
DSP Report: operator p_1_out is absorbed into DSP p_1_out.
DSP Report: operator p_0_out is absorbed into DSP p_1_out.
DSP Report: Generating DSP p_1_out, operation Mode is: A*B.
DSP Report: operator p_1_out is absorbed into DSP p_1_out.
DSP Report: operator p_1_out is absorbed into DSP p_1_out.
DSP Report: Generating DSP p_1_out, operation Mode is: (PCIN>>17)+A*B.
DSP Report: operator p_1_out is absorbed into DSP p_1_out.
DSP Report: operator p_1_out is absorbed into DSP p_1_out.
DSP Report: Generating DSP p_1_out, operation Mode is: A*B.
DSP Report: operator p_1_out is absorbed into DSP p_1_out.
DSP Report: operator p_1_out is absorbed into DSP p_1_out.
DSP Report: Generating DSP p_1_out, operation Mode is: (PCIN>>17)+A*B.
DSP Report: operator p_1_out is absorbed into DSP p_1_out.
DSP Report: operator p_1_out is absorbed into DSP p_1_out.
DSP Report: Generating DSP p_1_out, operation Mode is: A*B.
DSP Report: operator p_1_out is absorbed into DSP p_1_out.
DSP Report: operator p_0_out is absorbed into DSP p_1_out.
DSP Report: Generating DSP p_1_out, operation Mode is: A*B.
DSP Report: operator p_1_out is absorbed into DSP p_1_out.
DSP Report: operator p_0_out is absorbed into DSP p_1_out.
DSP Report: Generating DSP p_1_out, operation Mode is: (PCIN>>17)+A*B.
DSP Report: operator p_1_out is absorbed into DSP p_1_out.
DSP Report: operator p_0_out is absorbed into DSP p_1_out.
DSP Report: Generating DSP p_1_out, operation Mode is: A*B.
DSP Report: operator p_1_out is absorbed into DSP p_1_out.
DSP Report: operator p_1_out is absorbed into DSP p_1_out.
DSP Report: Generating DSP p_1_out, operation Mode is: (PCIN>>17)+A*B.
DSP Report: operator p_1_out is absorbed into DSP p_1_out.
DSP Report: operator p_1_out is absorbed into DSP p_1_out.
DSP Report: Generating DSP p_1_out, operation Mode is: A*B.
DSP Report: operator p_1_out is absorbed into DSP p_1_out.
DSP Report: operator p_1_out is absorbed into DSP p_1_out.
DSP Report: Generating DSP p_1_out, operation Mode is: (PCIN>>17)+A*B.
DSP Report: operator p_1_out is absorbed into DSP p_1_out.
DSP Report: operator p_1_out is absorbed into DSP p_1_out.
DSP Report: Generating DSP p_1_out, operation Mode is: A*B.
DSP Report: operator p_1_out is absorbed into DSP p_1_out.
DSP Report: operator p_0_out is absorbed into DSP p_1_out.
DSP Report: Generating DSP p_1_out, operation Mode is: A*B.
DSP Report: operator p_1_out is absorbed into DSP p_1_out.
DSP Report: operator p_1_out is absorbed into DSP p_1_out.
DSP Report: Generating DSP p_1_out, operation Mode is: (PCIN>>17)+A*B.
DSP Report: operator p_1_out is absorbed into DSP p_1_out.
DSP Report: operator p_1_out is absorbed into DSP p_1_out.
DSP Report: Generating DSP p_1_out, operation Mode is: A*B.
DSP Report: operator p_1_out is absorbed into DSP p_1_out.
DSP Report: operator p_1_out is absorbed into DSP p_1_out.
DSP Report: Generating DSP p_1_out, operation Mode is: (PCIN>>17)+A*B.
DSP Report: operator p_1_out is absorbed into DSP p_1_out.
DSP Report: operator p_1_out is absorbed into DSP p_1_out.
DSP Report: Generating DSP p_1_out, operation Mode is: A*B.
DSP Report: operator p_1_out is absorbed into DSP p_1_out.
DSP Report: operator p_0_out is absorbed into DSP p_1_out.
DSP Report: Generating DSP p_1_out, operation Mode is: (PCIN>>17)+A*B.
DSP Report: operator p_1_out is absorbed into DSP p_1_out.
DSP Report: operator p_0_out is absorbed into DSP p_1_out.
DSP Report: Generating DSP p_1_out, operation Mode is: A*B.
DSP Report: operator p_1_out is absorbed into DSP p_1_out.
DSP Report: operator p_1_out is absorbed into DSP p_1_out.
DSP Report: Generating DSP p_1_out, operation Mode is: (PCIN>>17)+A*B.
DSP Report: operator p_1_out is absorbed into DSP p_1_out.
DSP Report: operator p_1_out is absorbed into DSP p_1_out.
DSP Report: Generating DSP p_1_out, operation Mode is: A*B.
DSP Report: operator p_1_out is absorbed into DSP p_1_out.
DSP Report: operator p_1_out is absorbed into DSP p_1_out.
DSP Report: Generating DSP p_1_out, operation Mode is: (PCIN>>17)+A*B.
DSP Report: operator p_1_out is absorbed into DSP p_1_out.
DSP Report: operator p_1_out is absorbed into DSP p_1_out.
DSP Report: Generating DSP p_1_out, operation Mode is: A*B.
DSP Report: operator p_1_out is absorbed into DSP p_1_out.
DSP Report: operator p_0_out is absorbed into DSP p_1_out.
DSP Report: Generating DSP p_1_out, operation Mode is: A*B.
DSP Report: operator p_1_out is absorbed into DSP p_1_out.
DSP Report: operator p_0_out is absorbed into DSP p_1_out.
DSP Report: Generating DSP p_1_out, operation Mode is: (PCIN>>17)+A*B.
DSP Report: operator p_1_out is absorbed into DSP p_1_out.
DSP Report: operator p_0_out is absorbed into DSP p_1_out.
DSP Report: Generating DSP p_1_out, operation Mode is: A*B.
DSP Report: operator p_1_out is absorbed into DSP p_1_out.
DSP Report: operator p_1_out is absorbed into DSP p_1_out.
DSP Report: Generating DSP p_1_out, operation Mode is: (PCIN>>17)+A*B.
DSP Report: operator p_1_out is absorbed into DSP p_1_out.
DSP Report: operator p_1_out is absorbed into DSP p_1_out.
DSP Report: Generating DSP p_1_out, operation Mode is: A*B.
DSP Report: operator p_1_out is absorbed into DSP p_1_out.
DSP Report: operator p_1_out is absorbed into DSP p_1_out.
DSP Report: Generating DSP p_1_out, operation Mode is: (PCIN>>17)+A*B.
DSP Report: operator p_1_out is absorbed into DSP p_1_out.
DSP Report: operator p_1_out is absorbed into DSP p_1_out.
DSP Report: Generating DSP p_1_out, operation Mode is: A*B.
DSP Report: operator p_1_out is absorbed into DSP p_1_out.
DSP Report: operator p_1_out is absorbed into DSP p_1_out.
DSP Report: Generating DSP p_1_out, operation Mode is: (PCIN>>17)+A*B.
DSP Report: operator p_1_out is absorbed into DSP p_1_out.
DSP Report: operator p_1_out is absorbed into DSP p_1_out.
DSP Report: Generating DSP p_1_out, operation Mode is: A*B.
DSP Report: operator p_1_out is absorbed into DSP p_1_out.
DSP Report: operator p_1_out is absorbed into DSP p_1_out.
DSP Report: Generating DSP p_1_out, operation Mode is: (PCIN>>17)+A*B.
DSP Report: operator p_1_out is absorbed into DSP p_1_out.
DSP Report: operator p_1_out is absorbed into DSP p_1_out.
---------------------------------------------------------------------------------
Finished Cross Boundary and Area Optimization : Time (s): cpu = 00:10:04 ; elapsed = 00:10:41 . Memory (MB): peak = 1684.512 ; gain = 1123.320
---------------------------------------------------------------------------------
---------------------------------------------------------------------------------
Start ROM, RAM, DSP and Shift Register Reporting
---------------------------------------------------------------------------------

DSP: Preliminary Mapping  Report (see note below)
+------------+----------------+--------+--------+--------+--------+--------+------+------+------+------+-------+------+------+
|Module Name | DSP Mapping    | A Size | B Size | C Size | D Size | P Size | AREG | BREG | CREG | DREG | ADREG | MREG | PREG | 
+------------+----------------+--------+--------+--------+--------+--------+------+------+------+------+-------+------+------+
|rgb         | A*B            | 15     | 15     | -      | -      | 15     | 0    | 0    | -    | -    | -     | 0    | 0    | 
|rgb         | A*B            | 18     | 18     | -      | -      | 48     | 0    | 0    | -    | -    | -     | 0    | 0    | 
|rgb         | (PCIN>>17)+A*B | 15     | 15     | -      | -      | 15     | 0    | 0    | -    | -    | -     | 0    | 0    | 
|rgb__GB4    | A*B            | 18     | 15     | -      | -      | 48     | 0    | 0    | -    | -    | -     | 0    | 0    | 
|rgb__GB4    | (PCIN>>17)+A*B | 15     | 15     | -      | -      | 48     | 0    | 0    | -    | -    | -     | 0    | 0    | 
|rgb__GB4    | A*B            | 18     | 18     | -      | -      | 48     | 0    | 0    | -    | -    | -     | 0    | 0    | 
|rgb__GB4    | (PCIN>>17)+A*B | 18     | 15     | -      | -      | 48     | 0    | 0    | -    | -    | -     | 0    | 0    | 
|rgb         | A*B            | 15     | 15     | -      | -      | 15     | 0    | 0    | -    | -    | -     | 0    | 0    | 
|rgb         | A*B            | 18     | 18     | -      | -      | 48     | 0    | 0    | -    | -    | -     | 0    | 0    | 
|rgb         | (PCIN>>17)+A*B | 15     | 15     | -      | -      | 15     | 0    | 0    | -    | -    | -     | 0    | 0    | 
|rgb__GB4    | A*B            | 18     | 15     | -      | -      | 48     | 0    | 0    | -    | -    | -     | 0    | 0    | 
|rgb__GB4    | (PCIN>>17)+A*B | 15     | 15     | -      | -      | 48     | 0    | 0    | -    | -    | -     | 0    | 0    | 
|rgb__GB4    | A*B            | 18     | 18     | -      | -      | 48     | 0    | 0    | -    | -    | -     | 0    | 0    | 
|rgb__GB4    | (PCIN>>17)+A*B | 18     | 15     | -      | -      | 48     | 0    | 0    | -    | -    | -     | 0    | 0    | 
|rgb         | A*B            | 15     | 15     | -      | -      | 15     | 0    | 0    | -    | -    | -     | 0    | 0    | 
|rgb         | A*B            | 18     | 18     | -      | -      | 48     | 0    | 0    | -    | -    | -     | 0    | 0    | 
|rgb         | (PCIN>>17)+A*B | 15     | 15     | -      | -      | 15     | 0    | 0    | -    | -    | -     | 0    | 0    | 
|rgb         | A*B            | 15     | 15     | -      | -      | 15     | 0    | 0    | -    | -    | -     | 0    | 0    | 
|rgb         | A*B            | 18     | 18     | -      | -      | 48     | 0    | 0    | -    | -    | -     | 0    | 0    | 
|rgb         | (PCIN>>17)+A*B | 15     | 15     | -      | -      | 15     | 0    | 0    | -    | -    | -     | 0    | 0    | 
|rgb__GB4    | A*B            | 18     | 15     | -      | -      | 48     | 0    | 0    | -    | -    | -     | 0    | 0    | 
|rgb__GB4    | (PCIN>>17)+A*B | 15     | 15     | -      | -      | 48     | 0    | 0    | -    | -    | -     | 0    | 0    | 
|rgb__GB4    | A*B            | 18     | 18     | -      | -      | 48     | 0    | 0    | -    | -    | -     | 0    | 0    | 
|rgb__GB4    | (PCIN>>17)+A*B | 18     | 15     | -      | -      | 48     | 0    | 0    | -    | -    | -     | 0    | 0    | 
|rgb__GB4    | A*B            | 18     | 15     | -      | -      | 48     | 0    | 0    | -    | -    | -     | 0    | 0    | 
|rgb__GB4    | (PCIN>>17)+A*B | 15     | 15     | -      | -      | 48     | 0    | 0    | -    | -    | -     | 0    | 0    | 
|rgb__GB4    | A*B            | 18     | 18     | -      | -      | 48     | 0    | 0    | -    | -    | -     | 0    | 0    | 
|rgb__GB4    | (PCIN>>17)+A*B | 18     | 15     | -      | -      | 48     | 0    | 0    | -    | -    | -     | 0    | 0    | 
|rgb__GB4    | A*B            | 18     | 15     | -      | -      | 48     | 0    | 0    | -    | -    | -     | 0    | 0    | 
|rgb__GB4    | (PCIN>>17)+A*B | 15     | 15     | -      | -      | 48     | 0    | 0    | -    | -    | -     | 0    | 0    | 
|rgb__GB4    | A*B            | 18     | 18     | -      | -      | 48     | 0    | 0    | -    | -    | -     | 0    | 0    | 
|rgb__GB4    | (PCIN>>17)+A*B | 18     | 15     | -      | -      | 48     | 0    | 0    | -    | -    | -     | 0    | 0    | 
|rgb__GB4    | A*B            | 18     | 15     | -      | -      | 48     | 0    | 0    | -    | -    | -     | 0    | 0    | 
|rgb__GB4    | (PCIN>>17)+A*B | 15     | 15     | -      | -      | 48     | 0    | 0    | -    | -    | -     | 0    | 0    | 
|rgb__GB4    | A*B            | 18     | 18     | -      | -      | 48     | 0    | 0    | -    | -    | -     | 0    | 0    | 
|rgb__GB4    | (PCIN>>17)+A*B | 18     | 15     | -      | -      | 48     | 0    | 0    | -    | -    | -     | 0    | 0    | 
|rgb         | A*B            | 15     | 15     | -      | -      | 15     | 0    | 0    | -    | -    | -     | 0    | 0    | 
|rgb         | A*B            | 18     | 18     | -      | -      | 48     | 0    | 0    | -    | -    | -     | 0    | 0    | 
|rgb         | (PCIN>>17)+A*B | 15     | 15     | -      | -      | 15     | 0    | 0    | -    | -    | -     | 0    | 0    | 
|rgb__GB4    | A*B            | 18     | 15     | -      | -      | 48     | 0    | 0    | -    | -    | -     | 0    | 0    | 
|rgb__GB4    | (PCIN>>17)+A*B | 15     | 15     | -      | -      | 48     | 0    | 0    | -    | -    | -     | 0    | 0    | 
|rgb__GB4    | A*B            | 18     | 18     | -      | -      | 48     | 0    | 0    | -    | -    | -     | 0    | 0    | 
|rgb__GB4    | (PCIN>>17)+A*B | 18     | 15     | -      | -      | 48     | 0    | 0    | -    | -    | -     | 0    | 0    | 
|rgb         | A*B            | 15     | 15     | -      | -      | 15     | 0    | 0    | -    | -    | -     | 0    | 0    | 
|rgb         | A*B            | 18     | 18     | -      | -      | 48     | 0    | 0    | -    | -    | -     | 0    | 0    | 
|rgb         | (PCIN>>17)+A*B | 15     | 15     | -      | -      | 15     | 0    | 0    | -    | -    | -     | 0    | 0    | 
|rgb__GB4    | A*B            | 18     | 15     | -      | -      | 48     | 0    | 0    | -    | -    | -     | 0    | 0    | 
|rgb__GB4    | (PCIN>>17)+A*B | 15     | 15     | -      | -      | 48     | 0    | 0    | -    | -    | -     | 0    | 0    | 
|rgb__GB4    | A*B            | 18     | 18     | -      | -      | 48     | 0    | 0    | -    | -    | -     | 0    | 0    | 
|rgb__GB4    | (PCIN>>17)+A*B | 18     | 15     | -      | -      | 48     | 0    | 0    | -    | -    | -     | 0    | 0    | 
|rgb         | A*B            | 15     | 15     | -      | -      | 15     | 0    | 0    | -    | -    | -     | 0    | 0    | 
|rgb__GB4    | A*B            | 18     | 15     | -      | -      | 48     | 0    | 0    | -    | -    | -     | 0    | 0    | 
|rgb__GB4    | (PCIN>>17)+A*B | 15     | 15     | -      | -      | 48     | 0    | 0    | -    | -    | -     | 0    | 0    | 
|rgb__GB4    | A*B            | 18     | 18     | -      | -      | 48     | 0    | 0    | -    | -    | -     | 0    | 0    | 
|rgb__GB4    | (PCIN>>17)+A*B | 18     | 15     | -      | -      | 48     | 0    | 0    | -    | -    | -     | 0    | 0    | 
|rgb         | A*B            | 18     | 18     | -      | -      | 48     | 0    | 0    | -    | -    | -     | 0    | 0    | 
|rgb         | (PCIN>>17)+A*B | 15     | 15     | -      | -      | 15     | 0    | 0    | -    | -    | -     | 0    | 0    | 
|rgb__GB4    | A*B            | 18     | 15     | -      | -      | 48     | 0    | 0    | -    | -    | -     | 0    | 0    | 
|rgb__GB4    | (PCIN>>17)+A*B | 15     | 15     | -      | -      | 48     | 0    | 0    | -    | -    | -     | 0    | 0    | 
|rgb__GB4    | A*B            | 18     | 18     | -      | -      | 48     | 0    | 0    | -    | -    | -     | 0    | 0    | 
|rgb__GB4    | (PCIN>>17)+A*B | 18     | 15     | -      | -      | 48     | 0    | 0    | -    | -    | -     | 0    | 0    | 
|rgb         | A*B            | 15     | 15     | -      | -      | 15     | 0    | 0    | -    | -    | -     | 0    | 0    | 
|rgb         | A*B            | 18     | 18     | -      | -      | 48     | 0    | 0    | -    | -    | -     | 0    | 0    | 
|rgb         | (PCIN>>17)+A*B | 15     | 15     | -      | -      | 15     | 0    | 0    | -    | -    | -     | 0    | 0    | 
|rgb__GB4    | A*B            | 18     | 15     | -      | -      | 48     | 0    | 0    | -    | -    | -     | 0    | 0    | 
|rgb__GB4    | (PCIN>>17)+A*B | 15     | 15     | -      | -      | 48     | 0    | 0    | -    | -    | -     | 0    | 0    | 
|rgb__GB4    | A*B            | 18     | 18     | -      | -      | 48     | 0    | 0    | -    | -    | -     | 0    | 0    | 
|rgb__GB4    | (PCIN>>17)+A*B | 18     | 15     | -      | -      | 48     | 0    | 0    | -    | -    | -     | 0    | 0    | 
|rgb__GB4    | A*B            | 18     | 15     | -      | -      | 48     | 0    | 0    | -    | -    | -     | 0    | 0    | 
|rgb__GB4    | (PCIN>>17)+A*B | 15     | 15     | -      | -      | 48     | 0    | 0    | -    | -    | -     | 0    | 0    | 
|rgb__GB4    | A*B            | 18     | 18     | -      | -      | 48     | 0    | 0    | -    | -    | -     | 0    | 0    | 
|rgb__GB4    | (PCIN>>17)+A*B | 18     | 15     | -      | -      | 48     | 0    | 0    | -    | -    | -     | 0    | 0    | 
+------------+----------------+--------+--------+--------+--------+--------+------+------+------+------+-------+------+------+

Note: The table above is a preliminary report that shows the DSPs inferred at the current stage of the synthesis flow. Some DSP may be reimplemented as non DSP primitives later in the synthesis flow. Multiple instantiated DSPs are reported only once.
---------------------------------------------------------------------------------
Finished ROM, RAM, DSP and Shift Register Reporting
---------------------------------------------------------------------------------

Report RTL Partitions: 
+------+-------------------------+------------+----------+
|      |RTL Partition            |Replication |Instances |
+------+-------------------------+------------+----------+
|1     |rgb__GB0                 |           2|     18432|
|2     |rgb__GB1                 |           2|      2713|
|3     |rgb__GB2                 |           2|      3639|
|4     |rgb__GB3                 |           2|      5524|
|5     |rgb__GB4                 |           2|      5743|
|6     |TFTLCDctrl__GC0          |           1|       232|
|7     |tftlcd_v1_0_S00_AXI__GC0 |           1|      1233|
|8     |TFTLCDctrl__GC0__1       |           1|       171|
+------+-------------------------+------------+----------+
---------------------------------------------------------------------------------
Start Applying XDC Timing Constraints
---------------------------------------------------------------------------------
---------------------------------------------------------------------------------
Finished Applying XDC Timing Constraints : Time (s): cpu = 00:10:17 ; elapsed = 00:10:54 . Memory (MB): peak = 1684.512 ; gain = 1123.320
---------------------------------------------------------------------------------
---------------------------------------------------------------------------------
Start Timing Optimization
---------------------------------------------------------------------------------
INFO: [Synth 8-3886] merging instance 'rgb_u0i_4/prev_right_reg' (FDP) to 'rgb_u0i_4/prev_down_reg'
INFO: [Synth 8-3886] merging instance 'rgb_u0i_4/prev_left_reg' (FDP) to 'rgb_u0i_4/prev_down_reg'
INFO: [Synth 8-3886] merging instance 'rgb_u0i_4/prev_up_reg' (FDP) to 'rgb_u0i_4/prev_down_reg'
---------------------------------------------------------------------------------
Finished Timing Optimization : Time (s): cpu = 00:10:19 ; elapsed = 00:10:56 . Memory (MB): peak = 1684.512 ; gain = 1123.320
---------------------------------------------------------------------------------

Report RTL Partitions: 
+------+-------------------------+------------+----------+
|      |RTL Partition            |Replication |Instances |
+------+-------------------------+------------+----------+
|1     |rgb__GB1                 |           1|      2713|
|2     |rgb__GB2                 |           1|      3639|
|3     |rgb__GB3                 |           1|      5524|
|4     |rgb__GB4                 |           1|      1213|
|5     |TFTLCDctrl__GC0          |           1|       223|
|6     |tftlcd_v1_0_S00_AXI__GC0 |           1|      1233|
|7     |TFTLCDctrl__GC0__1       |           1|       171|
|8     |rgb__GB4__1              |           1|      5743|
|9     |rgb__GB0__1              |           1|     18432|
+------+-------------------------+------------+----------+
---------------------------------------------------------------------------------
Start Technology Mapping
---------------------------------------------------------------------------------
INFO: [Synth 8-5844] Detected registers with asynchronous reset at DSP/BRAM block boundary. Consider using synchronous reset for optimal packing [c:/work/teamp1/teamp1.srcs/sources_1/bd/system/ipshared/a0b2/src/rgb.v:204]
INFO: [Synth 8-5844] Detected registers with asynchronous reset at DSP/BRAM block boundary. Consider using synchronous reset for optimal packing [c:/work/teamp1/teamp1.srcs/sources_1/bd/system/ipshared/a0b2/src/rgb.v:204]
INFO: [Synth 8-5844] Detected registers with asynchronous reset at DSP/BRAM block boundary. Consider using synchronous reset for optimal packing [c:/work/teamp1/teamp1.srcs/sources_1/bd/system/ipshared/a0b2/src/rgb.v:204]
INFO: [Synth 8-5844] Detected registers with asynchronous reset at DSP/BRAM block boundary. Consider using synchronous reset for optimal packing [c:/work/teamp1/teamp1.srcs/sources_1/bd/system/ipshared/a0b2/src/rgb.v:204]
INFO: [Synth 8-5844] Detected registers with asynchronous reset at DSP/BRAM block boundary. Consider using synchronous reset for optimal packing [c:/work/teamp1/teamp1.srcs/sources_1/bd/system/ipshared/a0b2/src/rgb.v:204]
INFO: [Synth 8-5844] Detected registers with asynchronous reset at DSP/BRAM block boundary. Consider using synchronous reset for optimal packing [c:/work/teamp1/teamp1.srcs/sources_1/bd/system/ipshared/a0b2/src/rgb.v:204]
INFO: [Synth 8-5844] Detected registers with asynchronous reset at DSP/BRAM block boundary. Consider using synchronous reset for optimal packing [c:/work/teamp1/teamp1.srcs/sources_1/bd/system/ipshared/a0b2/src/rgb.v:204]
INFO: [Synth 8-5844] Detected registers with asynchronous reset at DSP/BRAM block boundary. Consider using synchronous reset for optimal packing [c:/work/teamp1/teamp1.srcs/sources_1/bd/system/ipshared/a0b2/src/rgb.v:204]
INFO: [Synth 8-5844] Detected registers with asynchronous reset at DSP/BRAM block boundary. Consider using synchronous reset for optimal packing [c:/work/teamp1/teamp1.srcs/sources_1/bd/system/ipshared/a0b2/src/rgb.v:204]
INFO: [Synth 8-5844] Detected registers with asynchronous reset at DSP/BRAM block boundary. Consider using synchronous reset for optimal packing [c:/work/teamp1/teamp1.srcs/sources_1/bd/system/ipshared/a0b2/src/rgb.v:204]
INFO: [Synth 8-5844] Detected registers with asynchronous reset at DSP/BRAM block boundary. Consider using synchronous reset for optimal packing [c:/work/teamp1/teamp1.srcs/sources_1/bd/system/ipshared/a0b2/src/rgb.v:204]
INFO: [Synth 8-5844] Detected registers with asynchronous reset at DSP/BRAM block boundary. Consider using synchronous reset for optimal packing [c:/work/teamp1/teamp1.srcs/sources_1/bd/system/ipshared/a0b2/src/rgb.v:204]
INFO: [Synth 8-5844] Detected registers with asynchronous reset at DSP/BRAM block boundary. Consider using synchronous reset for optimal packing [c:/work/teamp1/teamp1.srcs/sources_1/bd/system/ipshared/a0b2/src/rgb.v:205]
INFO: [Synth 8-5844] Detected registers with asynchronous reset at DSP/BRAM block boundary. Consider using synchronous reset for optimal packing [c:/work/teamp1/teamp1.srcs/sources_1/bd/system/ipshared/a0b2/src/rgb.v:205]
INFO: [Synth 8-5844] Detected registers with asynchronous reset at DSP/BRAM block boundary. Consider using synchronous reset for optimal packing [c:/work/teamp1/teamp1.srcs/sources_1/bd/system/ipshared/a0b2/src/rgb.v:205]
INFO: [Synth 8-5844] Detected registers with asynchronous reset at DSP/BRAM block boundary. Consider using synchronous reset for optimal packing [c:/work/teamp1/teamp1.srcs/sources_1/bd/system/ipshared/a0b2/src/rgb.v:205]
INFO: [Synth 8-5844] Detected registers with asynchronous reset at DSP/BRAM block boundary. Consider using synchronous reset for optimal packing [c:/work/teamp1/teamp1.srcs/sources_1/bd/system/ipshared/a0b2/src/rgb.v:204]
INFO: [Synth 8-5844] Detected registers with asynchronous reset at DSP/BRAM block boundary. Consider using synchronous reset for optimal packing [c:/work/teamp1/teamp1.srcs/sources_1/bd/system/ipshared/a0b2/src/rgb.v:204]
INFO: [Synth 8-5844] Detected registers with asynchronous reset at DSP/BRAM block boundary. Consider using synchronous reset for optimal packing [c:/work/teamp1/teamp1.srcs/sources_1/bd/system/ipshared/a0b2/src/rgb.v:204]
INFO: [Synth 8-5844] Detected registers with asynchronous reset at DSP/BRAM block boundary. Consider using synchronous reset for optimal packing [c:/work/teamp1/teamp1.srcs/sources_1/bd/system/ipshared/a0b2/src/rgb.v:204]
INFO: [Synth 8-5844] Detected registers with asynchronous reset at DSP/BRAM block boundary. Consider using synchronous reset for optimal packing [c:/work/teamp1/teamp1.srcs/sources_1/bd/system/ipshared/a0b2/src/rgb.v:204]
INFO: [Synth 8-5844] Detected registers with asynchronous reset at DSP/BRAM block boundary. Consider using synchronous reset for optimal packing [c:/work/teamp1/teamp1.srcs/sources_1/bd/system/ipshared/a0b2/src/rgb.v:204]
INFO: [Synth 8-5844] Detected registers with asynchronous reset at DSP/BRAM block boundary. Consider using synchronous reset for optimal packing [c:/work/teamp1/teamp1.srcs/sources_1/bd/system/ipshared/a0b2/src/rgb.v:204]
INFO: [Synth 8-5844] Detected registers with asynchronous reset at DSP/BRAM block boundary. Consider using synchronous reset for optimal packing [c:/work/teamp1/teamp1.srcs/sources_1/bd/system/ipshared/a0b2/src/rgb.v:204]
INFO: [Synth 8-5844] Detected registers with asynchronous reset at DSP/BRAM block boundary. Consider using synchronous reset for optimal packing [c:/work/teamp1/teamp1.srcs/sources_1/bd/system/ipshared/a0b2/src/rgb.v:204]
INFO: [Synth 8-5844] Detected registers with asynchronous reset at DSP/BRAM block boundary. Consider using synchronous reset for optimal packing [c:/work/teamp1/teamp1.srcs/sources_1/bd/system/ipshared/a0b2/src/rgb.v:204]
INFO: [Synth 8-5844] Detected registers with asynchronous reset at DSP/BRAM block boundary. Consider using synchronous reset for optimal packing [c:/work/teamp1/teamp1.srcs/sources_1/bd/system/ipshared/a0b2/src/rgb.v:204]
INFO: [Synth 8-5844] Detected registers with asynchronous reset at DSP/BRAM block boundary. Consider using synchronous reset for optimal packing [c:/work/teamp1/teamp1.srcs/sources_1/bd/system/ipshared/a0b2/src/rgb.v:204]
INFO: [Synth 8-5844] Detected registers with asynchronous reset at DSP/BRAM block boundary. Consider using synchronous reset for optimal packing [c:/work/teamp1/teamp1.srcs/sources_1/bd/system/ipshared/a0b2/src/rgb.v:204]
INFO: [Synth 8-5844] Detected registers with asynchronous reset at DSP/BRAM block boundary. Consider using synchronous reset for optimal packing [c:/work/teamp1/teamp1.srcs/sources_1/bd/system/ipshared/a0b2/src/rgb.v:204]
INFO: [Synth 8-5844] Detected registers with asynchronous reset at DSP/BRAM block boundary. Consider using synchronous reset for optimal packing [c:/work/teamp1/teamp1.srcs/sources_1/bd/system/ipshared/a0b2/src/rgb.v:204]
INFO: [Synth 8-5844] Detected registers with asynchronous reset at DSP/BRAM block boundary. Consider using synchronous reset for optimal packing [c:/work/teamp1/teamp1.srcs/sources_1/bd/system/ipshared/a0b2/src/rgb.v:204]
INFO: [Synth 8-5844] Detected registers with asynchronous reset at DSP/BRAM block boundary. Consider using synchronous reset for optimal packing [c:/work/teamp1/teamp1.srcs/sources_1/bd/system/ipshared/a0b2/src/rgb.v:204]
INFO: [Synth 8-5844] Detected registers with asynchronous reset at DSP/BRAM block boundary. Consider using synchronous reset for optimal packing [c:/work/teamp1/teamp1.srcs/sources_1/bd/system/ipshared/a0b2/src/rgb.v:204]
INFO: [Synth 8-5844] Detected registers with asynchronous reset at DSP/BRAM block boundary. Consider using synchronous reset for optimal packing [c:/work/teamp1/teamp1.srcs/sources_1/bd/system/ipshared/a0b2/src/rgb.v:204]
INFO: [Synth 8-5844] Detected registers with asynchronous reset at DSP/BRAM block boundary. Consider using synchronous reset for optimal packing [c:/work/teamp1/teamp1.srcs/sources_1/bd/system/ipshared/a0b2/src/rgb.v:204]
INFO: [Synth 8-5844] Detected registers with asynchronous reset at DSP/BRAM block boundary. Consider using synchronous reset for optimal packing [c:/work/teamp1/teamp1.srcs/sources_1/bd/system/ipshared/a0b2/src/rgb.v:205]
INFO: [Synth 8-5844] Detected registers with asynchronous reset at DSP/BRAM block boundary. Consider using synchronous reset for optimal packing [c:/work/teamp1/teamp1.srcs/sources_1/bd/system/ipshared/a0b2/src/rgb.v:205]
INFO: [Synth 8-5844] Detected registers with asynchronous reset at DSP/BRAM block boundary. Consider using synchronous reset for optimal packing [c:/work/teamp1/teamp1.srcs/sources_1/bd/system/ipshared/a0b2/src/rgb.v:205]
INFO: [Synth 8-5844] Detected registers with asynchronous reset at DSP/BRAM block boundary. Consider using synchronous reset for optimal packing [c:/work/teamp1/teamp1.srcs/sources_1/bd/system/ipshared/a0b2/src/rgb.v:205]
INFO: [Synth 8-5844] Detected registers with asynchronous reset at DSP/BRAM block boundary. Consider using synchronous reset for optimal packing [c:/work/teamp1/teamp1.srcs/sources_1/bd/system/ipshared/a0b2/src/rgb.v:204]
INFO: [Synth 8-5844] Detected registers with asynchronous reset at DSP/BRAM block boundary. Consider using synchronous reset for optimal packing [c:/work/teamp1/teamp1.srcs/sources_1/bd/system/ipshared/a0b2/src/rgb.v:204]
INFO: [Synth 8-5844] Detected registers with asynchronous reset at DSP/BRAM block boundary. Consider using synchronous reset for optimal packing [c:/work/teamp1/teamp1.srcs/sources_1/bd/system/ipshared/a0b2/src/rgb.v:204]
INFO: [Synth 8-5844] Detected registers with asynchronous reset at DSP/BRAM block boundary. Consider using synchronous reset for optimal packing [c:/work/teamp1/teamp1.srcs/sources_1/bd/system/ipshared/a0b2/src/rgb.v:204]
INFO: [Synth 8-5844] Detected registers with asynchronous reset at DSP/BRAM block boundary. Consider using synchronous reset for optimal packing [c:/work/teamp1/teamp1.srcs/sources_1/bd/system/ipshared/a0b2/src/rgb.v:204]
INFO: [Synth 8-5844] Detected registers with asynchronous reset at DSP/BRAM block boundary. Consider using synchronous reset for optimal packing [c:/work/teamp1/teamp1.srcs/sources_1/bd/system/ipshared/a0b2/src/rgb.v:204]
INFO: [Synth 8-5844] Detected registers with asynchronous reset at DSP/BRAM block boundary. Consider using synchronous reset for optimal packing [c:/work/teamp1/teamp1.srcs/sources_1/bd/system/ipshared/a0b2/src/rgb.v:204]
INFO: [Synth 8-5844] Detected registers with asynchronous reset at DSP/BRAM block boundary. Consider using synchronous reset for optimal packing [c:/work/teamp1/teamp1.srcs/sources_1/bd/system/ipshared/a0b2/src/rgb.v:204]
---------------------------------------------------------------------------------
Finished Technology Mapping : Time (s): cpu = 00:10:24 ; elapsed = 00:11:11 . Memory (MB): peak = 1684.512 ; gain = 1123.320
---------------------------------------------------------------------------------

Report RTL Partitions: 
+------+-------------------------+------------+----------+
|      |RTL Partition            |Replication |Instances |
+------+-------------------------+------------+----------+
|1     |rgb__GB1                 |           1|      1524|
|2     |rgb__GB2                 |           1|      2010|
|3     |rgb__GB3                 |           1|      3061|
|4     |rgb__GB4                 |           1|         0|
|5     |TFTLCDctrl__GC0          |           1|        78|
|6     |tftlcd_v1_0_S00_AXI__GC0 |           1|       602|
|7     |TFTLCDctrl__GC0__1       |           1|        58|
|8     |rgb__GB4__1              |           1|      3336|
|9     |rgb__GB0__1              |           1|      8407|
+------+-------------------------+------------+----------+
---------------------------------------------------------------------------------
Start IO Insertion
---------------------------------------------------------------------------------
---------------------------------------------------------------------------------
Start Flattening Before IO Insertion
---------------------------------------------------------------------------------
---------------------------------------------------------------------------------
Finished Flattening Before IO Insertion
---------------------------------------------------------------------------------
---------------------------------------------------------------------------------
Start Final Netlist Cleanup
---------------------------------------------------------------------------------
INFO: [Synth 8-5844] Detected registers with asynchronous reset at DSP/BRAM block boundary. Consider using synchronous reset for optimal packing [c:/work/teamp1/teamp1.srcs/sources_1/bd/system/ipshared/a0b2/src/rgb.v:204]
INFO: [Synth 8-5844] Detected registers with asynchronous reset at DSP/BRAM block boundary. Consider using synchronous reset for optimal packing [c:/work/teamp1/teamp1.srcs/sources_1/bd/system/ipshared/a0b2/src/rgb.v:204]
INFO: [Synth 8-5844] Detected registers with asynchronous reset at DSP/BRAM block boundary. Consider using synchronous reset for optimal packing [c:/work/teamp1/teamp1.srcs/sources_1/bd/system/ipshared/a0b2/src/rgb.v:204]
INFO: [Synth 8-5844] Detected registers with asynchronous reset at DSP/BRAM block boundary. Consider using synchronous reset for optimal packing [c:/work/teamp1/teamp1.srcs/sources_1/bd/system/ipshared/a0b2/src/rgb.v:204]
INFO: [Synth 8-5844] Detected registers with asynchronous reset at DSP/BRAM block boundary. Consider using synchronous reset for optimal packing [c:/work/teamp1/teamp1.srcs/sources_1/bd/system/ipshared/a0b2/src/rgb.v:204]
INFO: [Synth 8-5844] Detected registers with asynchronous reset at DSP/BRAM block boundary. Consider using synchronous reset for optimal packing [c:/work/teamp1/teamp1.srcs/sources_1/bd/system/ipshared/a0b2/src/rgb.v:204]
INFO: [Synth 8-5844] Detected registers with asynchronous reset at DSP/BRAM block boundary. Consider using synchronous reset for optimal packing [c:/work/teamp1/teamp1.srcs/sources_1/bd/system/ipshared/a0b2/src/rgb.v:204]
INFO: [Synth 8-5844] Detected registers with asynchronous reset at DSP/BRAM block boundary. Consider using synchronous reset for optimal packing [c:/work/teamp1/teamp1.srcs/sources_1/bd/system/ipshared/a0b2/src/rgb.v:204]
INFO: [Synth 8-5844] Detected registers with asynchronous reset at DSP/BRAM block boundary. Consider using synchronous reset for optimal packing [c:/work/teamp1/teamp1.srcs/sources_1/bd/system/ipshared/a0b2/src/rgb.v:204]
INFO: [Synth 8-5844] Detected registers with asynchronous reset at DSP/BRAM block boundary. Consider using synchronous reset for optimal packing [c:/work/teamp1/teamp1.srcs/sources_1/bd/system/ipshared/a0b2/src/rgb.v:204]
INFO: [Synth 8-5844] Detected registers with asynchronous reset at DSP/BRAM block boundary. Consider using synchronous reset for optimal packing [c:/work/teamp1/teamp1.srcs/sources_1/bd/system/ipshared/a0b2/src/rgb.v:204]
INFO: [Synth 8-5844] Detected registers with asynchronous reset at DSP/BRAM block boundary. Consider using synchronous reset for optimal packing [c:/work/teamp1/teamp1.srcs/sources_1/bd/system/ipshared/a0b2/src/rgb.v:204]
INFO: [Synth 8-5844] Detected registers with asynchronous reset at DSP/BRAM block boundary. Consider using synchronous reset for optimal packing [c:/work/teamp1/teamp1.srcs/sources_1/bd/system/ipshared/a0b2/src/rgb.v:205]
INFO: [Synth 8-5844] Detected registers with asynchronous reset at DSP/BRAM block boundary. Consider using synchronous reset for optimal packing [c:/work/teamp1/teamp1.srcs/sources_1/bd/system/ipshared/a0b2/src/rgb.v:205]
INFO: [Synth 8-5844] Detected registers with asynchronous reset at DSP/BRAM block boundary. Consider using synchronous reset for optimal packing [c:/work/teamp1/teamp1.srcs/sources_1/bd/system/ipshared/a0b2/src/rgb.v:205]
INFO: [Synth 8-5844] Detected registers with asynchronous reset at DSP/BRAM block boundary. Consider using synchronous reset for optimal packing [c:/work/teamp1/teamp1.srcs/sources_1/bd/system/ipshared/a0b2/src/rgb.v:205]
INFO: [Synth 8-5844] Detected registers with asynchronous reset at DSP/BRAM block boundary. Consider using synchronous reset for optimal packing [c:/work/teamp1/teamp1.srcs/sources_1/bd/system/ipshared/a0b2/src/rgb.v:204]
INFO: [Synth 8-5844] Detected registers with asynchronous reset at DSP/BRAM block boundary. Consider using synchronous reset for optimal packing [c:/work/teamp1/teamp1.srcs/sources_1/bd/system/ipshared/a0b2/src/rgb.v:204]
INFO: [Synth 8-5844] Detected registers with asynchronous reset at DSP/BRAM block boundary. Consider using synchronous reset for optimal packing [c:/work/teamp1/teamp1.srcs/sources_1/bd/system/ipshared/a0b2/src/rgb.v:204]
INFO: [Synth 8-5844] Detected registers with asynchronous reset at DSP/BRAM block boundary. Consider using synchronous reset for optimal packing [c:/work/teamp1/teamp1.srcs/sources_1/bd/system/ipshared/a0b2/src/rgb.v:204]
INFO: [Synth 8-5844] Detected registers with asynchronous reset at DSP/BRAM block boundary. Consider using synchronous reset for optimal packing [c:/work/teamp1/teamp1.srcs/sources_1/bd/system/ipshared/a0b2/src/rgb.v:204]
INFO: [Synth 8-5844] Detected registers with asynchronous reset at DSP/BRAM block boundary. Consider using synchronous reset for optimal packing [c:/work/teamp1/teamp1.srcs/sources_1/bd/system/ipshared/a0b2/src/rgb.v:204]
INFO: [Synth 8-5844] Detected registers with asynchronous reset at DSP/BRAM block boundary. Consider using synchronous reset for optimal packing [c:/work/teamp1/teamp1.srcs/sources_1/bd/system/ipshared/a0b2/src/rgb.v:204]
INFO: [Synth 8-5844] Detected registers with asynchronous reset at DSP/BRAM block boundary. Consider using synchronous reset for optimal packing [c:/work/teamp1/teamp1.srcs/sources_1/bd/system/ipshared/a0b2/src/rgb.v:204]
INFO: [Synth 8-6064] Net rgb_u0n_0_13412 is driving 80 big block pins (URAM, BRAM and DSP loads). Created 8 replicas of its driver. 
INFO: [Synth 8-6064] Net n_0_10690 is driving 102 big block pins (URAM, BRAM and DSP loads). Created 11 replicas of its driver. 
INFO: [Synth 8-6064] Net n_0_11375 is driving 76 big block pins (URAM, BRAM and DSP loads). Created 8 replicas of its driver. 
INFO: [Synth 8-6064] Net n_0_10861 is driving 76 big block pins (URAM, BRAM and DSP loads). Created 8 replicas of its driver. 
INFO: [Synth 8-6064] Net rgb_u0n_0_13400 is driving 64 big block pins (URAM, BRAM and DSP loads). Created 7 replicas of its driver. 
INFO: [Synth 8-6064] Net n_0_10707 is driving 76 big block pins (URAM, BRAM and DSP loads). Created 8 replicas of its driver. 
INFO: [Synth 8-6064] Net rgb_u0n_0_13405 is driving 64 big block pins (URAM, BRAM and DSP loads). Created 7 replicas of its driver. 
INFO: [Synth 8-6064] Net n_0_10876 is driving 76 big block pins (URAM, BRAM and DSP loads). Created 8 replicas of its driver. 
INFO: [Synth 8-6064] Net n_0_10703 is driving 106 big block pins (URAM, BRAM and DSP loads). Created 11 replicas of its driver. 
INFO: [Synth 8-6064] Net rgb_u0n_0_13397 is driving 76 big block pins (URAM, BRAM and DSP loads). Created 8 replicas of its driver. 
INFO: [Synth 8-6064] Net n_0_10652 is driving 76 big block pins (URAM, BRAM and DSP loads). Created 8 replicas of its driver. 
INFO: [Synth 8-6064] Net \inst/TFTLCDctrl_U0/rgb_u0/is_grape_border4__24 [31] is driving 76 big block pins (URAM, BRAM and DSP loads). Created 8 replicas of its driver. 
INFO: [Synth 8-6064] Net rgb_u0n_0_13443 is driving 80 big block pins (URAM, BRAM and DSP loads). Created 8 replicas of its driver. 
INFO: [Synth 8-6064] Net n_0_10654 is driving 102 big block pins (URAM, BRAM and DSP loads). Created 11 replicas of its driver. 
INFO: [Synth 8-6064] Net \inst/TFTLCDctrl_U0/rgb_u0/is_grape_border5 [14] is driving 106 big block pins (URAM, BRAM and DSP loads). Created 11 replicas of its driver. 
INFO: [Synth 8-6064] Net n_0_11378 is driving 76 big block pins (URAM, BRAM and DSP loads). Created 8 replicas of its driver. 
INFO: [Synth 8-6064] Net rgb_u0n_0_13383 is driving 64 big block pins (URAM, BRAM and DSP loads). Created 7 replicas of its driver. 
INFO: [Synth 8-6064] Net n_0_10648 is driving 76 big block pins (URAM, BRAM and DSP loads). Created 8 replicas of its driver. 
INFO: [Synth 8-6064] Net rgb_u0n_0_13434 is driving 64 big block pins (URAM, BRAM and DSP loads). Created 7 replicas of its driver. 
INFO: [Synth 8-6064] Net rgb_u0n_0_13438 is driving 76 big block pins (URAM, BRAM and DSP loads). Created 8 replicas of its driver. 
---------------------------------------------------------------------------------
Finished Final Netlist Cleanup
---------------------------------------------------------------------------------
---------------------------------------------------------------------------------
Finished IO Insertion : Time (s): cpu = 00:10:30 ; elapsed = 00:11:18 . Memory (MB): peak = 1684.512 ; gain = 1123.320
---------------------------------------------------------------------------------

Report Check Netlist: 
+------+------------------+-------+---------+-------+------------------+
|      |Item              |Errors |Warnings |Status |Description       |
+------+------------------+-------+---------+-------+------------------+
|1     |multi_driven_nets |      0|        0|Passed |Multi driven nets |
+------+------------------+-------+---------+-------+------------------+
---------------------------------------------------------------------------------
Start Renaming Generated Instances
---------------------------------------------------------------------------------
---------------------------------------------------------------------------------
Finished Renaming Generated Instances : Time (s): cpu = 00:10:30 ; elapsed = 00:11:18 . Memory (MB): peak = 1684.512 ; gain = 1123.320
---------------------------------------------------------------------------------

Report RTL Partitions: 
+-+--------------+------------+----------+
| |RTL Partition |Replication |Instances |
+-+--------------+------------+----------+
+-+--------------+------------+----------+
---------------------------------------------------------------------------------
Start Rebuilding User Hierarchy
---------------------------------------------------------------------------------
---------------------------------------------------------------------------------
Finished Rebuilding User Hierarchy : Time (s): cpu = 00:10:31 ; elapsed = 00:11:18 . Memory (MB): peak = 1684.512 ; gain = 1123.320
---------------------------------------------------------------------------------
---------------------------------------------------------------------------------
Start Renaming Generated Ports
---------------------------------------------------------------------------------
---------------------------------------------------------------------------------
Finished Renaming Generated Ports : Time (s): cpu = 00:10:31 ; elapsed = 00:11:18 . Memory (MB): peak = 1684.512 ; gain = 1123.320
---------------------------------------------------------------------------------
---------------------------------------------------------------------------------
Start Handling Custom Attributes
---------------------------------------------------------------------------------
---------------------------------------------------------------------------------
Finished Handling Custom Attributes : Time (s): cpu = 00:10:46 ; elapsed = 00:11:33 . Memory (MB): peak = 1684.512 ; gain = 1123.320
---------------------------------------------------------------------------------
---------------------------------------------------------------------------------
Start Renaming Generated Nets
---------------------------------------------------------------------------------
---------------------------------------------------------------------------------
Finished Renaming Generated Nets : Time (s): cpu = 00:10:46 ; elapsed = 00:11:33 . Memory (MB): peak = 1684.512 ; gain = 1123.320
---------------------------------------------------------------------------------
---------------------------------------------------------------------------------
Start Writing Synthesis Report
---------------------------------------------------------------------------------

Report BlackBoxes: 
+-+--------------+----------+
| |BlackBox name |Instances |
+-+--------------+----------+
+-+--------------+----------+

Report Cell Usage: 
+------+-----------+------+
|      |Cell       |Count |
+------+-----------+------+
|1     |CARRY4     |   316|
|2     |DSP48E1    |    60|
|3     |LUT1       |    50|
|4     |LUT2       |  1689|
|5     |LUT3       |   544|
|6     |LUT4       |  1859|
|7     |LUT5       |  1576|
|8     |LUT6       |  7081|
|9     |MUXF7      |   599|
|10    |MUXF8      |   280|
|11    |RAMB36E1   |    32|
|12    |RAMB36E1_1 |    14|
|13    |RAMB36E1_2 |    14|
|14    |FDCE       |  4913|
|15    |FDPE       |    10|
|16    |FDRE       |   209|
|17    |FDSE       |     1|
+------+-----------+------+

Report Instance Areas: 
+------+---------------------------------------------------+------------------------------------------+------+
|      |Instance                                           |Module                                    |Cells |
+------+---------------------------------------------------+------------------------------------------+------+
|1     |top                                                |                                          | 19247|
|2     |  inst                                             |tftlcd_v1_0                               | 19187|
|3     |    TFTLCDctrl_U0                                  |TFTLCDctrl                                | 18450|
|4     |      g2m_u0                                       |g2m_2                                     |     2|
|5     |      horizontal_u0                                |horizontal_3                              |   175|
|6     |      rgb_u0                                       |rgb                                       | 18175|
|7     |      vertical_u0                                  |vertical_4                                |    98|
|8     |    tftlcd_v1_0_S00_AXI_inst                       |tftlcd_v1_0_S00_AXI                       |   737|
|9     |      MEM_U0                                       |blk_mem                                   |   261|
|10    |        U0                                         |blk_mem_gen_v8_4_3                        |   261|
|11    |          inst_blk_mem_gen                         |blk_mem_gen_v8_4_3_synth                  |   261|
|12    |            \gnbram.gnativebmg.native_blk_mem_gen  |blk_mem_gen_top                           |   261|
|13    |              \valid.cstr                          |blk_mem_gen_generic_cstr                  |   261|
|14    |                \bindec_a.bindec_inst_a            |bindec                                    |    32|
|15    |                \bindec_b.bindec_inst_b            |bindec_1                                  |    31|
|16    |                \has_mux_b.B                       |blk_mem_gen_mux__parameterized0           |   134|
|17    |                \ramloop[0].ram.r                  |blk_mem_gen_prim_width                    |     1|
|18    |                  \prim_noinit.ram                 |blk_mem_gen_prim_wrapper                  |     1|
|19    |                \ramloop[10].ram.r                 |blk_mem_gen_prim_width__parameterized9    |     1|
|20    |                  \prim_noinit.ram                 |blk_mem_gen_prim_wrapper__parameterized9  |     1|
|21    |                \ramloop[11].ram.r                 |blk_mem_gen_prim_width__parameterized10   |     1|
|22    |                  \prim_noinit.ram                 |blk_mem_gen_prim_wrapper__parameterized10 |     1|
|23    |                \ramloop[12].ram.r                 |blk_mem_gen_prim_width__parameterized11   |     1|
|24    |                  \prim_noinit.ram                 |blk_mem_gen_prim_wrapper__parameterized11 |     1|
|25    |                \ramloop[13].ram.r                 |blk_mem_gen_prim_width__parameterized12   |     1|
|26    |                  \prim_noinit.ram                 |blk_mem_gen_prim_wrapper__parameterized12 |     1|
|27    |                \ramloop[14].ram.r                 |blk_mem_gen_prim_width__parameterized13   |     1|
|28    |                  \prim_noinit.ram                 |blk_mem_gen_prim_wrapper__parameterized13 |     1|
|29    |                \ramloop[15].ram.r                 |blk_mem_gen_prim_width__parameterized14   |     1|
|30    |                  \prim_noinit.ram                 |blk_mem_gen_prim_wrapper__parameterized14 |     1|
|31    |                \ramloop[16].ram.r                 |blk_mem_gen_prim_width__parameterized15   |     1|
|32    |                  \prim_noinit.ram                 |blk_mem_gen_prim_wrapper__parameterized15 |     1|
|33    |                \ramloop[17].ram.r                 |blk_mem_gen_prim_width__parameterized16   |     1|
|34    |                  \prim_noinit.ram                 |blk_mem_gen_prim_wrapper__parameterized16 |     1|
|35    |                \ramloop[18].ram.r                 |blk_mem_gen_prim_width__parameterized17   |     1|
|36    |                  \prim_noinit.ram                 |blk_mem_gen_prim_wrapper__parameterized17 |     1|
|37    |                \ramloop[19].ram.r                 |blk_mem_gen_prim_width__parameterized18   |     1|
|38    |                  \prim_noinit.ram                 |blk_mem_gen_prim_wrapper__parameterized18 |     1|
|39    |                \ramloop[1].ram.r                  |blk_mem_gen_prim_width__parameterized0    |     1|
|40    |                  \prim_noinit.ram                 |blk_mem_gen_prim_wrapper__parameterized0  |     1|
|41    |                \ramloop[20].ram.r                 |blk_mem_gen_prim_width__parameterized19   |     1|
|42    |                  \prim_noinit.ram                 |blk_mem_gen_prim_wrapper__parameterized19 |     1|
|43    |                \ramloop[21].ram.r                 |blk_mem_gen_prim_width__parameterized20   |     1|
|44    |                  \prim_noinit.ram                 |blk_mem_gen_prim_wrapper__parameterized20 |     1|
|45    |                \ramloop[22].ram.r                 |blk_mem_gen_prim_width__parameterized21   |     1|
|46    |                  \prim_noinit.ram                 |blk_mem_gen_prim_wrapper__parameterized21 |     1|
|47    |                \ramloop[23].ram.r                 |blk_mem_gen_prim_width__parameterized22   |     1|
|48    |                  \prim_noinit.ram                 |blk_mem_gen_prim_wrapper__parameterized22 |     1|
|49    |                \ramloop[24].ram.r                 |blk_mem_gen_prim_width__parameterized23   |     1|
|50    |                  \prim_noinit.ram                 |blk_mem_gen_prim_wrapper__parameterized23 |     1|
|51    |                \ramloop[25].ram.r                 |blk_mem_gen_prim_width__parameterized24   |     1|
|52    |                  \prim_noinit.ram                 |blk_mem_gen_prim_wrapper__parameterized24 |     1|
|53    |                \ramloop[26].ram.r                 |blk_mem_gen_prim_width__parameterized25   |     1|
|54    |                  \prim_noinit.ram                 |blk_mem_gen_prim_wrapper__parameterized25 |     1|
|55    |                \ramloop[27].ram.r                 |blk_mem_gen_prim_width__parameterized26   |     1|
|56    |                  \prim_noinit.ram                 |blk_mem_gen_prim_wrapper__parameterized26 |     1|
|57    |                \ramloop[28].ram.r                 |blk_mem_gen_prim_width__parameterized27   |     1|
|58    |                  \prim_noinit.ram                 |blk_mem_gen_prim_wrapper__parameterized27 |     1|
|59    |                \ramloop[29].ram.r                 |blk_mem_gen_prim_width__parameterized28   |     1|
|60    |                  \prim_noinit.ram                 |blk_mem_gen_prim_wrapper__parameterized28 |     1|
|61    |                \ramloop[2].ram.r                  |blk_mem_gen_prim_width__parameterized1    |     1|
|62    |                  \prim_noinit.ram                 |blk_mem_gen_prim_wrapper__parameterized1  |     1|
|63    |                \ramloop[30].ram.r                 |blk_mem_gen_prim_width__parameterized29   |     1|
|64    |                  \prim_noinit.ram                 |blk_mem_gen_prim_wrapper__parameterized29 |     1|
|65    |                \ramloop[31].ram.r                 |blk_mem_gen_prim_width__parameterized30   |     2|
|66    |                  \prim_noinit.ram                 |blk_mem_gen_prim_wrapper__parameterized30 |     2|
|67    |                \ramloop[32].ram.r                 |blk_mem_gen_prim_width__parameterized31   |     2|
|68    |                  \prim_noinit.ram                 |blk_mem_gen_prim_wrapper__parameterized31 |     2|
|69    |                \ramloop[33].ram.r                 |blk_mem_gen_prim_width__parameterized32   |     2|
|70    |                  \prim_noinit.ram                 |blk_mem_gen_prim_wrapper__parameterized32 |     2|
|71    |                \ramloop[34].ram.r                 |blk_mem_gen_prim_width__parameterized33   |     2|
|72    |                  \prim_noinit.ram                 |blk_mem_gen_prim_wrapper__parameterized33 |     2|
|73    |                \ramloop[35].ram.r                 |blk_mem_gen_prim_width__parameterized34   |     2|
|74    |                  \prim_noinit.ram                 |blk_mem_gen_prim_wrapper__parameterized34 |     2|
|75    |                \ramloop[36].ram.r                 |blk_mem_gen_prim_width__parameterized35   |     2|
|76    |                  \prim_noinit.ram                 |blk_mem_gen_prim_wrapper__parameterized35 |     2|
|77    |                \ramloop[37].ram.r                 |blk_mem_gen_prim_width__parameterized36   |     2|
|78    |                  \prim_noinit.ram                 |blk_mem_gen_prim_wrapper__parameterized36 |     2|
|79    |                \ramloop[38].ram.r                 |blk_mem_gen_prim_width__parameterized37   |     2|
|80    |                  \prim_noinit.ram                 |blk_mem_gen_prim_wrapper__parameterized37 |     2|
|81    |                \ramloop[39].ram.r                 |blk_mem_gen_prim_width__parameterized38   |     2|
|82    |                  \prim_noinit.ram                 |blk_mem_gen_prim_wrapper__parameterized38 |     2|
|83    |                \ramloop[3].ram.r                  |blk_mem_gen_prim_width__parameterized2    |     1|
|84    |                  \prim_noinit.ram                 |blk_mem_gen_prim_wrapper__parameterized2  |     1|
|85    |                \ramloop[40].ram.r                 |blk_mem_gen_prim_width__parameterized39   |     2|
|86    |                  \prim_noinit.ram                 |blk_mem_gen_prim_wrapper__parameterized39 |     2|
|87    |                \ramloop[41].ram.r                 |blk_mem_gen_prim_width__parameterized40   |     2|
|88    |                  \prim_noinit.ram                 |blk_mem_gen_prim_wrapper__parameterized40 |     2|
|89    |                \ramloop[42].ram.r                 |blk_mem_gen_prim_width__parameterized41   |     2|
|90    |                  \prim_noinit.ram                 |blk_mem_gen_prim_wrapper__parameterized41 |     2|
|91    |                \ramloop[43].ram.r                 |blk_mem_gen_prim_width__parameterized42   |     2|
|92    |                  \prim_noinit.ram                 |blk_mem_gen_prim_wrapper__parameterized42 |     2|
|93    |                \ramloop[44].ram.r                 |blk_mem_gen_prim_width__parameterized43   |     2|
|94    |                  \prim_noinit.ram                 |blk_mem_gen_prim_wrapper__parameterized43 |     2|
|95    |                \ramloop[45].ram.r                 |blk_mem_gen_prim_width__parameterized44   |     2|
|96    |                  \prim_noinit.ram                 |blk_mem_gen_prim_wrapper__parameterized44 |     2|
|97    |                \ramloop[4].ram.r                  |blk_mem_gen_prim_width__parameterized3    |     1|
|98    |                  \prim_noinit.ram                 |blk_mem_gen_prim_wrapper__parameterized3  |     1|
|99    |                \ramloop[5].ram.r                  |blk_mem_gen_prim_width__parameterized4    |     1|
|100   |                  \prim_noinit.ram                 |blk_mem_gen_prim_wrapper__parameterized4  |     1|
|101   |                \ramloop[6].ram.r                  |blk_mem_gen_prim_width__parameterized5    |     1|
|102   |                  \prim_noinit.ram                 |blk_mem_gen_prim_wrapper__parameterized5  |     1|
|103   |                \ramloop[7].ram.r                  |blk_mem_gen_prim_width__parameterized6    |     1|
|104   |                  \prim_noinit.ram                 |blk_mem_gen_prim_wrapper__parameterized6  |     1|
|105   |                \ramloop[8].ram.r                  |blk_mem_gen_prim_width__parameterized7    |     1|
|106   |                  \prim_noinit.ram                 |blk_mem_gen_prim_wrapper__parameterized7  |     1|
|107   |                \ramloop[9].ram.r                  |blk_mem_gen_prim_width__parameterized8    |     1|
|108   |                  \prim_noinit.ram                 |blk_mem_gen_prim_wrapper__parameterized8  |     1|
|109   |      TFTLCDctrl_U0                                |TFTLCDctrl_0                              |    57|
|110   |        g2m_u0                                     |g2m                                       |     2|
|111   |        horizontal_u0                              |horizontal                                |    31|
|112   |        vertical_u0                                |vertical                                  |    24|
+------+---------------------------------------------------+------------------------------------------+------+
---------------------------------------------------------------------------------
Finished Writing Synthesis Report : Time (s): cpu = 00:10:46 ; elapsed = 00:11:33 . Memory (MB): peak = 1684.512 ; gain = 1123.320
---------------------------------------------------------------------------------
Synthesis finished with 0 errors, 0 critical warnings and 6 warnings.
Synthesis Optimization Runtime : Time (s): cpu = 00:05:01 ; elapsed = 00:11:24 . Memory (MB): peak = 1684.512 ; gain = 1123.320
Synthesis Optimization Complete : Time (s): cpu = 00:10:46 ; elapsed = 00:11:35 . Memory (MB): peak = 1684.512 ; gain = 1123.320
INFO: [Project 1-571] Translating synthesized netlist
INFO: [Netlist 29-17] Analyzing 1315 Unisim elements for replacement
INFO: [Netlist 29-28] Unisim Transformation completed in 0 CPU seconds
WARNING: [Netlist 29-101] Netlist 'system_tftlcd_0_0' is not ideal for floorplanning, since the cellview 'rgb' contains a large number of primitives.  Please consider enabling hierarchy in synthesis if you want to do floorplanning.
INFO: [Project 1-570] Preparing netlist for logic optimization
INFO: [Opt 31-138] Pushed 0 inverter(s) to 0 load pin(s).
Netlist sorting complete. Time (s): cpu = 00:00:00 ; elapsed = 00:00:00.005 . Memory (MB): peak = 1684.512 ; gain = 0.000
INFO: [Project 1-111] Unisim Transformation Summary:
No Unisim elements were transformed.

INFO: [Common 17-83] Releasing license: Synthesis
263 Infos, 106 Warnings, 0 Critical Warnings and 0 Errors encountered.
synth_design completed successfully
synth_design: Time (s): cpu = 00:10:53 ; elapsed = 00:11:44 . Memory (MB): peak = 1684.512 ; gain = 1383.457
Netlist sorting complete. Time (s): cpu = 00:00:00 ; elapsed = 00:00:00.005 . Memory (MB): peak = 1684.512 ; gain = 0.000
WARNING: [Constraints 18-5210] No constraints selected for write.
Resolution: This message can indicate that there are no constraints for the design, or it can indicate that the used_in flags are set such that the constraints are ignored. This later case is used when running synth_design to not write synthesis constraints to the resulting checkpoint. Instead, project constraints are read when the synthesized design is opened.
INFO: [Common 17-1381] The checkpoint 'C:/work/teamp1/teamp1.runs/system_tftlcd_0_0_synth_1/system_tftlcd_0_0.dcp' has been generated.
WARNING: [Common 17-576] 'use_project_ipc' is deprecated. This option is deprecated and no longer used.
INFO: [Coretcl 2-1648] Added synthesis output to IP cache for IP system_tftlcd_0_0, cache-ID = 2c6d3bd15e15b982
INFO: [Coretcl 2-1174] Renamed 111 cell refs.
Netlist sorting complete. Time (s): cpu = 00:00:00 ; elapsed = 00:00:00.004 . Memory (MB): peak = 1684.512 ; gain = 0.000
WARNING: [Constraints 18-5210] No constraints selected for write.
Resolution: This message can indicate that there are no constraints for the design, or it can indicate that the used_in flags are set such that the constraints are ignored. This later case is used when running synth_design to not write synthesis constraints to the resulting checkpoint. Instead, project constraints are read when the synthesized design is opened.
INFO: [Common 17-1381] The checkpoint 'C:/work/teamp1/teamp1.runs/system_tftlcd_0_0_synth_1/system_tftlcd_0_0.dcp' has been generated.
INFO: [runtcl-4] Executing : report_utilization -file system_tftlcd_0_0_utilization_synth.rpt -pb system_tftlcd_0_0_utilization_synth.pb
INFO: [Common 17-206] Exiting Vivado at Sat Jun 21 17:40:41 2025...
