
*** Running vivado
    with args -log system_wrapper.vdi -applog -m64 -product Vivado -messageDb vivado.pb -mode batch -source system_wrapper.tcl -notrace


****** Vivado v2019.1 (64-bit)
  **** SW Build 2552052 on Fri May 24 14:49:42 MDT 2019
  **** IP Build 2548770 on Fri May 24 18:01:18 MDT 2019
    ** Copyright 1986-2019 Xilinx, Inc. All Rights Reserved.

source system_wrapper.tcl -notrace
INFO: [IP_Flow 19-234] Refreshing IP repositories
INFO: [IP_Flow 19-1700] Loaded user IP repository 'c:/work/ip_repo/seven_seg_1.0'.
INFO: [IP_Flow 19-1700] Loaded user IP repository 'c:/work/ip_repo/textlcd_1.0'.
INFO: [IP_Flow 19-1700] Loaded user IP repository 'c:/work/ip_repo/tftlcd_1.0'.
INFO: [IP_Flow 19-2313] Loaded Vivado IP repository 'C:/Xilinx/Vivado/2019.1/data/ip'.
Command: link_design -top system_wrapper -part xc7z020clg484-1
Design is defaulting to srcset: sources_1
Design is defaulting to constrset: constrs_1
INFO: [Device 21-403] Loading part xc7z020clg484-1
INFO: [Project 1-454] Reading design checkpoint 'c:/work/teamp1/teamp1.srcs/sources_1/bd/system/ip/system_axi_gpio_0_0/system_axi_gpio_0_0.dcp' for cell 'system_i/axi_gpio_0'
INFO: [Project 1-454] Reading design checkpoint 'c:/work/teamp1/teamp1.srcs/sources_1/bd/system/ip/system_processing_system7_0_1/system_processing_system7_0_1.dcp' for cell 'system_i/processing_system7_0'
INFO: [Project 1-454] Reading design checkpoint 'c:/work/teamp1/teamp1.srcs/sources_1/bd/system/ip/system_rst_ps7_0_50M_0/system_rst_ps7_0_50M_0.dcp' for cell 'system_i/rst_ps7_0_50M'
INFO: [Project 1-454] Reading design checkpoint 'c:/work/teamp1/teamp1.srcs/sources_1/bd/system/ip/system_seven_seg_0_0/system_seven_seg_0_0.dcp' for cell 'system_i/seven_seg_0'
INFO: [Project 1-454] Reading design checkpoint 'c:/work/teamp1/teamp1.srcs/sources_1/bd/system/ip/system_textlcd_0_0/system_textlcd_0_0.dcp' for cell 'system_i/textlcd_0'
INFO: [Project 1-454] Reading design checkpoint 'c:/work/teamp1/teamp1.srcs/sources_1/bd/system/ip/system_tftlcd_0_0/system_tftlcd_0_0.dcp' for cell 'system_i/tftlcd_0'
INFO: [Project 1-454] Reading design checkpoint 'c:/work/teamp1/teamp1.srcs/sources_1/bd/system/ip/system_xbar_0/system_xbar_0.dcp' for cell 'system_i/ps7_0_axi_periph/xbar'
INFO: [Project 1-454] Reading design checkpoint 'c:/work/teamp1/teamp1.srcs/sources_1/bd/system/ip/system_auto_pc_0/system_auto_pc_0.dcp' for cell 'system_i/ps7_0_axi_periph/s00_couplers/auto_pc'
INFO: [Netlist 29-17] Analyzing 1393 Unisim elements for replacement
INFO: [Netlist 29-28] Unisim Transformation completed in 0 CPU seconds
WARNING: [Netlist 29-43] Netlist 'system_wrapper' is not ideal for floorplanning, since the cellview 'system_tftlcd_0_0_rgb' defined in file 'system_tftlcd_0_0.edf' contains large number of primitives.  Please consider enabling hierarchy in synthesis if you want to do floorplanning.
INFO: [Project 1-479] Netlist was created with Vivado 2019.1
INFO: [Project 1-570] Preparing netlist for logic optimization
Parsing XDC File [c:/work/teamp1/teamp1.srcs/sources_1/bd/system/ip/system_processing_system7_0_1/system_processing_system7_0_1.xdc] for cell 'system_i/processing_system7_0/inst'
Finished Parsing XDC File [c:/work/teamp1/teamp1.srcs/sources_1/bd/system/ip/system_processing_system7_0_1/system_processing_system7_0_1.xdc] for cell 'system_i/processing_system7_0/inst'
Parsing XDC File [c:/work/teamp1/teamp1.srcs/sources_1/bd/system/ip/system_rst_ps7_0_50M_0/system_rst_ps7_0_50M_0_board.xdc] for cell 'system_i/rst_ps7_0_50M/U0'
Finished Parsing XDC File [c:/work/teamp1/teamp1.srcs/sources_1/bd/system/ip/system_rst_ps7_0_50M_0/system_rst_ps7_0_50M_0_board.xdc] for cell 'system_i/rst_ps7_0_50M/U0'
Parsing XDC File [c:/work/teamp1/teamp1.srcs/sources_1/bd/system/ip/system_rst_ps7_0_50M_0/system_rst_ps7_0_50M_0.xdc] for cell 'system_i/rst_ps7_0_50M/U0'
Finished Parsing XDC File [c:/work/teamp1/teamp1.srcs/sources_1/bd/system/ip/system_rst_ps7_0_50M_0/system_rst_ps7_0_50M_0.xdc] for cell 'system_i/rst_ps7_0_50M/U0'
Parsing XDC File [c:/work/teamp1/teamp1.srcs/sources_1/bd/system/ip/system_axi_gpio_0_0/system_axi_gpio_0_0_board.xdc] for cell 'system_i/axi_gpio_0/U0'
Finished Parsing XDC File [c:/work/teamp1/teamp1.srcs/sources_1/bd/system/ip/system_axi_gpio_0_0/system_axi_gpio_0_0_board.xdc] for cell 'system_i/axi_gpio_0/U0'
Parsing XDC File [c:/work/teamp1/teamp1.srcs/sources_1/bd/system/ip/system_axi_gpio_0_0/system_axi_gpio_0_0.xdc] for cell 'system_i/axi_gpio_0/U0'
Finished Parsing XDC File [c:/work/teamp1/teamp1.srcs/sources_1/bd/system/ip/system_axi_gpio_0_0/system_axi_gpio_0_0.xdc] for cell 'system_i/axi_gpio_0/U0'
Parsing XDC File [C:/work/teamp1/teamp1.srcs/constrs_1/imports/teamproj/top.xdc]
Finished Parsing XDC File [C:/work/teamp1/teamp1.srcs/constrs_1/imports/teamproj/top.xdc]
INFO: [Opt 31-138] Pushed 0 inverter(s) to 0 load pin(s).
Netlist sorting complete. Time (s): cpu = 00:00:00 ; elapsed = 00:00:00.006 . Memory (MB): peak = 771.395 ; gain = 0.000
INFO: [Project 1-111] Unisim Transformation Summary:
No Unisim elements were transformed.

20 Infos, 1 Warnings, 0 Critical Warnings and 0 Errors encountered.
link_design completed successfully
link_design: Time (s): cpu = 00:00:08 ; elapsed = 00:00:12 . Memory (MB): peak = 771.395 ; gain = 461.867
Command: opt_design
Attempting to get a license for feature 'Implementation' and/or device 'xc7z020'
INFO: [Common 17-349] Got license for feature 'Implementation' and/or device 'xc7z020'
Running DRC as a precondition to command opt_design

Starting DRC Task
INFO: [DRC 23-27] Running DRC with 2 threads
INFO: [Project 1-461] DRC finished with 0 Errors
INFO: [Project 1-462] Please refer to the DRC report (report_drc) for more information.

Time (s): cpu = 00:00:01 ; elapsed = 00:00:00.574 . Memory (MB): peak = 790.500 ; gain = 19.105

Starting Cache Timing Information Task
INFO: [Timing 38-35] Done setting XDC timing constraints.
Ending Cache Timing Information Task | Checksum: 1149b320d

Time (s): cpu = 00:00:09 ; elapsed = 00:00:09 . Memory (MB): peak = 1370.844 ; gain = 580.344

Starting Logic Optimization Task

Phase 1 Retarget
INFO: [Opt 31-138] Pushed 1 inverter(s) to 14 load pin(s).
INFO: [Opt 31-49] Retargeted 0 cell(s).
Phase 1 Retarget | Checksum: d11c5012

Time (s): cpu = 00:00:01 ; elapsed = 00:00:01 . Memory (MB): peak = 1515.031 ; gain = 0.000
INFO: [Opt 31-389] Phase Retarget created 9 cells and removed 56 cells

Phase 2 Constant propagation
INFO: [Opt 31-138] Pushed 0 inverter(s) to 0 load pin(s).
Phase 2 Constant propagation | Checksum: 10f97584d

Time (s): cpu = 00:00:02 ; elapsed = 00:00:01 . Memory (MB): peak = 1515.031 ; gain = 0.000
INFO: [Opt 31-389] Phase Constant propagation created 4 cells and removed 8 cells

Phase 3 Sweep
Phase 3 Sweep | Checksum: 167b38242

Time (s): cpu = 00:00:03 ; elapsed = 00:00:03 . Memory (MB): peak = 1515.031 ; gain = 0.000
INFO: [Opt 31-389] Phase Sweep created 9 cells and removed 133 cells

Phase 4 BUFG optimization
INFO: [Opt 31-194] Inserted BUFG system_i/tftlcd_0/inst/TFTLCDctrl_U0/g2m_u0/opclk_reg_0_BUFG_inst to drive 4888 load(s) on clock net opclk_0_OBUF
INFO: [Opt 31-194] Inserted BUFG clk_0_IBUF_BUFG_inst to drive 55 load(s) on clock net clk_0_IBUF_BUFG
INFO: [Opt 31-193] Inserted 2 BUFG(s) on clock nets
Phase 4 BUFG optimization | Checksum: 17799ef2e

Time (s): cpu = 00:00:03 ; elapsed = 00:00:03 . Memory (MB): peak = 1515.031 ; gain = 0.000
INFO: [Opt 31-662] Phase BUFG optimization created 2 cells of which 2 are BUFGs and removed 0 cells.

Phase 5 Shift Register Optimization
INFO: [Opt 31-1064] SRL Remap converted 0 SRLs to 0 registers and converted 0 registers of register chains to 0 SRLs
Phase 5 Shift Register Optimization | Checksum: 17799ef2e

Time (s): cpu = 00:00:03 ; elapsed = 00:00:03 . Memory (MB): peak = 1515.031 ; gain = 0.000
INFO: [Opt 31-389] Phase Shift Register Optimization created 0 cells and removed 0 cells

Phase 6 Post Processing Netlist
Phase 6 Post Processing Netlist | Checksum: cc5eefcb

Time (s): cpu = 00:00:04 ; elapsed = 00:00:03 . Memory (MB): peak = 1515.031 ; gain = 0.000
INFO: [Opt 31-389] Phase Post Processing Netlist created 0 cells and removed 0 cells
Opt_design Change Summary
=========================


-------------------------------------------------------------------------------------------------------------------------
|  Phase                        |  #Cells created  |  #Cells Removed  |  #Constrained objects preventing optimizations  |
-------------------------------------------------------------------------------------------------------------------------
|  Retarget                     |               9  |              56  |                                              0  |
|  Constant propagation         |               4  |               8  |                                              0  |
|  Sweep                        |               9  |             133  |                                              0  |
|  BUFG optimization            |               2  |               0  |                                              0  |
|  Shift Register Optimization  |               0  |               0  |                                              0  |
|  Post Processing Netlist      |               0  |               0  |                                              0  |
-------------------------------------------------------------------------------------------------------------------------



Starting Connectivity Check Task

Time (s): cpu = 00:00:00 ; elapsed = 00:00:00.049 . Memory (MB): peak = 1515.031 ; gain = 0.000
Ending Logic Optimization Task | Checksum: 1962fe52f

Time (s): cpu = 00:00:04 ; elapsed = 00:00:04 . Memory (MB): peak = 1515.031 ; gain = 0.000

Starting Power Optimization Task
INFO: [Pwropt 34-132] Skipping clock gating for clocks with a period < 2.00 ns.
INFO: [Timing 38-35] Done setting XDC timing constraints.
INFO: [Physopt 32-619] Estimated Timing Summary | WNS=14.274 | TNS=0.000 |
Running Vector-less Activity Propagation...
INFO: [Pwropt 34-9] Applying IDT optimizations ...
INFO: [Pwropt 34-10] Applying ODC optimizations ...

Finished Running Vector-less Activity Propagation


Starting PowerOpt Patch Enables Task
INFO: [Pwropt 34-162] WRITE_MODE attribute of 0 BRAM(s) out of a total of 60 has been updated to save power. Run report_power_opt to get a complete listing of the BRAMs updated.
INFO: [Pwropt 34-201] Structural ODC has moved 0 WE to EN ports
Number of BRAM Ports augmented: 102 newly gated: 60 Total Ports: 120
Number of Flops added for Enable Generation: 2

Ending PowerOpt Patch Enables Task | Checksum: 168ba067a

Time (s): cpu = 00:00:00 ; elapsed = 00:00:00.410 . Memory (MB): peak = 1800.766 ; gain = 0.000
Ending Power Optimization Task | Checksum: 168ba067a

Time (s): cpu = 00:00:25 ; elapsed = 00:00:12 . Memory (MB): peak = 1800.766 ; gain = 285.734

Starting Final Cleanup Task

Starting Logic Optimization Task
INFO: [Timing 38-35] Done setting XDC timing constraints.
Ending Logic Optimization Task | Checksum: 133e5b4a7

Time (s): cpu = 00:00:03 ; elapsed = 00:00:02 . Memory (MB): peak = 1800.766 ; gain = 0.000
Ending Final Cleanup Task | Checksum: 133e5b4a7

Time (s): cpu = 00:00:04 ; elapsed = 00:00:03 . Memory (MB): peak = 1800.766 ; gain = 0.000

Starting Netlist Obfuscation Task
Netlist sorting complete. Time (s): cpu = 00:00:00 ; elapsed = 00:00:00.004 . Memory (MB): peak = 1800.766 ; gain = 0.000
Ending Netlist Obfuscation Task | Checksum: 133e5b4a7

Time (s): cpu = 00:00:00 ; elapsed = 00:00:00.004 . Memory (MB): peak = 1800.766 ; gain = 0.000
INFO: [Common 17-83] Releasing license: Implementation
47 Infos, 1 Warnings, 0 Critical Warnings and 0 Errors encountered.
opt_design completed successfully
opt_design: Time (s): cpu = 00:00:44 ; elapsed = 00:00:31 . Memory (MB): peak = 1800.766 ; gain = 1029.371
Netlist sorting complete. Time (s): cpu = 00:00:00 ; elapsed = 00:00:00.004 . Memory (MB): peak = 1800.766 ; gain = 0.000
INFO: [Timing 38-480] Writing timing data to binary archive.
Writing placer database...
Writing XDEF routing.
Writing XDEF routing logical nets.
Writing XDEF routing special nets.
Write XDEF Complete: Time (s): cpu = 00:00:00 ; elapsed = 00:00:00.082 . Memory (MB): peak = 1800.766 ; gain = 0.000
INFO: [Common 17-1381] The checkpoint 'C:/work/teamp1/teamp1.runs/impl_1/system_wrapper_opt.dcp' has been generated.
INFO: [runtcl-4] Executing : report_drc -file system_wrapper_drc_opted.rpt -pb system_wrapper_drc_opted.pb -rpx system_wrapper_drc_opted.rpx
Command: report_drc -file system_wrapper_drc_opted.rpt -pb system_wrapper_drc_opted.pb -rpx system_wrapper_drc_opted.rpx
INFO: [IP_Flow 19-1839] IP Catalog is up to date.
INFO: [DRC 23-27] Running DRC with 2 threads
INFO: [Coretcl 2-168] The results of DRC are in file C:/work/teamp1/teamp1.runs/impl_1/system_wrapper_drc_opted.rpt.
report_drc completed successfully
Command: place_design
Attempting to get a license for feature 'Implementation' and/or device 'xc7z020'
INFO: [Common 17-349] Got license for feature 'Implementation' and/or device 'xc7z020'
INFO: [DRC 23-27] Running DRC with 2 threads
INFO: [Vivado_Tcl 4-198] DRC finished with 0 Errors
INFO: [Vivado_Tcl 4-199] Please refer to the DRC report (report_drc) for more information.
Running DRC as a precondition to command place_design
INFO: [DRC 23-27] Running DRC with 2 threads
WARNING: [DRC CHECK-3] Report rule limit reached: REQP-1839 rule limit reached: 20 violations have been found.
WARNING: [DRC REQP-1839] RAMB36 async control check: The RAMB36E1 system_i/tftlcd_0/inst/tftlcd_v1_0_S00_AXI_inst/MEM_U0/U0/inst_blk_mem_gen/gnbram.gnativebmg.native_blk_mem_gen/valid.cstr/ramloop[0].ram.r/prim_noinit.ram/DEVICE_7SERIES.NO_BMM_INFO.SDP.SIMPLE_PRIM36.ram has an input control pin system_i/tftlcd_0/inst/tftlcd_v1_0_S00_AXI_inst/MEM_U0/U0/inst_blk_mem_gen/gnbram.gnativebmg.native_blk_mem_gen/valid.cstr/ramloop[0].ram.r/prim_noinit.ram/DEVICE_7SERIES.NO_BMM_INFO.SDP.SIMPLE_PRIM36.ram/ADDRBWRADDR[10] (net: system_i/tftlcd_0/inst/tftlcd_v1_0_S00_AXI_inst/MEM_U0/U0/inst_blk_mem_gen/gnbram.gnativebmg.native_blk_mem_gen/valid.cstr/ramloop[0].ram.r/prim_noinit.ram/addrb[7]) which is driven by a register (system_i/tftlcd_0/inst/tftlcd_v1_0_S00_AXI_inst/r_addr_reg[7]) that has an active asychronous set or reset. This may cause corruption of the memory contents and/or read values when the set/reset is asserted and is not analyzed by the default static timing analysis. It is suggested to eliminate the use of a set/reset to registers driving this RAMB pin or else use a synchronous reset in which the assertion of the reset is timed by default.
WARNING: [DRC REQP-1839] RAMB36 async control check: The RAMB36E1 system_i/tftlcd_0/inst/tftlcd_v1_0_S00_AXI_inst/MEM_U0/U0/inst_blk_mem_gen/gnbram.gnativebmg.native_blk_mem_gen/valid.cstr/ramloop[0].ram.r/prim_noinit.ram/DEVICE_7SERIES.NO_BMM_INFO.SDP.SIMPLE_PRIM36.ram has an input control pin system_i/tftlcd_0/inst/tftlcd_v1_0_S00_AXI_inst/MEM_U0/U0/inst_blk_mem_gen/gnbram.gnativebmg.native_blk_mem_gen/valid.cstr/ramloop[0].ram.r/prim_noinit.ram/DEVICE_7SERIES.NO_BMM_INFO.SDP.SIMPLE_PRIM36.ram/ADDRBWRADDR[11] (net: system_i/tftlcd_0/inst/tftlcd_v1_0_S00_AXI_inst/MEM_U0/U0/inst_blk_mem_gen/gnbram.gnativebmg.native_blk_mem_gen/valid.cstr/ramloop[0].ram.r/prim_noinit.ram/addrb[8]) which is driven by a register (system_i/tftlcd_0/inst/tftlcd_v1_0_S00_AXI_inst/r_addr_reg[8]) that has an active asychronous set or reset. This may cause corruption of the memory contents and/or read values when the set/reset is asserted and is not analyzed by the default static timing analysis. It is suggested to eliminate the use of a set/reset to registers driving this RAMB pin or else use a synchronous reset in which the assertion of the reset is timed by default.
WARNING: [DRC REQP-1839] RAMB36 async control check: The RAMB36E1 system_i/tftlcd_0/inst/tftlcd_v1_0_S00_AXI_inst/MEM_U0/U0/inst_blk_mem_gen/gnbram.gnativebmg.native_blk_mem_gen/valid.cstr/ramloop[0].ram.r/prim_noinit.ram/DEVICE_7SERIES.NO_BMM_INFO.SDP.SIMPLE_PRIM36.ram has an input control pin system_i/tftlcd_0/inst/tftlcd_v1_0_S00_AXI_inst/MEM_U0/U0/inst_blk_mem_gen/gnbram.gnativebmg.native_blk_mem_gen/valid.cstr/ramloop[0].ram.r/prim_noinit.ram/DEVICE_7SERIES.NO_BMM_INFO.SDP.SIMPLE_PRIM36.ram/ADDRBWRADDR[12] (net: system_i/tftlcd_0/inst/tftlcd_v1_0_S00_AXI_inst/MEM_U0/U0/inst_blk_mem_gen/gnbram.gnativebmg.native_blk_mem_gen/valid.cstr/ramloop[0].ram.r/prim_noinit.ram/addrb[9]) which is driven by a register (system_i/tftlcd_0/inst/tftlcd_v1_0_S00_AXI_inst/r_addr_reg[9]) that has an active asychronous set or reset. This may cause corruption of the memory contents and/or read values when the set/reset is asserted and is not analyzed by the default static timing analysis. It is suggested to eliminate the use of a set/reset to registers driving this RAMB pin or else use a synchronous reset in which the assertion of the reset is timed by default.
WARNING: [DRC REQP-1839] RAMB36 async control check: The RAMB36E1 system_i/tftlcd_0/inst/tftlcd_v1_0_S00_AXI_inst/MEM_U0/U0/inst_blk_mem_gen/gnbram.gnativebmg.native_blk_mem_gen/valid.cstr/ramloop[0].ram.r/prim_noinit.ram/DEVICE_7SERIES.NO_BMM_INFO.SDP.SIMPLE_PRIM36.ram has an input control pin system_i/tftlcd_0/inst/tftlcd_v1_0_S00_AXI_inst/MEM_U0/U0/inst_blk_mem_gen/gnbram.gnativebmg.native_blk_mem_gen/valid.cstr/ramloop[0].ram.r/prim_noinit.ram/DEVICE_7SERIES.NO_BMM_INFO.SDP.SIMPLE_PRIM36.ram/ADDRBWRADDR[13] (net: system_i/tftlcd_0/inst/tftlcd_v1_0_S00_AXI_inst/MEM_U0/U0/inst_blk_mem_gen/gnbram.gnativebmg.native_blk_mem_gen/valid.cstr/ramloop[0].ram.r/prim_noinit.ram/addrb[10]) which is driven by a register (system_i/tftlcd_0/inst/tftlcd_v1_0_S00_AXI_inst/r_addr_reg[10]) that has an active asychronous set or reset. This may cause corruption of the memory contents and/or read values when the set/reset is asserted and is not analyzed by the default static timing analysis. It is suggested to eliminate the use of a set/reset to registers driving this RAMB pin or else use a synchronous reset in which the assertion of the reset is timed by default.
WARNING: [DRC REQP-1839] RAMB36 async control check: The RAMB36E1 system_i/tftlcd_0/inst/tftlcd_v1_0_S00_AXI_inst/MEM_U0/U0/inst_blk_mem_gen/gnbram.gnativebmg.native_blk_mem_gen/valid.cstr/ramloop[0].ram.r/prim_noinit.ram/DEVICE_7SERIES.NO_BMM_INFO.SDP.SIMPLE_PRIM36.ram has an input control pin system_i/tftlcd_0/inst/tftlcd_v1_0_S00_AXI_inst/MEM_U0/U0/inst_blk_mem_gen/gnbram.gnativebmg.native_blk_mem_gen/valid.cstr/ramloop[0].ram.r/prim_noinit.ram/DEVICE_7SERIES.NO_BMM_INFO.SDP.SIMPLE_PRIM36.ram/ADDRBWRADDR[14] (net: system_i/tftlcd_0/inst/tftlcd_v1_0_S00_AXI_inst/MEM_U0/U0/inst_blk_mem_gen/gnbram.gnativebmg.native_blk_mem_gen/valid.cstr/ramloop[0].ram.r/prim_noinit.ram/addrb[11]) which is driven by a register (system_i/tftlcd_0/inst/tftlcd_v1_0_S00_AXI_inst/r_addr_reg[11]) that has an active asychronous set or reset. This may cause corruption of the memory contents and/or read values when the set/reset is asserted and is not analyzed by the default static timing analysis. It is suggested to eliminate the use of a set/reset to registers driving this RAMB pin or else use a synchronous reset in which the assertion of the reset is timed by default.
WARNING: [DRC REQP-1839] RAMB36 async control check: The RAMB36E1 system_i/tftlcd_0/inst/tftlcd_v1_0_S00_AXI_inst/MEM_U0/U0/inst_blk_mem_gen/gnbram.gnativebmg.native_blk_mem_gen/valid.cstr/ramloop[0].ram.r/prim_noinit.ram/DEVICE_7SERIES.NO_BMM_INFO.SDP.SIMPLE_PRIM36.ram has an input control pin system_i/tftlcd_0/inst/tftlcd_v1_0_S00_AXI_inst/MEM_U0/U0/inst_blk_mem_gen/gnbram.gnativebmg.native_blk_mem_gen/valid.cstr/ramloop[0].ram.r/prim_noinit.ram/DEVICE_7SERIES.NO_BMM_INFO.SDP.SIMPLE_PRIM36.ram/ADDRBWRADDR[3] (net: system_i/tftlcd_0/inst/tftlcd_v1_0_S00_AXI_inst/MEM_U0/U0/inst_blk_mem_gen/gnbram.gnativebmg.native_blk_mem_gen/valid.cstr/ramloop[0].ram.r/prim_noinit.ram/addrb[0]) which is driven by a register (system_i/tftlcd_0/inst/tftlcd_v1_0_S00_AXI_inst/r_addr_reg[0]) that has an active asychronous set or reset. This may cause corruption of the memory contents and/or read values when the set/reset is asserted and is not analyzed by the default static timing analysis. It is suggested to eliminate the use of a set/reset to registers driving this RAMB pin or else use a synchronous reset in which the assertion of the reset is timed by default.
WARNING: [DRC REQP-1839] RAMB36 async control check: The RAMB36E1 system_i/tftlcd_0/inst/tftlcd_v1_0_S00_AXI_inst/MEM_U0/U0/inst_blk_mem_gen/gnbram.gnativebmg.native_blk_mem_gen/valid.cstr/ramloop[0].ram.r/prim_noinit.ram/DEVICE_7SERIES.NO_BMM_INFO.SDP.SIMPLE_PRIM36.ram has an input control pin system_i/tftlcd_0/inst/tftlcd_v1_0_S00_AXI_inst/MEM_U0/U0/inst_blk_mem_gen/gnbram.gnativebmg.native_blk_mem_gen/valid.cstr/ramloop[0].ram.r/prim_noinit.ram/DEVICE_7SERIES.NO_BMM_INFO.SDP.SIMPLE_PRIM36.ram/ADDRBWRADDR[4] (net: system_i/tftlcd_0/inst/tftlcd_v1_0_S00_AXI_inst/MEM_U0/U0/inst_blk_mem_gen/gnbram.gnativebmg.native_blk_mem_gen/valid.cstr/ramloop[0].ram.r/prim_noinit.ram/addrb[1]) which is driven by a register (system_i/tftlcd_0/inst/tftlcd_v1_0_S00_AXI_inst/r_addr_reg[1]) that has an active asychronous set or reset. This may cause corruption of the memory contents and/or read values when the set/reset is asserted and is not analyzed by the default static timing analysis. It is suggested to eliminate the use of a set/reset to registers driving this RAMB pin or else use a synchronous reset in which the assertion of the reset is timed by default.
WARNING: [DRC REQP-1839] RAMB36 async control check: The RAMB36E1 system_i/tftlcd_0/inst/tftlcd_v1_0_S00_AXI_inst/MEM_U0/U0/inst_blk_mem_gen/gnbram.gnativebmg.native_blk_mem_gen/valid.cstr/ramloop[0].ram.r/prim_noinit.ram/DEVICE_7SERIES.NO_BMM_INFO.SDP.SIMPLE_PRIM36.ram has an input control pin system_i/tftlcd_0/inst/tftlcd_v1_0_S00_AXI_inst/MEM_U0/U0/inst_blk_mem_gen/gnbram.gnativebmg.native_blk_mem_gen/valid.cstr/ramloop[0].ram.r/prim_noinit.ram/DEVICE_7SERIES.NO_BMM_INFO.SDP.SIMPLE_PRIM36.ram/ADDRBWRADDR[5] (net: system_i/tftlcd_0/inst/tftlcd_v1_0_S00_AXI_inst/MEM_U0/U0/inst_blk_mem_gen/gnbram.gnativebmg.native_blk_mem_gen/valid.cstr/ramloop[0].ram.r/prim_noinit.ram/addrb[2]) which is driven by a register (system_i/tftlcd_0/inst/tftlcd_v1_0_S00_AXI_inst/r_addr_reg[2]) that has an active asychronous set or reset. This may cause corruption of the memory contents and/or read values when the set/reset is asserted and is not analyzed by the default static timing analysis. It is suggested to eliminate the use of a set/reset to registers driving this RAMB pin or else use a synchronous reset in which the assertion of the reset is timed by default.
WARNING: [DRC REQP-1839] RAMB36 async control check: The RAMB36E1 system_i/tftlcd_0/inst/tftlcd_v1_0_S00_AXI_inst/MEM_U0/U0/inst_blk_mem_gen/gnbram.gnativebmg.native_blk_mem_gen/valid.cstr/ramloop[0].ram.r/prim_noinit.ram/DEVICE_7SERIES.NO_BMM_INFO.SDP.SIMPLE_PRIM36.ram has an input control pin system_i/tftlcd_0/inst/tftlcd_v1_0_S00_AXI_inst/MEM_U0/U0/inst_blk_mem_gen/gnbram.gnativebmg.native_blk_mem_gen/valid.cstr/ramloop[0].ram.r/prim_noinit.ram/DEVICE_7SERIES.NO_BMM_INFO.SDP.SIMPLE_PRIM36.ram/ADDRBWRADDR[6] (net: system_i/tftlcd_0/inst/tftlcd_v1_0_S00_AXI_inst/MEM_U0/U0/inst_blk_mem_gen/gnbram.gnativebmg.native_blk_mem_gen/valid.cstr/ramloop[0].ram.r/prim_noinit.ram/addrb[3]) which is driven by a register (system_i/tftlcd_0/inst/tftlcd_v1_0_S00_AXI_inst/r_addr_reg[3]) that has an active asychronous set or reset. This may cause corruption of the memory contents and/or read values when the set/reset is asserted and is not analyzed by the default static timing analysis. It is suggested to eliminate the use of a set/reset to registers driving this RAMB pin or else use a synchronous reset in which the assertion of the reset is timed by default.
WARNING: [DRC REQP-1839] RAMB36 async control check: The RAMB36E1 system_i/tftlcd_0/inst/tftlcd_v1_0_S00_AXI_inst/MEM_U0/U0/inst_blk_mem_gen/gnbram.gnativebmg.native_blk_mem_gen/valid.cstr/ramloop[0].ram.r/prim_noinit.ram/DEVICE_7SERIES.NO_BMM_INFO.SDP.SIMPLE_PRIM36.ram has an input control pin system_i/tftlcd_0/inst/tftlcd_v1_0_S00_AXI_inst/MEM_U0/U0/inst_blk_mem_gen/gnbram.gnativebmg.native_blk_mem_gen/valid.cstr/ramloop[0].ram.r/prim_noinit.ram/DEVICE_7SERIES.NO_BMM_INFO.SDP.SIMPLE_PRIM36.ram/ADDRBWRADDR[7] (net: system_i/tftlcd_0/inst/tftlcd_v1_0_S00_AXI_inst/MEM_U0/U0/inst_blk_mem_gen/gnbram.gnativebmg.native_blk_mem_gen/valid.cstr/ramloop[0].ram.r/prim_noinit.ram/addrb[4]) which is driven by a register (system_i/tftlcd_0/inst/tftlcd_v1_0_S00_AXI_inst/r_addr_reg[4]) that has an active asychronous set or reset. This may cause corruption of the memory contents and/or read values when the set/reset is asserted and is not analyzed by the default static timing analysis. It is suggested to eliminate the use of a set/reset to registers driving this RAMB pin or else use a synchronous reset in which the assertion of the reset is timed by default.
WARNING: [DRC REQP-1839] RAMB36 async control check: The RAMB36E1 system_i/tftlcd_0/inst/tftlcd_v1_0_S00_AXI_inst/MEM_U0/U0/inst_blk_mem_gen/gnbram.gnativebmg.native_blk_mem_gen/valid.cstr/ramloop[0].ram.r/prim_noinit.ram/DEVICE_7SERIES.NO_BMM_INFO.SDP.SIMPLE_PRIM36.ram has an input control pin system_i/tftlcd_0/inst/tftlcd_v1_0_S00_AXI_inst/MEM_U0/U0/inst_blk_mem_gen/gnbram.gnativebmg.native_blk_mem_gen/valid.cstr/ramloop[0].ram.r/prim_noinit.ram/DEVICE_7SERIES.NO_BMM_INFO.SDP.SIMPLE_PRIM36.ram/ADDRBWRADDR[8] (net: system_i/tftlcd_0/inst/tftlcd_v1_0_S00_AXI_inst/MEM_U0/U0/inst_blk_mem_gen/gnbram.gnativebmg.native_blk_mem_gen/valid.cstr/ramloop[0].ram.r/prim_noinit.ram/addrb[5]) which is driven by a register (system_i/tftlcd_0/inst/tftlcd_v1_0_S00_AXI_inst/r_addr_reg[5]) that has an active asychronous set or reset. This may cause corruption of the memory contents and/or read values when the set/reset is asserted and is not analyzed by the default static timing analysis. It is suggested to eliminate the use of a set/reset to registers driving this RAMB pin or else use a synchronous reset in which the assertion of the reset is timed by default.
WARNING: [DRC REQP-1839] RAMB36 async control check: The RAMB36E1 system_i/tftlcd_0/inst/tftlcd_v1_0_S00_AXI_inst/MEM_U0/U0/inst_blk_mem_gen/gnbram.gnativebmg.native_blk_mem_gen/valid.cstr/ramloop[0].ram.r/prim_noinit.ram/DEVICE_7SERIES.NO_BMM_INFO.SDP.SIMPLE_PRIM36.ram has an input control pin system_i/tftlcd_0/inst/tftlcd_v1_0_S00_AXI_inst/MEM_U0/U0/inst_blk_mem_gen/gnbram.gnativebmg.native_blk_mem_gen/valid.cstr/ramloop[0].ram.r/prim_noinit.ram/DEVICE_7SERIES.NO_BMM_INFO.SDP.SIMPLE_PRIM36.ram/ADDRBWRADDR[9] (net: system_i/tftlcd_0/inst/tftlcd_v1_0_S00_AXI_inst/MEM_U0/U0/inst_blk_mem_gen/gnbram.gnativebmg.native_blk_mem_gen/valid.cstr/ramloop[0].ram.r/prim_noinit.ram/addrb[6]) which is driven by a register (system_i/tftlcd_0/inst/tftlcd_v1_0_S00_AXI_inst/r_addr_reg[6]) that has an active asychronous set or reset. This may cause corruption of the memory contents and/or read values when the set/reset is asserted and is not analyzed by the default static timing analysis. It is suggested to eliminate the use of a set/reset to registers driving this RAMB pin or else use a synchronous reset in which the assertion of the reset is timed by default.
WARNING: [DRC REQP-1839] RAMB36 async control check: The RAMB36E1 system_i/tftlcd_0/inst/tftlcd_v1_0_S00_AXI_inst/MEM_U0/U0/inst_blk_mem_gen/gnbram.gnativebmg.native_blk_mem_gen/valid.cstr/ramloop[0].ram.r/prim_noinit.ram/DEVICE_7SERIES.NO_BMM_INFO.SDP.SIMPLE_PRIM36.ram has an input control pin system_i/tftlcd_0/inst/tftlcd_v1_0_S00_AXI_inst/MEM_U0/U0/inst_blk_mem_gen/gnbram.gnativebmg.native_blk_mem_gen/valid.cstr/ramloop[0].ram.r/prim_noinit.ram/DEVICE_7SERIES.NO_BMM_INFO.SDP.SIMPLE_PRIM36.ram/ENBWREN (net: system_i/tftlcd_0/inst/tftlcd_v1_0_S00_AXI_inst/MEM_U0/U0/inst_blk_mem_gen/gnbram.gnativebmg.native_blk_mem_gen/valid.cstr/ramloop[0].ram.r/prim_noinit.ram/enb_array[0]) which is driven by a register (system_i/tftlcd_0/inst/tftlcd_v1_0_S00_AXI_inst/r_addr_reg[12]) that has an active asychronous set or reset. This may cause corruption of the memory contents and/or read values when the set/reset is asserted and is not analyzed by the default static timing analysis. It is suggested to eliminate the use of a set/reset to registers driving this RAMB pin or else use a synchronous reset in which the assertion of the reset is timed by default.
WARNING: [DRC REQP-1839] RAMB36 async control check: The RAMB36E1 system_i/tftlcd_0/inst/tftlcd_v1_0_S00_AXI_inst/MEM_U0/U0/inst_blk_mem_gen/gnbram.gnativebmg.native_blk_mem_gen/valid.cstr/ramloop[0].ram.r/prim_noinit.ram/DEVICE_7SERIES.NO_BMM_INFO.SDP.SIMPLE_PRIM36.ram has an input control pin system_i/tftlcd_0/inst/tftlcd_v1_0_S00_AXI_inst/MEM_U0/U0/inst_blk_mem_gen/gnbram.gnativebmg.native_blk_mem_gen/valid.cstr/ramloop[0].ram.r/prim_noinit.ram/DEVICE_7SERIES.NO_BMM_INFO.SDP.SIMPLE_PRIM36.ram/ENBWREN (net: system_i/tftlcd_0/inst/tftlcd_v1_0_S00_AXI_inst/MEM_U0/U0/inst_blk_mem_gen/gnbram.gnativebmg.native_blk_mem_gen/valid.cstr/ramloop[0].ram.r/prim_noinit.ram/enb_array[0]) which is driven by a register (system_i/tftlcd_0/inst/tftlcd_v1_0_S00_AXI_inst/r_addr_reg[13]) that has an active asychronous set or reset. This may cause corruption of the memory contents and/or read values when the set/reset is asserted and is not analyzed by the default static timing analysis. It is suggested to eliminate the use of a set/reset to registers driving this RAMB pin or else use a synchronous reset in which the assertion of the reset is timed by default.
WARNING: [DRC REQP-1839] RAMB36 async control check: The RAMB36E1 system_i/tftlcd_0/inst/tftlcd_v1_0_S00_AXI_inst/MEM_U0/U0/inst_blk_mem_gen/gnbram.gnativebmg.native_blk_mem_gen/valid.cstr/ramloop[0].ram.r/prim_noinit.ram/DEVICE_7SERIES.NO_BMM_INFO.SDP.SIMPLE_PRIM36.ram has an input control pin system_i/tftlcd_0/inst/tftlcd_v1_0_S00_AXI_inst/MEM_U0/U0/inst_blk_mem_gen/gnbram.gnativebmg.native_blk_mem_gen/valid.cstr/ramloop[0].ram.r/prim_noinit.ram/DEVICE_7SERIES.NO_BMM_INFO.SDP.SIMPLE_PRIM36.ram/ENBWREN (net: system_i/tftlcd_0/inst/tftlcd_v1_0_S00_AXI_inst/MEM_U0/U0/inst_blk_mem_gen/gnbram.gnativebmg.native_blk_mem_gen/valid.cstr/ramloop[0].ram.r/prim_noinit.ram/enb_array[0]) which is driven by a register (system_i/tftlcd_0/inst/tftlcd_v1_0_S00_AXI_inst/r_addr_reg[14]) that has an active asychronous set or reset. This may cause corruption of the memory contents and/or read values when the set/reset is asserted and is not analyzed by the default static timing analysis. It is suggested to eliminate the use of a set/reset to registers driving this RAMB pin or else use a synchronous reset in which the assertion of the reset is timed by default.
WARNING: [DRC REQP-1839] RAMB36 async control check: The RAMB36E1 system_i/tftlcd_0/inst/tftlcd_v1_0_S00_AXI_inst/MEM_U0/U0/inst_blk_mem_gen/gnbram.gnativebmg.native_blk_mem_gen/valid.cstr/ramloop[0].ram.r/prim_noinit.ram/DEVICE_7SERIES.NO_BMM_INFO.SDP.SIMPLE_PRIM36.ram has an input control pin system_i/tftlcd_0/inst/tftlcd_v1_0_S00_AXI_inst/MEM_U0/U0/inst_blk_mem_gen/gnbram.gnativebmg.native_blk_mem_gen/valid.cstr/ramloop[0].ram.r/prim_noinit.ram/DEVICE_7SERIES.NO_BMM_INFO.SDP.SIMPLE_PRIM36.ram/ENBWREN (net: system_i/tftlcd_0/inst/tftlcd_v1_0_S00_AXI_inst/MEM_U0/U0/inst_blk_mem_gen/gnbram.gnativebmg.native_blk_mem_gen/valid.cstr/ramloop[0].ram.r/prim_noinit.ram/enb_array[0]) which is driven by a register (system_i/tftlcd_0/inst/tftlcd_v1_0_S00_AXI_inst/r_addr_reg[15]) that has an active asychronous set or reset. This may cause corruption of the memory contents and/or read values when the set/reset is asserted and is not analyzed by the default static timing analysis. It is suggested to eliminate the use of a set/reset to registers driving this RAMB pin or else use a synchronous reset in which the assertion of the reset is timed by default.
WARNING: [DRC REQP-1839] RAMB36 async control check: The RAMB36E1 system_i/tftlcd_0/inst/tftlcd_v1_0_S00_AXI_inst/MEM_U0/U0/inst_blk_mem_gen/gnbram.gnativebmg.native_blk_mem_gen/valid.cstr/ramloop[0].ram.r/prim_noinit.ram/DEVICE_7SERIES.NO_BMM_INFO.SDP.SIMPLE_PRIM36.ram has an input control pin system_i/tftlcd_0/inst/tftlcd_v1_0_S00_AXI_inst/MEM_U0/U0/inst_blk_mem_gen/gnbram.gnativebmg.native_blk_mem_gen/valid.cstr/ramloop[0].ram.r/prim_noinit.ram/DEVICE_7SERIES.NO_BMM_INFO.SDP.SIMPLE_PRIM36.ram/ENBWREN (net: system_i/tftlcd_0/inst/tftlcd_v1_0_S00_AXI_inst/MEM_U0/U0/inst_blk_mem_gen/gnbram.gnativebmg.native_blk_mem_gen/valid.cstr/ramloop[0].ram.r/prim_noinit.ram/enb_array[0]) which is driven by a register (system_i/tftlcd_0/inst/tftlcd_v1_0_S00_AXI_inst/r_addr_reg[16]) that has an active asychronous set or reset. This may cause corruption of the memory contents and/or read values when the set/reset is asserted and is not analyzed by the default static timing analysis. It is suggested to eliminate the use of a set/reset to registers driving this RAMB pin or else use a synchronous reset in which the assertion of the reset is timed by default.
WARNING: [DRC REQP-1839] RAMB36 async control check: The RAMB36E1 system_i/tftlcd_0/inst/tftlcd_v1_0_S00_AXI_inst/MEM_U0/U0/inst_blk_mem_gen/gnbram.gnativebmg.native_blk_mem_gen/valid.cstr/ramloop[10].ram.r/prim_noinit.ram/DEVICE_7SERIES.NO_BMM_INFO.SDP.SIMPLE_PRIM36.ram has an input control pin system_i/tftlcd_0/inst/tftlcd_v1_0_S00_AXI_inst/MEM_U0/U0/inst_blk_mem_gen/gnbram.gnativebmg.native_blk_mem_gen/valid.cstr/ramloop[10].ram.r/prim_noinit.ram/DEVICE_7SERIES.NO_BMM_INFO.SDP.SIMPLE_PRIM36.ram/ADDRBWRADDR[12] (net: system_i/tftlcd_0/inst/tftlcd_v1_0_S00_AXI_inst/MEM_U0/U0/inst_blk_mem_gen/gnbram.gnativebmg.native_blk_mem_gen/valid.cstr/ramloop[10].ram.r/prim_noinit.ram/addrb[9]) which is driven by a register (system_i/tftlcd_0/inst/tftlcd_v1_0_S00_AXI_inst/r_addr_reg[9]) that has an active asychronous set or reset. This may cause corruption of the memory contents and/or read values when the set/reset is asserted and is not analyzed by the default static timing analysis. It is suggested to eliminate the use of a set/reset to registers driving this RAMB pin or else use a synchronous reset in which the assertion of the reset is timed by default.
WARNING: [DRC REQP-1839] RAMB36 async control check: The RAMB36E1 system_i/tftlcd_0/inst/tftlcd_v1_0_S00_AXI_inst/MEM_U0/U0/inst_blk_mem_gen/gnbram.gnativebmg.native_blk_mem_gen/valid.cstr/ramloop[10].ram.r/prim_noinit.ram/DEVICE_7SERIES.NO_BMM_INFO.SDP.SIMPLE_PRIM36.ram has an input control pin system_i/tftlcd_0/inst/tftlcd_v1_0_S00_AXI_inst/MEM_U0/U0/inst_blk_mem_gen/gnbram.gnativebmg.native_blk_mem_gen/valid.cstr/ramloop[10].ram.r/prim_noinit.ram/DEVICE_7SERIES.NO_BMM_INFO.SDP.SIMPLE_PRIM36.ram/ADDRBWRADDR[13] (net: system_i/tftlcd_0/inst/tftlcd_v1_0_S00_AXI_inst/MEM_U0/U0/inst_blk_mem_gen/gnbram.gnativebmg.native_blk_mem_gen/valid.cstr/ramloop[10].ram.r/prim_noinit.ram/addrb[10]) which is driven by a register (system_i/tftlcd_0/inst/tftlcd_v1_0_S00_AXI_inst/r_addr_reg[10]) that has an active asychronous set or reset. This may cause corruption of the memory contents and/or read values when the set/reset is asserted and is not analyzed by the default static timing analysis. It is suggested to eliminate the use of a set/reset to registers driving this RAMB pin or else use a synchronous reset in which the assertion of the reset is timed by default.
WARNING: [DRC REQP-1839] RAMB36 async control check: The RAMB36E1 system_i/tftlcd_0/inst/tftlcd_v1_0_S00_AXI_inst/MEM_U0/U0/inst_blk_mem_gen/gnbram.gnativebmg.native_blk_mem_gen/valid.cstr/ramloop[10].ram.r/prim_noinit.ram/DEVICE_7SERIES.NO_BMM_INFO.SDP.SIMPLE_PRIM36.ram has an input control pin system_i/tftlcd_0/inst/tftlcd_v1_0_S00_AXI_inst/MEM_U0/U0/inst_blk_mem_gen/gnbram.gnativebmg.native_blk_mem_gen/valid.cstr/ramloop[10].ram.r/prim_noinit.ram/DEVICE_7SERIES.NO_BMM_INFO.SDP.SIMPLE_PRIM36.ram/ADDRBWRADDR[14] (net: system_i/tftlcd_0/inst/tftlcd_v1_0_S00_AXI_inst/MEM_U0/U0/inst_blk_mem_gen/gnbram.gnativebmg.native_blk_mem_gen/valid.cstr/ramloop[10].ram.r/prim_noinit.ram/addrb[11]) which is driven by a register (system_i/tftlcd_0/inst/tftlcd_v1_0_S00_AXI_inst/r_addr_reg[11]) that has an active asychronous set or reset. This may cause corruption of the memory contents and/or read values when the set/reset is asserted and is not analyzed by the default static timing analysis. It is suggested to eliminate the use of a set/reset to registers driving this RAMB pin or else use a synchronous reset in which the assertion of the reset is timed by default.
INFO: [Vivado_Tcl 4-198] DRC finished with 0 Errors, 21 Warnings
INFO: [Vivado_Tcl 4-199] Please refer to the DRC report (report_drc) for more information.

Starting Placer Task
INFO: [Place 30-611] Multithreading enabled for place_design using a maximum of 2 CPUs

Phase 1 Placer Initialization

Phase 1.1 Placer Initialization Netlist Sorting
Netlist sorting complete. Time (s): cpu = 00:00:00 ; elapsed = 00:00:00.005 . Memory (MB): peak = 1800.766 ; gain = 0.000
Phase 1.1 Placer Initialization Netlist Sorting | Checksum: fbc81329

Time (s): cpu = 00:00:00 ; elapsed = 00:00:00.015 . Memory (MB): peak = 1800.766 ; gain = 0.000
Netlist sorting complete. Time (s): cpu = 00:00:00 ; elapsed = 00:00:00.004 . Memory (MB): peak = 1800.766 ; gain = 0.000

Phase 1.2 IO Placement/ Clock Placement/ Build Placer Device
INFO: [Timing 38-35] Done setting XDC timing constraints.
Phase 1.2 IO Placement/ Clock Placement/ Build Placer Device | Checksum: a4028dc8

Time (s): cpu = 00:00:03 ; elapsed = 00:00:03 . Memory (MB): peak = 1800.766 ; gain = 0.000

Phase 1.3 Build Placer Netlist Model
Phase 1.3 Build Placer Netlist Model | Checksum: 15fbe17bd

Time (s): cpu = 00:00:08 ; elapsed = 00:00:06 . Memory (MB): peak = 1800.766 ; gain = 0.000

Phase 1.4 Constrain Clocks/Macros
Phase 1.4 Constrain Clocks/Macros | Checksum: 15fbe17bd

Time (s): cpu = 00:00:08 ; elapsed = 00:00:06 . Memory (MB): peak = 1800.766 ; gain = 0.000
Phase 1 Placer Initialization | Checksum: 15fbe17bd

Time (s): cpu = 00:00:08 ; elapsed = 00:00:06 . Memory (MB): peak = 1800.766 ; gain = 0.000

Phase 2 Global Placement

Phase 2.1 Floorplanning
Phase 2.1 Floorplanning | Checksum: 8a9a6367

Time (s): cpu = 00:00:08 ; elapsed = 00:00:06 . Memory (MB): peak = 1800.766 ; gain = 0.000

Phase 2.2 Global Placement Core

Phase 2.2.1 Physical Synthesis In Placer
INFO: [Physopt 32-65] No nets found for high-fanout optimization.
INFO: [Physopt 32-232] Optimized 0 net. Created 0 new instance.
INFO: [Physopt 32-775] End 1 Pass. Optimized 0 net or cell. Created 0 new cell, deleted 0 existing cell and moved 0 existing cell
INFO: [Physopt 32-670] No setup violation found.  DSP Register Optimization was not performed.
INFO: [Physopt 32-670] No setup violation found.  Shift Register Optimization was not performed.
INFO: [Physopt 32-670] No setup violation found.  BRAM Register Optimization was not performed.
INFO: [Physopt 32-949] No candidate nets found for HD net replication
INFO: [Physopt 32-775] End 1 Pass. Optimized 0 net or cell. Created 0 new cell, deleted 0 existing cell and moved 0 existing cell
Netlist sorting complete. Time (s): cpu = 00:00:00 ; elapsed = 00:00:00.004 . Memory (MB): peak = 1800.766 ; gain = 0.000

Summary of Physical Synthesis Optimizations
============================================


----------------------------------------------------------------------------------------------------------------------------------------
|  Optimization                  |  Added Cells  |  Removed Cells  |  Optimized Cells/Nets  |  Dont Touch  |  Iterations  |  Elapsed   |
----------------------------------------------------------------------------------------------------------------------------------------
|  Very High Fanout              |            0  |              0  |                     0  |           0  |           1  |  00:00:00  |
|  DSP Register                  |            0  |              0  |                     0  |           0  |           0  |  00:00:00  |
|  Shift Register                |            0  |              0  |                     0  |           0  |           0  |  00:00:00  |
|  BRAM Register                 |            0  |              0  |                     0  |           0  |           0  |  00:00:00  |
|  HD Interface Net Replication  |            0  |              0  |                     0  |           0  |           1  |  00:00:00  |
|  Total                         |            0  |              0  |                     0  |           0  |           2  |  00:00:00  |
----------------------------------------------------------------------------------------------------------------------------------------


Phase 2.2.1 Physical Synthesis In Placer | Checksum: 1feed3b3a

Time (s): cpu = 00:00:25 ; elapsed = 00:00:18 . Memory (MB): peak = 1800.766 ; gain = 0.000
Phase 2.2 Global Placement Core | Checksum: af392d92

Time (s): cpu = 00:00:27 ; elapsed = 00:00:18 . Memory (MB): peak = 1800.766 ; gain = 0.000
Phase 2 Global Placement | Checksum: af392d92

Time (s): cpu = 00:00:27 ; elapsed = 00:00:18 . Memory (MB): peak = 1800.766 ; gain = 0.000

Phase 3 Detail Placement

Phase 3.1 Commit Multi Column Macros
Phase 3.1 Commit Multi Column Macros | Checksum: 607b7297

Time (s): cpu = 00:00:27 ; elapsed = 00:00:19 . Memory (MB): peak = 1800.766 ; gain = 0.000

Phase 3.2 Commit Most Macros & LUTRAMs
Phase 3.2 Commit Most Macros & LUTRAMs | Checksum: f2d87718

Time (s): cpu = 00:00:28 ; elapsed = 00:00:20 . Memory (MB): peak = 1800.766 ; gain = 0.000

Phase 3.3 Area Swap Optimization
Phase 3.3 Area Swap Optimization | Checksum: 12c9e43ad

Time (s): cpu = 00:00:28 ; elapsed = 00:00:20 . Memory (MB): peak = 1800.766 ; gain = 0.000

Phase 3.4 Pipeline Register Optimization
Phase 3.4 Pipeline Register Optimization | Checksum: 1911c9aee

Time (s): cpu = 00:00:29 ; elapsed = 00:00:20 . Memory (MB): peak = 1800.766 ; gain = 0.000

Phase 3.5 Small Shape Detail Placement
Phase 3.5 Small Shape Detail Placement | Checksum: 1109f8179

Time (s): cpu = 00:00:34 ; elapsed = 00:00:25 . Memory (MB): peak = 1800.766 ; gain = 0.000

Phase 3.6 Re-assign LUT pins
Phase 3.6 Re-assign LUT pins | Checksum: 13390586d

Time (s): cpu = 00:00:35 ; elapsed = 00:00:27 . Memory (MB): peak = 1800.766 ; gain = 0.000

Phase 3.7 Pipeline Register Optimization
Phase 3.7 Pipeline Register Optimization | Checksum: d511ff2c

Time (s): cpu = 00:00:36 ; elapsed = 00:00:27 . Memory (MB): peak = 1800.766 ; gain = 0.000
Phase 3 Detail Placement | Checksum: d511ff2c

Time (s): cpu = 00:00:36 ; elapsed = 00:00:27 . Memory (MB): peak = 1800.766 ; gain = 0.000

Phase 4 Post Placement Optimization and Clean-Up

Phase 4.1 Post Commit Optimization
INFO: [Timing 38-35] Done setting XDC timing constraints.

Phase 4.1.1 Post Placement Optimization
Post Placement Optimization Initialization | Checksum: 98a7de27

Phase 4.1.1.1 BUFG Insertion
INFO: [Place 46-33] Processed net system_i/tftlcd_0/inst/TFTLCDctrl_U0/rgb_u0/s00_axi_aresetn_0, BUFG insertion was skipped due to placement/routing conflicts.
INFO: [Place 46-56] BUFG insertion identified 1 candidate nets. Inserted BUFG: 0, Replicated BUFG Driver: 0, Skipped due to Placement/Routing Conflicts: 1, Skipped due to Timing Degradation: 0, Skipped due to Illegal Netlist: 0.
Phase 4.1.1.1 BUFG Insertion | Checksum: 98a7de27

Time (s): cpu = 00:00:42 ; elapsed = 00:00:32 . Memory (MB): peak = 1800.766 ; gain = 0.000
INFO: [Place 30-746] Post Placement Timing Summary WNS=11.059. For the most accurate timing information please run report_timing.
Phase 4.1.1 Post Placement Optimization | Checksum: 3f24e2d1

Time (s): cpu = 00:00:43 ; elapsed = 00:00:32 . Memory (MB): peak = 1800.766 ; gain = 0.000
Phase 4.1 Post Commit Optimization | Checksum: 3f24e2d1

Time (s): cpu = 00:00:43 ; elapsed = 00:00:32 . Memory (MB): peak = 1800.766 ; gain = 0.000

Phase 4.2 Post Placement Cleanup
Phase 4.2 Post Placement Cleanup | Checksum: 3f24e2d1

Time (s): cpu = 00:00:43 ; elapsed = 00:00:32 . Memory (MB): peak = 1800.766 ; gain = 0.000

Phase 4.3 Placer Reporting
Phase 4.3 Placer Reporting | Checksum: 3f24e2d1

Time (s): cpu = 00:00:43 ; elapsed = 00:00:32 . Memory (MB): peak = 1800.766 ; gain = 0.000

Phase 4.4 Final Placement Cleanup
Netlist sorting complete. Time (s): cpu = 00:00:00 ; elapsed = 00:00:00.013 . Memory (MB): peak = 1800.766 ; gain = 0.000
Phase 4.4 Final Placement Cleanup | Checksum: 8eb882b1

Time (s): cpu = 00:00:43 ; elapsed = 00:00:32 . Memory (MB): peak = 1800.766 ; gain = 0.000
Phase 4 Post Placement Optimization and Clean-Up | Checksum: 8eb882b1

Time (s): cpu = 00:00:43 ; elapsed = 00:00:32 . Memory (MB): peak = 1800.766 ; gain = 0.000
Ending Placer Task | Checksum: 85084d12

Time (s): cpu = 00:00:43 ; elapsed = 00:00:32 . Memory (MB): peak = 1800.766 ; gain = 0.000
INFO: [Common 17-83] Releasing license: Implementation
75 Infos, 22 Warnings, 0 Critical Warnings and 0 Errors encountered.
place_design completed successfully
place_design: Time (s): cpu = 00:00:45 ; elapsed = 00:00:34 . Memory (MB): peak = 1800.766 ; gain = 0.000
Netlist sorting complete. Time (s): cpu = 00:00:00 ; elapsed = 00:00:00.004 . Memory (MB): peak = 1800.766 ; gain = 0.000
INFO: [Timing 38-480] Writing timing data to binary archive.
Writing placer database...
Writing XDEF routing.
Writing XDEF routing logical nets.
Writing XDEF routing special nets.
Write XDEF Complete: Time (s): cpu = 00:00:05 ; elapsed = 00:00:02 . Memory (MB): peak = 1800.766 ; gain = 0.000
INFO: [Common 17-1381] The checkpoint 'C:/work/teamp1/teamp1.runs/impl_1/system_wrapper_placed.dcp' has been generated.
write_checkpoint: Time (s): cpu = 00:00:07 ; elapsed = 00:00:05 . Memory (MB): peak = 1800.766 ; gain = 0.000
INFO: [runtcl-4] Executing : report_io -file system_wrapper_io_placed.rpt
report_io: Time (s): cpu = 00:00:00 ; elapsed = 00:00:00.076 . Memory (MB): peak = 1800.766 ; gain = 0.000
INFO: [runtcl-4] Executing : report_utilization -file system_wrapper_utilization_placed.rpt -pb system_wrapper_utilization_placed.pb
INFO: [runtcl-4] Executing : report_control_sets -verbose -file system_wrapper_control_sets_placed.rpt
report_control_sets: Time (s): cpu = 00:00:00 ; elapsed = 00:00:00.325 . Memory (MB): peak = 1800.766 ; gain = 0.000
Command: route_design
Attempting to get a license for feature 'Implementation' and/or device 'xc7z020'
INFO: [Common 17-349] Got license for feature 'Implementation' and/or device 'xc7z020'
Running DRC as a precondition to command route_design
INFO: [DRC 23-27] Running DRC with 2 threads
INFO: [Vivado_Tcl 4-198] DRC finished with 0 Errors
INFO: [Vivado_Tcl 4-199] Please refer to the DRC report (report_drc) for more information.


Starting Routing Task
INFO: [Route 35-254] Multithreading enabled for route_design using a maximum of 2 CPUs
Checksum: PlaceDB: 2e11a70f ConstDB: 0 ShapeSum: 56f6a603 RouteDB: 0

Phase 1 Build RT Design
Phase 1 Build RT Design | Checksum: 1b1edb591

Time (s): cpu = 00:00:29 ; elapsed = 00:00:21 . Memory (MB): peak = 1800.766 ; gain = 0.000
Post Restoration Checksum: NetGraph: bb4a666a NumContArr: f6a34f27 Constraints: 0 Timing: 0

Phase 2 Router Initialization

Phase 2.1 Create Timer
Phase 2.1 Create Timer | Checksum: 1b1edb591

Time (s): cpu = 00:00:29 ; elapsed = 00:00:21 . Memory (MB): peak = 1800.766 ; gain = 0.000

Phase 2.2 Fix Topology Constraints
Phase 2.2 Fix Topology Constraints | Checksum: 1b1edb591

Time (s): cpu = 00:00:29 ; elapsed = 00:00:21 . Memory (MB): peak = 1800.766 ; gain = 0.000

Phase 2.3 Pre Route Cleanup
Phase 2.3 Pre Route Cleanup | Checksum: 1b1edb591

Time (s): cpu = 00:00:29 ; elapsed = 00:00:22 . Memory (MB): peak = 1800.766 ; gain = 0.000
 Number of Nodes with overlaps = 0

Phase 2.4 Update Timing
Phase 2.4 Update Timing | Checksum: 1365b03e5

Time (s): cpu = 00:00:37 ; elapsed = 00:00:28 . Memory (MB): peak = 1803.719 ; gain = 2.953
INFO: [Route 35-416] Intermediate Timing Summary | WNS=11.210 | TNS=0.000  | WHS=-0.182 | THS=-20.442|

Phase 2 Router Initialization | Checksum: 1923f865f

Time (s): cpu = 00:00:40 ; elapsed = 00:00:30 . Memory (MB): peak = 1973.250 ; gain = 172.484

Router Utilization Summary
  Global Vertical Routing Utilization    = 0.0504297 %
  Global Horizontal Routing Utilization  = 0.130663 %
  Routable Net Status*
  *Does not include unroutable nets such as driverless and loadless.
  Run report_route_status for detailed report.
  Number of Failed Nets               = 16219
    (Failed Nets is the sum of unrouted and partially routed nets)
  Number of Unrouted Nets             = 16218
  Number of Partially Routed Nets     = 1
  Number of Node Overlaps             = 0


Phase 3 Initial Routing
Phase 3 Initial Routing | Checksum: d0c43b54

Time (s): cpu = 00:00:46 ; elapsed = 00:00:33 . Memory (MB): peak = 1973.250 ; gain = 172.484

Phase 4 Rip-up And Reroute

Phase 4.1 Global Iteration 0
 Number of Nodes with overlaps = 3545
 Number of Nodes with overlaps = 87
 Number of Nodes with overlaps = 0
INFO: [Route 35-416] Intermediate Timing Summary | WNS=5.915  | TNS=0.000  | WHS=N/A    | THS=N/A    |

Phase 4.1 Global Iteration 0 | Checksum: 1626b2d1e

Time (s): cpu = 00:01:00 ; elapsed = 00:00:42 . Memory (MB): peak = 1973.250 ; gain = 172.484
Phase 4 Rip-up And Reroute | Checksum: 1626b2d1e

Time (s): cpu = 00:01:00 ; elapsed = 00:00:42 . Memory (MB): peak = 1973.250 ; gain = 172.484

Phase 5 Delay and Skew Optimization

Phase 5.1 Delay CleanUp

Phase 5.1.1 Update Timing
Phase 5.1.1 Update Timing | Checksum: 1d85da81c

Time (s): cpu = 00:01:01 ; elapsed = 00:00:42 . Memory (MB): peak = 1973.250 ; gain = 172.484
INFO: [Route 35-416] Intermediate Timing Summary | WNS=5.915  | TNS=0.000  | WHS=N/A    | THS=N/A    |

Phase 5.1 Delay CleanUp | Checksum: 1d85da81c

Time (s): cpu = 00:01:01 ; elapsed = 00:00:42 . Memory (MB): peak = 1973.250 ; gain = 172.484

Phase 5.2 Clock Skew Optimization
Phase 5.2 Clock Skew Optimization | Checksum: 1d85da81c

Time (s): cpu = 00:01:01 ; elapsed = 00:00:43 . Memory (MB): peak = 1973.250 ; gain = 172.484
Phase 5 Delay and Skew Optimization | Checksum: 1d85da81c

Time (s): cpu = 00:01:01 ; elapsed = 00:00:43 . Memory (MB): peak = 1973.250 ; gain = 172.484

Phase 6 Post Hold Fix

Phase 6.1 Hold Fix Iter

Phase 6.1.1 Update Timing
Phase 6.1.1 Update Timing | Checksum: 19fb36cd6

Time (s): cpu = 00:01:02 ; elapsed = 00:00:43 . Memory (MB): peak = 1973.250 ; gain = 172.484
INFO: [Route 35-416] Intermediate Timing Summary | WNS=5.915  | TNS=0.000  | WHS=0.038  | THS=0.000  |

Phase 6.1 Hold Fix Iter | Checksum: 1e26a9344

Time (s): cpu = 00:01:02 ; elapsed = 00:00:43 . Memory (MB): peak = 1973.250 ; gain = 172.484
Phase 6 Post Hold Fix | Checksum: 1e26a9344

Time (s): cpu = 00:01:02 ; elapsed = 00:00:43 . Memory (MB): peak = 1973.250 ; gain = 172.484

Phase 7 Route finalize

Router Utilization Summary
  Global Vertical Routing Utilization    = 6.91545 %
  Global Horizontal Routing Utilization  = 8.51479 %
  Routable Net Status*
  *Does not include unroutable nets such as driverless and loadless.
  Run report_route_status for detailed report.
  Number of Failed Nets               = 0
    (Failed Nets is the sum of unrouted and partially routed nets)
  Number of Unrouted Nets             = 0
  Number of Partially Routed Nets     = 0
  Number of Node Overlaps             = 0

Phase 7 Route finalize | Checksum: 1d7528fb5

Time (s): cpu = 00:01:02 ; elapsed = 00:00:43 . Memory (MB): peak = 1973.250 ; gain = 172.484

Phase 8 Verifying routed nets

 Verification completed successfully
Phase 8 Verifying routed nets | Checksum: 1d7528fb5

Time (s): cpu = 00:01:02 ; elapsed = 00:00:43 . Memory (MB): peak = 1973.250 ; gain = 172.484

Phase 9 Depositing Routes
Phase 9 Depositing Routes | Checksum: 1c228f2df

Time (s): cpu = 00:01:04 ; elapsed = 00:00:46 . Memory (MB): peak = 1973.250 ; gain = 172.484

Phase 10 Post Router Timing
INFO: [Route 35-57] Estimated Timing Summary | WNS=5.915  | TNS=0.000  | WHS=0.038  | THS=0.000  |

INFO: [Route 35-327] The final timing numbers are based on the router estimated timing analysis. For a complete and accurate timing signoff, please run report_timing_summary.
Phase 10 Post Router Timing | Checksum: 1c228f2df

Time (s): cpu = 00:01:05 ; elapsed = 00:00:46 . Memory (MB): peak = 1973.250 ; gain = 172.484
INFO: [Route 35-16] Router Completed Successfully

Time (s): cpu = 00:01:05 ; elapsed = 00:00:46 . Memory (MB): peak = 1973.250 ; gain = 172.484

Routing Is Done.
INFO: [Common 17-83] Releasing license: Implementation
93 Infos, 22 Warnings, 0 Critical Warnings and 0 Errors encountered.
route_design completed successfully
route_design: Time (s): cpu = 00:01:08 ; elapsed = 00:00:48 . Memory (MB): peak = 1973.250 ; gain = 172.484
Netlist sorting complete. Time (s): cpu = 00:00:00 ; elapsed = 00:00:00.004 . Memory (MB): peak = 1973.250 ; gain = 0.000
INFO: [Timing 38-480] Writing timing data to binary archive.
Writing placer database...
Writing XDEF routing.
Writing XDEF routing logical nets.
Writing XDEF routing special nets.
Write XDEF Complete: Time (s): cpu = 00:00:06 ; elapsed = 00:00:03 . Memory (MB): peak = 1973.250 ; gain = 0.000
INFO: [Common 17-1381] The checkpoint 'C:/work/teamp1/teamp1.runs/impl_1/system_wrapper_routed.dcp' has been generated.
write_checkpoint: Time (s): cpu = 00:00:08 ; elapsed = 00:00:06 . Memory (MB): peak = 1973.250 ; gain = 0.000
INFO: [runtcl-4] Executing : report_drc -file system_wrapper_drc_routed.rpt -pb system_wrapper_drc_routed.pb -rpx system_wrapper_drc_routed.rpx
Command: report_drc -file system_wrapper_drc_routed.rpt -pb system_wrapper_drc_routed.pb -rpx system_wrapper_drc_routed.rpx
INFO: [IP_Flow 19-1839] IP Catalog is up to date.
INFO: [DRC 23-27] Running DRC with 2 threads
INFO: [Coretcl 2-168] The results of DRC are in file C:/work/teamp1/teamp1.runs/impl_1/system_wrapper_drc_routed.rpt.
report_drc completed successfully
report_drc: Time (s): cpu = 00:00:11 ; elapsed = 00:00:06 . Memory (MB): peak = 1973.250 ; gain = 0.000
INFO: [runtcl-4] Executing : report_methodology -file system_wrapper_methodology_drc_routed.rpt -pb system_wrapper_methodology_drc_routed.pb -rpx system_wrapper_methodology_drc_routed.rpx
Command: report_methodology -file system_wrapper_methodology_drc_routed.rpt -pb system_wrapper_methodology_drc_routed.pb -rpx system_wrapper_methodology_drc_routed.rpx
INFO: [Timing 38-35] Done setting XDC timing constraints.
INFO: [DRC 23-133] Running Methodology with 2 threads
INFO: [Coretcl 2-1520] The results of Report Methodology are in file C:/work/teamp1/teamp1.runs/impl_1/system_wrapper_methodology_drc_routed.rpt.
report_methodology completed successfully
report_methodology: Time (s): cpu = 00:00:11 ; elapsed = 00:00:07 . Memory (MB): peak = 1973.250 ; gain = 0.000
INFO: [runtcl-4] Executing : report_power -file system_wrapper_power_routed.rpt -pb system_wrapper_power_summary_routed.pb -rpx system_wrapper_power_routed.rpx
Command: report_power -file system_wrapper_power_routed.rpt -pb system_wrapper_power_summary_routed.pb -rpx system_wrapper_power_routed.rpx
INFO: [Timing 38-35] Done setting XDC timing constraints.
Running Vector-less Activity Propagation...

Finished Running Vector-less Activity Propagation
105 Infos, 22 Warnings, 0 Critical Warnings and 0 Errors encountered.
report_power completed successfully
report_power: Time (s): cpu = 00:00:10 ; elapsed = 00:00:07 . Memory (MB): peak = 1973.250 ; gain = 0.000
INFO: [runtcl-4] Executing : report_route_status -file system_wrapper_route_status.rpt -pb system_wrapper_route_status.pb
INFO: [runtcl-4] Executing : report_timing_summary -max_paths 10 -file system_wrapper_timing_summary_routed.rpt -pb system_wrapper_timing_summary_routed.pb -rpx system_wrapper_timing_summary_routed.rpx -warn_on_violation 
INFO: [Timing 38-91] UpdateTimingParams: Speed grade: -1, Delay Type: min_max.
INFO: [Timing 38-191] Multithreading enabled for timing update using a maximum of 2 CPUs
INFO: [runtcl-4] Executing : report_incremental_reuse -file system_wrapper_incremental_reuse_routed.rpt
INFO: [Vivado_Tcl 4-1062] Incremental flow is disabled. No incremental reuse Info to report.
INFO: [runtcl-4] Executing : report_clock_utilization -file system_wrapper_clock_utilization_routed.rpt
INFO: [runtcl-4] Executing : report_bus_skew -warn_on_violation -file system_wrapper_bus_skew_routed.rpt -pb system_wrapper_bus_skew_routed.pb -rpx system_wrapper_bus_skew_routed.rpx
INFO: [Timing 38-91] UpdateTimingParams: Speed grade: -1, Delay Type: min_max.
INFO: [Timing 38-191] Multithreading enabled for timing update using a maximum of 2 CPUs
Command: write_bitstream -force system_wrapper.bit
Attempting to get a license for feature 'Implementation' and/or device 'xc7z020'
INFO: [Common 17-349] Got license for feature 'Implementation' and/or device 'xc7z020'
Running DRC as a precondition to command write_bitstream
INFO: [IP_Flow 19-1839] IP Catalog is up to date.
INFO: [DRC 23-27] Running DRC with 2 threads
WARNING: [DRC CHECK-3] Report rule limit reached: REQP-1839 rule limit reached: 20 violations have been found.
WARNING: [DRC DPIP-1] Input pipelining: DSP system_i/tftlcd_0/inst/TFTLCDctrl_U0/rgb_u0/is_circle_border_return2 input system_i/tftlcd_0/inst/TFTLCDctrl_U0/rgb_u0/is_circle_border_return2/A[29:0] is not pipelined. Pipelining DSP48 input will improve performance.
WARNING: [DRC DPIP-1] Input pipelining: DSP system_i/tftlcd_0/inst/TFTLCDctrl_U0/rgb_u0/is_circle_border_return2 input system_i/tftlcd_0/inst/TFTLCDctrl_U0/rgb_u0/is_circle_border_return2/B[17:0] is not pipelined. Pipelining DSP48 input will improve performance.
WARNING: [DRC DPIP-1] Input pipelining: DSP system_i/tftlcd_0/inst/TFTLCDctrl_U0/rgb_u0/is_circle_border_return2__0 input system_i/tftlcd_0/inst/TFTLCDctrl_U0/rgb_u0/is_circle_border_return2__0/A[29:0] is not pipelined. Pipelining DSP48 input will improve performance.
WARNING: [DRC DPIP-1] Input pipelining: DSP system_i/tftlcd_0/inst/TFTLCDctrl_U0/rgb_u0/is_circle_border_return2__0 input system_i/tftlcd_0/inst/TFTLCDctrl_U0/rgb_u0/is_circle_border_return2__0/B[17:0] is not pipelined. Pipelining DSP48 input will improve performance.
WARNING: [DRC DPIP-1] Input pipelining: DSP system_i/tftlcd_0/inst/TFTLCDctrl_U0/rgb_u0/is_circle_border_return2__1 input system_i/tftlcd_0/inst/TFTLCDctrl_U0/rgb_u0/is_circle_border_return2__1/A[29:0] is not pipelined. Pipelining DSP48 input will improve performance.
WARNING: [DRC DPIP-1] Input pipelining: DSP system_i/tftlcd_0/inst/TFTLCDctrl_U0/rgb_u0/is_circle_border_return2__1 input system_i/tftlcd_0/inst/TFTLCDctrl_U0/rgb_u0/is_circle_border_return2__1/B[17:0] is not pipelined. Pipelining DSP48 input will improve performance.
WARNING: [DRC DPIP-1] Input pipelining: DSP system_i/tftlcd_0/inst/TFTLCDctrl_U0/rgb_u0/is_circle_border_return2__2 input system_i/tftlcd_0/inst/TFTLCDctrl_U0/rgb_u0/is_circle_border_return2__2/A[29:0] is not pipelined. Pipelining DSP48 input will improve performance.
WARNING: [DRC DPIP-1] Input pipelining: DSP system_i/tftlcd_0/inst/TFTLCDctrl_U0/rgb_u0/is_circle_border_return2__2 input system_i/tftlcd_0/inst/TFTLCDctrl_U0/rgb_u0/is_circle_border_return2__2/B[17:0] is not pipelined. Pipelining DSP48 input will improve performance.
WARNING: [DRC DPIP-1] Input pipelining: DSP system_i/tftlcd_0/inst/TFTLCDctrl_U0/rgb_u0/is_circle_border_return2__3 input system_i/tftlcd_0/inst/TFTLCDctrl_U0/rgb_u0/is_circle_border_return2__3/A[29:0] is not pipelined. Pipelining DSP48 input will improve performance.
WARNING: [DRC DPIP-1] Input pipelining: DSP system_i/tftlcd_0/inst/TFTLCDctrl_U0/rgb_u0/is_circle_border_return2__3 input system_i/tftlcd_0/inst/TFTLCDctrl_U0/rgb_u0/is_circle_border_return2__3/B[17:0] is not pipelined. Pipelining DSP48 input will improve performance.
WARNING: [DRC DPIP-1] Input pipelining: DSP system_i/tftlcd_0/inst/TFTLCDctrl_U0/rgb_u0/is_circle_border_return2__4 input system_i/tftlcd_0/inst/TFTLCDctrl_U0/rgb_u0/is_circle_border_return2__4/A[29:0] is not pipelined. Pipelining DSP48 input will improve performance.
WARNING: [DRC DPIP-1] Input pipelining: DSP system_i/tftlcd_0/inst/TFTLCDctrl_U0/rgb_u0/is_circle_border_return2__4 input system_i/tftlcd_0/inst/TFTLCDctrl_U0/rgb_u0/is_circle_border_return2__4/B[17:0] is not pipelined. Pipelining DSP48 input will improve performance.
WARNING: [DRC DPIP-1] Input pipelining: DSP system_i/tftlcd_0/inst/TFTLCDctrl_U0/rgb_u0/is_grape_border3 input system_i/tftlcd_0/inst/TFTLCDctrl_U0/rgb_u0/is_grape_border3/A[29:0] is not pipelined. Pipelining DSP48 input will improve performance.
WARNING: [DRC DPIP-1] Input pipelining: DSP system_i/tftlcd_0/inst/TFTLCDctrl_U0/rgb_u0/is_grape_border3 input system_i/tftlcd_0/inst/TFTLCDctrl_U0/rgb_u0/is_grape_border3/B[17:0] is not pipelined. Pipelining DSP48 input will improve performance.
WARNING: [DRC DPIP-1] Input pipelining: DSP system_i/tftlcd_0/inst/TFTLCDctrl_U0/rgb_u0/is_grape_border3__0 input system_i/tftlcd_0/inst/TFTLCDctrl_U0/rgb_u0/is_grape_border3__0/A[29:0] is not pipelined. Pipelining DSP48 input will improve performance.
WARNING: [DRC DPIP-1] Input pipelining: DSP system_i/tftlcd_0/inst/TFTLCDctrl_U0/rgb_u0/is_grape_border3__0 input system_i/tftlcd_0/inst/TFTLCDctrl_U0/rgb_u0/is_grape_border3__0/B[17:0] is not pipelined. Pipelining DSP48 input will improve performance.
WARNING: [DRC DPIP-1] Input pipelining: DSP system_i/tftlcd_0/inst/TFTLCDctrl_U0/rgb_u0/is_grape_border3__1 input system_i/tftlcd_0/inst/TFTLCDctrl_U0/rgb_u0/is_grape_border3__1/A[29:0] is not pipelined. Pipelining DSP48 input will improve performance.
WARNING: [DRC DPIP-1] Input pipelining: DSP system_i/tftlcd_0/inst/TFTLCDctrl_U0/rgb_u0/is_grape_border3__1 input system_i/tftlcd_0/inst/TFTLCDctrl_U0/rgb_u0/is_grape_border3__1/B[17:0] is not pipelined. Pipelining DSP48 input will improve performance.
WARNING: [DRC DPIP-1] Input pipelining: DSP system_i/tftlcd_0/inst/TFTLCDctrl_U0/rgb_u0/is_grape_border4 input system_i/tftlcd_0/inst/TFTLCDctrl_U0/rgb_u0/is_grape_border4/A[29:0] is not pipelined. Pipelining DSP48 input will improve performance.
WARNING: [DRC DPIP-1] Input pipelining: DSP system_i/tftlcd_0/inst/TFTLCDctrl_U0/rgb_u0/is_grape_border4 input system_i/tftlcd_0/inst/TFTLCDctrl_U0/rgb_u0/is_grape_border4/B[17:0] is not pipelined. Pipelining DSP48 input will improve performance.
WARNING: [DRC DPIP-1] Input pipelining: DSP system_i/tftlcd_0/inst/TFTLCDctrl_U0/rgb_u0/is_grape_border4__0 input system_i/tftlcd_0/inst/TFTLCDctrl_U0/rgb_u0/is_grape_border4__0/A[29:0] is not pipelined. Pipelining DSP48 input will improve performance.
WARNING: [DRC DPIP-1] Input pipelining: DSP system_i/tftlcd_0/inst/TFTLCDctrl_U0/rgb_u0/is_grape_border4__0 input system_i/tftlcd_0/inst/TFTLCDctrl_U0/rgb_u0/is_grape_border4__0/B[17:0] is not pipelined. Pipelining DSP48 input will improve performance.
WARNING: [DRC DPIP-1] Input pipelining: DSP system_i/tftlcd_0/inst/TFTLCDctrl_U0/rgb_u0/is_grape_border4__1 input system_i/tftlcd_0/inst/TFTLCDctrl_U0/rgb_u0/is_grape_border4__1/A[29:0] is not pipelined. Pipelining DSP48 input will improve performance.
WARNING: [DRC DPIP-1] Input pipelining: DSP system_i/tftlcd_0/inst/TFTLCDctrl_U0/rgb_u0/is_grape_border4__1 input system_i/tftlcd_0/inst/TFTLCDctrl_U0/rgb_u0/is_grape_border4__1/B[17:0] is not pipelined. Pipelining DSP48 input will improve performance.
WARNING: [DRC DPIP-1] Input pipelining: DSP system_i/tftlcd_0/inst/TFTLCDctrl_U0/rgb_u0/is_grape_border4__10 input system_i/tftlcd_0/inst/TFTLCDctrl_U0/rgb_u0/is_grape_border4__10/A[29:0] is not pipelined. Pipelining DSP48 input will improve performance.
WARNING: [DRC DPIP-1] Input pipelining: DSP system_i/tftlcd_0/inst/TFTLCDctrl_U0/rgb_u0/is_grape_border4__10 input system_i/tftlcd_0/inst/TFTLCDctrl_U0/rgb_u0/is_grape_border4__10/B[17:0] is not pipelined. Pipelining DSP48 input will improve performance.
WARNING: [DRC DPIP-1] Input pipelining: DSP system_i/tftlcd_0/inst/TFTLCDctrl_U0/rgb_u0/is_grape_border4__11 input system_i/tftlcd_0/inst/TFTLCDctrl_U0/rgb_u0/is_grape_border4__11/A[29:0] is not pipelined. Pipelining DSP48 input will improve performance.
WARNING: [DRC DPIP-1] Input pipelining: DSP system_i/tftlcd_0/inst/TFTLCDctrl_U0/rgb_u0/is_grape_border4__11 input system_i/tftlcd_0/inst/TFTLCDctrl_U0/rgb_u0/is_grape_border4__11/B[17:0] is not pipelined. Pipelining DSP48 input will improve performance.
WARNING: [DRC DPIP-1] Input pipelining: DSP system_i/tftlcd_0/inst/TFTLCDctrl_U0/rgb_u0/is_grape_border4__12 input system_i/tftlcd_0/inst/TFTLCDctrl_U0/rgb_u0/is_grape_border4__12/A[29:0] is not pipelined. Pipelining DSP48 input will improve performance.
WARNING: [DRC DPIP-1] Input pipelining: DSP system_i/tftlcd_0/inst/TFTLCDctrl_U0/rgb_u0/is_grape_border4__12 input system_i/tftlcd_0/inst/TFTLCDctrl_U0/rgb_u0/is_grape_border4__12/B[17:0] is not pipelined. Pipelining DSP48 input will improve performance.
WARNING: [DRC DPIP-1] Input pipelining: DSP system_i/tftlcd_0/inst/TFTLCDctrl_U0/rgb_u0/is_grape_border4__13 input system_i/tftlcd_0/inst/TFTLCDctrl_U0/rgb_u0/is_grape_border4__13/A[29:0] is not pipelined. Pipelining DSP48 input will improve performance.
WARNING: [DRC DPIP-1] Input pipelining: DSP system_i/tftlcd_0/inst/TFTLCDctrl_U0/rgb_u0/is_grape_border4__13 input system_i/tftlcd_0/inst/TFTLCDctrl_U0/rgb_u0/is_grape_border4__13/B[17:0] is not pipelined. Pipelining DSP48 input will improve performance.
WARNING: [DRC DPIP-1] Input pipelining: DSP system_i/tftlcd_0/inst/TFTLCDctrl_U0/rgb_u0/is_grape_border4__14 input system_i/tftlcd_0/inst/TFTLCDctrl_U0/rgb_u0/is_grape_border4__14/A[29:0] is not pipelined. Pipelining DSP48 input will improve performance.
WARNING: [DRC DPIP-1] Input pipelining: DSP system_i/tftlcd_0/inst/TFTLCDctrl_U0/rgb_u0/is_grape_border4__14 input system_i/tftlcd_0/inst/TFTLCDctrl_U0/rgb_u0/is_grape_border4__14/B[17:0] is not pipelined. Pipelining DSP48 input will improve performance.
WARNING: [DRC DPIP-1] Input pipelining: DSP system_i/tftlcd_0/inst/TFTLCDctrl_U0/rgb_u0/is_grape_border4__15 input system_i/tftlcd_0/inst/TFTLCDctrl_U0/rgb_u0/is_grape_border4__15/A[29:0] is not pipelined. Pipelining DSP48 input will improve performance.
WARNING: [DRC DPIP-1] Input pipelining: DSP system_i/tftlcd_0/inst/TFTLCDctrl_U0/rgb_u0/is_grape_border4__15 input system_i/tftlcd_0/inst/TFTLCDctrl_U0/rgb_u0/is_grape_border4__15/B[17:0] is not pipelined. Pipelining DSP48 input will improve performance.
WARNING: [DRC DPIP-1] Input pipelining: DSP system_i/tftlcd_0/inst/TFTLCDctrl_U0/rgb_u0/is_grape_border4__16 input system_i/tftlcd_0/inst/TFTLCDctrl_U0/rgb_u0/is_grape_border4__16/A[29:0] is not pipelined. Pipelining DSP48 input will improve performance.
WARNING: [DRC DPIP-1] Input pipelining: DSP system_i/tftlcd_0/inst/TFTLCDctrl_U0/rgb_u0/is_grape_border4__16 input system_i/tftlcd_0/inst/TFTLCDctrl_U0/rgb_u0/is_grape_border4__16/B[17:0] is not pipelined. Pipelining DSP48 input will improve performance.
WARNING: [DRC DPIP-1] Input pipelining: DSP system_i/tftlcd_0/inst/TFTLCDctrl_U0/rgb_u0/is_grape_border4__17 input system_i/tftlcd_0/inst/TFTLCDctrl_U0/rgb_u0/is_grape_border4__17/A[29:0] is not pipelined. Pipelining DSP48 input will improve performance.
WARNING: [DRC DPIP-1] Input pipelining: DSP system_i/tftlcd_0/inst/TFTLCDctrl_U0/rgb_u0/is_grape_border4__17 input system_i/tftlcd_0/inst/TFTLCDctrl_U0/rgb_u0/is_grape_border4__17/B[17:0] is not pipelined. Pipelining DSP48 input will improve performance.
WARNING: [DRC DPIP-1] Input pipelining: DSP system_i/tftlcd_0/inst/TFTLCDctrl_U0/rgb_u0/is_grape_border4__18 input system_i/tftlcd_0/inst/TFTLCDctrl_U0/rgb_u0/is_grape_border4__18/A[29:0] is not pipelined. Pipelining DSP48 input will improve performance.
WARNING: [DRC DPIP-1] Input pipelining: DSP system_i/tftlcd_0/inst/TFTLCDctrl_U0/rgb_u0/is_grape_border4__18 input system_i/tftlcd_0/inst/TFTLCDctrl_U0/rgb_u0/is_grape_border4__18/B[17:0] is not pipelined. Pipelining DSP48 input will improve performance.
WARNING: [DRC DPIP-1] Input pipelining: DSP system_i/tftlcd_0/inst/TFTLCDctrl_U0/rgb_u0/is_grape_border4__19 input system_i/tftlcd_0/inst/TFTLCDctrl_U0/rgb_u0/is_grape_border4__19/A[29:0] is not pipelined. Pipelining DSP48 input will improve performance.
WARNING: [DRC DPIP-1] Input pipelining: DSP system_i/tftlcd_0/inst/TFTLCDctrl_U0/rgb_u0/is_grape_border4__19 input system_i/tftlcd_0/inst/TFTLCDctrl_U0/rgb_u0/is_grape_border4__19/B[17:0] is not pipelined. Pipelining DSP48 input will improve performance.
WARNING: [DRC DPIP-1] Input pipelining: DSP system_i/tftlcd_0/inst/TFTLCDctrl_U0/rgb_u0/is_grape_border4__2 input system_i/tftlcd_0/inst/TFTLCDctrl_U0/rgb_u0/is_grape_border4__2/A[29:0] is not pipelined. Pipelining DSP48 input will improve performance.
WARNING: [DRC DPIP-1] Input pipelining: DSP system_i/tftlcd_0/inst/TFTLCDctrl_U0/rgb_u0/is_grape_border4__2 input system_i/tftlcd_0/inst/TFTLCDctrl_U0/rgb_u0/is_grape_border4__2/B[17:0] is not pipelined. Pipelining DSP48 input will improve performance.
WARNING: [DRC DPIP-1] Input pipelining: DSP system_i/tftlcd_0/inst/TFTLCDctrl_U0/rgb_u0/is_grape_border4__3 input system_i/tftlcd_0/inst/TFTLCDctrl_U0/rgb_u0/is_grape_border4__3/A[29:0] is not pipelined. Pipelining DSP48 input will improve performance.
WARNING: [DRC DPIP-1] Input pipelining: DSP system_i/tftlcd_0/inst/TFTLCDctrl_U0/rgb_u0/is_grape_border4__3 input system_i/tftlcd_0/inst/TFTLCDctrl_U0/rgb_u0/is_grape_border4__3/B[17:0] is not pipelined. Pipelining DSP48 input will improve performance.
WARNING: [DRC DPIP-1] Input pipelining: DSP system_i/tftlcd_0/inst/TFTLCDctrl_U0/rgb_u0/is_grape_border4__4 input system_i/tftlcd_0/inst/TFTLCDctrl_U0/rgb_u0/is_grape_border4__4/A[29:0] is not pipelined. Pipelining DSP48 input will improve performance.
WARNING: [DRC DPIP-1] Input pipelining: DSP system_i/tftlcd_0/inst/TFTLCDctrl_U0/rgb_u0/is_grape_border4__4 input system_i/tftlcd_0/inst/TFTLCDctrl_U0/rgb_u0/is_grape_border4__4/B[17:0] is not pipelined. Pipelining DSP48 input will improve performance.
WARNING: [DRC DPIP-1] Input pipelining: DSP system_i/tftlcd_0/inst/TFTLCDctrl_U0/rgb_u0/is_grape_border4__5 input system_i/tftlcd_0/inst/TFTLCDctrl_U0/rgb_u0/is_grape_border4__5/A[29:0] is not pipelined. Pipelining DSP48 input will improve performance.
WARNING: [DRC DPIP-1] Input pipelining: DSP system_i/tftlcd_0/inst/TFTLCDctrl_U0/rgb_u0/is_grape_border4__5 input system_i/tftlcd_0/inst/TFTLCDctrl_U0/rgb_u0/is_grape_border4__5/B[17:0] is not pipelined. Pipelining DSP48 input will improve performance.
WARNING: [DRC DPIP-1] Input pipelining: DSP system_i/tftlcd_0/inst/TFTLCDctrl_U0/rgb_u0/is_grape_border4__6 input system_i/tftlcd_0/inst/TFTLCDctrl_U0/rgb_u0/is_grape_border4__6/A[29:0] is not pipelined. Pipelining DSP48 input will improve performance.
WARNING: [DRC DPIP-1] Input pipelining: DSP system_i/tftlcd_0/inst/TFTLCDctrl_U0/rgb_u0/is_grape_border4__6 input system_i/tftlcd_0/inst/TFTLCDctrl_U0/rgb_u0/is_grape_border4__6/B[17:0] is not pipelined. Pipelining DSP48 input will improve performance.
WARNING: [DRC DPIP-1] Input pipelining: DSP system_i/tftlcd_0/inst/TFTLCDctrl_U0/rgb_u0/is_grape_border4__7 input system_i/tftlcd_0/inst/TFTLCDctrl_U0/rgb_u0/is_grape_border4__7/A[29:0] is not pipelined. Pipelining DSP48 input will improve performance.
WARNING: [DRC DPIP-1] Input pipelining: DSP system_i/tftlcd_0/inst/TFTLCDctrl_U0/rgb_u0/is_grape_border4__7 input system_i/tftlcd_0/inst/TFTLCDctrl_U0/rgb_u0/is_grape_border4__7/B[17:0] is not pipelined. Pipelining DSP48 input will improve performance.
WARNING: [DRC DPIP-1] Input pipelining: DSP system_i/tftlcd_0/inst/TFTLCDctrl_U0/rgb_u0/is_grape_border4__8 input system_i/tftlcd_0/inst/TFTLCDctrl_U0/rgb_u0/is_grape_border4__8/A[29:0] is not pipelined. Pipelining DSP48 input will improve performance.
WARNING: [DRC DPIP-1] Input pipelining: DSP system_i/tftlcd_0/inst/TFTLCDctrl_U0/rgb_u0/is_grape_border4__8 input system_i/tftlcd_0/inst/TFTLCDctrl_U0/rgb_u0/is_grape_border4__8/B[17:0] is not pipelined. Pipelining DSP48 input will improve performance.
WARNING: [DRC DPIP-1] Input pipelining: DSP system_i/tftlcd_0/inst/TFTLCDctrl_U0/rgb_u0/is_grape_border4__9 input system_i/tftlcd_0/inst/TFTLCDctrl_U0/rgb_u0/is_grape_border4__9/A[29:0] is not pipelined. Pipelining DSP48 input will improve performance.
WARNING: [DRC DPIP-1] Input pipelining: DSP system_i/tftlcd_0/inst/TFTLCDctrl_U0/rgb_u0/is_grape_border4__9 input system_i/tftlcd_0/inst/TFTLCDctrl_U0/rgb_u0/is_grape_border4__9/B[17:0] is not pipelined. Pipelining DSP48 input will improve performance.
WARNING: [DRC DPIP-1] Input pipelining: DSP system_i/tftlcd_0/inst/TFTLCDctrl_U0/rgb_u0/p_1_out input system_i/tftlcd_0/inst/TFTLCDctrl_U0/rgb_u0/p_1_out/A[29:0] is not pipelined. Pipelining DSP48 input will improve performance.
WARNING: [DRC DPIP-1] Input pipelining: DSP system_i/tftlcd_0/inst/TFTLCDctrl_U0/rgb_u0/p_1_out input system_i/tftlcd_0/inst/TFTLCDctrl_U0/rgb_u0/p_1_out/B[17:0] is not pipelined. Pipelining DSP48 input will improve performance.
WARNING: [DRC DPIP-1] Input pipelining: DSP system_i/tftlcd_0/inst/TFTLCDctrl_U0/rgb_u0/p_1_out__0 input system_i/tftlcd_0/inst/TFTLCDctrl_U0/rgb_u0/p_1_out__0/A[29:0] is not pipelined. Pipelining DSP48 input will improve performance.
WARNING: [DRC DPIP-1] Input pipelining: DSP system_i/tftlcd_0/inst/TFTLCDctrl_U0/rgb_u0/p_1_out__0 input system_i/tftlcd_0/inst/TFTLCDctrl_U0/rgb_u0/p_1_out__0/B[17:0] is not pipelined. Pipelining DSP48 input will improve performance.
WARNING: [DRC DPIP-1] Input pipelining: DSP system_i/tftlcd_0/inst/TFTLCDctrl_U0/rgb_u0/p_1_out__1 input system_i/tftlcd_0/inst/TFTLCDctrl_U0/rgb_u0/p_1_out__1/A[29:0] is not pipelined. Pipelining DSP48 input will improve performance.
WARNING: [DRC DPIP-1] Input pipelining: DSP system_i/tftlcd_0/inst/TFTLCDctrl_U0/rgb_u0/p_1_out__1 input system_i/tftlcd_0/inst/TFTLCDctrl_U0/rgb_u0/p_1_out__1/B[17:0] is not pipelined. Pipelining DSP48 input will improve performance.
WARNING: [DRC DPIP-1] Input pipelining: DSP system_i/tftlcd_0/inst/TFTLCDctrl_U0/rgb_u0/p_1_out__10 input system_i/tftlcd_0/inst/TFTLCDctrl_U0/rgb_u0/p_1_out__10/A[29:0] is not pipelined. Pipelining DSP48 input will improve performance.
WARNING: [DRC DPIP-1] Input pipelining: DSP system_i/tftlcd_0/inst/TFTLCDctrl_U0/rgb_u0/p_1_out__10 input system_i/tftlcd_0/inst/TFTLCDctrl_U0/rgb_u0/p_1_out__10/B[17:0] is not pipelined. Pipelining DSP48 input will improve performance.
WARNING: [DRC DPIP-1] Input pipelining: DSP system_i/tftlcd_0/inst/TFTLCDctrl_U0/rgb_u0/p_1_out__11 input system_i/tftlcd_0/inst/TFTLCDctrl_U0/rgb_u0/p_1_out__11/A[29:0] is not pipelined. Pipelining DSP48 input will improve performance.
WARNING: [DRC DPIP-1] Input pipelining: DSP system_i/tftlcd_0/inst/TFTLCDctrl_U0/rgb_u0/p_1_out__11 input system_i/tftlcd_0/inst/TFTLCDctrl_U0/rgb_u0/p_1_out__11/B[17:0] is not pipelined. Pipelining DSP48 input will improve performance.
WARNING: [DRC DPIP-1] Input pipelining: DSP system_i/tftlcd_0/inst/TFTLCDctrl_U0/rgb_u0/p_1_out__12 input system_i/tftlcd_0/inst/TFTLCDctrl_U0/rgb_u0/p_1_out__12/A[29:0] is not pipelined. Pipelining DSP48 input will improve performance.
WARNING: [DRC DPIP-1] Input pipelining: DSP system_i/tftlcd_0/inst/TFTLCDctrl_U0/rgb_u0/p_1_out__12 input system_i/tftlcd_0/inst/TFTLCDctrl_U0/rgb_u0/p_1_out__12/B[17:0] is not pipelined. Pipelining DSP48 input will improve performance.
WARNING: [DRC DPIP-1] Input pipelining: DSP system_i/tftlcd_0/inst/TFTLCDctrl_U0/rgb_u0/p_1_out__13 input system_i/tftlcd_0/inst/TFTLCDctrl_U0/rgb_u0/p_1_out__13/A[29:0] is not pipelined. Pipelining DSP48 input will improve performance.
WARNING: [DRC DPIP-1] Input pipelining: DSP system_i/tftlcd_0/inst/TFTLCDctrl_U0/rgb_u0/p_1_out__13 input system_i/tftlcd_0/inst/TFTLCDctrl_U0/rgb_u0/p_1_out__13/B[17:0] is not pipelined. Pipelining DSP48 input will improve performance.
WARNING: [DRC DPIP-1] Input pipelining: DSP system_i/tftlcd_0/inst/TFTLCDctrl_U0/rgb_u0/p_1_out__14 input system_i/tftlcd_0/inst/TFTLCDctrl_U0/rgb_u0/p_1_out__14/A[29:0] is not pipelined. Pipelining DSP48 input will improve performance.
WARNING: [DRC DPIP-1] Input pipelining: DSP system_i/tftlcd_0/inst/TFTLCDctrl_U0/rgb_u0/p_1_out__14 input system_i/tftlcd_0/inst/TFTLCDctrl_U0/rgb_u0/p_1_out__14/B[17:0] is not pipelined. Pipelining DSP48 input will improve performance.
WARNING: [DRC DPIP-1] Input pipelining: DSP system_i/tftlcd_0/inst/TFTLCDctrl_U0/rgb_u0/p_1_out__15 input system_i/tftlcd_0/inst/TFTLCDctrl_U0/rgb_u0/p_1_out__15/A[29:0] is not pipelined. Pipelining DSP48 input will improve performance.
WARNING: [DRC DPIP-1] Input pipelining: DSP system_i/tftlcd_0/inst/TFTLCDctrl_U0/rgb_u0/p_1_out__15 input system_i/tftlcd_0/inst/TFTLCDctrl_U0/rgb_u0/p_1_out__15/B[17:0] is not pipelined. Pipelining DSP48 input will improve performance.
WARNING: [DRC DPIP-1] Input pipelining: DSP system_i/tftlcd_0/inst/TFTLCDctrl_U0/rgb_u0/p_1_out__16 input system_i/tftlcd_0/inst/TFTLCDctrl_U0/rgb_u0/p_1_out__16/A[29:0] is not pipelined. Pipelining DSP48 input will improve performance.
WARNING: [DRC DPIP-1] Input pipelining: DSP system_i/tftlcd_0/inst/TFTLCDctrl_U0/rgb_u0/p_1_out__16 input system_i/tftlcd_0/inst/TFTLCDctrl_U0/rgb_u0/p_1_out__16/B[17:0] is not pipelined. Pipelining DSP48 input will improve performance.
WARNING: [DRC DPIP-1] Input pipelining: DSP system_i/tftlcd_0/inst/TFTLCDctrl_U0/rgb_u0/p_1_out__17 input system_i/tftlcd_0/inst/TFTLCDctrl_U0/rgb_u0/p_1_out__17/A[29:0] is not pipelined. Pipelining DSP48 input will improve performance.
WARNING: [DRC DPIP-1] Input pipelining: DSP system_i/tftlcd_0/inst/TFTLCDctrl_U0/rgb_u0/p_1_out__17 input system_i/tftlcd_0/inst/TFTLCDctrl_U0/rgb_u0/p_1_out__17/B[17:0] is not pipelined. Pipelining DSP48 input will improve performance.
WARNING: [DRC DPIP-1] Input pipelining: DSP system_i/tftlcd_0/inst/TFTLCDctrl_U0/rgb_u0/p_1_out__18 input system_i/tftlcd_0/inst/TFTLCDctrl_U0/rgb_u0/p_1_out__18/A[29:0] is not pipelined. Pipelining DSP48 input will improve performance.
WARNING: [DRC DPIP-1] Input pipelining: DSP system_i/tftlcd_0/inst/TFTLCDctrl_U0/rgb_u0/p_1_out__18 input system_i/tftlcd_0/inst/TFTLCDctrl_U0/rgb_u0/p_1_out__18/B[17:0] is not pipelined. Pipelining DSP48 input will improve performance.
WARNING: [DRC DPIP-1] Input pipelining: DSP system_i/tftlcd_0/inst/TFTLCDctrl_U0/rgb_u0/p_1_out__19 input system_i/tftlcd_0/inst/TFTLCDctrl_U0/rgb_u0/p_1_out__19/A[29:0] is not pipelined. Pipelining DSP48 input will improve performance.
WARNING: [DRC DPIP-1] Input pipelining: DSP system_i/tftlcd_0/inst/TFTLCDctrl_U0/rgb_u0/p_1_out__19 input system_i/tftlcd_0/inst/TFTLCDctrl_U0/rgb_u0/p_1_out__19/B[17:0] is not pipelined. Pipelining DSP48 input will improve performance.
WARNING: [DRC DPIP-1] Input pipelining: DSP system_i/tftlcd_0/inst/TFTLCDctrl_U0/rgb_u0/p_1_out__2 input system_i/tftlcd_0/inst/TFTLCDctrl_U0/rgb_u0/p_1_out__2/A[29:0] is not pipelined. Pipelining DSP48 input will improve performance.
WARNING: [DRC DPIP-1] Input pipelining: DSP system_i/tftlcd_0/inst/TFTLCDctrl_U0/rgb_u0/p_1_out__2 input system_i/tftlcd_0/inst/TFTLCDctrl_U0/rgb_u0/p_1_out__2/B[17:0] is not pipelined. Pipelining DSP48 input will improve performance.
WARNING: [DRC DPIP-1] Input pipelining: DSP system_i/tftlcd_0/inst/TFTLCDctrl_U0/rgb_u0/p_1_out__20 input system_i/tftlcd_0/inst/TFTLCDctrl_U0/rgb_u0/p_1_out__20/A[29:0] is not pipelined. Pipelining DSP48 input will improve performance.
WARNING: [DRC DPIP-1] Input pipelining: DSP system_i/tftlcd_0/inst/TFTLCDctrl_U0/rgb_u0/p_1_out__20 input system_i/tftlcd_0/inst/TFTLCDctrl_U0/rgb_u0/p_1_out__20/B[17:0] is not pipelined. Pipelining DSP48 input will improve performance.
WARNING: [DRC DPIP-1] Input pipelining: DSP system_i/tftlcd_0/inst/TFTLCDctrl_U0/rgb_u0/p_1_out__21 input system_i/tftlcd_0/inst/TFTLCDctrl_U0/rgb_u0/p_1_out__21/A[29:0] is not pipelined. Pipelining DSP48 input will improve performance.
WARNING: [DRC DPIP-1] Input pipelining: DSP system_i/tftlcd_0/inst/TFTLCDctrl_U0/rgb_u0/p_1_out__21 input system_i/tftlcd_0/inst/TFTLCDctrl_U0/rgb_u0/p_1_out__21/B[17:0] is not pipelined. Pipelining DSP48 input will improve performance.
WARNING: [DRC DPIP-1] Input pipelining: DSP system_i/tftlcd_0/inst/TFTLCDctrl_U0/rgb_u0/p_1_out__22 input system_i/tftlcd_0/inst/TFTLCDctrl_U0/rgb_u0/p_1_out__22/A[29:0] is not pipelined. Pipelining DSP48 input will improve performance.
WARNING: [DRC DPIP-1] Input pipelining: DSP system_i/tftlcd_0/inst/TFTLCDctrl_U0/rgb_u0/p_1_out__22 input system_i/tftlcd_0/inst/TFTLCDctrl_U0/rgb_u0/p_1_out__22/B[17:0] is not pipelined. Pipelining DSP48 input will improve performance.
WARNING: [DRC DPIP-1] Input pipelining: DSP system_i/tftlcd_0/inst/TFTLCDctrl_U0/rgb_u0/p_1_out__23 input system_i/tftlcd_0/inst/TFTLCDctrl_U0/rgb_u0/p_1_out__23/A[29:0] is not pipelined. Pipelining DSP48 input will improve performance.
WARNING: [DRC DPIP-1] Input pipelining: DSP system_i/tftlcd_0/inst/TFTLCDctrl_U0/rgb_u0/p_1_out__23 input system_i/tftlcd_0/inst/TFTLCDctrl_U0/rgb_u0/p_1_out__23/B[17:0] is not pipelined. Pipelining DSP48 input will improve performance.
WARNING: [DRC DPIP-1] Input pipelining: DSP system_i/tftlcd_0/inst/TFTLCDctrl_U0/rgb_u0/p_1_out__24 input system_i/tftlcd_0/inst/TFTLCDctrl_U0/rgb_u0/p_1_out__24/A[29:0] is not pipelined. Pipelining DSP48 input will improve performance.
WARNING: [DRC DPIP-1] Input pipelining: DSP system_i/tftlcd_0/inst/TFTLCDctrl_U0/rgb_u0/p_1_out__24 input system_i/tftlcd_0/inst/TFTLCDctrl_U0/rgb_u0/p_1_out__24/B[17:0] is not pipelined. Pipelining DSP48 input will improve performance.
WARNING: [DRC DPIP-1] Input pipelining: DSP system_i/tftlcd_0/inst/TFTLCDctrl_U0/rgb_u0/p_1_out__25 input system_i/tftlcd_0/inst/TFTLCDctrl_U0/rgb_u0/p_1_out__25/A[29:0] is not pipelined. Pipelining DSP48 input will improve performance.
WARNING: [DRC DPIP-1] Input pipelining: DSP system_i/tftlcd_0/inst/TFTLCDctrl_U0/rgb_u0/p_1_out__25 input system_i/tftlcd_0/inst/TFTLCDctrl_U0/rgb_u0/p_1_out__25/B[17:0] is not pipelined. Pipelining DSP48 input will improve performance.
INFO: [Common 17-14] Message 'DRC DPIP-1' appears 100 times and further instances of the messages will be disabled. Use the Tcl command set_msg_config to change the current settings.
WARNING: [DRC DPOP-1] PREG Output pipelining: DSP system_i/tftlcd_0/inst/TFTLCDctrl_U0/rgb_u0/is_circle_border_return2 output system_i/tftlcd_0/inst/TFTLCDctrl_U0/rgb_u0/is_circle_border_return2/P[47:0] is not pipelined (PREG=0). Pipelining the DSP48 output will improve performance and often saves power so it is suggested whenever possible to fully pipeline this function.  If this DSP48 function was inferred, it is suggested to describe an additional register stage after this function.  If the DSP48 was instantiated in the design, it is suggested to set the PREG attribute to 1.
WARNING: [DRC DPOP-1] PREG Output pipelining: DSP system_i/tftlcd_0/inst/TFTLCDctrl_U0/rgb_u0/is_circle_border_return2__0 output system_i/tftlcd_0/inst/TFTLCDctrl_U0/rgb_u0/is_circle_border_return2__0/P[47:0] is not pipelined (PREG=0). Pipelining the DSP48 output will improve performance and often saves power so it is suggested whenever possible to fully pipeline this function.  If this DSP48 function was inferred, it is suggested to describe an additional register stage after this function.  If the DSP48 was instantiated in the design, it is suggested to set the PREG attribute to 1.
WARNING: [DRC DPOP-1] PREG Output pipelining: DSP system_i/tftlcd_0/inst/TFTLCDctrl_U0/rgb_u0/is_circle_border_return2__1 output system_i/tftlcd_0/inst/TFTLCDctrl_U0/rgb_u0/is_circle_border_return2__1/P[47:0] is not pipelined (PREG=0). Pipelining the DSP48 output will improve performance and often saves power so it is suggested whenever possible to fully pipeline this function.  If this DSP48 function was inferred, it is suggested to describe an additional register stage after this function.  If the DSP48 was instantiated in the design, it is suggested to set the PREG attribute to 1.
WARNING: [DRC DPOP-1] PREG Output pipelining: DSP system_i/tftlcd_0/inst/TFTLCDctrl_U0/rgb_u0/is_circle_border_return2__2 output system_i/tftlcd_0/inst/TFTLCDctrl_U0/rgb_u0/is_circle_border_return2__2/P[47:0] is not pipelined (PREG=0). Pipelining the DSP48 output will improve performance and often saves power so it is suggested whenever possible to fully pipeline this function.  If this DSP48 function was inferred, it is suggested to describe an additional register stage after this function.  If the DSP48 was instantiated in the design, it is suggested to set the PREG attribute to 1.
WARNING: [DRC DPOP-1] PREG Output pipelining: DSP system_i/tftlcd_0/inst/TFTLCDctrl_U0/rgb_u0/is_circle_border_return2__3 output system_i/tftlcd_0/inst/TFTLCDctrl_U0/rgb_u0/is_circle_border_return2__3/P[47:0] is not pipelined (PREG=0). Pipelining the DSP48 output will improve performance and often saves power so it is suggested whenever possible to fully pipeline this function.  If this DSP48 function was inferred, it is suggested to describe an additional register stage after this function.  If the DSP48 was instantiated in the design, it is suggested to set the PREG attribute to 1.
WARNING: [DRC DPOP-1] PREG Output pipelining: DSP system_i/tftlcd_0/inst/TFTLCDctrl_U0/rgb_u0/is_circle_border_return2__4 output system_i/tftlcd_0/inst/TFTLCDctrl_U0/rgb_u0/is_circle_border_return2__4/P[47:0] is not pipelined (PREG=0). Pipelining the DSP48 output will improve performance and often saves power so it is suggested whenever possible to fully pipeline this function.  If this DSP48 function was inferred, it is suggested to describe an additional register stage after this function.  If the DSP48 was instantiated in the design, it is suggested to set the PREG attribute to 1.
WARNING: [DRC DPOP-1] PREG Output pipelining: DSP system_i/tftlcd_0/inst/TFTLCDctrl_U0/rgb_u0/is_grape_border3 output system_i/tftlcd_0/inst/TFTLCDctrl_U0/rgb_u0/is_grape_border3/P[47:0] is not pipelined (PREG=0). Pipelining the DSP48 output will improve performance and often saves power so it is suggested whenever possible to fully pipeline this function.  If this DSP48 function was inferred, it is suggested to describe an additional register stage after this function.  If the DSP48 was instantiated in the design, it is suggested to set the PREG attribute to 1.
WARNING: [DRC DPOP-1] PREG Output pipelining: DSP system_i/tftlcd_0/inst/TFTLCDctrl_U0/rgb_u0/is_grape_border3__0 output system_i/tftlcd_0/inst/TFTLCDctrl_U0/rgb_u0/is_grape_border3__0/P[47:0] is not pipelined (PREG=0). Pipelining the DSP48 output will improve performance and often saves power so it is suggested whenever possible to fully pipeline this function.  If this DSP48 function was inferred, it is suggested to describe an additional register stage after this function.  If the DSP48 was instantiated in the design, it is suggested to set the PREG attribute to 1.
WARNING: [DRC DPOP-1] PREG Output pipelining: DSP system_i/tftlcd_0/inst/TFTLCDctrl_U0/rgb_u0/is_grape_border3__1 output system_i/tftlcd_0/inst/TFTLCDctrl_U0/rgb_u0/is_grape_border3__1/P[47:0] is not pipelined (PREG=0). Pipelining the DSP48 output will improve performance and often saves power so it is suggested whenever possible to fully pipeline this function.  If this DSP48 function was inferred, it is suggested to describe an additional register stage after this function.  If the DSP48 was instantiated in the design, it is suggested to set the PREG attribute to 1.
WARNING: [DRC DPOP-1] PREG Output pipelining: DSP system_i/tftlcd_0/inst/TFTLCDctrl_U0/rgb_u0/is_grape_border4 output system_i/tftlcd_0/inst/TFTLCDctrl_U0/rgb_u0/is_grape_border4/P[47:0] is not pipelined (PREG=0). Pipelining the DSP48 output will improve performance and often saves power so it is suggested whenever possible to fully pipeline this function.  If this DSP48 function was inferred, it is suggested to describe an additional register stage after this function.  If the DSP48 was instantiated in the design, it is suggested to set the PREG attribute to 1.
WARNING: [DRC DPOP-1] PREG Output pipelining: DSP system_i/tftlcd_0/inst/TFTLCDctrl_U0/rgb_u0/is_grape_border4__0 output system_i/tftlcd_0/inst/TFTLCDctrl_U0/rgb_u0/is_grape_border4__0/P[47:0] is not pipelined (PREG=0). Pipelining the DSP48 output will improve performance and often saves power so it is suggested whenever possible to fully pipeline this function.  If this DSP48 function was inferred, it is suggested to describe an additional register stage after this function.  If the DSP48 was instantiated in the design, it is suggested to set the PREG attribute to 1.
WARNING: [DRC DPOP-1] PREG Output pipelining: DSP system_i/tftlcd_0/inst/TFTLCDctrl_U0/rgb_u0/is_grape_border4__1 output system_i/tftlcd_0/inst/TFTLCDctrl_U0/rgb_u0/is_grape_border4__1/P[47:0] is not pipelined (PREG=0). Pipelining the DSP48 output will improve performance and often saves power so it is suggested whenever possible to fully pipeline this function.  If this DSP48 function was inferred, it is suggested to describe an additional register stage after this function.  If the DSP48 was instantiated in the design, it is suggested to set the PREG attribute to 1.
WARNING: [DRC DPOP-1] PREG Output pipelining: DSP system_i/tftlcd_0/inst/TFTLCDctrl_U0/rgb_u0/is_grape_border4__10 output system_i/tftlcd_0/inst/TFTLCDctrl_U0/rgb_u0/is_grape_border4__10/P[47:0] is not pipelined (PREG=0). Pipelining the DSP48 output will improve performance and often saves power so it is suggested whenever possible to fully pipeline this function.  If this DSP48 function was inferred, it is suggested to describe an additional register stage after this function.  If the DSP48 was instantiated in the design, it is suggested to set the PREG attribute to 1.
WARNING: [DRC DPOP-1] PREG Output pipelining: DSP system_i/tftlcd_0/inst/TFTLCDctrl_U0/rgb_u0/is_grape_border4__11 output system_i/tftlcd_0/inst/TFTLCDctrl_U0/rgb_u0/is_grape_border4__11/P[47:0] is not pipelined (PREG=0). Pipelining the DSP48 output will improve performance and often saves power so it is suggested whenever possible to fully pipeline this function.  If this DSP48 function was inferred, it is suggested to describe an additional register stage after this function.  If the DSP48 was instantiated in the design, it is suggested to set the PREG attribute to 1.
WARNING: [DRC DPOP-1] PREG Output pipelining: DSP system_i/tftlcd_0/inst/TFTLCDctrl_U0/rgb_u0/is_grape_border4__12 output system_i/tftlcd_0/inst/TFTLCDctrl_U0/rgb_u0/is_grape_border4__12/P[47:0] is not pipelined (PREG=0). Pipelining the DSP48 output will improve performance and often saves power so it is suggested whenever possible to fully pipeline this function.  If this DSP48 function was inferred, it is suggested to describe an additional register stage after this function.  If the DSP48 was instantiated in the design, it is suggested to set the PREG attribute to 1.
WARNING: [DRC DPOP-1] PREG Output pipelining: DSP system_i/tftlcd_0/inst/TFTLCDctrl_U0/rgb_u0/is_grape_border4__13 output system_i/tftlcd_0/inst/TFTLCDctrl_U0/rgb_u0/is_grape_border4__13/P[47:0] is not pipelined (PREG=0). Pipelining the DSP48 output will improve performance and often saves power so it is suggested whenever possible to fully pipeline this function.  If this DSP48 function was inferred, it is suggested to describe an additional register stage after this function.  If the DSP48 was instantiated in the design, it is suggested to set the PREG attribute to 1.
WARNING: [DRC DPOP-1] PREG Output pipelining: DSP system_i/tftlcd_0/inst/TFTLCDctrl_U0/rgb_u0/is_grape_border4__14 output system_i/tftlcd_0/inst/TFTLCDctrl_U0/rgb_u0/is_grape_border4__14/P[47:0] is not pipelined (PREG=0). Pipelining the DSP48 output will improve performance and often saves power so it is suggested whenever possible to fully pipeline this function.  If this DSP48 function was inferred, it is suggested to describe an additional register stage after this function.  If the DSP48 was instantiated in the design, it is suggested to set the PREG attribute to 1.
WARNING: [DRC DPOP-1] PREG Output pipelining: DSP system_i/tftlcd_0/inst/TFTLCDctrl_U0/rgb_u0/is_grape_border4__15 output system_i/tftlcd_0/inst/TFTLCDctrl_U0/rgb_u0/is_grape_border4__15/P[47:0] is not pipelined (PREG=0). Pipelining the DSP48 output will improve performance and often saves power so it is suggested whenever possible to fully pipeline this function.  If this DSP48 function was inferred, it is suggested to describe an additional register stage after this function.  If the DSP48 was instantiated in the design, it is suggested to set the PREG attribute to 1.
WARNING: [DRC DPOP-1] PREG Output pipelining: DSP system_i/tftlcd_0/inst/TFTLCDctrl_U0/rgb_u0/is_grape_border4__16 output system_i/tftlcd_0/inst/TFTLCDctrl_U0/rgb_u0/is_grape_border4__16/P[47:0] is not pipelined (PREG=0). Pipelining the DSP48 output will improve performance and often saves power so it is suggested whenever possible to fully pipeline this function.  If this DSP48 function was inferred, it is suggested to describe an additional register stage after this function.  If the DSP48 was instantiated in the design, it is suggested to set the PREG attribute to 1.
WARNING: [DRC DPOP-1] PREG Output pipelining: DSP system_i/tftlcd_0/inst/TFTLCDctrl_U0/rgb_u0/is_grape_border4__17 output system_i/tftlcd_0/inst/TFTLCDctrl_U0/rgb_u0/is_grape_border4__17/P[47:0] is not pipelined (PREG=0). Pipelining the DSP48 output will improve performance and often saves power so it is suggested whenever possible to fully pipeline this function.  If this DSP48 function was inferred, it is suggested to describe an additional register stage after this function.  If the DSP48 was instantiated in the design, it is suggested to set the PREG attribute to 1.
WARNING: [DRC DPOP-1] PREG Output pipelining: DSP system_i/tftlcd_0/inst/TFTLCDctrl_U0/rgb_u0/is_grape_border4__18 output system_i/tftlcd_0/inst/TFTLCDctrl_U0/rgb_u0/is_grape_border4__18/P[47:0] is not pipelined (PREG=0). Pipelining the DSP48 output will improve performance and often saves power so it is suggested whenever possible to fully pipeline this function.  If this DSP48 function was inferred, it is suggested to describe an additional register stage after this function.  If the DSP48 was instantiated in the design, it is suggested to set the PREG attribute to 1.
WARNING: [DRC DPOP-1] PREG Output pipelining: DSP system_i/tftlcd_0/inst/TFTLCDctrl_U0/rgb_u0/is_grape_border4__19 output system_i/tftlcd_0/inst/TFTLCDctrl_U0/rgb_u0/is_grape_border4__19/P[47:0] is not pipelined (PREG=0). Pipelining the DSP48 output will improve performance and often saves power so it is suggested whenever possible to fully pipeline this function.  If this DSP48 function was inferred, it is suggested to describe an additional register stage after this function.  If the DSP48 was instantiated in the design, it is suggested to set the PREG attribute to 1.
WARNING: [DRC DPOP-1] PREG Output pipelining: DSP system_i/tftlcd_0/inst/TFTLCDctrl_U0/rgb_u0/is_grape_border4__2 output system_i/tftlcd_0/inst/TFTLCDctrl_U0/rgb_u0/is_grape_border4__2/P[47:0] is not pipelined (PREG=0). Pipelining the DSP48 output will improve performance and often saves power so it is suggested whenever possible to fully pipeline this function.  If this DSP48 function was inferred, it is suggested to describe an additional register stage after this function.  If the DSP48 was instantiated in the design, it is suggested to set the PREG attribute to 1.
WARNING: [DRC DPOP-1] PREG Output pipelining: DSP system_i/tftlcd_0/inst/TFTLCDctrl_U0/rgb_u0/is_grape_border4__3 output system_i/tftlcd_0/inst/TFTLCDctrl_U0/rgb_u0/is_grape_border4__3/P[47:0] is not pipelined (PREG=0). Pipelining the DSP48 output will improve performance and often saves power so it is suggested whenever possible to fully pipeline this function.  If this DSP48 function was inferred, it is suggested to describe an additional register stage after this function.  If the DSP48 was instantiated in the design, it is suggested to set the PREG attribute to 1.
WARNING: [DRC DPOP-1] PREG Output pipelining: DSP system_i/tftlcd_0/inst/TFTLCDctrl_U0/rgb_u0/is_grape_border4__4 output system_i/tftlcd_0/inst/TFTLCDctrl_U0/rgb_u0/is_grape_border4__4/P[47:0] is not pipelined (PREG=0). Pipelining the DSP48 output will improve performance and often saves power so it is suggested whenever possible to fully pipeline this function.  If this DSP48 function was inferred, it is suggested to describe an additional register stage after this function.  If the DSP48 was instantiated in the design, it is suggested to set the PREG attribute to 1.
WARNING: [DRC DPOP-1] PREG Output pipelining: DSP system_i/tftlcd_0/inst/TFTLCDctrl_U0/rgb_u0/is_grape_border4__5 output system_i/tftlcd_0/inst/TFTLCDctrl_U0/rgb_u0/is_grape_border4__5/P[47:0] is not pipelined (PREG=0). Pipelining the DSP48 output will improve performance and often saves power so it is suggested whenever possible to fully pipeline this function.  If this DSP48 function was inferred, it is suggested to describe an additional register stage after this function.  If the DSP48 was instantiated in the design, it is suggested to set the PREG attribute to 1.
WARNING: [DRC DPOP-1] PREG Output pipelining: DSP system_i/tftlcd_0/inst/TFTLCDctrl_U0/rgb_u0/is_grape_border4__6 output system_i/tftlcd_0/inst/TFTLCDctrl_U0/rgb_u0/is_grape_border4__6/P[47:0] is not pipelined (PREG=0). Pipelining the DSP48 output will improve performance and often saves power so it is suggested whenever possible to fully pipeline this function.  If this DSP48 function was inferred, it is suggested to describe an additional register stage after this function.  If the DSP48 was instantiated in the design, it is suggested to set the PREG attribute to 1.
WARNING: [DRC DPOP-1] PREG Output pipelining: DSP system_i/tftlcd_0/inst/TFTLCDctrl_U0/rgb_u0/is_grape_border4__7 output system_i/tftlcd_0/inst/TFTLCDctrl_U0/rgb_u0/is_grape_border4__7/P[47:0] is not pipelined (PREG=0). Pipelining the DSP48 output will improve performance and often saves power so it is suggested whenever possible to fully pipeline this function.  If this DSP48 function was inferred, it is suggested to describe an additional register stage after this function.  If the DSP48 was instantiated in the design, it is suggested to set the PREG attribute to 1.
WARNING: [DRC DPOP-1] PREG Output pipelining: DSP system_i/tftlcd_0/inst/TFTLCDctrl_U0/rgb_u0/is_grape_border4__8 output system_i/tftlcd_0/inst/TFTLCDctrl_U0/rgb_u0/is_grape_border4__8/P[47:0] is not pipelined (PREG=0). Pipelining the DSP48 output will improve performance and often saves power so it is suggested whenever possible to fully pipeline this function.  If this DSP48 function was inferred, it is suggested to describe an additional register stage after this function.  If the DSP48 was instantiated in the design, it is suggested to set the PREG attribute to 1.
WARNING: [DRC DPOP-1] PREG Output pipelining: DSP system_i/tftlcd_0/inst/TFTLCDctrl_U0/rgb_u0/is_grape_border4__9 output system_i/tftlcd_0/inst/TFTLCDctrl_U0/rgb_u0/is_grape_border4__9/P[47:0] is not pipelined (PREG=0). Pipelining the DSP48 output will improve performance and often saves power so it is suggested whenever possible to fully pipeline this function.  If this DSP48 function was inferred, it is suggested to describe an additional register stage after this function.  If the DSP48 was instantiated in the design, it is suggested to set the PREG attribute to 1.
WARNING: [DRC DPOP-1] PREG Output pipelining: DSP system_i/tftlcd_0/inst/TFTLCDctrl_U0/rgb_u0/p_1_out output system_i/tftlcd_0/inst/TFTLCDctrl_U0/rgb_u0/p_1_out/P[47:0] is not pipelined (PREG=0). Pipelining the DSP48 output will improve performance and often saves power so it is suggested whenever possible to fully pipeline this function.  If this DSP48 function was inferred, it is suggested to describe an additional register stage after this function.  If the DSP48 was instantiated in the design, it is suggested to set the PREG attribute to 1.
WARNING: [DRC DPOP-1] PREG Output pipelining: DSP system_i/tftlcd_0/inst/TFTLCDctrl_U0/rgb_u0/p_1_out__0 output system_i/tftlcd_0/inst/TFTLCDctrl_U0/rgb_u0/p_1_out__0/P[47:0] is not pipelined (PREG=0). Pipelining the DSP48 output will improve performance and often saves power so it is suggested whenever possible to fully pipeline this function.  If this DSP48 function was inferred, it is suggested to describe an additional register stage after this function.  If the DSP48 was instantiated in the design, it is suggested to set the PREG attribute to 1.
WARNING: [DRC DPOP-1] PREG Output pipelining: DSP system_i/tftlcd_0/inst/TFTLCDctrl_U0/rgb_u0/p_1_out__1 output system_i/tftlcd_0/inst/TFTLCDctrl_U0/rgb_u0/p_1_out__1/P[47:0] is not pipelined (PREG=0). Pipelining the DSP48 output will improve performance and often saves power so it is suggested whenever possible to fully pipeline this function.  If this DSP48 function was inferred, it is suggested to describe an additional register stage after this function.  If the DSP48 was instantiated in the design, it is suggested to set the PREG attribute to 1.
WARNING: [DRC DPOP-1] PREG Output pipelining: DSP system_i/tftlcd_0/inst/TFTLCDctrl_U0/rgb_u0/p_1_out__10 output system_i/tftlcd_0/inst/TFTLCDctrl_U0/rgb_u0/p_1_out__10/P[47:0] is not pipelined (PREG=0). Pipelining the DSP48 output will improve performance and often saves power so it is suggested whenever possible to fully pipeline this function.  If this DSP48 function was inferred, it is suggested to describe an additional register stage after this function.  If the DSP48 was instantiated in the design, it is suggested to set the PREG attribute to 1.
WARNING: [DRC DPOP-1] PREG Output pipelining: DSP system_i/tftlcd_0/inst/TFTLCDctrl_U0/rgb_u0/p_1_out__11 output system_i/tftlcd_0/inst/TFTLCDctrl_U0/rgb_u0/p_1_out__11/P[47:0] is not pipelined (PREG=0). Pipelining the DSP48 output will improve performance and often saves power so it is suggested whenever possible to fully pipeline this function.  If this DSP48 function was inferred, it is suggested to describe an additional register stage after this function.  If the DSP48 was instantiated in the design, it is suggested to set the PREG attribute to 1.
WARNING: [DRC DPOP-1] PREG Output pipelining: DSP system_i/tftlcd_0/inst/TFTLCDctrl_U0/rgb_u0/p_1_out__12 output system_i/tftlcd_0/inst/TFTLCDctrl_U0/rgb_u0/p_1_out__12/P[47:0] is not pipelined (PREG=0). Pipelining the DSP48 output will improve performance and often saves power so it is suggested whenever possible to fully pipeline this function.  If this DSP48 function was inferred, it is suggested to describe an additional register stage after this function.  If the DSP48 was instantiated in the design, it is suggested to set the PREG attribute to 1.
WARNING: [DRC DPOP-1] PREG Output pipelining: DSP system_i/tftlcd_0/inst/TFTLCDctrl_U0/rgb_u0/p_1_out__13 output system_i/tftlcd_0/inst/TFTLCDctrl_U0/rgb_u0/p_1_out__13/P[47:0] is not pipelined (PREG=0). Pipelining the DSP48 output will improve performance and often saves power so it is suggested whenever possible to fully pipeline this function.  If this DSP48 function was inferred, it is suggested to describe an additional register stage after this function.  If the DSP48 was instantiated in the design, it is suggested to set the PREG attribute to 1.
WARNING: [DRC DPOP-1] PREG Output pipelining: DSP system_i/tftlcd_0/inst/TFTLCDctrl_U0/rgb_u0/p_1_out__14 output system_i/tftlcd_0/inst/TFTLCDctrl_U0/rgb_u0/p_1_out__14/P[47:0] is not pipelined (PREG=0). Pipelining the DSP48 output will improve performance and often saves power so it is suggested whenever possible to fully pipeline this function.  If this DSP48 function was inferred, it is suggested to describe an additional register stage after this function.  If the DSP48 was instantiated in the design, it is suggested to set the PREG attribute to 1.
WARNING: [DRC DPOP-1] PREG Output pipelining: DSP system_i/tftlcd_0/inst/TFTLCDctrl_U0/rgb_u0/p_1_out__15 output system_i/tftlcd_0/inst/TFTLCDctrl_U0/rgb_u0/p_1_out__15/P[47:0] is not pipelined (PREG=0). Pipelining the DSP48 output will improve performance and often saves power so it is suggested whenever possible to fully pipeline this function.  If this DSP48 function was inferred, it is suggested to describe an additional register stage after this function.  If the DSP48 was instantiated in the design, it is suggested to set the PREG attribute to 1.
WARNING: [DRC DPOP-1] PREG Output pipelining: DSP system_i/tftlcd_0/inst/TFTLCDctrl_U0/rgb_u0/p_1_out__16 output system_i/tftlcd_0/inst/TFTLCDctrl_U0/rgb_u0/p_1_out__16/P[47:0] is not pipelined (PREG=0). Pipelining the DSP48 output will improve performance and often saves power so it is suggested whenever possible to fully pipeline this function.  If this DSP48 function was inferred, it is suggested to describe an additional register stage after this function.  If the DSP48 was instantiated in the design, it is suggested to set the PREG attribute to 1.
WARNING: [DRC DPOP-1] PREG Output pipelining: DSP system_i/tftlcd_0/inst/TFTLCDctrl_U0/rgb_u0/p_1_out__17 output system_i/tftlcd_0/inst/TFTLCDctrl_U0/rgb_u0/p_1_out__17/P[47:0] is not pipelined (PREG=0). Pipelining the DSP48 output will improve performance and often saves power so it is suggested whenever possible to fully pipeline this function.  If this DSP48 function was inferred, it is suggested to describe an additional register stage after this function.  If the DSP48 was instantiated in the design, it is suggested to set the PREG attribute to 1.
WARNING: [DRC DPOP-1] PREG Output pipelining: DSP system_i/tftlcd_0/inst/TFTLCDctrl_U0/rgb_u0/p_1_out__18 output system_i/tftlcd_0/inst/TFTLCDctrl_U0/rgb_u0/p_1_out__18/P[47:0] is not pipelined (PREG=0). Pipelining the DSP48 output will improve performance and often saves power so it is suggested whenever possible to fully pipeline this function.  If this DSP48 function was inferred, it is suggested to describe an additional register stage after this function.  If the DSP48 was instantiated in the design, it is suggested to set the PREG attribute to 1.
WARNING: [DRC DPOP-1] PREG Output pipelining: DSP system_i/tftlcd_0/inst/TFTLCDctrl_U0/rgb_u0/p_1_out__19 output system_i/tftlcd_0/inst/TFTLCDctrl_U0/rgb_u0/p_1_out__19/P[47:0] is not pipelined (PREG=0). Pipelining the DSP48 output will improve performance and often saves power so it is suggested whenever possible to fully pipeline this function.  If this DSP48 function was inferred, it is suggested to describe an additional register stage after this function.  If the DSP48 was instantiated in the design, it is suggested to set the PREG attribute to 1.
WARNING: [DRC DPOP-1] PREG Output pipelining: DSP system_i/tftlcd_0/inst/TFTLCDctrl_U0/rgb_u0/p_1_out__2 output system_i/tftlcd_0/inst/TFTLCDctrl_U0/rgb_u0/p_1_out__2/P[47:0] is not pipelined (PREG=0). Pipelining the DSP48 output will improve performance and often saves power so it is suggested whenever possible to fully pipeline this function.  If this DSP48 function was inferred, it is suggested to describe an additional register stage after this function.  If the DSP48 was instantiated in the design, it is suggested to set the PREG attribute to 1.
WARNING: [DRC DPOP-1] PREG Output pipelining: DSP system_i/tftlcd_0/inst/TFTLCDctrl_U0/rgb_u0/p_1_out__20 output system_i/tftlcd_0/inst/TFTLCDctrl_U0/rgb_u0/p_1_out__20/P[47:0] is not pipelined (PREG=0). Pipelining the DSP48 output will improve performance and often saves power so it is suggested whenever possible to fully pipeline this function.  If this DSP48 function was inferred, it is suggested to describe an additional register stage after this function.  If the DSP48 was instantiated in the design, it is suggested to set the PREG attribute to 1.
WARNING: [DRC DPOP-1] PREG Output pipelining: DSP system_i/tftlcd_0/inst/TFTLCDctrl_U0/rgb_u0/p_1_out__21 output system_i/tftlcd_0/inst/TFTLCDctrl_U0/rgb_u0/p_1_out__21/P[47:0] is not pipelined (PREG=0). Pipelining the DSP48 output will improve performance and often saves power so it is suggested whenever possible to fully pipeline this function.  If this DSP48 function was inferred, it is suggested to describe an additional register stage after this function.  If the DSP48 was instantiated in the design, it is suggested to set the PREG attribute to 1.
WARNING: [DRC DPOP-1] PREG Output pipelining: DSP system_i/tftlcd_0/inst/TFTLCDctrl_U0/rgb_u0/p_1_out__22 output system_i/tftlcd_0/inst/TFTLCDctrl_U0/rgb_u0/p_1_out__22/P[47:0] is not pipelined (PREG=0). Pipelining the DSP48 output will improve performance and often saves power so it is suggested whenever possible to fully pipeline this function.  If this DSP48 function was inferred, it is suggested to describe an additional register stage after this function.  If the DSP48 was instantiated in the design, it is suggested to set the PREG attribute to 1.
WARNING: [DRC DPOP-1] PREG Output pipelining: DSP system_i/tftlcd_0/inst/TFTLCDctrl_U0/rgb_u0/p_1_out__23 output system_i/tftlcd_0/inst/TFTLCDctrl_U0/rgb_u0/p_1_out__23/P[47:0] is not pipelined (PREG=0). Pipelining the DSP48 output will improve performance and often saves power so it is suggested whenever possible to fully pipeline this function.  If this DSP48 function was inferred, it is suggested to describe an additional register stage after this function.  If the DSP48 was instantiated in the design, it is suggested to set the PREG attribute to 1.
WARNING: [DRC DPOP-1] PREG Output pipelining: DSP system_i/tftlcd_0/inst/TFTLCDctrl_U0/rgb_u0/p_1_out__24 output system_i/tftlcd_0/inst/TFTLCDctrl_U0/rgb_u0/p_1_out__24/P[47:0] is not pipelined (PREG=0). Pipelining the DSP48 output will improve performance and often saves power so it is suggested whenever possible to fully pipeline this function.  If this DSP48 function was inferred, it is suggested to describe an additional register stage after this function.  If the DSP48 was instantiated in the design, it is suggested to set the PREG attribute to 1.
WARNING: [DRC DPOP-1] PREG Output pipelining: DSP system_i/tftlcd_0/inst/TFTLCDctrl_U0/rgb_u0/p_1_out__25 output system_i/tftlcd_0/inst/TFTLCDctrl_U0/rgb_u0/p_1_out__25/P[47:0] is not pipelined (PREG=0). Pipelining the DSP48 output will improve performance and often saves power so it is suggested whenever possible to fully pipeline this function.  If this DSP48 function was inferred, it is suggested to describe an additional register stage after this function.  If the DSP48 was instantiated in the design, it is suggested to set the PREG attribute to 1.
WARNING: [DRC DPOP-1] PREG Output pipelining: DSP system_i/tftlcd_0/inst/TFTLCDctrl_U0/rgb_u0/p_1_out__26 output system_i/tftlcd_0/inst/TFTLCDctrl_U0/rgb_u0/p_1_out__26/P[47:0] is not pipelined (PREG=0). Pipelining the DSP48 output will improve performance and often saves power so it is suggested whenever possible to fully pipeline this function.  If this DSP48 function was inferred, it is suggested to describe an additional register stage after this function.  If the DSP48 was instantiated in the design, it is suggested to set the PREG attribute to 1.
WARNING: [DRC DPOP-1] PREG Output pipelining: DSP system_i/tftlcd_0/inst/TFTLCDctrl_U0/rgb_u0/p_1_out__27 output system_i/tftlcd_0/inst/TFTLCDctrl_U0/rgb_u0/p_1_out__27/P[47:0] is not pipelined (PREG=0). Pipelining the DSP48 output will improve performance and often saves power so it is suggested whenever possible to fully pipeline this function.  If this DSP48 function was inferred, it is suggested to describe an additional register stage after this function.  If the DSP48 was instantiated in the design, it is suggested to set the PREG attribute to 1.
WARNING: [DRC DPOP-1] PREG Output pipelining: DSP system_i/tftlcd_0/inst/TFTLCDctrl_U0/rgb_u0/p_1_out__28 output system_i/tftlcd_0/inst/TFTLCDctrl_U0/rgb_u0/p_1_out__28/P[47:0] is not pipelined (PREG=0). Pipelining the DSP48 output will improve performance and often saves power so it is suggested whenever possible to fully pipeline this function.  If this DSP48 function was inferred, it is suggested to describe an additional register stage after this function.  If the DSP48 was instantiated in the design, it is suggested to set the PREG attribute to 1.
WARNING: [DRC DPOP-1] PREG Output pipelining: DSP system_i/tftlcd_0/inst/TFTLCDctrl_U0/rgb_u0/p_1_out__3 output system_i/tftlcd_0/inst/TFTLCDctrl_U0/rgb_u0/p_1_out__3/P[47:0] is not pipelined (PREG=0). Pipelining the DSP48 output will improve performance and often saves power so it is suggested whenever possible to fully pipeline this function.  If this DSP48 function was inferred, it is suggested to describe an additional register stage after this function.  If the DSP48 was instantiated in the design, it is suggested to set the PREG attribute to 1.
WARNING: [DRC DPOP-1] PREG Output pipelining: DSP system_i/tftlcd_0/inst/TFTLCDctrl_U0/rgb_u0/p_1_out__4 output system_i/tftlcd_0/inst/TFTLCDctrl_U0/rgb_u0/p_1_out__4/P[47:0] is not pipelined (PREG=0). Pipelining the DSP48 output will improve performance and often saves power so it is suggested whenever possible to fully pipeline this function.  If this DSP48 function was inferred, it is suggested to describe an additional register stage after this function.  If the DSP48 was instantiated in the design, it is suggested to set the PREG attribute to 1.
WARNING: [DRC DPOP-1] PREG Output pipelining: DSP system_i/tftlcd_0/inst/TFTLCDctrl_U0/rgb_u0/p_1_out__5 output system_i/tftlcd_0/inst/TFTLCDctrl_U0/rgb_u0/p_1_out__5/P[47:0] is not pipelined (PREG=0). Pipelining the DSP48 output will improve performance and often saves power so it is suggested whenever possible to fully pipeline this function.  If this DSP48 function was inferred, it is suggested to describe an additional register stage after this function.  If the DSP48 was instantiated in the design, it is suggested to set the PREG attribute to 1.
WARNING: [DRC DPOP-1] PREG Output pipelining: DSP system_i/tftlcd_0/inst/TFTLCDctrl_U0/rgb_u0/p_1_out__6 output system_i/tftlcd_0/inst/TFTLCDctrl_U0/rgb_u0/p_1_out__6/P[47:0] is not pipelined (PREG=0). Pipelining the DSP48 output will improve performance and often saves power so it is suggested whenever possible to fully pipeline this function.  If this DSP48 function was inferred, it is suggested to describe an additional register stage after this function.  If the DSP48 was instantiated in the design, it is suggested to set the PREG attribute to 1.
WARNING: [DRC DPOP-1] PREG Output pipelining: DSP system_i/tftlcd_0/inst/TFTLCDctrl_U0/rgb_u0/p_1_out__7 output system_i/tftlcd_0/inst/TFTLCDctrl_U0/rgb_u0/p_1_out__7/P[47:0] is not pipelined (PREG=0). Pipelining the DSP48 output will improve performance and often saves power so it is suggested whenever possible to fully pipeline this function.  If this DSP48 function was inferred, it is suggested to describe an additional register stage after this function.  If the DSP48 was instantiated in the design, it is suggested to set the PREG attribute to 1.
WARNING: [DRC DPOP-1] PREG Output pipelining: DSP system_i/tftlcd_0/inst/TFTLCDctrl_U0/rgb_u0/p_1_out__8 output system_i/tftlcd_0/inst/TFTLCDctrl_U0/rgb_u0/p_1_out__8/P[47:0] is not pipelined (PREG=0). Pipelining the DSP48 output will improve performance and often saves power so it is suggested whenever possible to fully pipeline this function.  If this DSP48 function was inferred, it is suggested to describe an additional register stage after this function.  If the DSP48 was instantiated in the design, it is suggested to set the PREG attribute to 1.
WARNING: [DRC DPOP-1] PREG Output pipelining: DSP system_i/tftlcd_0/inst/TFTLCDctrl_U0/rgb_u0/p_1_out__9 output system_i/tftlcd_0/inst/TFTLCDctrl_U0/rgb_u0/p_1_out__9/P[47:0] is not pipelined (PREG=0). Pipelining the DSP48 output will improve performance and often saves power so it is suggested whenever possible to fully pipeline this function.  If this DSP48 function was inferred, it is suggested to describe an additional register stage after this function.  If the DSP48 was instantiated in the design, it is suggested to set the PREG attribute to 1.
WARNING: [DRC DPOP-2] MREG Output pipelining: DSP system_i/tftlcd_0/inst/TFTLCDctrl_U0/rgb_u0/is_circle_border_return2 multiplier stage system_i/tftlcd_0/inst/TFTLCDctrl_U0/rgb_u0/is_circle_border_return2/P[47:0] is not pipelined (MREG=0). Pipelining the multiplier function will improve performance and will save significant power so it is suggested whenever possible to fully pipeline this function.  If this multiplier was inferred, it is suggested to describe an additional register stage after this function.  If there is no registered adder/accumulator following the multiply function, two pipeline stages are suggested to allow both the MREG and PREG registers to be used.  If the DSP48 was instantiated in the design, it is suggested to set both the MREG and PREG attributes to 1 when performing multiply functions.
WARNING: [DRC DPOP-2] MREG Output pipelining: DSP system_i/tftlcd_0/inst/TFTLCDctrl_U0/rgb_u0/is_circle_border_return2__0 multiplier stage system_i/tftlcd_0/inst/TFTLCDctrl_U0/rgb_u0/is_circle_border_return2__0/P[47:0] is not pipelined (MREG=0). Pipelining the multiplier function will improve performance and will save significant power so it is suggested whenever possible to fully pipeline this function.  If this multiplier was inferred, it is suggested to describe an additional register stage after this function.  If there is no registered adder/accumulator following the multiply function, two pipeline stages are suggested to allow both the MREG and PREG registers to be used.  If the DSP48 was instantiated in the design, it is suggested to set both the MREG and PREG attributes to 1 when performing multiply functions.
WARNING: [DRC DPOP-2] MREG Output pipelining: DSP system_i/tftlcd_0/inst/TFTLCDctrl_U0/rgb_u0/is_circle_border_return2__1 multiplier stage system_i/tftlcd_0/inst/TFTLCDctrl_U0/rgb_u0/is_circle_border_return2__1/P[47:0] is not pipelined (MREG=0). Pipelining the multiplier function will improve performance and will save significant power so it is suggested whenever possible to fully pipeline this function.  If this multiplier was inferred, it is suggested to describe an additional register stage after this function.  If there is no registered adder/accumulator following the multiply function, two pipeline stages are suggested to allow both the MREG and PREG registers to be used.  If the DSP48 was instantiated in the design, it is suggested to set both the MREG and PREG attributes to 1 when performing multiply functions.
WARNING: [DRC DPOP-2] MREG Output pipelining: DSP system_i/tftlcd_0/inst/TFTLCDctrl_U0/rgb_u0/is_circle_border_return2__2 multiplier stage system_i/tftlcd_0/inst/TFTLCDctrl_U0/rgb_u0/is_circle_border_return2__2/P[47:0] is not pipelined (MREG=0). Pipelining the multiplier function will improve performance and will save significant power so it is suggested whenever possible to fully pipeline this function.  If this multiplier was inferred, it is suggested to describe an additional register stage after this function.  If there is no registered adder/accumulator following the multiply function, two pipeline stages are suggested to allow both the MREG and PREG registers to be used.  If the DSP48 was instantiated in the design, it is suggested to set both the MREG and PREG attributes to 1 when performing multiply functions.
WARNING: [DRC DPOP-2] MREG Output pipelining: DSP system_i/tftlcd_0/inst/TFTLCDctrl_U0/rgb_u0/is_circle_border_return2__3 multiplier stage system_i/tftlcd_0/inst/TFTLCDctrl_U0/rgb_u0/is_circle_border_return2__3/P[47:0] is not pipelined (MREG=0). Pipelining the multiplier function will improve performance and will save significant power so it is suggested whenever possible to fully pipeline this function.  If this multiplier was inferred, it is suggested to describe an additional register stage after this function.  If there is no registered adder/accumulator following the multiply function, two pipeline stages are suggested to allow both the MREG and PREG registers to be used.  If the DSP48 was instantiated in the design, it is suggested to set both the MREG and PREG attributes to 1 when performing multiply functions.
WARNING: [DRC DPOP-2] MREG Output pipelining: DSP system_i/tftlcd_0/inst/TFTLCDctrl_U0/rgb_u0/is_circle_border_return2__4 multiplier stage system_i/tftlcd_0/inst/TFTLCDctrl_U0/rgb_u0/is_circle_border_return2__4/P[47:0] is not pipelined (MREG=0). Pipelining the multiplier function will improve performance and will save significant power so it is suggested whenever possible to fully pipeline this function.  If this multiplier was inferred, it is suggested to describe an additional register stage after this function.  If there is no registered adder/accumulator following the multiply function, two pipeline stages are suggested to allow both the MREG and PREG registers to be used.  If the DSP48 was instantiated in the design, it is suggested to set both the MREG and PREG attributes to 1 when performing multiply functions.
WARNING: [DRC DPOP-2] MREG Output pipelining: DSP system_i/tftlcd_0/inst/TFTLCDctrl_U0/rgb_u0/is_grape_border3 multiplier stage system_i/tftlcd_0/inst/TFTLCDctrl_U0/rgb_u0/is_grape_border3/P[47:0] is not pipelined (MREG=0). Pipelining the multiplier function will improve performance and will save significant power so it is suggested whenever possible to fully pipeline this function.  If this multiplier was inferred, it is suggested to describe an additional register stage after this function.  If there is no registered adder/accumulator following the multiply function, two pipeline stages are suggested to allow both the MREG and PREG registers to be used.  If the DSP48 was instantiated in the design, it is suggested to set both the MREG and PREG attributes to 1 when performing multiply functions.
WARNING: [DRC DPOP-2] MREG Output pipelining: DSP system_i/tftlcd_0/inst/TFTLCDctrl_U0/rgb_u0/is_grape_border3__0 multiplier stage system_i/tftlcd_0/inst/TFTLCDctrl_U0/rgb_u0/is_grape_border3__0/P[47:0] is not pipelined (MREG=0). Pipelining the multiplier function will improve performance and will save significant power so it is suggested whenever possible to fully pipeline this function.  If this multiplier was inferred, it is suggested to describe an additional register stage after this function.  If there is no registered adder/accumulator following the multiply function, two pipeline stages are suggested to allow both the MREG and PREG registers to be used.  If the DSP48 was instantiated in the design, it is suggested to set both the MREG and PREG attributes to 1 when performing multiply functions.
WARNING: [DRC DPOP-2] MREG Output pipelining: DSP system_i/tftlcd_0/inst/TFTLCDctrl_U0/rgb_u0/is_grape_border3__1 multiplier stage system_i/tftlcd_0/inst/TFTLCDctrl_U0/rgb_u0/is_grape_border3__1/P[47:0] is not pipelined (MREG=0). Pipelining the multiplier function will improve performance and will save significant power so it is suggested whenever possible to fully pipeline this function.  If this multiplier was inferred, it is suggested to describe an additional register stage after this function.  If there is no registered adder/accumulator following the multiply function, two pipeline stages are suggested to allow both the MREG and PREG registers to be used.  If the DSP48 was instantiated in the design, it is suggested to set both the MREG and PREG attributes to 1 when performing multiply functions.
WARNING: [DRC DPOP-2] MREG Output pipelining: DSP system_i/tftlcd_0/inst/TFTLCDctrl_U0/rgb_u0/is_grape_border4 multiplier stage system_i/tftlcd_0/inst/TFTLCDctrl_U0/rgb_u0/is_grape_border4/P[47:0] is not pipelined (MREG=0). Pipelining the multiplier function will improve performance and will save significant power so it is suggested whenever possible to fully pipeline this function.  If this multiplier was inferred, it is suggested to describe an additional register stage after this function.  If there is no registered adder/accumulator following the multiply function, two pipeline stages are suggested to allow both the MREG and PREG registers to be used.  If the DSP48 was instantiated in the design, it is suggested to set both the MREG and PREG attributes to 1 when performing multiply functions.
WARNING: [DRC DPOP-2] MREG Output pipelining: DSP system_i/tftlcd_0/inst/TFTLCDctrl_U0/rgb_u0/is_grape_border4__0 multiplier stage system_i/tftlcd_0/inst/TFTLCDctrl_U0/rgb_u0/is_grape_border4__0/P[47:0] is not pipelined (MREG=0). Pipelining the multiplier function will improve performance and will save significant power so it is suggested whenever possible to fully pipeline this function.  If this multiplier was inferred, it is suggested to describe an additional register stage after this function.  If there is no registered adder/accumulator following the multiply function, two pipeline stages are suggested to allow both the MREG and PREG registers to be used.  If the DSP48 was instantiated in the design, it is suggested to set both the MREG and PREG attributes to 1 when performing multiply functions.
WARNING: [DRC DPOP-2] MREG Output pipelining: DSP system_i/tftlcd_0/inst/TFTLCDctrl_U0/rgb_u0/is_grape_border4__1 multiplier stage system_i/tftlcd_0/inst/TFTLCDctrl_U0/rgb_u0/is_grape_border4__1/P[47:0] is not pipelined (MREG=0). Pipelining the multiplier function will improve performance and will save significant power so it is suggested whenever possible to fully pipeline this function.  If this multiplier was inferred, it is suggested to describe an additional register stage after this function.  If there is no registered adder/accumulator following the multiply function, two pipeline stages are suggested to allow both the MREG and PREG registers to be used.  If the DSP48 was instantiated in the design, it is suggested to set both the MREG and PREG attributes to 1 when performing multiply functions.
WARNING: [DRC DPOP-2] MREG Output pipelining: DSP system_i/tftlcd_0/inst/TFTLCDctrl_U0/rgb_u0/is_grape_border4__10 multiplier stage system_i/tftlcd_0/inst/TFTLCDctrl_U0/rgb_u0/is_grape_border4__10/P[47:0] is not pipelined (MREG=0). Pipelining the multiplier function will improve performance and will save significant power so it is suggested whenever possible to fully pipeline this function.  If this multiplier was inferred, it is suggested to describe an additional register stage after this function.  If there is no registered adder/accumulator following the multiply function, two pipeline stages are suggested to allow both the MREG and PREG registers to be used.  If the DSP48 was instantiated in the design, it is suggested to set both the MREG and PREG attributes to 1 when performing multiply functions.
WARNING: [DRC DPOP-2] MREG Output pipelining: DSP system_i/tftlcd_0/inst/TFTLCDctrl_U0/rgb_u0/is_grape_border4__11 multiplier stage system_i/tftlcd_0/inst/TFTLCDctrl_U0/rgb_u0/is_grape_border4__11/P[47:0] is not pipelined (MREG=0). Pipelining the multiplier function will improve performance and will save significant power so it is suggested whenever possible to fully pipeline this function.  If this multiplier was inferred, it is suggested to describe an additional register stage after this function.  If there is no registered adder/accumulator following the multiply function, two pipeline stages are suggested to allow both the MREG and PREG registers to be used.  If the DSP48 was instantiated in the design, it is suggested to set both the MREG and PREG attributes to 1 when performing multiply functions.
WARNING: [DRC DPOP-2] MREG Output pipelining: DSP system_i/tftlcd_0/inst/TFTLCDctrl_U0/rgb_u0/is_grape_border4__12 multiplier stage system_i/tftlcd_0/inst/TFTLCDctrl_U0/rgb_u0/is_grape_border4__12/P[47:0] is not pipelined (MREG=0). Pipelining the multiplier function will improve performance and will save significant power so it is suggested whenever possible to fully pipeline this function.  If this multiplier was inferred, it is suggested to describe an additional register stage after this function.  If there is no registered adder/accumulator following the multiply function, two pipeline stages are suggested to allow both the MREG and PREG registers to be used.  If the DSP48 was instantiated in the design, it is suggested to set both the MREG and PREG attributes to 1 when performing multiply functions.
WARNING: [DRC DPOP-2] MREG Output pipelining: DSP system_i/tftlcd_0/inst/TFTLCDctrl_U0/rgb_u0/is_grape_border4__13 multiplier stage system_i/tftlcd_0/inst/TFTLCDctrl_U0/rgb_u0/is_grape_border4__13/P[47:0] is not pipelined (MREG=0). Pipelining the multiplier function will improve performance and will save significant power so it is suggested whenever possible to fully pipeline this function.  If this multiplier was inferred, it is suggested to describe an additional register stage after this function.  If there is no registered adder/accumulator following the multiply function, two pipeline stages are suggested to allow both the MREG and PREG registers to be used.  If the DSP48 was instantiated in the design, it is suggested to set both the MREG and PREG attributes to 1 when performing multiply functions.
WARNING: [DRC DPOP-2] MREG Output pipelining: DSP system_i/tftlcd_0/inst/TFTLCDctrl_U0/rgb_u0/is_grape_border4__14 multiplier stage system_i/tftlcd_0/inst/TFTLCDctrl_U0/rgb_u0/is_grape_border4__14/P[47:0] is not pipelined (MREG=0). Pipelining the multiplier function will improve performance and will save significant power so it is suggested whenever possible to fully pipeline this function.  If this multiplier was inferred, it is suggested to describe an additional register stage after this function.  If there is no registered adder/accumulator following the multiply function, two pipeline stages are suggested to allow both the MREG and PREG registers to be used.  If the DSP48 was instantiated in the design, it is suggested to set both the MREG and PREG attributes to 1 when performing multiply functions.
WARNING: [DRC DPOP-2] MREG Output pipelining: DSP system_i/tftlcd_0/inst/TFTLCDctrl_U0/rgb_u0/is_grape_border4__15 multiplier stage system_i/tftlcd_0/inst/TFTLCDctrl_U0/rgb_u0/is_grape_border4__15/P[47:0] is not pipelined (MREG=0). Pipelining the multiplier function will improve performance and will save significant power so it is suggested whenever possible to fully pipeline this function.  If this multiplier was inferred, it is suggested to describe an additional register stage after this function.  If there is no registered adder/accumulator following the multiply function, two pipeline stages are suggested to allow both the MREG and PREG registers to be used.  If the DSP48 was instantiated in the design, it is suggested to set both the MREG and PREG attributes to 1 when performing multiply functions.
WARNING: [DRC DPOP-2] MREG Output pipelining: DSP system_i/tftlcd_0/inst/TFTLCDctrl_U0/rgb_u0/is_grape_border4__16 multiplier stage system_i/tftlcd_0/inst/TFTLCDctrl_U0/rgb_u0/is_grape_border4__16/P[47:0] is not pipelined (MREG=0). Pipelining the multiplier function will improve performance and will save significant power so it is suggested whenever possible to fully pipeline this function.  If this multiplier was inferred, it is suggested to describe an additional register stage after this function.  If there is no registered adder/accumulator following the multiply function, two pipeline stages are suggested to allow both the MREG and PREG registers to be used.  If the DSP48 was instantiated in the design, it is suggested to set both the MREG and PREG attributes to 1 when performing multiply functions.
WARNING: [DRC DPOP-2] MREG Output pipelining: DSP system_i/tftlcd_0/inst/TFTLCDctrl_U0/rgb_u0/is_grape_border4__17 multiplier stage system_i/tftlcd_0/inst/TFTLCDctrl_U0/rgb_u0/is_grape_border4__17/P[47:0] is not pipelined (MREG=0). Pipelining the multiplier function will improve performance and will save significant power so it is suggested whenever possible to fully pipeline this function.  If this multiplier was inferred, it is suggested to describe an additional register stage after this function.  If there is no registered adder/accumulator following the multiply function, two pipeline stages are suggested to allow both the MREG and PREG registers to be used.  If the DSP48 was instantiated in the design, it is suggested to set both the MREG and PREG attributes to 1 when performing multiply functions.
WARNING: [DRC DPOP-2] MREG Output pipelining: DSP system_i/tftlcd_0/inst/TFTLCDctrl_U0/rgb_u0/is_grape_border4__18 multiplier stage system_i/tftlcd_0/inst/TFTLCDctrl_U0/rgb_u0/is_grape_border4__18/P[47:0] is not pipelined (MREG=0). Pipelining the multiplier function will improve performance and will save significant power so it is suggested whenever possible to fully pipeline this function.  If this multiplier was inferred, it is suggested to describe an additional register stage after this function.  If there is no registered adder/accumulator following the multiply function, two pipeline stages are suggested to allow both the MREG and PREG registers to be used.  If the DSP48 was instantiated in the design, it is suggested to set both the MREG and PREG attributes to 1 when performing multiply functions.
WARNING: [DRC DPOP-2] MREG Output pipelining: DSP system_i/tftlcd_0/inst/TFTLCDctrl_U0/rgb_u0/is_grape_border4__19 multiplier stage system_i/tftlcd_0/inst/TFTLCDctrl_U0/rgb_u0/is_grape_border4__19/P[47:0] is not pipelined (MREG=0). Pipelining the multiplier function will improve performance and will save significant power so it is suggested whenever possible to fully pipeline this function.  If this multiplier was inferred, it is suggested to describe an additional register stage after this function.  If there is no registered adder/accumulator following the multiply function, two pipeline stages are suggested to allow both the MREG and PREG registers to be used.  If the DSP48 was instantiated in the design, it is suggested to set both the MREG and PREG attributes to 1 when performing multiply functions.
WARNING: [DRC DPOP-2] MREG Output pipelining: DSP system_i/tftlcd_0/inst/TFTLCDctrl_U0/rgb_u0/is_grape_border4__2 multiplier stage system_i/tftlcd_0/inst/TFTLCDctrl_U0/rgb_u0/is_grape_border4__2/P[47:0] is not pipelined (MREG=0). Pipelining the multiplier function will improve performance and will save significant power so it is suggested whenever possible to fully pipeline this function.  If this multiplier was inferred, it is suggested to describe an additional register stage after this function.  If there is no registered adder/accumulator following the multiply function, two pipeline stages are suggested to allow both the MREG and PREG registers to be used.  If the DSP48 was instantiated in the design, it is suggested to set both the MREG and PREG attributes to 1 when performing multiply functions.
WARNING: [DRC DPOP-2] MREG Output pipelining: DSP system_i/tftlcd_0/inst/TFTLCDctrl_U0/rgb_u0/is_grape_border4__3 multiplier stage system_i/tftlcd_0/inst/TFTLCDctrl_U0/rgb_u0/is_grape_border4__3/P[47:0] is not pipelined (MREG=0). Pipelining the multiplier function will improve performance and will save significant power so it is suggested whenever possible to fully pipeline this function.  If this multiplier was inferred, it is suggested to describe an additional register stage after this function.  If there is no registered adder/accumulator following the multiply function, two pipeline stages are suggested to allow both the MREG and PREG registers to be used.  If the DSP48 was instantiated in the design, it is suggested to set both the MREG and PREG attributes to 1 when performing multiply functions.
WARNING: [DRC DPOP-2] MREG Output pipelining: DSP system_i/tftlcd_0/inst/TFTLCDctrl_U0/rgb_u0/is_grape_border4__4 multiplier stage system_i/tftlcd_0/inst/TFTLCDctrl_U0/rgb_u0/is_grape_border4__4/P[47:0] is not pipelined (MREG=0). Pipelining the multiplier function will improve performance and will save significant power so it is suggested whenever possible to fully pipeline this function.  If this multiplier was inferred, it is suggested to describe an additional register stage after this function.  If there is no registered adder/accumulator following the multiply function, two pipeline stages are suggested to allow both the MREG and PREG registers to be used.  If the DSP48 was instantiated in the design, it is suggested to set both the MREG and PREG attributes to 1 when performing multiply functions.
WARNING: [DRC DPOP-2] MREG Output pipelining: DSP system_i/tftlcd_0/inst/TFTLCDctrl_U0/rgb_u0/is_grape_border4__5 multiplier stage system_i/tftlcd_0/inst/TFTLCDctrl_U0/rgb_u0/is_grape_border4__5/P[47:0] is not pipelined (MREG=0). Pipelining the multiplier function will improve performance and will save significant power so it is suggested whenever possible to fully pipeline this function.  If this multiplier was inferred, it is suggested to describe an additional register stage after this function.  If there is no registered adder/accumulator following the multiply function, two pipeline stages are suggested to allow both the MREG and PREG registers to be used.  If the DSP48 was instantiated in the design, it is suggested to set both the MREG and PREG attributes to 1 when performing multiply functions.
WARNING: [DRC DPOP-2] MREG Output pipelining: DSP system_i/tftlcd_0/inst/TFTLCDctrl_U0/rgb_u0/is_grape_border4__6 multiplier stage system_i/tftlcd_0/inst/TFTLCDctrl_U0/rgb_u0/is_grape_border4__6/P[47:0] is not pipelined (MREG=0). Pipelining the multiplier function will improve performance and will save significant power so it is suggested whenever possible to fully pipeline this function.  If this multiplier was inferred, it is suggested to describe an additional register stage after this function.  If there is no registered adder/accumulator following the multiply function, two pipeline stages are suggested to allow both the MREG and PREG registers to be used.  If the DSP48 was instantiated in the design, it is suggested to set both the MREG and PREG attributes to 1 when performing multiply functions.
WARNING: [DRC DPOP-2] MREG Output pipelining: DSP system_i/tftlcd_0/inst/TFTLCDctrl_U0/rgb_u0/is_grape_border4__7 multiplier stage system_i/tftlcd_0/inst/TFTLCDctrl_U0/rgb_u0/is_grape_border4__7/P[47:0] is not pipelined (MREG=0). Pipelining the multiplier function will improve performance and will save significant power so it is suggested whenever possible to fully pipeline this function.  If this multiplier was inferred, it is suggested to describe an additional register stage after this function.  If there is no registered adder/accumulator following the multiply function, two pipeline stages are suggested to allow both the MREG and PREG registers to be used.  If the DSP48 was instantiated in the design, it is suggested to set both the MREG and PREG attributes to 1 when performing multiply functions.
WARNING: [DRC DPOP-2] MREG Output pipelining: DSP system_i/tftlcd_0/inst/TFTLCDctrl_U0/rgb_u0/is_grape_border4__8 multiplier stage system_i/tftlcd_0/inst/TFTLCDctrl_U0/rgb_u0/is_grape_border4__8/P[47:0] is not pipelined (MREG=0). Pipelining the multiplier function will improve performance and will save significant power so it is suggested whenever possible to fully pipeline this function.  If this multiplier was inferred, it is suggested to describe an additional register stage after this function.  If there is no registered adder/accumulator following the multiply function, two pipeline stages are suggested to allow both the MREG and PREG registers to be used.  If the DSP48 was instantiated in the design, it is suggested to set both the MREG and PREG attributes to 1 when performing multiply functions.
WARNING: [DRC DPOP-2] MREG Output pipelining: DSP system_i/tftlcd_0/inst/TFTLCDctrl_U0/rgb_u0/is_grape_border4__9 multiplier stage system_i/tftlcd_0/inst/TFTLCDctrl_U0/rgb_u0/is_grape_border4__9/P[47:0] is not pipelined (MREG=0). Pipelining the multiplier function will improve performance and will save significant power so it is suggested whenever possible to fully pipeline this function.  If this multiplier was inferred, it is suggested to describe an additional register stage after this function.  If there is no registered adder/accumulator following the multiply function, two pipeline stages are suggested to allow both the MREG and PREG registers to be used.  If the DSP48 was instantiated in the design, it is suggested to set both the MREG and PREG attributes to 1 when performing multiply functions.
WARNING: [DRC DPOP-2] MREG Output pipelining: DSP system_i/tftlcd_0/inst/TFTLCDctrl_U0/rgb_u0/p_1_out multiplier stage system_i/tftlcd_0/inst/TFTLCDctrl_U0/rgb_u0/p_1_out/P[47:0] is not pipelined (MREG=0). Pipelining the multiplier function will improve performance and will save significant power so it is suggested whenever possible to fully pipeline this function.  If this multiplier was inferred, it is suggested to describe an additional register stage after this function.  If there is no registered adder/accumulator following the multiply function, two pipeline stages are suggested to allow both the MREG and PREG registers to be used.  If the DSP48 was instantiated in the design, it is suggested to set both the MREG and PREG attributes to 1 when performing multiply functions.
WARNING: [DRC DPOP-2] MREG Output pipelining: DSP system_i/tftlcd_0/inst/TFTLCDctrl_U0/rgb_u0/p_1_out__0 multiplier stage system_i/tftlcd_0/inst/TFTLCDctrl_U0/rgb_u0/p_1_out__0/P[47:0] is not pipelined (MREG=0). Pipelining the multiplier function will improve performance and will save significant power so it is suggested whenever possible to fully pipeline this function.  If this multiplier was inferred, it is suggested to describe an additional register stage after this function.  If there is no registered adder/accumulator following the multiply function, two pipeline stages are suggested to allow both the MREG and PREG registers to be used.  If the DSP48 was instantiated in the design, it is suggested to set both the MREG and PREG attributes to 1 when performing multiply functions.
WARNING: [DRC DPOP-2] MREG Output pipelining: DSP system_i/tftlcd_0/inst/TFTLCDctrl_U0/rgb_u0/p_1_out__1 multiplier stage system_i/tftlcd_0/inst/TFTLCDctrl_U0/rgb_u0/p_1_out__1/P[47:0] is not pipelined (MREG=0). Pipelining the multiplier function will improve performance and will save significant power so it is suggested whenever possible to fully pipeline this function.  If this multiplier was inferred, it is suggested to describe an additional register stage after this function.  If there is no registered adder/accumulator following the multiply function, two pipeline stages are suggested to allow both the MREG and PREG registers to be used.  If the DSP48 was instantiated in the design, it is suggested to set both the MREG and PREG attributes to 1 when performing multiply functions.
WARNING: [DRC DPOP-2] MREG Output pipelining: DSP system_i/tftlcd_0/inst/TFTLCDctrl_U0/rgb_u0/p_1_out__10 multiplier stage system_i/tftlcd_0/inst/TFTLCDctrl_U0/rgb_u0/p_1_out__10/P[47:0] is not pipelined (MREG=0). Pipelining the multiplier function will improve performance and will save significant power so it is suggested whenever possible to fully pipeline this function.  If this multiplier was inferred, it is suggested to describe an additional register stage after this function.  If there is no registered adder/accumulator following the multiply function, two pipeline stages are suggested to allow both the MREG and PREG registers to be used.  If the DSP48 was instantiated in the design, it is suggested to set both the MREG and PREG attributes to 1 when performing multiply functions.
WARNING: [DRC DPOP-2] MREG Output pipelining: DSP system_i/tftlcd_0/inst/TFTLCDctrl_U0/rgb_u0/p_1_out__11 multiplier stage system_i/tftlcd_0/inst/TFTLCDctrl_U0/rgb_u0/p_1_out__11/P[47:0] is not pipelined (MREG=0). Pipelining the multiplier function will improve performance and will save significant power so it is suggested whenever possible to fully pipeline this function.  If this multiplier was inferred, it is suggested to describe an additional register stage after this function.  If there is no registered adder/accumulator following the multiply function, two pipeline stages are suggested to allow both the MREG and PREG registers to be used.  If the DSP48 was instantiated in the design, it is suggested to set both the MREG and PREG attributes to 1 when performing multiply functions.
WARNING: [DRC DPOP-2] MREG Output pipelining: DSP system_i/tftlcd_0/inst/TFTLCDctrl_U0/rgb_u0/p_1_out__12 multiplier stage system_i/tftlcd_0/inst/TFTLCDctrl_U0/rgb_u0/p_1_out__12/P[47:0] is not pipelined (MREG=0). Pipelining the multiplier function will improve performance and will save significant power so it is suggested whenever possible to fully pipeline this function.  If this multiplier was inferred, it is suggested to describe an additional register stage after this function.  If there is no registered adder/accumulator following the multiply function, two pipeline stages are suggested to allow both the MREG and PREG registers to be used.  If the DSP48 was instantiated in the design, it is suggested to set both the MREG and PREG attributes to 1 when performing multiply functions.
WARNING: [DRC DPOP-2] MREG Output pipelining: DSP system_i/tftlcd_0/inst/TFTLCDctrl_U0/rgb_u0/p_1_out__13 multiplier stage system_i/tftlcd_0/inst/TFTLCDctrl_U0/rgb_u0/p_1_out__13/P[47:0] is not pipelined (MREG=0). Pipelining the multiplier function will improve performance and will save significant power so it is suggested whenever possible to fully pipeline this function.  If this multiplier was inferred, it is suggested to describe an additional register stage after this function.  If there is no registered adder/accumulator following the multiply function, two pipeline stages are suggested to allow both the MREG and PREG registers to be used.  If the DSP48 was instantiated in the design, it is suggested to set both the MREG and PREG attributes to 1 when performing multiply functions.
WARNING: [DRC DPOP-2] MREG Output pipelining: DSP system_i/tftlcd_0/inst/TFTLCDctrl_U0/rgb_u0/p_1_out__14 multiplier stage system_i/tftlcd_0/inst/TFTLCDctrl_U0/rgb_u0/p_1_out__14/P[47:0] is not pipelined (MREG=0). Pipelining the multiplier function will improve performance and will save significant power so it is suggested whenever possible to fully pipeline this function.  If this multiplier was inferred, it is suggested to describe an additional register stage after this function.  If there is no registered adder/accumulator following the multiply function, two pipeline stages are suggested to allow both the MREG and PREG registers to be used.  If the DSP48 was instantiated in the design, it is suggested to set both the MREG and PREG attributes to 1 when performing multiply functions.
WARNING: [DRC DPOP-2] MREG Output pipelining: DSP system_i/tftlcd_0/inst/TFTLCDctrl_U0/rgb_u0/p_1_out__15 multiplier stage system_i/tftlcd_0/inst/TFTLCDctrl_U0/rgb_u0/p_1_out__15/P[47:0] is not pipelined (MREG=0). Pipelining the multiplier function will improve performance and will save significant power so it is suggested whenever possible to fully pipeline this function.  If this multiplier was inferred, it is suggested to describe an additional register stage after this function.  If there is no registered adder/accumulator following the multiply function, two pipeline stages are suggested to allow both the MREG and PREG registers to be used.  If the DSP48 was instantiated in the design, it is suggested to set both the MREG and PREG attributes to 1 when performing multiply functions.
WARNING: [DRC DPOP-2] MREG Output pipelining: DSP system_i/tftlcd_0/inst/TFTLCDctrl_U0/rgb_u0/p_1_out__16 multiplier stage system_i/tftlcd_0/inst/TFTLCDctrl_U0/rgb_u0/p_1_out__16/P[47:0] is not pipelined (MREG=0). Pipelining the multiplier function will improve performance and will save significant power so it is suggested whenever possible to fully pipeline this function.  If this multiplier was inferred, it is suggested to describe an additional register stage after this function.  If there is no registered adder/accumulator following the multiply function, two pipeline stages are suggested to allow both the MREG and PREG registers to be used.  If the DSP48 was instantiated in the design, it is suggested to set both the MREG and PREG attributes to 1 when performing multiply functions.
WARNING: [DRC DPOP-2] MREG Output pipelining: DSP system_i/tftlcd_0/inst/TFTLCDctrl_U0/rgb_u0/p_1_out__17 multiplier stage system_i/tftlcd_0/inst/TFTLCDctrl_U0/rgb_u0/p_1_out__17/P[47:0] is not pipelined (MREG=0). Pipelining the multiplier function will improve performance and will save significant power so it is suggested whenever possible to fully pipeline this function.  If this multiplier was inferred, it is suggested to describe an additional register stage after this function.  If there is no registered adder/accumulator following the multiply function, two pipeline stages are suggested to allow both the MREG and PREG registers to be used.  If the DSP48 was instantiated in the design, it is suggested to set both the MREG and PREG attributes to 1 when performing multiply functions.
WARNING: [DRC DPOP-2] MREG Output pipelining: DSP system_i/tftlcd_0/inst/TFTLCDctrl_U0/rgb_u0/p_1_out__18 multiplier stage system_i/tftlcd_0/inst/TFTLCDctrl_U0/rgb_u0/p_1_out__18/P[47:0] is not pipelined (MREG=0). Pipelining the multiplier function will improve performance and will save significant power so it is suggested whenever possible to fully pipeline this function.  If this multiplier was inferred, it is suggested to describe an additional register stage after this function.  If there is no registered adder/accumulator following the multiply function, two pipeline stages are suggested to allow both the MREG and PREG registers to be used.  If the DSP48 was instantiated in the design, it is suggested to set both the MREG and PREG attributes to 1 when performing multiply functions.
WARNING: [DRC DPOP-2] MREG Output pipelining: DSP system_i/tftlcd_0/inst/TFTLCDctrl_U0/rgb_u0/p_1_out__19 multiplier stage system_i/tftlcd_0/inst/TFTLCDctrl_U0/rgb_u0/p_1_out__19/P[47:0] is not pipelined (MREG=0). Pipelining the multiplier function will improve performance and will save significant power so it is suggested whenever possible to fully pipeline this function.  If this multiplier was inferred, it is suggested to describe an additional register stage after this function.  If there is no registered adder/accumulator following the multiply function, two pipeline stages are suggested to allow both the MREG and PREG registers to be used.  If the DSP48 was instantiated in the design, it is suggested to set both the MREG and PREG attributes to 1 when performing multiply functions.
WARNING: [DRC DPOP-2] MREG Output pipelining: DSP system_i/tftlcd_0/inst/TFTLCDctrl_U0/rgb_u0/p_1_out__2 multiplier stage system_i/tftlcd_0/inst/TFTLCDctrl_U0/rgb_u0/p_1_out__2/P[47:0] is not pipelined (MREG=0). Pipelining the multiplier function will improve performance and will save significant power so it is suggested whenever possible to fully pipeline this function.  If this multiplier was inferred, it is suggested to describe an additional register stage after this function.  If there is no registered adder/accumulator following the multiply function, two pipeline stages are suggested to allow both the MREG and PREG registers to be used.  If the DSP48 was instantiated in the design, it is suggested to set both the MREG and PREG attributes to 1 when performing multiply functions.
WARNING: [DRC DPOP-2] MREG Output pipelining: DSP system_i/tftlcd_0/inst/TFTLCDctrl_U0/rgb_u0/p_1_out__20 multiplier stage system_i/tftlcd_0/inst/TFTLCDctrl_U0/rgb_u0/p_1_out__20/P[47:0] is not pipelined (MREG=0). Pipelining the multiplier function will improve performance and will save significant power so it is suggested whenever possible to fully pipeline this function.  If this multiplier was inferred, it is suggested to describe an additional register stage after this function.  If there is no registered adder/accumulator following the multiply function, two pipeline stages are suggested to allow both the MREG and PREG registers to be used.  If the DSP48 was instantiated in the design, it is suggested to set both the MREG and PREG attributes to 1 when performing multiply functions.
WARNING: [DRC DPOP-2] MREG Output pipelining: DSP system_i/tftlcd_0/inst/TFTLCDctrl_U0/rgb_u0/p_1_out__21 multiplier stage system_i/tftlcd_0/inst/TFTLCDctrl_U0/rgb_u0/p_1_out__21/P[47:0] is not pipelined (MREG=0). Pipelining the multiplier function will improve performance and will save significant power so it is suggested whenever possible to fully pipeline this function.  If this multiplier was inferred, it is suggested to describe an additional register stage after this function.  If there is no registered adder/accumulator following the multiply function, two pipeline stages are suggested to allow both the MREG and PREG registers to be used.  If the DSP48 was instantiated in the design, it is suggested to set both the MREG and PREG attributes to 1 when performing multiply functions.
WARNING: [DRC DPOP-2] MREG Output pipelining: DSP system_i/tftlcd_0/inst/TFTLCDctrl_U0/rgb_u0/p_1_out__22 multiplier stage system_i/tftlcd_0/inst/TFTLCDctrl_U0/rgb_u0/p_1_out__22/P[47:0] is not pipelined (MREG=0). Pipelining the multiplier function will improve performance and will save significant power so it is suggested whenever possible to fully pipeline this function.  If this multiplier was inferred, it is suggested to describe an additional register stage after this function.  If there is no registered adder/accumulator following the multiply function, two pipeline stages are suggested to allow both the MREG and PREG registers to be used.  If the DSP48 was instantiated in the design, it is suggested to set both the MREG and PREG attributes to 1 when performing multiply functions.
WARNING: [DRC DPOP-2] MREG Output pipelining: DSP system_i/tftlcd_0/inst/TFTLCDctrl_U0/rgb_u0/p_1_out__23 multiplier stage system_i/tftlcd_0/inst/TFTLCDctrl_U0/rgb_u0/p_1_out__23/P[47:0] is not pipelined (MREG=0). Pipelining the multiplier function will improve performance and will save significant power so it is suggested whenever possible to fully pipeline this function.  If this multiplier was inferred, it is suggested to describe an additional register stage after this function.  If there is no registered adder/accumulator following the multiply function, two pipeline stages are suggested to allow both the MREG and PREG registers to be used.  If the DSP48 was instantiated in the design, it is suggested to set both the MREG and PREG attributes to 1 when performing multiply functions.
WARNING: [DRC DPOP-2] MREG Output pipelining: DSP system_i/tftlcd_0/inst/TFTLCDctrl_U0/rgb_u0/p_1_out__24 multiplier stage system_i/tftlcd_0/inst/TFTLCDctrl_U0/rgb_u0/p_1_out__24/P[47:0] is not pipelined (MREG=0). Pipelining the multiplier function will improve performance and will save significant power so it is suggested whenever possible to fully pipeline this function.  If this multiplier was inferred, it is suggested to describe an additional register stage after this function.  If there is no registered adder/accumulator following the multiply function, two pipeline stages are suggested to allow both the MREG and PREG registers to be used.  If the DSP48 was instantiated in the design, it is suggested to set both the MREG and PREG attributes to 1 when performing multiply functions.
WARNING: [DRC DPOP-2] MREG Output pipelining: DSP system_i/tftlcd_0/inst/TFTLCDctrl_U0/rgb_u0/p_1_out__25 multiplier stage system_i/tftlcd_0/inst/TFTLCDctrl_U0/rgb_u0/p_1_out__25/P[47:0] is not pipelined (MREG=0). Pipelining the multiplier function will improve performance and will save significant power so it is suggested whenever possible to fully pipeline this function.  If this multiplier was inferred, it is suggested to describe an additional register stage after this function.  If there is no registered adder/accumulator following the multiply function, two pipeline stages are suggested to allow both the MREG and PREG registers to be used.  If the DSP48 was instantiated in the design, it is suggested to set both the MREG and PREG attributes to 1 when performing multiply functions.
WARNING: [DRC DPOP-2] MREG Output pipelining: DSP system_i/tftlcd_0/inst/TFTLCDctrl_U0/rgb_u0/p_1_out__26 multiplier stage system_i/tftlcd_0/inst/TFTLCDctrl_U0/rgb_u0/p_1_out__26/P[47:0] is not pipelined (MREG=0). Pipelining the multiplier function will improve performance and will save significant power so it is suggested whenever possible to fully pipeline this function.  If this multiplier was inferred, it is suggested to describe an additional register stage after this function.  If there is no registered adder/accumulator following the multiply function, two pipeline stages are suggested to allow both the MREG and PREG registers to be used.  If the DSP48 was instantiated in the design, it is suggested to set both the MREG and PREG attributes to 1 when performing multiply functions.
WARNING: [DRC DPOP-2] MREG Output pipelining: DSP system_i/tftlcd_0/inst/TFTLCDctrl_U0/rgb_u0/p_1_out__27 multiplier stage system_i/tftlcd_0/inst/TFTLCDctrl_U0/rgb_u0/p_1_out__27/P[47:0] is not pipelined (MREG=0). Pipelining the multiplier function will improve performance and will save significant power so it is suggested whenever possible to fully pipeline this function.  If this multiplier was inferred, it is suggested to describe an additional register stage after this function.  If there is no registered adder/accumulator following the multiply function, two pipeline stages are suggested to allow both the MREG and PREG registers to be used.  If the DSP48 was instantiated in the design, it is suggested to set both the MREG and PREG attributes to 1 when performing multiply functions.
WARNING: [DRC DPOP-2] MREG Output pipelining: DSP system_i/tftlcd_0/inst/TFTLCDctrl_U0/rgb_u0/p_1_out__28 multiplier stage system_i/tftlcd_0/inst/TFTLCDctrl_U0/rgb_u0/p_1_out__28/P[47:0] is not pipelined (MREG=0). Pipelining the multiplier function will improve performance and will save significant power so it is suggested whenever possible to fully pipeline this function.  If this multiplier was inferred, it is suggested to describe an additional register stage after this function.  If there is no registered adder/accumulator following the multiply function, two pipeline stages are suggested to allow both the MREG and PREG registers to be used.  If the DSP48 was instantiated in the design, it is suggested to set both the MREG and PREG attributes to 1 when performing multiply functions.
WARNING: [DRC DPOP-2] MREG Output pipelining: DSP system_i/tftlcd_0/inst/TFTLCDctrl_U0/rgb_u0/p_1_out__3 multiplier stage system_i/tftlcd_0/inst/TFTLCDctrl_U0/rgb_u0/p_1_out__3/P[47:0] is not pipelined (MREG=0). Pipelining the multiplier function will improve performance and will save significant power so it is suggested whenever possible to fully pipeline this function.  If this multiplier was inferred, it is suggested to describe an additional register stage after this function.  If there is no registered adder/accumulator following the multiply function, two pipeline stages are suggested to allow both the MREG and PREG registers to be used.  If the DSP48 was instantiated in the design, it is suggested to set both the MREG and PREG attributes to 1 when performing multiply functions.
WARNING: [DRC DPOP-2] MREG Output pipelining: DSP system_i/tftlcd_0/inst/TFTLCDctrl_U0/rgb_u0/p_1_out__4 multiplier stage system_i/tftlcd_0/inst/TFTLCDctrl_U0/rgb_u0/p_1_out__4/P[47:0] is not pipelined (MREG=0). Pipelining the multiplier function will improve performance and will save significant power so it is suggested whenever possible to fully pipeline this function.  If this multiplier was inferred, it is suggested to describe an additional register stage after this function.  If there is no registered adder/accumulator following the multiply function, two pipeline stages are suggested to allow both the MREG and PREG registers to be used.  If the DSP48 was instantiated in the design, it is suggested to set both the MREG and PREG attributes to 1 when performing multiply functions.
WARNING: [DRC DPOP-2] MREG Output pipelining: DSP system_i/tftlcd_0/inst/TFTLCDctrl_U0/rgb_u0/p_1_out__5 multiplier stage system_i/tftlcd_0/inst/TFTLCDctrl_U0/rgb_u0/p_1_out__5/P[47:0] is not pipelined (MREG=0). Pipelining the multiplier function will improve performance and will save significant power so it is suggested whenever possible to fully pipeline this function.  If this multiplier was inferred, it is suggested to describe an additional register stage after this function.  If there is no registered adder/accumulator following the multiply function, two pipeline stages are suggested to allow both the MREG and PREG registers to be used.  If the DSP48 was instantiated in the design, it is suggested to set both the MREG and PREG attributes to 1 when performing multiply functions.
WARNING: [DRC DPOP-2] MREG Output pipelining: DSP system_i/tftlcd_0/inst/TFTLCDctrl_U0/rgb_u0/p_1_out__6 multiplier stage system_i/tftlcd_0/inst/TFTLCDctrl_U0/rgb_u0/p_1_out__6/P[47:0] is not pipelined (MREG=0). Pipelining the multiplier function will improve performance and will save significant power so it is suggested whenever possible to fully pipeline this function.  If this multiplier was inferred, it is suggested to describe an additional register stage after this function.  If there is no registered adder/accumulator following the multiply function, two pipeline stages are suggested to allow both the MREG and PREG registers to be used.  If the DSP48 was instantiated in the design, it is suggested to set both the MREG and PREG attributes to 1 when performing multiply functions.
WARNING: [DRC DPOP-2] MREG Output pipelining: DSP system_i/tftlcd_0/inst/TFTLCDctrl_U0/rgb_u0/p_1_out__7 multiplier stage system_i/tftlcd_0/inst/TFTLCDctrl_U0/rgb_u0/p_1_out__7/P[47:0] is not pipelined (MREG=0). Pipelining the multiplier function will improve performance and will save significant power so it is suggested whenever possible to fully pipeline this function.  If this multiplier was inferred, it is suggested to describe an additional register stage after this function.  If there is no registered adder/accumulator following the multiply function, two pipeline stages are suggested to allow both the MREG and PREG registers to be used.  If the DSP48 was instantiated in the design, it is suggested to set both the MREG and PREG attributes to 1 when performing multiply functions.
WARNING: [DRC DPOP-2] MREG Output pipelining: DSP system_i/tftlcd_0/inst/TFTLCDctrl_U0/rgb_u0/p_1_out__8 multiplier stage system_i/tftlcd_0/inst/TFTLCDctrl_U0/rgb_u0/p_1_out__8/P[47:0] is not pipelined (MREG=0). Pipelining the multiplier function will improve performance and will save significant power so it is suggested whenever possible to fully pipeline this function.  If this multiplier was inferred, it is suggested to describe an additional register stage after this function.  If there is no registered adder/accumulator following the multiply function, two pipeline stages are suggested to allow both the MREG and PREG registers to be used.  If the DSP48 was instantiated in the design, it is suggested to set both the MREG and PREG attributes to 1 when performing multiply functions.
WARNING: [DRC DPOP-2] MREG Output pipelining: DSP system_i/tftlcd_0/inst/TFTLCDctrl_U0/rgb_u0/p_1_out__9 multiplier stage system_i/tftlcd_0/inst/TFTLCDctrl_U0/rgb_u0/p_1_out__9/P[47:0] is not pipelined (MREG=0). Pipelining the multiplier function will improve performance and will save significant power so it is suggested whenever possible to fully pipeline this function.  If this multiplier was inferred, it is suggested to describe an additional register stage after this function.  If there is no registered adder/accumulator following the multiply function, two pipeline stages are suggested to allow both the MREG and PREG registers to be used.  If the DSP48 was instantiated in the design, it is suggested to set both the MREG and PREG attributes to 1 when performing multiply functions.
WARNING: [DRC REQP-1839] RAMB36 async control check: The RAMB36E1 system_i/tftlcd_0/inst/tftlcd_v1_0_S00_AXI_inst/MEM_U0/U0/inst_blk_mem_gen/gnbram.gnativebmg.native_blk_mem_gen/valid.cstr/ramloop[0].ram.r/prim_noinit.ram/DEVICE_7SERIES.NO_BMM_INFO.SDP.SIMPLE_PRIM36.ram has an input control pin system_i/tftlcd_0/inst/tftlcd_v1_0_S00_AXI_inst/MEM_U0/U0/inst_blk_mem_gen/gnbram.gnativebmg.native_blk_mem_gen/valid.cstr/ramloop[0].ram.r/prim_noinit.ram/DEVICE_7SERIES.NO_BMM_INFO.SDP.SIMPLE_PRIM36.ram/ADDRBWRADDR[10] (net: system_i/tftlcd_0/inst/tftlcd_v1_0_S00_AXI_inst/MEM_U0/U0/inst_blk_mem_gen/gnbram.gnativebmg.native_blk_mem_gen/valid.cstr/ramloop[0].ram.r/prim_noinit.ram/addrb[7]) which is driven by a register (system_i/tftlcd_0/inst/tftlcd_v1_0_S00_AXI_inst/r_addr_reg[7]) that has an active asychronous set or reset. This may cause corruption of the memory contents and/or read values when the set/reset is asserted and is not analyzed by the default static timing analysis. It is suggested to eliminate the use of a set/reset to registers driving this RAMB pin or else use a synchronous reset in which the assertion of the reset is timed by default.
WARNING: [DRC REQP-1839] RAMB36 async control check: The RAMB36E1 system_i/tftlcd_0/inst/tftlcd_v1_0_S00_AXI_inst/MEM_U0/U0/inst_blk_mem_gen/gnbram.gnativebmg.native_blk_mem_gen/valid.cstr/ramloop[0].ram.r/prim_noinit.ram/DEVICE_7SERIES.NO_BMM_INFO.SDP.SIMPLE_PRIM36.ram has an input control pin system_i/tftlcd_0/inst/tftlcd_v1_0_S00_AXI_inst/MEM_U0/U0/inst_blk_mem_gen/gnbram.gnativebmg.native_blk_mem_gen/valid.cstr/ramloop[0].ram.r/prim_noinit.ram/DEVICE_7SERIES.NO_BMM_INFO.SDP.SIMPLE_PRIM36.ram/ADDRBWRADDR[11] (net: system_i/tftlcd_0/inst/tftlcd_v1_0_S00_AXI_inst/MEM_U0/U0/inst_blk_mem_gen/gnbram.gnativebmg.native_blk_mem_gen/valid.cstr/ramloop[0].ram.r/prim_noinit.ram/addrb[8]) which is driven by a register (system_i/tftlcd_0/inst/tftlcd_v1_0_S00_AXI_inst/r_addr_reg[8]) that has an active asychronous set or reset. This may cause corruption of the memory contents and/or read values when the set/reset is asserted and is not analyzed by the default static timing analysis. It is suggested to eliminate the use of a set/reset to registers driving this RAMB pin or else use a synchronous reset in which the assertion of the reset is timed by default.
WARNING: [DRC REQP-1839] RAMB36 async control check: The RAMB36E1 system_i/tftlcd_0/inst/tftlcd_v1_0_S00_AXI_inst/MEM_U0/U0/inst_blk_mem_gen/gnbram.gnativebmg.native_blk_mem_gen/valid.cstr/ramloop[0].ram.r/prim_noinit.ram/DEVICE_7SERIES.NO_BMM_INFO.SDP.SIMPLE_PRIM36.ram has an input control pin system_i/tftlcd_0/inst/tftlcd_v1_0_S00_AXI_inst/MEM_U0/U0/inst_blk_mem_gen/gnbram.gnativebmg.native_blk_mem_gen/valid.cstr/ramloop[0].ram.r/prim_noinit.ram/DEVICE_7SERIES.NO_BMM_INFO.SDP.SIMPLE_PRIM36.ram/ADDRBWRADDR[12] (net: system_i/tftlcd_0/inst/tftlcd_v1_0_S00_AXI_inst/MEM_U0/U0/inst_blk_mem_gen/gnbram.gnativebmg.native_blk_mem_gen/valid.cstr/ramloop[0].ram.r/prim_noinit.ram/addrb[9]) which is driven by a register (system_i/tftlcd_0/inst/tftlcd_v1_0_S00_AXI_inst/r_addr_reg[9]) that has an active asychronous set or reset. This may cause corruption of the memory contents and/or read values when the set/reset is asserted and is not analyzed by the default static timing analysis. It is suggested to eliminate the use of a set/reset to registers driving this RAMB pin or else use a synchronous reset in which the assertion of the reset is timed by default.
WARNING: [DRC REQP-1839] RAMB36 async control check: The RAMB36E1 system_i/tftlcd_0/inst/tftlcd_v1_0_S00_AXI_inst/MEM_U0/U0/inst_blk_mem_gen/gnbram.gnativebmg.native_blk_mem_gen/valid.cstr/ramloop[0].ram.r/prim_noinit.ram/DEVICE_7SERIES.NO_BMM_INFO.SDP.SIMPLE_PRIM36.ram has an input control pin system_i/tftlcd_0/inst/tftlcd_v1_0_S00_AXI_inst/MEM_U0/U0/inst_blk_mem_gen/gnbram.gnativebmg.native_blk_mem_gen/valid.cstr/ramloop[0].ram.r/prim_noinit.ram/DEVICE_7SERIES.NO_BMM_INFO.SDP.SIMPLE_PRIM36.ram/ADDRBWRADDR[13] (net: system_i/tftlcd_0/inst/tftlcd_v1_0_S00_AXI_inst/MEM_U0/U0/inst_blk_mem_gen/gnbram.gnativebmg.native_blk_mem_gen/valid.cstr/ramloop[0].ram.r/prim_noinit.ram/addrb[10]) which is driven by a register (system_i/tftlcd_0/inst/tftlcd_v1_0_S00_AXI_inst/r_addr_reg[10]) that has an active asychronous set or reset. This may cause corruption of the memory contents and/or read values when the set/reset is asserted and is not analyzed by the default static timing analysis. It is suggested to eliminate the use of a set/reset to registers driving this RAMB pin or else use a synchronous reset in which the assertion of the reset is timed by default.
WARNING: [DRC REQP-1839] RAMB36 async control check: The RAMB36E1 system_i/tftlcd_0/inst/tftlcd_v1_0_S00_AXI_inst/MEM_U0/U0/inst_blk_mem_gen/gnbram.gnativebmg.native_blk_mem_gen/valid.cstr/ramloop[0].ram.r/prim_noinit.ram/DEVICE_7SERIES.NO_BMM_INFO.SDP.SIMPLE_PRIM36.ram has an input control pin system_i/tftlcd_0/inst/tftlcd_v1_0_S00_AXI_inst/MEM_U0/U0/inst_blk_mem_gen/gnbram.gnativebmg.native_blk_mem_gen/valid.cstr/ramloop[0].ram.r/prim_noinit.ram/DEVICE_7SERIES.NO_BMM_INFO.SDP.SIMPLE_PRIM36.ram/ADDRBWRADDR[14] (net: system_i/tftlcd_0/inst/tftlcd_v1_0_S00_AXI_inst/MEM_U0/U0/inst_blk_mem_gen/gnbram.gnativebmg.native_blk_mem_gen/valid.cstr/ramloop[0].ram.r/prim_noinit.ram/addrb[11]) which is driven by a register (system_i/tftlcd_0/inst/tftlcd_v1_0_S00_AXI_inst/r_addr_reg[11]) that has an active asychronous set or reset. This may cause corruption of the memory contents and/or read values when the set/reset is asserted and is not analyzed by the default static timing analysis. It is suggested to eliminate the use of a set/reset to registers driving this RAMB pin or else use a synchronous reset in which the assertion of the reset is timed by default.
WARNING: [DRC REQP-1839] RAMB36 async control check: The RAMB36E1 system_i/tftlcd_0/inst/tftlcd_v1_0_S00_AXI_inst/MEM_U0/U0/inst_blk_mem_gen/gnbram.gnativebmg.native_blk_mem_gen/valid.cstr/ramloop[0].ram.r/prim_noinit.ram/DEVICE_7SERIES.NO_BMM_INFO.SDP.SIMPLE_PRIM36.ram has an input control pin system_i/tftlcd_0/inst/tftlcd_v1_0_S00_AXI_inst/MEM_U0/U0/inst_blk_mem_gen/gnbram.gnativebmg.native_blk_mem_gen/valid.cstr/ramloop[0].ram.r/prim_noinit.ram/DEVICE_7SERIES.NO_BMM_INFO.SDP.SIMPLE_PRIM36.ram/ADDRBWRADDR[3] (net: system_i/tftlcd_0/inst/tftlcd_v1_0_S00_AXI_inst/MEM_U0/U0/inst_blk_mem_gen/gnbram.gnativebmg.native_blk_mem_gen/valid.cstr/ramloop[0].ram.r/prim_noinit.ram/addrb[0]) which is driven by a register (system_i/tftlcd_0/inst/tftlcd_v1_0_S00_AXI_inst/r_addr_reg[0]) that has an active asychronous set or reset. This may cause corruption of the memory contents and/or read values when the set/reset is asserted and is not analyzed by the default static timing analysis. It is suggested to eliminate the use of a set/reset to registers driving this RAMB pin or else use a synchronous reset in which the assertion of the reset is timed by default.
WARNING: [DRC REQP-1839] RAMB36 async control check: The RAMB36E1 system_i/tftlcd_0/inst/tftlcd_v1_0_S00_AXI_inst/MEM_U0/U0/inst_blk_mem_gen/gnbram.gnativebmg.native_blk_mem_gen/valid.cstr/ramloop[0].ram.r/prim_noinit.ram/DEVICE_7SERIES.NO_BMM_INFO.SDP.SIMPLE_PRIM36.ram has an input control pin system_i/tftlcd_0/inst/tftlcd_v1_0_S00_AXI_inst/MEM_U0/U0/inst_blk_mem_gen/gnbram.gnativebmg.native_blk_mem_gen/valid.cstr/ramloop[0].ram.r/prim_noinit.ram/DEVICE_7SERIES.NO_BMM_INFO.SDP.SIMPLE_PRIM36.ram/ADDRBWRADDR[4] (net: system_i/tftlcd_0/inst/tftlcd_v1_0_S00_AXI_inst/MEM_U0/U0/inst_blk_mem_gen/gnbram.gnativebmg.native_blk_mem_gen/valid.cstr/ramloop[0].ram.r/prim_noinit.ram/addrb[1]) which is driven by a register (system_i/tftlcd_0/inst/tftlcd_v1_0_S00_AXI_inst/r_addr_reg[1]) that has an active asychronous set or reset. This may cause corruption of the memory contents and/or read values when the set/reset is asserted and is not analyzed by the default static timing analysis. It is suggested to eliminate the use of a set/reset to registers driving this RAMB pin or else use a synchronous reset in which the assertion of the reset is timed by default.
WARNING: [DRC REQP-1839] RAMB36 async control check: The RAMB36E1 system_i/tftlcd_0/inst/tftlcd_v1_0_S00_AXI_inst/MEM_U0/U0/inst_blk_mem_gen/gnbram.gnativebmg.native_blk_mem_gen/valid.cstr/ramloop[0].ram.r/prim_noinit.ram/DEVICE_7SERIES.NO_BMM_INFO.SDP.SIMPLE_PRIM36.ram has an input control pin system_i/tftlcd_0/inst/tftlcd_v1_0_S00_AXI_inst/MEM_U0/U0/inst_blk_mem_gen/gnbram.gnativebmg.native_blk_mem_gen/valid.cstr/ramloop[0].ram.r/prim_noinit.ram/DEVICE_7SERIES.NO_BMM_INFO.SDP.SIMPLE_PRIM36.ram/ADDRBWRADDR[5] (net: system_i/tftlcd_0/inst/tftlcd_v1_0_S00_AXI_inst/MEM_U0/U0/inst_blk_mem_gen/gnbram.gnativebmg.native_blk_mem_gen/valid.cstr/ramloop[0].ram.r/prim_noinit.ram/addrb[2]) which is driven by a register (system_i/tftlcd_0/inst/tftlcd_v1_0_S00_AXI_inst/r_addr_reg[2]) that has an active asychronous set or reset. This may cause corruption of the memory contents and/or read values when the set/reset is asserted and is not analyzed by the default static timing analysis. It is suggested to eliminate the use of a set/reset to registers driving this RAMB pin or else use a synchronous reset in which the assertion of the reset is timed by default.
WARNING: [DRC REQP-1839] RAMB36 async control check: The RAMB36E1 system_i/tftlcd_0/inst/tftlcd_v1_0_S00_AXI_inst/MEM_U0/U0/inst_blk_mem_gen/gnbram.gnativebmg.native_blk_mem_gen/valid.cstr/ramloop[0].ram.r/prim_noinit.ram/DEVICE_7SERIES.NO_BMM_INFO.SDP.SIMPLE_PRIM36.ram has an input control pin system_i/tftlcd_0/inst/tftlcd_v1_0_S00_AXI_inst/MEM_U0/U0/inst_blk_mem_gen/gnbram.gnativebmg.native_blk_mem_gen/valid.cstr/ramloop[0].ram.r/prim_noinit.ram/DEVICE_7SERIES.NO_BMM_INFO.SDP.SIMPLE_PRIM36.ram/ADDRBWRADDR[6] (net: system_i/tftlcd_0/inst/tftlcd_v1_0_S00_AXI_inst/MEM_U0/U0/inst_blk_mem_gen/gnbram.gnativebmg.native_blk_mem_gen/valid.cstr/ramloop[0].ram.r/prim_noinit.ram/addrb[3]) which is driven by a register (system_i/tftlcd_0/inst/tftlcd_v1_0_S00_AXI_inst/r_addr_reg[3]) that has an active asychronous set or reset. This may cause corruption of the memory contents and/or read values when the set/reset is asserted and is not analyzed by the default static timing analysis. It is suggested to eliminate the use of a set/reset to registers driving this RAMB pin or else use a synchronous reset in which the assertion of the reset is timed by default.
WARNING: [DRC REQP-1839] RAMB36 async control check: The RAMB36E1 system_i/tftlcd_0/inst/tftlcd_v1_0_S00_AXI_inst/MEM_U0/U0/inst_blk_mem_gen/gnbram.gnativebmg.native_blk_mem_gen/valid.cstr/ramloop[0].ram.r/prim_noinit.ram/DEVICE_7SERIES.NO_BMM_INFO.SDP.SIMPLE_PRIM36.ram has an input control pin system_i/tftlcd_0/inst/tftlcd_v1_0_S00_AXI_inst/MEM_U0/U0/inst_blk_mem_gen/gnbram.gnativebmg.native_blk_mem_gen/valid.cstr/ramloop[0].ram.r/prim_noinit.ram/DEVICE_7SERIES.NO_BMM_INFO.SDP.SIMPLE_PRIM36.ram/ADDRBWRADDR[7] (net: system_i/tftlcd_0/inst/tftlcd_v1_0_S00_AXI_inst/MEM_U0/U0/inst_blk_mem_gen/gnbram.gnativebmg.native_blk_mem_gen/valid.cstr/ramloop[0].ram.r/prim_noinit.ram/addrb[4]) which is driven by a register (system_i/tftlcd_0/inst/tftlcd_v1_0_S00_AXI_inst/r_addr_reg[4]) that has an active asychronous set or reset. This may cause corruption of the memory contents and/or read values when the set/reset is asserted and is not analyzed by the default static timing analysis. It is suggested to eliminate the use of a set/reset to registers driving this RAMB pin or else use a synchronous reset in which the assertion of the reset is timed by default.
WARNING: [DRC REQP-1839] RAMB36 async control check: The RAMB36E1 system_i/tftlcd_0/inst/tftlcd_v1_0_S00_AXI_inst/MEM_U0/U0/inst_blk_mem_gen/gnbram.gnativebmg.native_blk_mem_gen/valid.cstr/ramloop[0].ram.r/prim_noinit.ram/DEVICE_7SERIES.NO_BMM_INFO.SDP.SIMPLE_PRIM36.ram has an input control pin system_i/tftlcd_0/inst/tftlcd_v1_0_S00_AXI_inst/MEM_U0/U0/inst_blk_mem_gen/gnbram.gnativebmg.native_blk_mem_gen/valid.cstr/ramloop[0].ram.r/prim_noinit.ram/DEVICE_7SERIES.NO_BMM_INFO.SDP.SIMPLE_PRIM36.ram/ADDRBWRADDR[8] (net: system_i/tftlcd_0/inst/tftlcd_v1_0_S00_AXI_inst/MEM_U0/U0/inst_blk_mem_gen/gnbram.gnativebmg.native_blk_mem_gen/valid.cstr/ramloop[0].ram.r/prim_noinit.ram/addrb[5]) which is driven by a register (system_i/tftlcd_0/inst/tftlcd_v1_0_S00_AXI_inst/r_addr_reg[5]) that has an active asychronous set or reset. This may cause corruption of the memory contents and/or read values when the set/reset is asserted and is not analyzed by the default static timing analysis. It is suggested to eliminate the use of a set/reset to registers driving this RAMB pin or else use a synchronous reset in which the assertion of the reset is timed by default.
WARNING: [DRC REQP-1839] RAMB36 async control check: The RAMB36E1 system_i/tftlcd_0/inst/tftlcd_v1_0_S00_AXI_inst/MEM_U0/U0/inst_blk_mem_gen/gnbram.gnativebmg.native_blk_mem_gen/valid.cstr/ramloop[0].ram.r/prim_noinit.ram/DEVICE_7SERIES.NO_BMM_INFO.SDP.SIMPLE_PRIM36.ram has an input control pin system_i/tftlcd_0/inst/tftlcd_v1_0_S00_AXI_inst/MEM_U0/U0/inst_blk_mem_gen/gnbram.gnativebmg.native_blk_mem_gen/valid.cstr/ramloop[0].ram.r/prim_noinit.ram/DEVICE_7SERIES.NO_BMM_INFO.SDP.SIMPLE_PRIM36.ram/ADDRBWRADDR[9] (net: system_i/tftlcd_0/inst/tftlcd_v1_0_S00_AXI_inst/MEM_U0/U0/inst_blk_mem_gen/gnbram.gnativebmg.native_blk_mem_gen/valid.cstr/ramloop[0].ram.r/prim_noinit.ram/addrb[6]) which is driven by a register (system_i/tftlcd_0/inst/tftlcd_v1_0_S00_AXI_inst/r_addr_reg[6]) that has an active asychronous set or reset. This may cause corruption of the memory contents and/or read values when the set/reset is asserted and is not analyzed by the default static timing analysis. It is suggested to eliminate the use of a set/reset to registers driving this RAMB pin or else use a synchronous reset in which the assertion of the reset is timed by default.
WARNING: [DRC REQP-1839] RAMB36 async control check: The RAMB36E1 system_i/tftlcd_0/inst/tftlcd_v1_0_S00_AXI_inst/MEM_U0/U0/inst_blk_mem_gen/gnbram.gnativebmg.native_blk_mem_gen/valid.cstr/ramloop[0].ram.r/prim_noinit.ram/DEVICE_7SERIES.NO_BMM_INFO.SDP.SIMPLE_PRIM36.ram has an input control pin system_i/tftlcd_0/inst/tftlcd_v1_0_S00_AXI_inst/MEM_U0/U0/inst_blk_mem_gen/gnbram.gnativebmg.native_blk_mem_gen/valid.cstr/ramloop[0].ram.r/prim_noinit.ram/DEVICE_7SERIES.NO_BMM_INFO.SDP.SIMPLE_PRIM36.ram/ENBWREN (net: system_i/tftlcd_0/inst/tftlcd_v1_0_S00_AXI_inst/MEM_U0/U0/inst_blk_mem_gen/gnbram.gnativebmg.native_blk_mem_gen/valid.cstr/ramloop[0].ram.r/prim_noinit.ram/enb_array[0]) which is driven by a register (system_i/tftlcd_0/inst/tftlcd_v1_0_S00_AXI_inst/r_addr_reg[12]) that has an active asychronous set or reset. This may cause corruption of the memory contents and/or read values when the set/reset is asserted and is not analyzed by the default static timing analysis. It is suggested to eliminate the use of a set/reset to registers driving this RAMB pin or else use a synchronous reset in which the assertion of the reset is timed by default.
WARNING: [DRC REQP-1839] RAMB36 async control check: The RAMB36E1 system_i/tftlcd_0/inst/tftlcd_v1_0_S00_AXI_inst/MEM_U0/U0/inst_blk_mem_gen/gnbram.gnativebmg.native_blk_mem_gen/valid.cstr/ramloop[0].ram.r/prim_noinit.ram/DEVICE_7SERIES.NO_BMM_INFO.SDP.SIMPLE_PRIM36.ram has an input control pin system_i/tftlcd_0/inst/tftlcd_v1_0_S00_AXI_inst/MEM_U0/U0/inst_blk_mem_gen/gnbram.gnativebmg.native_blk_mem_gen/valid.cstr/ramloop[0].ram.r/prim_noinit.ram/DEVICE_7SERIES.NO_BMM_INFO.SDP.SIMPLE_PRIM36.ram/ENBWREN (net: system_i/tftlcd_0/inst/tftlcd_v1_0_S00_AXI_inst/MEM_U0/U0/inst_blk_mem_gen/gnbram.gnativebmg.native_blk_mem_gen/valid.cstr/ramloop[0].ram.r/prim_noinit.ram/enb_array[0]) which is driven by a register (system_i/tftlcd_0/inst/tftlcd_v1_0_S00_AXI_inst/r_addr_reg[13]) that has an active asychronous set or reset. This may cause corruption of the memory contents and/or read values when the set/reset is asserted and is not analyzed by the default static timing analysis. It is suggested to eliminate the use of a set/reset to registers driving this RAMB pin or else use a synchronous reset in which the assertion of the reset is timed by default.
WARNING: [DRC REQP-1839] RAMB36 async control check: The RAMB36E1 system_i/tftlcd_0/inst/tftlcd_v1_0_S00_AXI_inst/MEM_U0/U0/inst_blk_mem_gen/gnbram.gnativebmg.native_blk_mem_gen/valid.cstr/ramloop[0].ram.r/prim_noinit.ram/DEVICE_7SERIES.NO_BMM_INFO.SDP.SIMPLE_PRIM36.ram has an input control pin system_i/tftlcd_0/inst/tftlcd_v1_0_S00_AXI_inst/MEM_U0/U0/inst_blk_mem_gen/gnbram.gnativebmg.native_blk_mem_gen/valid.cstr/ramloop[0].ram.r/prim_noinit.ram/DEVICE_7SERIES.NO_BMM_INFO.SDP.SIMPLE_PRIM36.ram/ENBWREN (net: system_i/tftlcd_0/inst/tftlcd_v1_0_S00_AXI_inst/MEM_U0/U0/inst_blk_mem_gen/gnbram.gnativebmg.native_blk_mem_gen/valid.cstr/ramloop[0].ram.r/prim_noinit.ram/enb_array[0]) which is driven by a register (system_i/tftlcd_0/inst/tftlcd_v1_0_S00_AXI_inst/r_addr_reg[14]) that has an active asychronous set or reset. This may cause corruption of the memory contents and/or read values when the set/reset is asserted and is not analyzed by the default static timing analysis. It is suggested to eliminate the use of a set/reset to registers driving this RAMB pin or else use a synchronous reset in which the assertion of the reset is timed by default.
WARNING: [DRC REQP-1839] RAMB36 async control check: The RAMB36E1 system_i/tftlcd_0/inst/tftlcd_v1_0_S00_AXI_inst/MEM_U0/U0/inst_blk_mem_gen/gnbram.gnativebmg.native_blk_mem_gen/valid.cstr/ramloop[0].ram.r/prim_noinit.ram/DEVICE_7SERIES.NO_BMM_INFO.SDP.SIMPLE_PRIM36.ram has an input control pin system_i/tftlcd_0/inst/tftlcd_v1_0_S00_AXI_inst/MEM_U0/U0/inst_blk_mem_gen/gnbram.gnativebmg.native_blk_mem_gen/valid.cstr/ramloop[0].ram.r/prim_noinit.ram/DEVICE_7SERIES.NO_BMM_INFO.SDP.SIMPLE_PRIM36.ram/ENBWREN (net: system_i/tftlcd_0/inst/tftlcd_v1_0_S00_AXI_inst/MEM_U0/U0/inst_blk_mem_gen/gnbram.gnativebmg.native_blk_mem_gen/valid.cstr/ramloop[0].ram.r/prim_noinit.ram/enb_array[0]) which is driven by a register (system_i/tftlcd_0/inst/tftlcd_v1_0_S00_AXI_inst/r_addr_reg[15]) that has an active asychronous set or reset. This may cause corruption of the memory contents and/or read values when the set/reset is asserted and is not analyzed by the default static timing analysis. It is suggested to eliminate the use of a set/reset to registers driving this RAMB pin or else use a synchronous reset in which the assertion of the reset is timed by default.
WARNING: [DRC REQP-1839] RAMB36 async control check: The RAMB36E1 system_i/tftlcd_0/inst/tftlcd_v1_0_S00_AXI_inst/MEM_U0/U0/inst_blk_mem_gen/gnbram.gnativebmg.native_blk_mem_gen/valid.cstr/ramloop[0].ram.r/prim_noinit.ram/DEVICE_7SERIES.NO_BMM_INFO.SDP.SIMPLE_PRIM36.ram has an input control pin system_i/tftlcd_0/inst/tftlcd_v1_0_S00_AXI_inst/MEM_U0/U0/inst_blk_mem_gen/gnbram.gnativebmg.native_blk_mem_gen/valid.cstr/ramloop[0].ram.r/prim_noinit.ram/DEVICE_7SERIES.NO_BMM_INFO.SDP.SIMPLE_PRIM36.ram/ENBWREN (net: system_i/tftlcd_0/inst/tftlcd_v1_0_S00_AXI_inst/MEM_U0/U0/inst_blk_mem_gen/gnbram.gnativebmg.native_blk_mem_gen/valid.cstr/ramloop[0].ram.r/prim_noinit.ram/enb_array[0]) which is driven by a register (system_i/tftlcd_0/inst/tftlcd_v1_0_S00_AXI_inst/r_addr_reg[16]) that has an active asychronous set or reset. This may cause corruption of the memory contents and/or read values when the set/reset is asserted and is not analyzed by the default static timing analysis. It is suggested to eliminate the use of a set/reset to registers driving this RAMB pin or else use a synchronous reset in which the assertion of the reset is timed by default.
WARNING: [DRC REQP-1839] RAMB36 async control check: The RAMB36E1 system_i/tftlcd_0/inst/tftlcd_v1_0_S00_AXI_inst/MEM_U0/U0/inst_blk_mem_gen/gnbram.gnativebmg.native_blk_mem_gen/valid.cstr/ramloop[10].ram.r/prim_noinit.ram/DEVICE_7SERIES.NO_BMM_INFO.SDP.SIMPLE_PRIM36.ram has an input control pin system_i/tftlcd_0/inst/tftlcd_v1_0_S00_AXI_inst/MEM_U0/U0/inst_blk_mem_gen/gnbram.gnativebmg.native_blk_mem_gen/valid.cstr/ramloop[10].ram.r/prim_noinit.ram/DEVICE_7SERIES.NO_BMM_INFO.SDP.SIMPLE_PRIM36.ram/ADDRBWRADDR[12] (net: system_i/tftlcd_0/inst/tftlcd_v1_0_S00_AXI_inst/MEM_U0/U0/inst_blk_mem_gen/gnbram.gnativebmg.native_blk_mem_gen/valid.cstr/ramloop[10].ram.r/prim_noinit.ram/addrb[9]) which is driven by a register (system_i/tftlcd_0/inst/tftlcd_v1_0_S00_AXI_inst/r_addr_reg[9]) that has an active asychronous set or reset. This may cause corruption of the memory contents and/or read values when the set/reset is asserted and is not analyzed by the default static timing analysis. It is suggested to eliminate the use of a set/reset to registers driving this RAMB pin or else use a synchronous reset in which the assertion of the reset is timed by default.
WARNING: [DRC REQP-1839] RAMB36 async control check: The RAMB36E1 system_i/tftlcd_0/inst/tftlcd_v1_0_S00_AXI_inst/MEM_U0/U0/inst_blk_mem_gen/gnbram.gnativebmg.native_blk_mem_gen/valid.cstr/ramloop[10].ram.r/prim_noinit.ram/DEVICE_7SERIES.NO_BMM_INFO.SDP.SIMPLE_PRIM36.ram has an input control pin system_i/tftlcd_0/inst/tftlcd_v1_0_S00_AXI_inst/MEM_U0/U0/inst_blk_mem_gen/gnbram.gnativebmg.native_blk_mem_gen/valid.cstr/ramloop[10].ram.r/prim_noinit.ram/DEVICE_7SERIES.NO_BMM_INFO.SDP.SIMPLE_PRIM36.ram/ADDRBWRADDR[13] (net: system_i/tftlcd_0/inst/tftlcd_v1_0_S00_AXI_inst/MEM_U0/U0/inst_blk_mem_gen/gnbram.gnativebmg.native_blk_mem_gen/valid.cstr/ramloop[10].ram.r/prim_noinit.ram/addrb[10]) which is driven by a register (system_i/tftlcd_0/inst/tftlcd_v1_0_S00_AXI_inst/r_addr_reg[10]) that has an active asychronous set or reset. This may cause corruption of the memory contents and/or read values when the set/reset is asserted and is not analyzed by the default static timing analysis. It is suggested to eliminate the use of a set/reset to registers driving this RAMB pin or else use a synchronous reset in which the assertion of the reset is timed by default.
WARNING: [DRC REQP-1839] RAMB36 async control check: The RAMB36E1 system_i/tftlcd_0/inst/tftlcd_v1_0_S00_AXI_inst/MEM_U0/U0/inst_blk_mem_gen/gnbram.gnativebmg.native_blk_mem_gen/valid.cstr/ramloop[10].ram.r/prim_noinit.ram/DEVICE_7SERIES.NO_BMM_INFO.SDP.SIMPLE_PRIM36.ram has an input control pin system_i/tftlcd_0/inst/tftlcd_v1_0_S00_AXI_inst/MEM_U0/U0/inst_blk_mem_gen/gnbram.gnativebmg.native_blk_mem_gen/valid.cstr/ramloop[10].ram.r/prim_noinit.ram/DEVICE_7SERIES.NO_BMM_INFO.SDP.SIMPLE_PRIM36.ram/ADDRBWRADDR[14] (net: system_i/tftlcd_0/inst/tftlcd_v1_0_S00_AXI_inst/MEM_U0/U0/inst_blk_mem_gen/gnbram.gnativebmg.native_blk_mem_gen/valid.cstr/ramloop[10].ram.r/prim_noinit.ram/addrb[11]) which is driven by a register (system_i/tftlcd_0/inst/tftlcd_v1_0_S00_AXI_inst/r_addr_reg[11]) that has an active asychronous set or reset. This may cause corruption of the memory contents and/or read values when the set/reset is asserted and is not analyzed by the default static timing analysis. It is suggested to eliminate the use of a set/reset to registers driving this RAMB pin or else use a synchronous reset in which the assertion of the reset is timed by default.
INFO: [Vivado 12-3199] DRC finished with 0 Errors, 261 Warnings
INFO: [Vivado 12-3200] Please refer to the DRC report (report_drc) for more information.
INFO: [Designutils 20-2272] Running write_bitstream with 2 threads.
Loading data files...
Loading site data...
Loading route data...
Processing options...
Creating bitmap...
Creating bitstream...
Writing bitstream ./system_wrapper.bit...
INFO: [Vivado 12-1842] Bitgen Completed Successfully.
INFO: [Project 1-120] WebTalk data collection is mandatory when using a WebPACK part without a full Vivado license. To see the specific WebTalk data collected for your design, open the usage_statistics_webtalk.html or usage_statistics_webtalk.xml file in the implementation directory.
INFO: [Common 17-83] Releasing license: Implementation
125 Infos, 263 Warnings, 0 Critical Warnings and 0 Errors encountered.
write_bitstream completed successfully
write_bitstream: Time (s): cpu = 00:00:45 ; elapsed = 00:00:31 . Memory (MB): peak = 2318.996 ; gain = 345.746
INFO: [Common 17-206] Exiting Vivado at Sat Jun 21 18:00:23 2025...
