Copyright 1986-2019 Xilinx, Inc. All Rights Reserved.
------------------------------------------------------------------------------------------------------------------------------------
| Tool Version : Vivado v.2019.1 (win64) Build 2552052 Fri May 24 14:49:42 MDT 2019
| Date         : Sat Jun 21 17:59:36 2025
| Host         : hiyeon running 64-bit major release  (build 9200)
| Command      : report_drc -file system_wrapper_drc_routed.rpt -pb system_wrapper_drc_routed.pb -rpx system_wrapper_drc_routed.rpx
| Design       : system_wrapper
| Device       : xc7z020clg484-1
| Speed File   : -1
| Design State : Fully Routed
------------------------------------------------------------------------------------------------------------------------------------

Report DRC

Table of Contents
-----------------
1. REPORT SUMMARY
2. REPORT DETAILS

1. REPORT SUMMARY
-----------------
            Netlist: netlist
          Floorplan: design_1
      Design limits: <entire design considered>
           Ruledeck: default
             Max violations: <unlimited>
             Violations found: 261
+-----------+----------+----------------------------+------------+
| Rule      | Severity | Description                | Violations |
+-----------+----------+----------------------------+------------+
| CHECK-3   | Warning  | Report rule limit reached  | 1          |
| DPIP-1    | Warning  | Input pipelining           | 120        |
| DPOP-1    | Warning  | PREG Output pipelining     | 60         |
| DPOP-2    | Warning  | MREG Output pipelining     | 60         |
| REQP-1839 | Warning  | RAMB36 async control check | 20         |
+-----------+----------+----------------------------+------------+

2. REPORT DETAILS
-----------------
CHECK-3#1 Warning
Report rule limit reached  
REQP-1839 rule limit reached: 20 violations have been found.
Related violations: <none>

DPIP-1#1 Warning
Input pipelining  
DSP system_i/tftlcd_0/inst/TFTLCDctrl_U0/rgb_u0/is_circle_border_return2 input system_i/tftlcd_0/inst/TFTLCDctrl_U0/rgb_u0/is_circle_border_return2/A[29:0] is not pipelined. Pipelining DSP48 input will improve performance.
Related violations: <none>

DPIP-1#2 Warning
Input pipelining  
DSP system_i/tftlcd_0/inst/TFTLCDctrl_U0/rgb_u0/is_circle_border_return2 input system_i/tftlcd_0/inst/TFTLCDctrl_U0/rgb_u0/is_circle_border_return2/B[17:0] is not pipelined. Pipelining DSP48 input will improve performance.
Related violations: <none>

DPIP-1#3 Warning
Input pipelining  
DSP system_i/tftlcd_0/inst/TFTLCDctrl_U0/rgb_u0/is_circle_border_return2__0 input system_i/tftlcd_0/inst/TFTLCDctrl_U0/rgb_u0/is_circle_border_return2__0/A[29:0] is not pipelined. Pipelining DSP48 input will improve performance.
Related violations: <none>

DPIP-1#4 Warning
Input pipelining  
DSP system_i/tftlcd_0/inst/TFTLCDctrl_U0/rgb_u0/is_circle_border_return2__0 input system_i/tftlcd_0/inst/TFTLCDctrl_U0/rgb_u0/is_circle_border_return2__0/B[17:0] is not pipelined. Pipelining DSP48 input will improve performance.
Related violations: <none>

DPIP-1#5 Warning
Input pipelining  
DSP system_i/tftlcd_0/inst/TFTLCDctrl_U0/rgb_u0/is_circle_border_return2__1 input system_i/tftlcd_0/inst/TFTLCDctrl_U0/rgb_u0/is_circle_border_return2__1/A[29:0] is not pipelined. Pipelining DSP48 input will improve performance.
Related violations: <none>

DPIP-1#6 Warning
Input pipelining  
DSP system_i/tftlcd_0/inst/TFTLCDctrl_U0/rgb_u0/is_circle_border_return2__1 input system_i/tftlcd_0/inst/TFTLCDctrl_U0/rgb_u0/is_circle_border_return2__1/B[17:0] is not pipelined. Pipelining DSP48 input will improve performance.
Related violations: <none>

DPIP-1#7 Warning
Input pipelining  
DSP system_i/tftlcd_0/inst/TFTLCDctrl_U0/rgb_u0/is_circle_border_return2__2 input system_i/tftlcd_0/inst/TFTLCDctrl_U0/rgb_u0/is_circle_border_return2__2/A[29:0] is not pipelined. Pipelining DSP48 input will improve performance.
Related violations: <none>

DPIP-1#8 Warning
Input pipelining  
DSP system_i/tftlcd_0/inst/TFTLCDctrl_U0/rgb_u0/is_circle_border_return2__2 input system_i/tftlcd_0/inst/TFTLCDctrl_U0/rgb_u0/is_circle_border_return2__2/B[17:0] is not pipelined. Pipelining DSP48 input will improve performance.
Related violations: <none>

DPIP-1#9 Warning
Input pipelining  
DSP system_i/tftlcd_0/inst/TFTLCDctrl_U0/rgb_u0/is_circle_border_return2__3 input system_i/tftlcd_0/inst/TFTLCDctrl_U0/rgb_u0/is_circle_border_return2__3/A[29:0] is not pipelined. Pipelining DSP48 input will improve performance.
Related violations: <none>

DPIP-1#10 Warning
Input pipelining  
DSP system_i/tftlcd_0/inst/TFTLCDctrl_U0/rgb_u0/is_circle_border_return2__3 input system_i/tftlcd_0/inst/TFTLCDctrl_U0/rgb_u0/is_circle_border_return2__3/B[17:0] is not pipelined. Pipelining DSP48 input will improve performance.
Related violations: <none>

DPIP-1#11 Warning
Input pipelining  
DSP system_i/tftlcd_0/inst/TFTLCDctrl_U0/rgb_u0/is_circle_border_return2__4 input system_i/tftlcd_0/inst/TFTLCDctrl_U0/rgb_u0/is_circle_border_return2__4/A[29:0] is not pipelined. Pipelining DSP48 input will improve performance.
Related violations: <none>

DPIP-1#12 Warning
Input pipelining  
DSP system_i/tftlcd_0/inst/TFTLCDctrl_U0/rgb_u0/is_circle_border_return2__4 input system_i/tftlcd_0/inst/TFTLCDctrl_U0/rgb_u0/is_circle_border_return2__4/B[17:0] is not pipelined. Pipelining DSP48 input will improve performance.
Related violations: <none>

DPIP-1#13 Warning
Input pipelining  
DSP system_i/tftlcd_0/inst/TFTLCDctrl_U0/rgb_u0/is_grape_border3 input system_i/tftlcd_0/inst/TFTLCDctrl_U0/rgb_u0/is_grape_border3/A[29:0] is not pipelined. Pipelining DSP48 input will improve performance.
Related violations: <none>

DPIP-1#14 Warning
Input pipelining  
DSP system_i/tftlcd_0/inst/TFTLCDctrl_U0/rgb_u0/is_grape_border3 input system_i/tftlcd_0/inst/TFTLCDctrl_U0/rgb_u0/is_grape_border3/B[17:0] is not pipelined. Pipelining DSP48 input will improve performance.
Related violations: <none>

DPIP-1#15 Warning
Input pipelining  
DSP system_i/tftlcd_0/inst/TFTLCDctrl_U0/rgb_u0/is_grape_border3__0 input system_i/tftlcd_0/inst/TFTLCDctrl_U0/rgb_u0/is_grape_border3__0/A[29:0] is not pipelined. Pipelining DSP48 input will improve performance.
Related violations: <none>

DPIP-1#16 Warning
Input pipelining  
DSP system_i/tftlcd_0/inst/TFTLCDctrl_U0/rgb_u0/is_grape_border3__0 input system_i/tftlcd_0/inst/TFTLCDctrl_U0/rgb_u0/is_grape_border3__0/B[17:0] is not pipelined. Pipelining DSP48 input will improve performance.
Related violations: <none>

DPIP-1#17 Warning
Input pipelining  
DSP system_i/tftlcd_0/inst/TFTLCDctrl_U0/rgb_u0/is_grape_border3__1 input system_i/tftlcd_0/inst/TFTLCDctrl_U0/rgb_u0/is_grape_border3__1/A[29:0] is not pipelined. Pipelining DSP48 input will improve performance.
Related violations: <none>

DPIP-1#18 Warning
Input pipelining  
DSP system_i/tftlcd_0/inst/TFTLCDctrl_U0/rgb_u0/is_grape_border3__1 input system_i/tftlcd_0/inst/TFTLCDctrl_U0/rgb_u0/is_grape_border3__1/B[17:0] is not pipelined. Pipelining DSP48 input will improve performance.
Related violations: <none>

DPIP-1#19 Warning
Input pipelining  
DSP system_i/tftlcd_0/inst/TFTLCDctrl_U0/rgb_u0/is_grape_border4 input system_i/tftlcd_0/inst/TFTLCDctrl_U0/rgb_u0/is_grape_border4/A[29:0] is not pipelined. Pipelining DSP48 input will improve performance.
Related violations: <none>

DPIP-1#20 Warning
Input pipelining  
DSP system_i/tftlcd_0/inst/TFTLCDctrl_U0/rgb_u0/is_grape_border4 input system_i/tftlcd_0/inst/TFTLCDctrl_U0/rgb_u0/is_grape_border4/B[17:0] is not pipelined. Pipelining DSP48 input will improve performance.
Related violations: <none>

DPIP-1#21 Warning
Input pipelining  
DSP system_i/tftlcd_0/inst/TFTLCDctrl_U0/rgb_u0/is_grape_border4__0 input system_i/tftlcd_0/inst/TFTLCDctrl_U0/rgb_u0/is_grape_border4__0/A[29:0] is not pipelined. Pipelining DSP48 input will improve performance.
Related violations: <none>

DPIP-1#22 Warning
Input pipelining  
DSP system_i/tftlcd_0/inst/TFTLCDctrl_U0/rgb_u0/is_grape_border4__0 input system_i/tftlcd_0/inst/TFTLCDctrl_U0/rgb_u0/is_grape_border4__0/B[17:0] is not pipelined. Pipelining DSP48 input will improve performance.
Related violations: <none>

DPIP-1#23 Warning
Input pipelining  
DSP system_i/tftlcd_0/inst/TFTLCDctrl_U0/rgb_u0/is_grape_border4__1 input system_i/tftlcd_0/inst/TFTLCDctrl_U0/rgb_u0/is_grape_border4__1/A[29:0] is not pipelined. Pipelining DSP48 input will improve performance.
Related violations: <none>

DPIP-1#24 Warning
Input pipelining  
DSP system_i/tftlcd_0/inst/TFTLCDctrl_U0/rgb_u0/is_grape_border4__1 input system_i/tftlcd_0/inst/TFTLCDctrl_U0/rgb_u0/is_grape_border4__1/B[17:0] is not pipelined. Pipelining DSP48 input will improve performance.
Related violations: <none>

DPIP-1#25 Warning
Input pipelining  
DSP system_i/tftlcd_0/inst/TFTLCDctrl_U0/rgb_u0/is_grape_border4__10 input system_i/tftlcd_0/inst/TFTLCDctrl_U0/rgb_u0/is_grape_border4__10/A[29:0] is not pipelined. Pipelining DSP48 input will improve performance.
Related violations: <none>

DPIP-1#26 Warning
Input pipelining  
DSP system_i/tftlcd_0/inst/TFTLCDctrl_U0/rgb_u0/is_grape_border4__10 input system_i/tftlcd_0/inst/TFTLCDctrl_U0/rgb_u0/is_grape_border4__10/B[17:0] is not pipelined. Pipelining DSP48 input will improve performance.
Related violations: <none>

DPIP-1#27 Warning
Input pipelining  
DSP system_i/tftlcd_0/inst/TFTLCDctrl_U0/rgb_u0/is_grape_border4__11 input system_i/tftlcd_0/inst/TFTLCDctrl_U0/rgb_u0/is_grape_border4__11/A[29:0] is not pipelined. Pipelining DSP48 input will improve performance.
Related violations: <none>

DPIP-1#28 Warning
Input pipelining  
DSP system_i/tftlcd_0/inst/TFTLCDctrl_U0/rgb_u0/is_grape_border4__11 input system_i/tftlcd_0/inst/TFTLCDctrl_U0/rgb_u0/is_grape_border4__11/B[17:0] is not pipelined. Pipelining DSP48 input will improve performance.
Related violations: <none>

DPIP-1#29 Warning
Input pipelining  
DSP system_i/tftlcd_0/inst/TFTLCDctrl_U0/rgb_u0/is_grape_border4__12 input system_i/tftlcd_0/inst/TFTLCDctrl_U0/rgb_u0/is_grape_border4__12/A[29:0] is not pipelined. Pipelining DSP48 input will improve performance.
Related violations: <none>

DPIP-1#30 Warning
Input pipelining  
DSP system_i/tftlcd_0/inst/TFTLCDctrl_U0/rgb_u0/is_grape_border4__12 input system_i/tftlcd_0/inst/TFTLCDctrl_U0/rgb_u0/is_grape_border4__12/B[17:0] is not pipelined. Pipelining DSP48 input will improve performance.
Related violations: <none>

DPIP-1#31 Warning
Input pipelining  
DSP system_i/tftlcd_0/inst/TFTLCDctrl_U0/rgb_u0/is_grape_border4__13 input system_i/tftlcd_0/inst/TFTLCDctrl_U0/rgb_u0/is_grape_border4__13/A[29:0] is not pipelined. Pipelining DSP48 input will improve performance.
Related violations: <none>

DPIP-1#32 Warning
Input pipelining  
DSP system_i/tftlcd_0/inst/TFTLCDctrl_U0/rgb_u0/is_grape_border4__13 input system_i/tftlcd_0/inst/TFTLCDctrl_U0/rgb_u0/is_grape_border4__13/B[17:0] is not pipelined. Pipelining DSP48 input will improve performance.
Related violations: <none>

DPIP-1#33 Warning
Input pipelining  
DSP system_i/tftlcd_0/inst/TFTLCDctrl_U0/rgb_u0/is_grape_border4__14 input system_i/tftlcd_0/inst/TFTLCDctrl_U0/rgb_u0/is_grape_border4__14/A[29:0] is not pipelined. Pipelining DSP48 input will improve performance.
Related violations: <none>

DPIP-1#34 Warning
Input pipelining  
DSP system_i/tftlcd_0/inst/TFTLCDctrl_U0/rgb_u0/is_grape_border4__14 input system_i/tftlcd_0/inst/TFTLCDctrl_U0/rgb_u0/is_grape_border4__14/B[17:0] is not pipelined. Pipelining DSP48 input will improve performance.
Related violations: <none>

DPIP-1#35 Warning
Input pipelining  
DSP system_i/tftlcd_0/inst/TFTLCDctrl_U0/rgb_u0/is_grape_border4__15 input system_i/tftlcd_0/inst/TFTLCDctrl_U0/rgb_u0/is_grape_border4__15/A[29:0] is not pipelined. Pipelining DSP48 input will improve performance.
Related violations: <none>

DPIP-1#36 Warning
Input pipelining  
DSP system_i/tftlcd_0/inst/TFTLCDctrl_U0/rgb_u0/is_grape_border4__15 input system_i/tftlcd_0/inst/TFTLCDctrl_U0/rgb_u0/is_grape_border4__15/B[17:0] is not pipelined. Pipelining DSP48 input will improve performance.
Related violations: <none>

DPIP-1#37 Warning
Input pipelining  
DSP system_i/tftlcd_0/inst/TFTLCDctrl_U0/rgb_u0/is_grape_border4__16 input system_i/tftlcd_0/inst/TFTLCDctrl_U0/rgb_u0/is_grape_border4__16/A[29:0] is not pipelined. Pipelining DSP48 input will improve performance.
Related violations: <none>

DPIP-1#38 Warning
Input pipelining  
DSP system_i/tftlcd_0/inst/TFTLCDctrl_U0/rgb_u0/is_grape_border4__16 input system_i/tftlcd_0/inst/TFTLCDctrl_U0/rgb_u0/is_grape_border4__16/B[17:0] is not pipelined. Pipelining DSP48 input will improve performance.
Related violations: <none>

DPIP-1#39 Warning
Input pipelining  
DSP system_i/tftlcd_0/inst/TFTLCDctrl_U0/rgb_u0/is_grape_border4__17 input system_i/tftlcd_0/inst/TFTLCDctrl_U0/rgb_u0/is_grape_border4__17/A[29:0] is not pipelined. Pipelining DSP48 input will improve performance.
Related violations: <none>

DPIP-1#40 Warning
Input pipelining  
DSP system_i/tftlcd_0/inst/TFTLCDctrl_U0/rgb_u0/is_grape_border4__17 input system_i/tftlcd_0/inst/TFTLCDctrl_U0/rgb_u0/is_grape_border4__17/B[17:0] is not pipelined. Pipelining DSP48 input will improve performance.
Related violations: <none>

DPIP-1#41 Warning
Input pipelining  
DSP system_i/tftlcd_0/inst/TFTLCDctrl_U0/rgb_u0/is_grape_border4__18 input system_i/tftlcd_0/inst/TFTLCDctrl_U0/rgb_u0/is_grape_border4__18/A[29:0] is not pipelined. Pipelining DSP48 input will improve performance.
Related violations: <none>

DPIP-1#42 Warning
Input pipelining  
DSP system_i/tftlcd_0/inst/TFTLCDctrl_U0/rgb_u0/is_grape_border4__18 input system_i/tftlcd_0/inst/TFTLCDctrl_U0/rgb_u0/is_grape_border4__18/B[17:0] is not pipelined. Pipelining DSP48 input will improve performance.
Related violations: <none>

DPIP-1#43 Warning
Input pipelining  
DSP system_i/tftlcd_0/inst/TFTLCDctrl_U0/rgb_u0/is_grape_border4__19 input system_i/tftlcd_0/inst/TFTLCDctrl_U0/rgb_u0/is_grape_border4__19/A[29:0] is not pipelined. Pipelining DSP48 input will improve performance.
Related violations: <none>

DPIP-1#44 Warning
Input pipelining  
DSP system_i/tftlcd_0/inst/TFTLCDctrl_U0/rgb_u0/is_grape_border4__19 input system_i/tftlcd_0/inst/TFTLCDctrl_U0/rgb_u0/is_grape_border4__19/B[17:0] is not pipelined. Pipelining DSP48 input will improve performance.
Related violations: <none>

DPIP-1#45 Warning
Input pipelining  
DSP system_i/tftlcd_0/inst/TFTLCDctrl_U0/rgb_u0/is_grape_border4__2 input system_i/tftlcd_0/inst/TFTLCDctrl_U0/rgb_u0/is_grape_border4__2/A[29:0] is not pipelined. Pipelining DSP48 input will improve performance.
Related violations: <none>

DPIP-1#46 Warning
Input pipelining  
DSP system_i/tftlcd_0/inst/TFTLCDctrl_U0/rgb_u0/is_grape_border4__2 input system_i/tftlcd_0/inst/TFTLCDctrl_U0/rgb_u0/is_grape_border4__2/B[17:0] is not pipelined. Pipelining DSP48 input will improve performance.
Related violations: <none>

DPIP-1#47 Warning
Input pipelining  
DSP system_i/tftlcd_0/inst/TFTLCDctrl_U0/rgb_u0/is_grape_border4__3 input system_i/tftlcd_0/inst/TFTLCDctrl_U0/rgb_u0/is_grape_border4__3/A[29:0] is not pipelined. Pipelining DSP48 input will improve performance.
Related violations: <none>

DPIP-1#48 Warning
Input pipelining  
DSP system_i/tftlcd_0/inst/TFTLCDctrl_U0/rgb_u0/is_grape_border4__3 input system_i/tftlcd_0/inst/TFTLCDctrl_U0/rgb_u0/is_grape_border4__3/B[17:0] is not pipelined. Pipelining DSP48 input will improve performance.
Related violations: <none>

DPIP-1#49 Warning
Input pipelining  
DSP system_i/tftlcd_0/inst/TFTLCDctrl_U0/rgb_u0/is_grape_border4__4 input system_i/tftlcd_0/inst/TFTLCDctrl_U0/rgb_u0/is_grape_border4__4/A[29:0] is not pipelined. Pipelining DSP48 input will improve performance.
Related violations: <none>

DPIP-1#50 Warning
Input pipelining  
DSP system_i/tftlcd_0/inst/TFTLCDctrl_U0/rgb_u0/is_grape_border4__4 input system_i/tftlcd_0/inst/TFTLCDctrl_U0/rgb_u0/is_grape_border4__4/B[17:0] is not pipelined. Pipelining DSP48 input will improve performance.
Related violations: <none>

DPIP-1#51 Warning
Input pipelining  
DSP system_i/tftlcd_0/inst/TFTLCDctrl_U0/rgb_u0/is_grape_border4__5 input system_i/tftlcd_0/inst/TFTLCDctrl_U0/rgb_u0/is_grape_border4__5/A[29:0] is not pipelined. Pipelining DSP48 input will improve performance.
Related violations: <none>

DPIP-1#52 Warning
Input pipelining  
DSP system_i/tftlcd_0/inst/TFTLCDctrl_U0/rgb_u0/is_grape_border4__5 input system_i/tftlcd_0/inst/TFTLCDctrl_U0/rgb_u0/is_grape_border4__5/B[17:0] is not pipelined. Pipelining DSP48 input will improve performance.
Related violations: <none>

DPIP-1#53 Warning
Input pipelining  
DSP system_i/tftlcd_0/inst/TFTLCDctrl_U0/rgb_u0/is_grape_border4__6 input system_i/tftlcd_0/inst/TFTLCDctrl_U0/rgb_u0/is_grape_border4__6/A[29:0] is not pipelined. Pipelining DSP48 input will improve performance.
Related violations: <none>

DPIP-1#54 Warning
Input pipelining  
DSP system_i/tftlcd_0/inst/TFTLCDctrl_U0/rgb_u0/is_grape_border4__6 input system_i/tftlcd_0/inst/TFTLCDctrl_U0/rgb_u0/is_grape_border4__6/B[17:0] is not pipelined. Pipelining DSP48 input will improve performance.
Related violations: <none>

DPIP-1#55 Warning
Input pipelining  
DSP system_i/tftlcd_0/inst/TFTLCDctrl_U0/rgb_u0/is_grape_border4__7 input system_i/tftlcd_0/inst/TFTLCDctrl_U0/rgb_u0/is_grape_border4__7/A[29:0] is not pipelined. Pipelining DSP48 input will improve performance.
Related violations: <none>

DPIP-1#56 Warning
Input pipelining  
DSP system_i/tftlcd_0/inst/TFTLCDctrl_U0/rgb_u0/is_grape_border4__7 input system_i/tftlcd_0/inst/TFTLCDctrl_U0/rgb_u0/is_grape_border4__7/B[17:0] is not pipelined. Pipelining DSP48 input will improve performance.
Related violations: <none>

DPIP-1#57 Warning
Input pipelining  
DSP system_i/tftlcd_0/inst/TFTLCDctrl_U0/rgb_u0/is_grape_border4__8 input system_i/tftlcd_0/inst/TFTLCDctrl_U0/rgb_u0/is_grape_border4__8/A[29:0] is not pipelined. Pipelining DSP48 input will improve performance.
Related violations: <none>

DPIP-1#58 Warning
Input pipelining  
DSP system_i/tftlcd_0/inst/TFTLCDctrl_U0/rgb_u0/is_grape_border4__8 input system_i/tftlcd_0/inst/TFTLCDctrl_U0/rgb_u0/is_grape_border4__8/B[17:0] is not pipelined. Pipelining DSP48 input will improve performance.
Related violations: <none>

DPIP-1#59 Warning
Input pipelining  
DSP system_i/tftlcd_0/inst/TFTLCDctrl_U0/rgb_u0/is_grape_border4__9 input system_i/tftlcd_0/inst/TFTLCDctrl_U0/rgb_u0/is_grape_border4__9/A[29:0] is not pipelined. Pipelining DSP48 input will improve performance.
Related violations: <none>

DPIP-1#60 Warning
Input pipelining  
DSP system_i/tftlcd_0/inst/TFTLCDctrl_U0/rgb_u0/is_grape_border4__9 input system_i/tftlcd_0/inst/TFTLCDctrl_U0/rgb_u0/is_grape_border4__9/B[17:0] is not pipelined. Pipelining DSP48 input will improve performance.
Related violations: <none>

DPIP-1#61 Warning
Input pipelining  
DSP system_i/tftlcd_0/inst/TFTLCDctrl_U0/rgb_u0/p_1_out input system_i/tftlcd_0/inst/TFTLCDctrl_U0/rgb_u0/p_1_out/A[29:0] is not pipelined. Pipelining DSP48 input will improve performance.
Related violations: <none>

DPIP-1#62 Warning
Input pipelining  
DSP system_i/tftlcd_0/inst/TFTLCDctrl_U0/rgb_u0/p_1_out input system_i/tftlcd_0/inst/TFTLCDctrl_U0/rgb_u0/p_1_out/B[17:0] is not pipelined. Pipelining DSP48 input will improve performance.
Related violations: <none>

DPIP-1#63 Warning
Input pipelining  
DSP system_i/tftlcd_0/inst/TFTLCDctrl_U0/rgb_u0/p_1_out__0 input system_i/tftlcd_0/inst/TFTLCDctrl_U0/rgb_u0/p_1_out__0/A[29:0] is not pipelined. Pipelining DSP48 input will improve performance.
Related violations: <none>

DPIP-1#64 Warning
Input pipelining  
DSP system_i/tftlcd_0/inst/TFTLCDctrl_U0/rgb_u0/p_1_out__0 input system_i/tftlcd_0/inst/TFTLCDctrl_U0/rgb_u0/p_1_out__0/B[17:0] is not pipelined. Pipelining DSP48 input will improve performance.
Related violations: <none>

DPIP-1#65 Warning
Input pipelining  
DSP system_i/tftlcd_0/inst/TFTLCDctrl_U0/rgb_u0/p_1_out__1 input system_i/tftlcd_0/inst/TFTLCDctrl_U0/rgb_u0/p_1_out__1/A[29:0] is not pipelined. Pipelining DSP48 input will improve performance.
Related violations: <none>

DPIP-1#66 Warning
Input pipelining  
DSP system_i/tftlcd_0/inst/TFTLCDctrl_U0/rgb_u0/p_1_out__1 input system_i/tftlcd_0/inst/TFTLCDctrl_U0/rgb_u0/p_1_out__1/B[17:0] is not pipelined. Pipelining DSP48 input will improve performance.
Related violations: <none>

DPIP-1#67 Warning
Input pipelining  
DSP system_i/tftlcd_0/inst/TFTLCDctrl_U0/rgb_u0/p_1_out__10 input system_i/tftlcd_0/inst/TFTLCDctrl_U0/rgb_u0/p_1_out__10/A[29:0] is not pipelined. Pipelining DSP48 input will improve performance.
Related violations: <none>

DPIP-1#68 Warning
Input pipelining  
DSP system_i/tftlcd_0/inst/TFTLCDctrl_U0/rgb_u0/p_1_out__10 input system_i/tftlcd_0/inst/TFTLCDctrl_U0/rgb_u0/p_1_out__10/B[17:0] is not pipelined. Pipelining DSP48 input will improve performance.
Related violations: <none>

DPIP-1#69 Warning
Input pipelining  
DSP system_i/tftlcd_0/inst/TFTLCDctrl_U0/rgb_u0/p_1_out__11 input system_i/tftlcd_0/inst/TFTLCDctrl_U0/rgb_u0/p_1_out__11/A[29:0] is not pipelined. Pipelining DSP48 input will improve performance.
Related violations: <none>

DPIP-1#70 Warning
Input pipelining  
DSP system_i/tftlcd_0/inst/TFTLCDctrl_U0/rgb_u0/p_1_out__11 input system_i/tftlcd_0/inst/TFTLCDctrl_U0/rgb_u0/p_1_out__11/B[17:0] is not pipelined. Pipelining DSP48 input will improve performance.
Related violations: <none>

DPIP-1#71 Warning
Input pipelining  
DSP system_i/tftlcd_0/inst/TFTLCDctrl_U0/rgb_u0/p_1_out__12 input system_i/tftlcd_0/inst/TFTLCDctrl_U0/rgb_u0/p_1_out__12/A[29:0] is not pipelined. Pipelining DSP48 input will improve performance.
Related violations: <none>

DPIP-1#72 Warning
Input pipelining  
DSP system_i/tftlcd_0/inst/TFTLCDctrl_U0/rgb_u0/p_1_out__12 input system_i/tftlcd_0/inst/TFTLCDctrl_U0/rgb_u0/p_1_out__12/B[17:0] is not pipelined. Pipelining DSP48 input will improve performance.
Related violations: <none>

DPIP-1#73 Warning
Input pipelining  
DSP system_i/tftlcd_0/inst/TFTLCDctrl_U0/rgb_u0/p_1_out__13 input system_i/tftlcd_0/inst/TFTLCDctrl_U0/rgb_u0/p_1_out__13/A[29:0] is not pipelined. Pipelining DSP48 input will improve performance.
Related violations: <none>

DPIP-1#74 Warning
Input pipelining  
DSP system_i/tftlcd_0/inst/TFTLCDctrl_U0/rgb_u0/p_1_out__13 input system_i/tftlcd_0/inst/TFTLCDctrl_U0/rgb_u0/p_1_out__13/B[17:0] is not pipelined. Pipelining DSP48 input will improve performance.
Related violations: <none>

DPIP-1#75 Warning
Input pipelining  
DSP system_i/tftlcd_0/inst/TFTLCDctrl_U0/rgb_u0/p_1_out__14 input system_i/tftlcd_0/inst/TFTLCDctrl_U0/rgb_u0/p_1_out__14/A[29:0] is not pipelined. Pipelining DSP48 input will improve performance.
Related violations: <none>

DPIP-1#76 Warning
Input pipelining  
DSP system_i/tftlcd_0/inst/TFTLCDctrl_U0/rgb_u0/p_1_out__14 input system_i/tftlcd_0/inst/TFTLCDctrl_U0/rgb_u0/p_1_out__14/B[17:0] is not pipelined. Pipelining DSP48 input will improve performance.
Related violations: <none>

DPIP-1#77 Warning
Input pipelining  
DSP system_i/tftlcd_0/inst/TFTLCDctrl_U0/rgb_u0/p_1_out__15 input system_i/tftlcd_0/inst/TFTLCDctrl_U0/rgb_u0/p_1_out__15/A[29:0] is not pipelined. Pipelining DSP48 input will improve performance.
Related violations: <none>

DPIP-1#78 Warning
Input pipelining  
DSP system_i/tftlcd_0/inst/TFTLCDctrl_U0/rgb_u0/p_1_out__15 input system_i/tftlcd_0/inst/TFTLCDctrl_U0/rgb_u0/p_1_out__15/B[17:0] is not pipelined. Pipelining DSP48 input will improve performance.
Related violations: <none>

DPIP-1#79 Warning
Input pipelining  
DSP system_i/tftlcd_0/inst/TFTLCDctrl_U0/rgb_u0/p_1_out__16 input system_i/tftlcd_0/inst/TFTLCDctrl_U0/rgb_u0/p_1_out__16/A[29:0] is not pipelined. Pipelining DSP48 input will improve performance.
Related violations: <none>

DPIP-1#80 Warning
Input pipelining  
DSP system_i/tftlcd_0/inst/TFTLCDctrl_U0/rgb_u0/p_1_out__16 input system_i/tftlcd_0/inst/TFTLCDctrl_U0/rgb_u0/p_1_out__16/B[17:0] is not pipelined. Pipelining DSP48 input will improve performance.
Related violations: <none>

DPIP-1#81 Warning
Input pipelining  
DSP system_i/tftlcd_0/inst/TFTLCDctrl_U0/rgb_u0/p_1_out__17 input system_i/tftlcd_0/inst/TFTLCDctrl_U0/rgb_u0/p_1_out__17/A[29:0] is not pipelined. Pipelining DSP48 input will improve performance.
Related violations: <none>

DPIP-1#82 Warning
Input pipelining  
DSP system_i/tftlcd_0/inst/TFTLCDctrl_U0/rgb_u0/p_1_out__17 input system_i/tftlcd_0/inst/TFTLCDctrl_U0/rgb_u0/p_1_out__17/B[17:0] is not pipelined. Pipelining DSP48 input will improve performance.
Related violations: <none>

DPIP-1#83 Warning
Input pipelining  
DSP system_i/tftlcd_0/inst/TFTLCDctrl_U0/rgb_u0/p_1_out__18 input system_i/tftlcd_0/inst/TFTLCDctrl_U0/rgb_u0/p_1_out__18/A[29:0] is not pipelined. Pipelining DSP48 input will improve performance.
Related violations: <none>

DPIP-1#84 Warning
Input pipelining  
DSP system_i/tftlcd_0/inst/TFTLCDctrl_U0/rgb_u0/p_1_out__18 input system_i/tftlcd_0/inst/TFTLCDctrl_U0/rgb_u0/p_1_out__18/B[17:0] is not pipelined. Pipelining DSP48 input will improve performance.
Related violations: <none>

DPIP-1#85 Warning
Input pipelining  
DSP system_i/tftlcd_0/inst/TFTLCDctrl_U0/rgb_u0/p_1_out__19 input system_i/tftlcd_0/inst/TFTLCDctrl_U0/rgb_u0/p_1_out__19/A[29:0] is not pipelined. Pipelining DSP48 input will improve performance.
Related violations: <none>

DPIP-1#86 Warning
Input pipelining  
DSP system_i/tftlcd_0/inst/TFTLCDctrl_U0/rgb_u0/p_1_out__19 input system_i/tftlcd_0/inst/TFTLCDctrl_U0/rgb_u0/p_1_out__19/B[17:0] is not pipelined. Pipelining DSP48 input will improve performance.
Related violations: <none>

DPIP-1#87 Warning
Input pipelining  
DSP system_i/tftlcd_0/inst/TFTLCDctrl_U0/rgb_u0/p_1_out__2 input system_i/tftlcd_0/inst/TFTLCDctrl_U0/rgb_u0/p_1_out__2/A[29:0] is not pipelined. Pipelining DSP48 input will improve performance.
Related violations: <none>

DPIP-1#88 Warning
Input pipelining  
DSP system_i/tftlcd_0/inst/TFTLCDctrl_U0/rgb_u0/p_1_out__2 input system_i/tftlcd_0/inst/TFTLCDctrl_U0/rgb_u0/p_1_out__2/B[17:0] is not pipelined. Pipelining DSP48 input will improve performance.
Related violations: <none>

DPIP-1#89 Warning
Input pipelining  
DSP system_i/tftlcd_0/inst/TFTLCDctrl_U0/rgb_u0/p_1_out__20 input system_i/tftlcd_0/inst/TFTLCDctrl_U0/rgb_u0/p_1_out__20/A[29:0] is not pipelined. Pipelining DSP48 input will improve performance.
Related violations: <none>

DPIP-1#90 Warning
Input pipelining  
DSP system_i/tftlcd_0/inst/TFTLCDctrl_U0/rgb_u0/p_1_out__20 input system_i/tftlcd_0/inst/TFTLCDctrl_U0/rgb_u0/p_1_out__20/B[17:0] is not pipelined. Pipelining DSP48 input will improve performance.
Related violations: <none>

DPIP-1#91 Warning
Input pipelining  
DSP system_i/tftlcd_0/inst/TFTLCDctrl_U0/rgb_u0/p_1_out__21 input system_i/tftlcd_0/inst/TFTLCDctrl_U0/rgb_u0/p_1_out__21/A[29:0] is not pipelined. Pipelining DSP48 input will improve performance.
Related violations: <none>

DPIP-1#92 Warning
Input pipelining  
DSP system_i/tftlcd_0/inst/TFTLCDctrl_U0/rgb_u0/p_1_out__21 input system_i/tftlcd_0/inst/TFTLCDctrl_U0/rgb_u0/p_1_out__21/B[17:0] is not pipelined. Pipelining DSP48 input will improve performance.
Related violations: <none>

DPIP-1#93 Warning
Input pipelining  
DSP system_i/tftlcd_0/inst/TFTLCDctrl_U0/rgb_u0/p_1_out__22 input system_i/tftlcd_0/inst/TFTLCDctrl_U0/rgb_u0/p_1_out__22/A[29:0] is not pipelined. Pipelining DSP48 input will improve performance.
Related violations: <none>

DPIP-1#94 Warning
Input pipelining  
DSP system_i/tftlcd_0/inst/TFTLCDctrl_U0/rgb_u0/p_1_out__22 input system_i/tftlcd_0/inst/TFTLCDctrl_U0/rgb_u0/p_1_out__22/B[17:0] is not pipelined. Pipelining DSP48 input will improve performance.
Related violations: <none>

DPIP-1#95 Warning
Input pipelining  
DSP system_i/tftlcd_0/inst/TFTLCDctrl_U0/rgb_u0/p_1_out__23 input system_i/tftlcd_0/inst/TFTLCDctrl_U0/rgb_u0/p_1_out__23/A[29:0] is not pipelined. Pipelining DSP48 input will improve performance.
Related violations: <none>

DPIP-1#96 Warning
Input pipelining  
DSP system_i/tftlcd_0/inst/TFTLCDctrl_U0/rgb_u0/p_1_out__23 input system_i/tftlcd_0/inst/TFTLCDctrl_U0/rgb_u0/p_1_out__23/B[17:0] is not pipelined. Pipelining DSP48 input will improve performance.
Related violations: <none>

DPIP-1#97 Warning
Input pipelining  
DSP system_i/tftlcd_0/inst/TFTLCDctrl_U0/rgb_u0/p_1_out__24 input system_i/tftlcd_0/inst/TFTLCDctrl_U0/rgb_u0/p_1_out__24/A[29:0] is not pipelined. Pipelining DSP48 input will improve performance.
Related violations: <none>

DPIP-1#98 Warning
Input pipelining  
DSP system_i/tftlcd_0/inst/TFTLCDctrl_U0/rgb_u0/p_1_out__24 input system_i/tftlcd_0/inst/TFTLCDctrl_U0/rgb_u0/p_1_out__24/B[17:0] is not pipelined. Pipelining DSP48 input will improve performance.
Related violations: <none>

DPIP-1#99 Warning
Input pipelining  
DSP system_i/tftlcd_0/inst/TFTLCDctrl_U0/rgb_u0/p_1_out__25 input system_i/tftlcd_0/inst/TFTLCDctrl_U0/rgb_u0/p_1_out__25/A[29:0] is not pipelined. Pipelining DSP48 input will improve performance.
Related violations: <none>

DPIP-1#100 Warning
Input pipelining  
DSP system_i/tftlcd_0/inst/TFTLCDctrl_U0/rgb_u0/p_1_out__25 input system_i/tftlcd_0/inst/TFTLCDctrl_U0/rgb_u0/p_1_out__25/B[17:0] is not pipelined. Pipelining DSP48 input will improve performance.
Related violations: <none>

DPIP-1#101 Warning
Input pipelining  
DSP system_i/tftlcd_0/inst/TFTLCDctrl_U0/rgb_u0/p_1_out__26 input system_i/tftlcd_0/inst/TFTLCDctrl_U0/rgb_u0/p_1_out__26/A[29:0] is not pipelined. Pipelining DSP48 input will improve performance.
Related violations: <none>

DPIP-1#102 Warning
Input pipelining  
DSP system_i/tftlcd_0/inst/TFTLCDctrl_U0/rgb_u0/p_1_out__26 input system_i/tftlcd_0/inst/TFTLCDctrl_U0/rgb_u0/p_1_out__26/B[17:0] is not pipelined. Pipelining DSP48 input will improve performance.
Related violations: <none>

DPIP-1#103 Warning
Input pipelining  
DSP system_i/tftlcd_0/inst/TFTLCDctrl_U0/rgb_u0/p_1_out__27 input system_i/tftlcd_0/inst/TFTLCDctrl_U0/rgb_u0/p_1_out__27/A[29:0] is not pipelined. Pipelining DSP48 input will improve performance.
Related violations: <none>

DPIP-1#104 Warning
Input pipelining  
DSP system_i/tftlcd_0/inst/TFTLCDctrl_U0/rgb_u0/p_1_out__27 input system_i/tftlcd_0/inst/TFTLCDctrl_U0/rgb_u0/p_1_out__27/B[17:0] is not pipelined. Pipelining DSP48 input will improve performance.
Related violations: <none>

DPIP-1#105 Warning
Input pipelining  
DSP system_i/tftlcd_0/inst/TFTLCDctrl_U0/rgb_u0/p_1_out__28 input system_i/tftlcd_0/inst/TFTLCDctrl_U0/rgb_u0/p_1_out__28/A[29:0] is not pipelined. Pipelining DSP48 input will improve performance.
Related violations: <none>

DPIP-1#106 Warning
Input pipelining  
DSP system_i/tftlcd_0/inst/TFTLCDctrl_U0/rgb_u0/p_1_out__28 input system_i/tftlcd_0/inst/TFTLCDctrl_U0/rgb_u0/p_1_out__28/B[17:0] is not pipelined. Pipelining DSP48 input will improve performance.
Related violations: <none>

DPIP-1#107 Warning
Input pipelining  
DSP system_i/tftlcd_0/inst/TFTLCDctrl_U0/rgb_u0/p_1_out__3 input system_i/tftlcd_0/inst/TFTLCDctrl_U0/rgb_u0/p_1_out__3/A[29:0] is not pipelined. Pipelining DSP48 input will improve performance.
Related violations: <none>

DPIP-1#108 Warning
Input pipelining  
DSP system_i/tftlcd_0/inst/TFTLCDctrl_U0/rgb_u0/p_1_out__3 input system_i/tftlcd_0/inst/TFTLCDctrl_U0/rgb_u0/p_1_out__3/B[17:0] is not pipelined. Pipelining DSP48 input will improve performance.
Related violations: <none>

DPIP-1#109 Warning
Input pipelining  
DSP system_i/tftlcd_0/inst/TFTLCDctrl_U0/rgb_u0/p_1_out__4 input system_i/tftlcd_0/inst/TFTLCDctrl_U0/rgb_u0/p_1_out__4/A[29:0] is not pipelined. Pipelining DSP48 input will improve performance.
Related violations: <none>

DPIP-1#110 Warning
Input pipelining  
DSP system_i/tftlcd_0/inst/TFTLCDctrl_U0/rgb_u0/p_1_out__4 input system_i/tftlcd_0/inst/TFTLCDctrl_U0/rgb_u0/p_1_out__4/B[17:0] is not pipelined. Pipelining DSP48 input will improve performance.
Related violations: <none>

DPIP-1#111 Warning
Input pipelining  
DSP system_i/tftlcd_0/inst/TFTLCDctrl_U0/rgb_u0/p_1_out__5 input system_i/tftlcd_0/inst/TFTLCDctrl_U0/rgb_u0/p_1_out__5/A[29:0] is not pipelined. Pipelining DSP48 input will improve performance.
Related violations: <none>

DPIP-1#112 Warning
Input pipelining  
DSP system_i/tftlcd_0/inst/TFTLCDctrl_U0/rgb_u0/p_1_out__5 input system_i/tftlcd_0/inst/TFTLCDctrl_U0/rgb_u0/p_1_out__5/B[17:0] is not pipelined. Pipelining DSP48 input will improve performance.
Related violations: <none>

DPIP-1#113 Warning
Input pipelining  
DSP system_i/tftlcd_0/inst/TFTLCDctrl_U0/rgb_u0/p_1_out__6 input system_i/tftlcd_0/inst/TFTLCDctrl_U0/rgb_u0/p_1_out__6/A[29:0] is not pipelined. Pipelining DSP48 input will improve performance.
Related violations: <none>

DPIP-1#114 Warning
Input pipelining  
DSP system_i/tftlcd_0/inst/TFTLCDctrl_U0/rgb_u0/p_1_out__6 input system_i/tftlcd_0/inst/TFTLCDctrl_U0/rgb_u0/p_1_out__6/B[17:0] is not pipelined. Pipelining DSP48 input will improve performance.
Related violations: <none>

DPIP-1#115 Warning
Input pipelining  
DSP system_i/tftlcd_0/inst/TFTLCDctrl_U0/rgb_u0/p_1_out__7 input system_i/tftlcd_0/inst/TFTLCDctrl_U0/rgb_u0/p_1_out__7/A[29:0] is not pipelined. Pipelining DSP48 input will improve performance.
Related violations: <none>

DPIP-1#116 Warning
Input pipelining  
DSP system_i/tftlcd_0/inst/TFTLCDctrl_U0/rgb_u0/p_1_out__7 input system_i/tftlcd_0/inst/TFTLCDctrl_U0/rgb_u0/p_1_out__7/B[17:0] is not pipelined. Pipelining DSP48 input will improve performance.
Related violations: <none>

DPIP-1#117 Warning
Input pipelining  
DSP system_i/tftlcd_0/inst/TFTLCDctrl_U0/rgb_u0/p_1_out__8 input system_i/tftlcd_0/inst/TFTLCDctrl_U0/rgb_u0/p_1_out__8/A[29:0] is not pipelined. Pipelining DSP48 input will improve performance.
Related violations: <none>

DPIP-1#118 Warning
Input pipelining  
DSP system_i/tftlcd_0/inst/TFTLCDctrl_U0/rgb_u0/p_1_out__8 input system_i/tftlcd_0/inst/TFTLCDctrl_U0/rgb_u0/p_1_out__8/B[17:0] is not pipelined. Pipelining DSP48 input will improve performance.
Related violations: <none>

DPIP-1#119 Warning
Input pipelining  
DSP system_i/tftlcd_0/inst/TFTLCDctrl_U0/rgb_u0/p_1_out__9 input system_i/tftlcd_0/inst/TFTLCDctrl_U0/rgb_u0/p_1_out__9/A[29:0] is not pipelined. Pipelining DSP48 input will improve performance.
Related violations: <none>

DPIP-1#120 Warning
Input pipelining  
DSP system_i/tftlcd_0/inst/TFTLCDctrl_U0/rgb_u0/p_1_out__9 input system_i/tftlcd_0/inst/TFTLCDctrl_U0/rgb_u0/p_1_out__9/B[17:0] is not pipelined. Pipelining DSP48 input will improve performance.
Related violations: <none>

DPOP-1#1 Warning
PREG Output pipelining  
DSP system_i/tftlcd_0/inst/TFTLCDctrl_U0/rgb_u0/is_circle_border_return2 output system_i/tftlcd_0/inst/TFTLCDctrl_U0/rgb_u0/is_circle_border_return2/P[47:0] is not pipelined (PREG=0). Pipelining the DSP48 output will improve performance and often saves power so it is suggested whenever possible to fully pipeline this function.  If this DSP48 function was inferred, it is suggested to describe an additional register stage after this function.  If the DSP48 was instantiated in the design, it is suggested to set the PREG attribute to 1.
Related violations: <none>

DPOP-1#2 Warning
PREG Output pipelining  
DSP system_i/tftlcd_0/inst/TFTLCDctrl_U0/rgb_u0/is_circle_border_return2__0 output system_i/tftlcd_0/inst/TFTLCDctrl_U0/rgb_u0/is_circle_border_return2__0/P[47:0] is not pipelined (PREG=0). Pipelining the DSP48 output will improve performance and often saves power so it is suggested whenever possible to fully pipeline this function.  If this DSP48 function was inferred, it is suggested to describe an additional register stage after this function.  If the DSP48 was instantiated in the design, it is suggested to set the PREG attribute to 1.
Related violations: <none>

DPOP-1#3 Warning
PREG Output pipelining  
DSP system_i/tftlcd_0/inst/TFTLCDctrl_U0/rgb_u0/is_circle_border_return2__1 output system_i/tftlcd_0/inst/TFTLCDctrl_U0/rgb_u0/is_circle_border_return2__1/P[47:0] is not pipelined (PREG=0). Pipelining the DSP48 output will improve performance and often saves power so it is suggested whenever possible to fully pipeline this function.  If this DSP48 function was inferred, it is suggested to describe an additional register stage after this function.  If the DSP48 was instantiated in the design, it is suggested to set the PREG attribute to 1.
Related violations: <none>

DPOP-1#4 Warning
PREG Output pipelining  
DSP system_i/tftlcd_0/inst/TFTLCDctrl_U0/rgb_u0/is_circle_border_return2__2 output system_i/tftlcd_0/inst/TFTLCDctrl_U0/rgb_u0/is_circle_border_return2__2/P[47:0] is not pipelined (PREG=0). Pipelining the DSP48 output will improve performance and often saves power so it is suggested whenever possible to fully pipeline this function.  If this DSP48 function was inferred, it is suggested to describe an additional register stage after this function.  If the DSP48 was instantiated in the design, it is suggested to set the PREG attribute to 1.
Related violations: <none>

DPOP-1#5 Warning
PREG Output pipelining  
DSP system_i/tftlcd_0/inst/TFTLCDctrl_U0/rgb_u0/is_circle_border_return2__3 output system_i/tftlcd_0/inst/TFTLCDctrl_U0/rgb_u0/is_circle_border_return2__3/P[47:0] is not pipelined (PREG=0). Pipelining the DSP48 output will improve performance and often saves power so it is suggested whenever possible to fully pipeline this function.  If this DSP48 function was inferred, it is suggested to describe an additional register stage after this function.  If the DSP48 was instantiated in the design, it is suggested to set the PREG attribute to 1.
Related violations: <none>

DPOP-1#6 Warning
PREG Output pipelining  
DSP system_i/tftlcd_0/inst/TFTLCDctrl_U0/rgb_u0/is_circle_border_return2__4 output system_i/tftlcd_0/inst/TFTLCDctrl_U0/rgb_u0/is_circle_border_return2__4/P[47:0] is not pipelined (PREG=0). Pipelining the DSP48 output will improve performance and often saves power so it is suggested whenever possible to fully pipeline this function.  If this DSP48 function was inferred, it is suggested to describe an additional register stage after this function.  If the DSP48 was instantiated in the design, it is suggested to set the PREG attribute to 1.
Related violations: <none>

DPOP-1#7 Warning
PREG Output pipelining  
DSP system_i/tftlcd_0/inst/TFTLCDctrl_U0/rgb_u0/is_grape_border3 output system_i/tftlcd_0/inst/TFTLCDctrl_U0/rgb_u0/is_grape_border3/P[47:0] is not pipelined (PREG=0). Pipelining the DSP48 output will improve performance and often saves power so it is suggested whenever possible to fully pipeline this function.  If this DSP48 function was inferred, it is suggested to describe an additional register stage after this function.  If the DSP48 was instantiated in the design, it is suggested to set the PREG attribute to 1.
Related violations: <none>

DPOP-1#8 Warning
PREG Output pipelining  
DSP system_i/tftlcd_0/inst/TFTLCDctrl_U0/rgb_u0/is_grape_border3__0 output system_i/tftlcd_0/inst/TFTLCDctrl_U0/rgb_u0/is_grape_border3__0/P[47:0] is not pipelined (PREG=0). Pipelining the DSP48 output will improve performance and often saves power so it is suggested whenever possible to fully pipeline this function.  If this DSP48 function was inferred, it is suggested to describe an additional register stage after this function.  If the DSP48 was instantiated in the design, it is suggested to set the PREG attribute to 1.
Related violations: <none>

DPOP-1#9 Warning
PREG Output pipelining  
DSP system_i/tftlcd_0/inst/TFTLCDctrl_U0/rgb_u0/is_grape_border3__1 output system_i/tftlcd_0/inst/TFTLCDctrl_U0/rgb_u0/is_grape_border3__1/P[47:0] is not pipelined (PREG=0). Pipelining the DSP48 output will improve performance and often saves power so it is suggested whenever possible to fully pipeline this function.  If this DSP48 function was inferred, it is suggested to describe an additional register stage after this function.  If the DSP48 was instantiated in the design, it is suggested to set the PREG attribute to 1.
Related violations: <none>

DPOP-1#10 Warning
PREG Output pipelining  
DSP system_i/tftlcd_0/inst/TFTLCDctrl_U0/rgb_u0/is_grape_border4 output system_i/tftlcd_0/inst/TFTLCDctrl_U0/rgb_u0/is_grape_border4/P[47:0] is not pipelined (PREG=0). Pipelining the DSP48 output will improve performance and often saves power so it is suggested whenever possible to fully pipeline this function.  If this DSP48 function was inferred, it is suggested to describe an additional register stage after this function.  If the DSP48 was instantiated in the design, it is suggested to set the PREG attribute to 1.
Related violations: <none>

DPOP-1#11 Warning
PREG Output pipelining  
DSP system_i/tftlcd_0/inst/TFTLCDctrl_U0/rgb_u0/is_grape_border4__0 output system_i/tftlcd_0/inst/TFTLCDctrl_U0/rgb_u0/is_grape_border4__0/P[47:0] is not pipelined (PREG=0). Pipelining the DSP48 output will improve performance and often saves power so it is suggested whenever possible to fully pipeline this function.  If this DSP48 function was inferred, it is suggested to describe an additional register stage after this function.  If the DSP48 was instantiated in the design, it is suggested to set the PREG attribute to 1.
Related violations: <none>

DPOP-1#12 Warning
PREG Output pipelining  
DSP system_i/tftlcd_0/inst/TFTLCDctrl_U0/rgb_u0/is_grape_border4__1 output system_i/tftlcd_0/inst/TFTLCDctrl_U0/rgb_u0/is_grape_border4__1/P[47:0] is not pipelined (PREG=0). Pipelining the DSP48 output will improve performance and often saves power so it is suggested whenever possible to fully pipeline this function.  If this DSP48 function was inferred, it is suggested to describe an additional register stage after this function.  If the DSP48 was instantiated in the design, it is suggested to set the PREG attribute to 1.
Related violations: <none>

DPOP-1#13 Warning
PREG Output pipelining  
DSP system_i/tftlcd_0/inst/TFTLCDctrl_U0/rgb_u0/is_grape_border4__10 output system_i/tftlcd_0/inst/TFTLCDctrl_U0/rgb_u0/is_grape_border4__10/P[47:0] is not pipelined (PREG=0). Pipelining the DSP48 output will improve performance and often saves power so it is suggested whenever possible to fully pipeline this function.  If this DSP48 function was inferred, it is suggested to describe an additional register stage after this function.  If the DSP48 was instantiated in the design, it is suggested to set the PREG attribute to 1.
Related violations: <none>

DPOP-1#14 Warning
PREG Output pipelining  
DSP system_i/tftlcd_0/inst/TFTLCDctrl_U0/rgb_u0/is_grape_border4__11 output system_i/tftlcd_0/inst/TFTLCDctrl_U0/rgb_u0/is_grape_border4__11/P[47:0] is not pipelined (PREG=0). Pipelining the DSP48 output will improve performance and often saves power so it is suggested whenever possible to fully pipeline this function.  If this DSP48 function was inferred, it is suggested to describe an additional register stage after this function.  If the DSP48 was instantiated in the design, it is suggested to set the PREG attribute to 1.
Related violations: <none>

DPOP-1#15 Warning
PREG Output pipelining  
DSP system_i/tftlcd_0/inst/TFTLCDctrl_U0/rgb_u0/is_grape_border4__12 output system_i/tftlcd_0/inst/TFTLCDctrl_U0/rgb_u0/is_grape_border4__12/P[47:0] is not pipelined (PREG=0). Pipelining the DSP48 output will improve performance and often saves power so it is suggested whenever possible to fully pipeline this function.  If this DSP48 function was inferred, it is suggested to describe an additional register stage after this function.  If the DSP48 was instantiated in the design, it is suggested to set the PREG attribute to 1.
Related violations: <none>

DPOP-1#16 Warning
PREG Output pipelining  
DSP system_i/tftlcd_0/inst/TFTLCDctrl_U0/rgb_u0/is_grape_border4__13 output system_i/tftlcd_0/inst/TFTLCDctrl_U0/rgb_u0/is_grape_border4__13/P[47:0] is not pipelined (PREG=0). Pipelining the DSP48 output will improve performance and often saves power so it is suggested whenever possible to fully pipeline this function.  If this DSP48 function was inferred, it is suggested to describe an additional register stage after this function.  If the DSP48 was instantiated in the design, it is suggested to set the PREG attribute to 1.
Related violations: <none>

DPOP-1#17 Warning
PREG Output pipelining  
DSP system_i/tftlcd_0/inst/TFTLCDctrl_U0/rgb_u0/is_grape_border4__14 output system_i/tftlcd_0/inst/TFTLCDctrl_U0/rgb_u0/is_grape_border4__14/P[47:0] is not pipelined (PREG=0). Pipelining the DSP48 output will improve performance and often saves power so it is suggested whenever possible to fully pipeline this function.  If this DSP48 function was inferred, it is suggested to describe an additional register stage after this function.  If the DSP48 was instantiated in the design, it is suggested to set the PREG attribute to 1.
Related violations: <none>

DPOP-1#18 Warning
PREG Output pipelining  
DSP system_i/tftlcd_0/inst/TFTLCDctrl_U0/rgb_u0/is_grape_border4__15 output system_i/tftlcd_0/inst/TFTLCDctrl_U0/rgb_u0/is_grape_border4__15/P[47:0] is not pipelined (PREG=0). Pipelining the DSP48 output will improve performance and often saves power so it is suggested whenever possible to fully pipeline this function.  If this DSP48 function was inferred, it is suggested to describe an additional register stage after this function.  If the DSP48 was instantiated in the design, it is suggested to set the PREG attribute to 1.
Related violations: <none>

DPOP-1#19 Warning
PREG Output pipelining  
DSP system_i/tftlcd_0/inst/TFTLCDctrl_U0/rgb_u0/is_grape_border4__16 output system_i/tftlcd_0/inst/TFTLCDctrl_U0/rgb_u0/is_grape_border4__16/P[47:0] is not pipelined (PREG=0). Pipelining the DSP48 output will improve performance and often saves power so it is suggested whenever possible to fully pipeline this function.  If this DSP48 function was inferred, it is suggested to describe an additional register stage after this function.  If the DSP48 was instantiated in the design, it is suggested to set the PREG attribute to 1.
Related violations: <none>

DPOP-1#20 Warning
PREG Output pipelining  
DSP system_i/tftlcd_0/inst/TFTLCDctrl_U0/rgb_u0/is_grape_border4__17 output system_i/tftlcd_0/inst/TFTLCDctrl_U0/rgb_u0/is_grape_border4__17/P[47:0] is not pipelined (PREG=0). Pipelining the DSP48 output will improve performance and often saves power so it is suggested whenever possible to fully pipeline this function.  If this DSP48 function was inferred, it is suggested to describe an additional register stage after this function.  If the DSP48 was instantiated in the design, it is suggested to set the PREG attribute to 1.
Related violations: <none>

DPOP-1#21 Warning
PREG Output pipelining  
DSP system_i/tftlcd_0/inst/TFTLCDctrl_U0/rgb_u0/is_grape_border4__18 output system_i/tftlcd_0/inst/TFTLCDctrl_U0/rgb_u0/is_grape_border4__18/P[47:0] is not pipelined (PREG=0). Pipelining the DSP48 output will improve performance and often saves power so it is suggested whenever possible to fully pipeline this function.  If this DSP48 function was inferred, it is suggested to describe an additional register stage after this function.  If the DSP48 was instantiated in the design, it is suggested to set the PREG attribute to 1.
Related violations: <none>

DPOP-1#22 Warning
PREG Output pipelining  
DSP system_i/tftlcd_0/inst/TFTLCDctrl_U0/rgb_u0/is_grape_border4__19 output system_i/tftlcd_0/inst/TFTLCDctrl_U0/rgb_u0/is_grape_border4__19/P[47:0] is not pipelined (PREG=0). Pipelining the DSP48 output will improve performance and often saves power so it is suggested whenever possible to fully pipeline this function.  If this DSP48 function was inferred, it is suggested to describe an additional register stage after this function.  If the DSP48 was instantiated in the design, it is suggested to set the PREG attribute to 1.
Related violations: <none>

DPOP-1#23 Warning
PREG Output pipelining  
DSP system_i/tftlcd_0/inst/TFTLCDctrl_U0/rgb_u0/is_grape_border4__2 output system_i/tftlcd_0/inst/TFTLCDctrl_U0/rgb_u0/is_grape_border4__2/P[47:0] is not pipelined (PREG=0). Pipelining the DSP48 output will improve performance and often saves power so it is suggested whenever possible to fully pipeline this function.  If this DSP48 function was inferred, it is suggested to describe an additional register stage after this function.  If the DSP48 was instantiated in the design, it is suggested to set the PREG attribute to 1.
Related violations: <none>

DPOP-1#24 Warning
PREG Output pipelining  
DSP system_i/tftlcd_0/inst/TFTLCDctrl_U0/rgb_u0/is_grape_border4__3 output system_i/tftlcd_0/inst/TFTLCDctrl_U0/rgb_u0/is_grape_border4__3/P[47:0] is not pipelined (PREG=0). Pipelining the DSP48 output will improve performance and often saves power so it is suggested whenever possible to fully pipeline this function.  If this DSP48 function was inferred, it is suggested to describe an additional register stage after this function.  If the DSP48 was instantiated in the design, it is suggested to set the PREG attribute to 1.
Related violations: <none>

DPOP-1#25 Warning
PREG Output pipelining  
DSP system_i/tftlcd_0/inst/TFTLCDctrl_U0/rgb_u0/is_grape_border4__4 output system_i/tftlcd_0/inst/TFTLCDctrl_U0/rgb_u0/is_grape_border4__4/P[47:0] is not pipelined (PREG=0). Pipelining the DSP48 output will improve performance and often saves power so it is suggested whenever possible to fully pipeline this function.  If this DSP48 function was inferred, it is suggested to describe an additional register stage after this function.  If the DSP48 was instantiated in the design, it is suggested to set the PREG attribute to 1.
Related violations: <none>

DPOP-1#26 Warning
PREG Output pipelining  
DSP system_i/tftlcd_0/inst/TFTLCDctrl_U0/rgb_u0/is_grape_border4__5 output system_i/tftlcd_0/inst/TFTLCDctrl_U0/rgb_u0/is_grape_border4__5/P[47:0] is not pipelined (PREG=0). Pipelining the DSP48 output will improve performance and often saves power so it is suggested whenever possible to fully pipeline this function.  If this DSP48 function was inferred, it is suggested to describe an additional register stage after this function.  If the DSP48 was instantiated in the design, it is suggested to set the PREG attribute to 1.
Related violations: <none>

DPOP-1#27 Warning
PREG Output pipelining  
DSP system_i/tftlcd_0/inst/TFTLCDctrl_U0/rgb_u0/is_grape_border4__6 output system_i/tftlcd_0/inst/TFTLCDctrl_U0/rgb_u0/is_grape_border4__6/P[47:0] is not pipelined (PREG=0). Pipelining the DSP48 output will improve performance and often saves power so it is suggested whenever possible to fully pipeline this function.  If this DSP48 function was inferred, it is suggested to describe an additional register stage after this function.  If the DSP48 was instantiated in the design, it is suggested to set the PREG attribute to 1.
Related violations: <none>

DPOP-1#28 Warning
PREG Output pipelining  
DSP system_i/tftlcd_0/inst/TFTLCDctrl_U0/rgb_u0/is_grape_border4__7 output system_i/tftlcd_0/inst/TFTLCDctrl_U0/rgb_u0/is_grape_border4__7/P[47:0] is not pipelined (PREG=0). Pipelining the DSP48 output will improve performance and often saves power so it is suggested whenever possible to fully pipeline this function.  If this DSP48 function was inferred, it is suggested to describe an additional register stage after this function.  If the DSP48 was instantiated in the design, it is suggested to set the PREG attribute to 1.
Related violations: <none>

DPOP-1#29 Warning
PREG Output pipelining  
DSP system_i/tftlcd_0/inst/TFTLCDctrl_U0/rgb_u0/is_grape_border4__8 output system_i/tftlcd_0/inst/TFTLCDctrl_U0/rgb_u0/is_grape_border4__8/P[47:0] is not pipelined (PREG=0). Pipelining the DSP48 output will improve performance and often saves power so it is suggested whenever possible to fully pipeline this function.  If this DSP48 function was inferred, it is suggested to describe an additional register stage after this function.  If the DSP48 was instantiated in the design, it is suggested to set the PREG attribute to 1.
Related violations: <none>

DPOP-1#30 Warning
PREG Output pipelining  
DSP system_i/tftlcd_0/inst/TFTLCDctrl_U0/rgb_u0/is_grape_border4__9 output system_i/tftlcd_0/inst/TFTLCDctrl_U0/rgb_u0/is_grape_border4__9/P[47:0] is not pipelined (PREG=0). Pipelining the DSP48 output will improve performance and often saves power so it is suggested whenever possible to fully pipeline this function.  If this DSP48 function was inferred, it is suggested to describe an additional register stage after this function.  If the DSP48 was instantiated in the design, it is suggested to set the PREG attribute to 1.
Related violations: <none>

DPOP-1#31 Warning
PREG Output pipelining  
DSP system_i/tftlcd_0/inst/TFTLCDctrl_U0/rgb_u0/p_1_out output system_i/tftlcd_0/inst/TFTLCDctrl_U0/rgb_u0/p_1_out/P[47:0] is not pipelined (PREG=0). Pipelining the DSP48 output will improve performance and often saves power so it is suggested whenever possible to fully pipeline this function.  If this DSP48 function was inferred, it is suggested to describe an additional register stage after this function.  If the DSP48 was instantiated in the design, it is suggested to set the PREG attribute to 1.
Related violations: <none>

DPOP-1#32 Warning
PREG Output pipelining  
DSP system_i/tftlcd_0/inst/TFTLCDctrl_U0/rgb_u0/p_1_out__0 output system_i/tftlcd_0/inst/TFTLCDctrl_U0/rgb_u0/p_1_out__0/P[47:0] is not pipelined (PREG=0). Pipelining the DSP48 output will improve performance and often saves power so it is suggested whenever possible to fully pipeline this function.  If this DSP48 function was inferred, it is suggested to describe an additional register stage after this function.  If the DSP48 was instantiated in the design, it is suggested to set the PREG attribute to 1.
Related violations: <none>

DPOP-1#33 Warning
PREG Output pipelining  
DSP system_i/tftlcd_0/inst/TFTLCDctrl_U0/rgb_u0/p_1_out__1 output system_i/tftlcd_0/inst/TFTLCDctrl_U0/rgb_u0/p_1_out__1/P[47:0] is not pipelined (PREG=0). Pipelining the DSP48 output will improve performance and often saves power so it is suggested whenever possible to fully pipeline this function.  If this DSP48 function was inferred, it is suggested to describe an additional register stage after this function.  If the DSP48 was instantiated in the design, it is suggested to set the PREG attribute to 1.
Related violations: <none>

DPOP-1#34 Warning
PREG Output pipelining  
DSP system_i/tftlcd_0/inst/TFTLCDctrl_U0/rgb_u0/p_1_out__10 output system_i/tftlcd_0/inst/TFTLCDctrl_U0/rgb_u0/p_1_out__10/P[47:0] is not pipelined (PREG=0). Pipelining the DSP48 output will improve performance and often saves power so it is suggested whenever possible to fully pipeline this function.  If this DSP48 function was inferred, it is suggested to describe an additional register stage after this function.  If the DSP48 was instantiated in the design, it is suggested to set the PREG attribute to 1.
Related violations: <none>

DPOP-1#35 Warning
PREG Output pipelining  
DSP system_i/tftlcd_0/inst/TFTLCDctrl_U0/rgb_u0/p_1_out__11 output system_i/tftlcd_0/inst/TFTLCDctrl_U0/rgb_u0/p_1_out__11/P[47:0] is not pipelined (PREG=0). Pipelining the DSP48 output will improve performance and often saves power so it is suggested whenever possible to fully pipeline this function.  If this DSP48 function was inferred, it is suggested to describe an additional register stage after this function.  If the DSP48 was instantiated in the design, it is suggested to set the PREG attribute to 1.
Related violations: <none>

DPOP-1#36 Warning
PREG Output pipelining  
DSP system_i/tftlcd_0/inst/TFTLCDctrl_U0/rgb_u0/p_1_out__12 output system_i/tftlcd_0/inst/TFTLCDctrl_U0/rgb_u0/p_1_out__12/P[47:0] is not pipelined (PREG=0). Pipelining the DSP48 output will improve performance and often saves power so it is suggested whenever possible to fully pipeline this function.  If this DSP48 function was inferred, it is suggested to describe an additional register stage after this function.  If the DSP48 was instantiated in the design, it is suggested to set the PREG attribute to 1.
Related violations: <none>

DPOP-1#37 Warning
PREG Output pipelining  
DSP system_i/tftlcd_0/inst/TFTLCDctrl_U0/rgb_u0/p_1_out__13 output system_i/tftlcd_0/inst/TFTLCDctrl_U0/rgb_u0/p_1_out__13/P[47:0] is not pipelined (PREG=0). Pipelining the DSP48 output will improve performance and often saves power so it is suggested whenever possible to fully pipeline this function.  If this DSP48 function was inferred, it is suggested to describe an additional register stage after this function.  If the DSP48 was instantiated in the design, it is suggested to set the PREG attribute to 1.
Related violations: <none>

DPOP-1#38 Warning
PREG Output pipelining  
DSP system_i/tftlcd_0/inst/TFTLCDctrl_U0/rgb_u0/p_1_out__14 output system_i/tftlcd_0/inst/TFTLCDctrl_U0/rgb_u0/p_1_out__14/P[47:0] is not pipelined (PREG=0). Pipelining the DSP48 output will improve performance and often saves power so it is suggested whenever possible to fully pipeline this function.  If this DSP48 function was inferred, it is suggested to describe an additional register stage after this function.  If the DSP48 was instantiated in the design, it is suggested to set the PREG attribute to 1.
Related violations: <none>

DPOP-1#39 Warning
PREG Output pipelining  
DSP system_i/tftlcd_0/inst/TFTLCDctrl_U0/rgb_u0/p_1_out__15 output system_i/tftlcd_0/inst/TFTLCDctrl_U0/rgb_u0/p_1_out__15/P[47:0] is not pipelined (PREG=0). Pipelining the DSP48 output will improve performance and often saves power so it is suggested whenever possible to fully pipeline this function.  If this DSP48 function was inferred, it is suggested to describe an additional register stage after this function.  If the DSP48 was instantiated in the design, it is suggested to set the PREG attribute to 1.
Related violations: <none>

DPOP-1#40 Warning
PREG Output pipelining  
DSP system_i/tftlcd_0/inst/TFTLCDctrl_U0/rgb_u0/p_1_out__16 output system_i/tftlcd_0/inst/TFTLCDctrl_U0/rgb_u0/p_1_out__16/P[47:0] is not pipelined (PREG=0). Pipelining the DSP48 output will improve performance and often saves power so it is suggested whenever possible to fully pipeline this function.  If this DSP48 function was inferred, it is suggested to describe an additional register stage after this function.  If the DSP48 was instantiated in the design, it is suggested to set the PREG attribute to 1.
Related violations: <none>

DPOP-1#41 Warning
PREG Output pipelining  
DSP system_i/tftlcd_0/inst/TFTLCDctrl_U0/rgb_u0/p_1_out__17 output system_i/tftlcd_0/inst/TFTLCDctrl_U0/rgb_u0/p_1_out__17/P[47:0] is not pipelined (PREG=0). Pipelining the DSP48 output will improve performance and often saves power so it is suggested whenever possible to fully pipeline this function.  If this DSP48 function was inferred, it is suggested to describe an additional register stage after this function.  If the DSP48 was instantiated in the design, it is suggested to set the PREG attribute to 1.
Related violations: <none>

DPOP-1#42 Warning
PREG Output pipelining  
DSP system_i/tftlcd_0/inst/TFTLCDctrl_U0/rgb_u0/p_1_out__18 output system_i/tftlcd_0/inst/TFTLCDctrl_U0/rgb_u0/p_1_out__18/P[47:0] is not pipelined (PREG=0). Pipelining the DSP48 output will improve performance and often saves power so it is suggested whenever possible to fully pipeline this function.  If this DSP48 function was inferred, it is suggested to describe an additional register stage after this function.  If the DSP48 was instantiated in the design, it is suggested to set the PREG attribute to 1.
Related violations: <none>

DPOP-1#43 Warning
PREG Output pipelining  
DSP system_i/tftlcd_0/inst/TFTLCDctrl_U0/rgb_u0/p_1_out__19 output system_i/tftlcd_0/inst/TFTLCDctrl_U0/rgb_u0/p_1_out__19/P[47:0] is not pipelined (PREG=0). Pipelining the DSP48 output will improve performance and often saves power so it is suggested whenever possible to fully pipeline this function.  If this DSP48 function was inferred, it is suggested to describe an additional register stage after this function.  If the DSP48 was instantiated in the design, it is suggested to set the PREG attribute to 1.
Related violations: <none>

DPOP-1#44 Warning
PREG Output pipelining  
DSP system_i/tftlcd_0/inst/TFTLCDctrl_U0/rgb_u0/p_1_out__2 output system_i/tftlcd_0/inst/TFTLCDctrl_U0/rgb_u0/p_1_out__2/P[47:0] is not pipelined (PREG=0). Pipelining the DSP48 output will improve performance and often saves power so it is suggested whenever possible to fully pipeline this function.  If this DSP48 function was inferred, it is suggested to describe an additional register stage after this function.  If the DSP48 was instantiated in the design, it is suggested to set the PREG attribute to 1.
Related violations: <none>

DPOP-1#45 Warning
PREG Output pipelining  
DSP system_i/tftlcd_0/inst/TFTLCDctrl_U0/rgb_u0/p_1_out__20 output system_i/tftlcd_0/inst/TFTLCDctrl_U0/rgb_u0/p_1_out__20/P[47:0] is not pipelined (PREG=0). Pipelining the DSP48 output will improve performance and often saves power so it is suggested whenever possible to fully pipeline this function.  If this DSP48 function was inferred, it is suggested to describe an additional register stage after this function.  If the DSP48 was instantiated in the design, it is suggested to set the PREG attribute to 1.
Related violations: <none>

DPOP-1#46 Warning
PREG Output pipelining  
DSP system_i/tftlcd_0/inst/TFTLCDctrl_U0/rgb_u0/p_1_out__21 output system_i/tftlcd_0/inst/TFTLCDctrl_U0/rgb_u0/p_1_out__21/P[47:0] is not pipelined (PREG=0). Pipelining the DSP48 output will improve performance and often saves power so it is suggested whenever possible to fully pipeline this function.  If this DSP48 function was inferred, it is suggested to describe an additional register stage after this function.  If the DSP48 was instantiated in the design, it is suggested to set the PREG attribute to 1.
Related violations: <none>

DPOP-1#47 Warning
PREG Output pipelining  
DSP system_i/tftlcd_0/inst/TFTLCDctrl_U0/rgb_u0/p_1_out__22 output system_i/tftlcd_0/inst/TFTLCDctrl_U0/rgb_u0/p_1_out__22/P[47:0] is not pipelined (PREG=0). Pipelining the DSP48 output will improve performance and often saves power so it is suggested whenever possible to fully pipeline this function.  If this DSP48 function was inferred, it is suggested to describe an additional register stage after this function.  If the DSP48 was instantiated in the design, it is suggested to set the PREG attribute to 1.
Related violations: <none>

DPOP-1#48 Warning
PREG Output pipelining  
DSP system_i/tftlcd_0/inst/TFTLCDctrl_U0/rgb_u0/p_1_out__23 output system_i/tftlcd_0/inst/TFTLCDctrl_U0/rgb_u0/p_1_out__23/P[47:0] is not pipelined (PREG=0). Pipelining the DSP48 output will improve performance and often saves power so it is suggested whenever possible to fully pipeline this function.  If this DSP48 function was inferred, it is suggested to describe an additional register stage after this function.  If the DSP48 was instantiated in the design, it is suggested to set the PREG attribute to 1.
Related violations: <none>

DPOP-1#49 Warning
PREG Output pipelining  
DSP system_i/tftlcd_0/inst/TFTLCDctrl_U0/rgb_u0/p_1_out__24 output system_i/tftlcd_0/inst/TFTLCDctrl_U0/rgb_u0/p_1_out__24/P[47:0] is not pipelined (PREG=0). Pipelining the DSP48 output will improve performance and often saves power so it is suggested whenever possible to fully pipeline this function.  If this DSP48 function was inferred, it is suggested to describe an additional register stage after this function.  If the DSP48 was instantiated in the design, it is suggested to set the PREG attribute to 1.
Related violations: <none>

DPOP-1#50 Warning
PREG Output pipelining  
DSP system_i/tftlcd_0/inst/TFTLCDctrl_U0/rgb_u0/p_1_out__25 output system_i/tftlcd_0/inst/TFTLCDctrl_U0/rgb_u0/p_1_out__25/P[47:0] is not pipelined (PREG=0). Pipelining the DSP48 output will improve performance and often saves power so it is suggested whenever possible to fully pipeline this function.  If this DSP48 function was inferred, it is suggested to describe an additional register stage after this function.  If the DSP48 was instantiated in the design, it is suggested to set the PREG attribute to 1.
Related violations: <none>

DPOP-1#51 Warning
PREG Output pipelining  
DSP system_i/tftlcd_0/inst/TFTLCDctrl_U0/rgb_u0/p_1_out__26 output system_i/tftlcd_0/inst/TFTLCDctrl_U0/rgb_u0/p_1_out__26/P[47:0] is not pipelined (PREG=0). Pipelining the DSP48 output will improve performance and often saves power so it is suggested whenever possible to fully pipeline this function.  If this DSP48 function was inferred, it is suggested to describe an additional register stage after this function.  If the DSP48 was instantiated in the design, it is suggested to set the PREG attribute to 1.
Related violations: <none>

DPOP-1#52 Warning
PREG Output pipelining  
DSP system_i/tftlcd_0/inst/TFTLCDctrl_U0/rgb_u0/p_1_out__27 output system_i/tftlcd_0/inst/TFTLCDctrl_U0/rgb_u0/p_1_out__27/P[47:0] is not pipelined (PREG=0). Pipelining the DSP48 output will improve performance and often saves power so it is suggested whenever possible to fully pipeline this function.  If this DSP48 function was inferred, it is suggested to describe an additional register stage after this function.  If the DSP48 was instantiated in the design, it is suggested to set the PREG attribute to 1.
Related violations: <none>

DPOP-1#53 Warning
PREG Output pipelining  
DSP system_i/tftlcd_0/inst/TFTLCDctrl_U0/rgb_u0/p_1_out__28 output system_i/tftlcd_0/inst/TFTLCDctrl_U0/rgb_u0/p_1_out__28/P[47:0] is not pipelined (PREG=0). Pipelining the DSP48 output will improve performance and often saves power so it is suggested whenever possible to fully pipeline this function.  If this DSP48 function was inferred, it is suggested to describe an additional register stage after this function.  If the DSP48 was instantiated in the design, it is suggested to set the PREG attribute to 1.
Related violations: <none>

DPOP-1#54 Warning
PREG Output pipelining  
DSP system_i/tftlcd_0/inst/TFTLCDctrl_U0/rgb_u0/p_1_out__3 output system_i/tftlcd_0/inst/TFTLCDctrl_U0/rgb_u0/p_1_out__3/P[47:0] is not pipelined (PREG=0). Pipelining the DSP48 output will improve performance and often saves power so it is suggested whenever possible to fully pipeline this function.  If this DSP48 function was inferred, it is suggested to describe an additional register stage after this function.  If the DSP48 was instantiated in the design, it is suggested to set the PREG attribute to 1.
Related violations: <none>

DPOP-1#55 Warning
PREG Output pipelining  
DSP system_i/tftlcd_0/inst/TFTLCDctrl_U0/rgb_u0/p_1_out__4 output system_i/tftlcd_0/inst/TFTLCDctrl_U0/rgb_u0/p_1_out__4/P[47:0] is not pipelined (PREG=0). Pipelining the DSP48 output will improve performance and often saves power so it is suggested whenever possible to fully pipeline this function.  If this DSP48 function was inferred, it is suggested to describe an additional register stage after this function.  If the DSP48 was instantiated in the design, it is suggested to set the PREG attribute to 1.
Related violations: <none>

DPOP-1#56 Warning
PREG Output pipelining  
DSP system_i/tftlcd_0/inst/TFTLCDctrl_U0/rgb_u0/p_1_out__5 output system_i/tftlcd_0/inst/TFTLCDctrl_U0/rgb_u0/p_1_out__5/P[47:0] is not pipelined (PREG=0). Pipelining the DSP48 output will improve performance and often saves power so it is suggested whenever possible to fully pipeline this function.  If this DSP48 function was inferred, it is suggested to describe an additional register stage after this function.  If the DSP48 was instantiated in the design, it is suggested to set the PREG attribute to 1.
Related violations: <none>

DPOP-1#57 Warning
PREG Output pipelining  
DSP system_i/tftlcd_0/inst/TFTLCDctrl_U0/rgb_u0/p_1_out__6 output system_i/tftlcd_0/inst/TFTLCDctrl_U0/rgb_u0/p_1_out__6/P[47:0] is not pipelined (PREG=0). Pipelining the DSP48 output will improve performance and often saves power so it is suggested whenever possible to fully pipeline this function.  If this DSP48 function was inferred, it is suggested to describe an additional register stage after this function.  If the DSP48 was instantiated in the design, it is suggested to set the PREG attribute to 1.
Related violations: <none>

DPOP-1#58 Warning
PREG Output pipelining  
DSP system_i/tftlcd_0/inst/TFTLCDctrl_U0/rgb_u0/p_1_out__7 output system_i/tftlcd_0/inst/TFTLCDctrl_U0/rgb_u0/p_1_out__7/P[47:0] is not pipelined (PREG=0). Pipelining the DSP48 output will improve performance and often saves power so it is suggested whenever possible to fully pipeline this function.  If this DSP48 function was inferred, it is suggested to describe an additional register stage after this function.  If the DSP48 was instantiated in the design, it is suggested to set the PREG attribute to 1.
Related violations: <none>

DPOP-1#59 Warning
PREG Output pipelining  
DSP system_i/tftlcd_0/inst/TFTLCDctrl_U0/rgb_u0/p_1_out__8 output system_i/tftlcd_0/inst/TFTLCDctrl_U0/rgb_u0/p_1_out__8/P[47:0] is not pipelined (PREG=0). Pipelining the DSP48 output will improve performance and often saves power so it is suggested whenever possible to fully pipeline this function.  If this DSP48 function was inferred, it is suggested to describe an additional register stage after this function.  If the DSP48 was instantiated in the design, it is suggested to set the PREG attribute to 1.
Related violations: <none>

DPOP-1#60 Warning
PREG Output pipelining  
DSP system_i/tftlcd_0/inst/TFTLCDctrl_U0/rgb_u0/p_1_out__9 output system_i/tftlcd_0/inst/TFTLCDctrl_U0/rgb_u0/p_1_out__9/P[47:0] is not pipelined (PREG=0). Pipelining the DSP48 output will improve performance and often saves power so it is suggested whenever possible to fully pipeline this function.  If this DSP48 function was inferred, it is suggested to describe an additional register stage after this function.  If the DSP48 was instantiated in the design, it is suggested to set the PREG attribute to 1.
Related violations: <none>

DPOP-2#1 Warning
MREG Output pipelining  
DSP system_i/tftlcd_0/inst/TFTLCDctrl_U0/rgb_u0/is_circle_border_return2 multiplier stage system_i/tftlcd_0/inst/TFTLCDctrl_U0/rgb_u0/is_circle_border_return2/P[47:0] is not pipelined (MREG=0). Pipelining the multiplier function will improve performance and will save significant power so it is suggested whenever possible to fully pipeline this function.  If this multiplier was inferred, it is suggested to describe an additional register stage after this function.  If there is no registered adder/accumulator following the multiply function, two pipeline stages are suggested to allow both the MREG and PREG registers to be used.  If the DSP48 was instantiated in the design, it is suggested to set both the MREG and PREG attributes to 1 when performing multiply functions.
Related violations: <none>

DPOP-2#2 Warning
MREG Output pipelining  
DSP system_i/tftlcd_0/inst/TFTLCDctrl_U0/rgb_u0/is_circle_border_return2__0 multiplier stage system_i/tftlcd_0/inst/TFTLCDctrl_U0/rgb_u0/is_circle_border_return2__0/P[47:0] is not pipelined (MREG=0). Pipelining the multiplier function will improve performance and will save significant power so it is suggested whenever possible to fully pipeline this function.  If this multiplier was inferred, it is suggested to describe an additional register stage after this function.  If there is no registered adder/accumulator following the multiply function, two pipeline stages are suggested to allow both the MREG and PREG registers to be used.  If the DSP48 was instantiated in the design, it is suggested to set both the MREG and PREG attributes to 1 when performing multiply functions.
Related violations: <none>

DPOP-2#3 Warning
MREG Output pipelining  
DSP system_i/tftlcd_0/inst/TFTLCDctrl_U0/rgb_u0/is_circle_border_return2__1 multiplier stage system_i/tftlcd_0/inst/TFTLCDctrl_U0/rgb_u0/is_circle_border_return2__1/P[47:0] is not pipelined (MREG=0). Pipelining the multiplier function will improve performance and will save significant power so it is suggested whenever possible to fully pipeline this function.  If this multiplier was inferred, it is suggested to describe an additional register stage after this function.  If there is no registered adder/accumulator following the multiply function, two pipeline stages are suggested to allow both the MREG and PREG registers to be used.  If the DSP48 was instantiated in the design, it is suggested to set both the MREG and PREG attributes to 1 when performing multiply functions.
Related violations: <none>

DPOP-2#4 Warning
MREG Output pipelining  
DSP system_i/tftlcd_0/inst/TFTLCDctrl_U0/rgb_u0/is_circle_border_return2__2 multiplier stage system_i/tftlcd_0/inst/TFTLCDctrl_U0/rgb_u0/is_circle_border_return2__2/P[47:0] is not pipelined (MREG=0). Pipelining the multiplier function will improve performance and will save significant power so it is suggested whenever possible to fully pipeline this function.  If this multiplier was inferred, it is suggested to describe an additional register stage after this function.  If there is no registered adder/accumulator following the multiply function, two pipeline stages are suggested to allow both the MREG and PREG registers to be used.  If the DSP48 was instantiated in the design, it is suggested to set both the MREG and PREG attributes to 1 when performing multiply functions.
Related violations: <none>

DPOP-2#5 Warning
MREG Output pipelining  
DSP system_i/tftlcd_0/inst/TFTLCDctrl_U0/rgb_u0/is_circle_border_return2__3 multiplier stage system_i/tftlcd_0/inst/TFTLCDctrl_U0/rgb_u0/is_circle_border_return2__3/P[47:0] is not pipelined (MREG=0). Pipelining the multiplier function will improve performance and will save significant power so it is suggested whenever possible to fully pipeline this function.  If this multiplier was inferred, it is suggested to describe an additional register stage after this function.  If there is no registered adder/accumulator following the multiply function, two pipeline stages are suggested to allow both the MREG and PREG registers to be used.  If the DSP48 was instantiated in the design, it is suggested to set both the MREG and PREG attributes to 1 when performing multiply functions.
Related violations: <none>

DPOP-2#6 Warning
MREG Output pipelining  
DSP system_i/tftlcd_0/inst/TFTLCDctrl_U0/rgb_u0/is_circle_border_return2__4 multiplier stage system_i/tftlcd_0/inst/TFTLCDctrl_U0/rgb_u0/is_circle_border_return2__4/P[47:0] is not pipelined (MREG=0). Pipelining the multiplier function will improve performance and will save significant power so it is suggested whenever possible to fully pipeline this function.  If this multiplier was inferred, it is suggested to describe an additional register stage after this function.  If there is no registered adder/accumulator following the multiply function, two pipeline stages are suggested to allow both the MREG and PREG registers to be used.  If the DSP48 was instantiated in the design, it is suggested to set both the MREG and PREG attributes to 1 when performing multiply functions.
Related violations: <none>

DPOP-2#7 Warning
MREG Output pipelining  
DSP system_i/tftlcd_0/inst/TFTLCDctrl_U0/rgb_u0/is_grape_border3 multiplier stage system_i/tftlcd_0/inst/TFTLCDctrl_U0/rgb_u0/is_grape_border3/P[47:0] is not pipelined (MREG=0). Pipelining the multiplier function will improve performance and will save significant power so it is suggested whenever possible to fully pipeline this function.  If this multiplier was inferred, it is suggested to describe an additional register stage after this function.  If there is no registered adder/accumulator following the multiply function, two pipeline stages are suggested to allow both the MREG and PREG registers to be used.  If the DSP48 was instantiated in the design, it is suggested to set both the MREG and PREG attributes to 1 when performing multiply functions.
Related violations: <none>

DPOP-2#8 Warning
MREG Output pipelining  
DSP system_i/tftlcd_0/inst/TFTLCDctrl_U0/rgb_u0/is_grape_border3__0 multiplier stage system_i/tftlcd_0/inst/TFTLCDctrl_U0/rgb_u0/is_grape_border3__0/P[47:0] is not pipelined (MREG=0). Pipelining the multiplier function will improve performance and will save significant power so it is suggested whenever possible to fully pipeline this function.  If this multiplier was inferred, it is suggested to describe an additional register stage after this function.  If there is no registered adder/accumulator following the multiply function, two pipeline stages are suggested to allow both the MREG and PREG registers to be used.  If the DSP48 was instantiated in the design, it is suggested to set both the MREG and PREG attributes to 1 when performing multiply functions.
Related violations: <none>

DPOP-2#9 Warning
MREG Output pipelining  
DSP system_i/tftlcd_0/inst/TFTLCDctrl_U0/rgb_u0/is_grape_border3__1 multiplier stage system_i/tftlcd_0/inst/TFTLCDctrl_U0/rgb_u0/is_grape_border3__1/P[47:0] is not pipelined (MREG=0). Pipelining the multiplier function will improve performance and will save significant power so it is suggested whenever possible to fully pipeline this function.  If this multiplier was inferred, it is suggested to describe an additional register stage after this function.  If there is no registered adder/accumulator following the multiply function, two pipeline stages are suggested to allow both the MREG and PREG registers to be used.  If the DSP48 was instantiated in the design, it is suggested to set both the MREG and PREG attributes to 1 when performing multiply functions.
Related violations: <none>

DPOP-2#10 Warning
MREG Output pipelining  
DSP system_i/tftlcd_0/inst/TFTLCDctrl_U0/rgb_u0/is_grape_border4 multiplier stage system_i/tftlcd_0/inst/TFTLCDctrl_U0/rgb_u0/is_grape_border4/P[47:0] is not pipelined (MREG=0). Pipelining the multiplier function will improve performance and will save significant power so it is suggested whenever possible to fully pipeline this function.  If this multiplier was inferred, it is suggested to describe an additional register stage after this function.  If there is no registered adder/accumulator following the multiply function, two pipeline stages are suggested to allow both the MREG and PREG registers to be used.  If the DSP48 was instantiated in the design, it is suggested to set both the MREG and PREG attributes to 1 when performing multiply functions.
Related violations: <none>

DPOP-2#11 Warning
MREG Output pipelining  
DSP system_i/tftlcd_0/inst/TFTLCDctrl_U0/rgb_u0/is_grape_border4__0 multiplier stage system_i/tftlcd_0/inst/TFTLCDctrl_U0/rgb_u0/is_grape_border4__0/P[47:0] is not pipelined (MREG=0). Pipelining the multiplier function will improve performance and will save significant power so it is suggested whenever possible to fully pipeline this function.  If this multiplier was inferred, it is suggested to describe an additional register stage after this function.  If there is no registered adder/accumulator following the multiply function, two pipeline stages are suggested to allow both the MREG and PREG registers to be used.  If the DSP48 was instantiated in the design, it is suggested to set both the MREG and PREG attributes to 1 when performing multiply functions.
Related violations: <none>

DPOP-2#12 Warning
MREG Output pipelining  
DSP system_i/tftlcd_0/inst/TFTLCDctrl_U0/rgb_u0/is_grape_border4__1 multiplier stage system_i/tftlcd_0/inst/TFTLCDctrl_U0/rgb_u0/is_grape_border4__1/P[47:0] is not pipelined (MREG=0). Pipelining the multiplier function will improve performance and will save significant power so it is suggested whenever possible to fully pipeline this function.  If this multiplier was inferred, it is suggested to describe an additional register stage after this function.  If there is no registered adder/accumulator following the multiply function, two pipeline stages are suggested to allow both the MREG and PREG registers to be used.  If the DSP48 was instantiated in the design, it is suggested to set both the MREG and PREG attributes to 1 when performing multiply functions.
Related violations: <none>

DPOP-2#13 Warning
MREG Output pipelining  
DSP system_i/tftlcd_0/inst/TFTLCDctrl_U0/rgb_u0/is_grape_border4__10 multiplier stage system_i/tftlcd_0/inst/TFTLCDctrl_U0/rgb_u0/is_grape_border4__10/P[47:0] is not pipelined (MREG=0). Pipelining the multiplier function will improve performance and will save significant power so it is suggested whenever possible to fully pipeline this function.  If this multiplier was inferred, it is suggested to describe an additional register stage after this function.  If there is no registered adder/accumulator following the multiply function, two pipeline stages are suggested to allow both the MREG and PREG registers to be used.  If the DSP48 was instantiated in the design, it is suggested to set both the MREG and PREG attributes to 1 when performing multiply functions.
Related violations: <none>

DPOP-2#14 Warning
MREG Output pipelining  
DSP system_i/tftlcd_0/inst/TFTLCDctrl_U0/rgb_u0/is_grape_border4__11 multiplier stage system_i/tftlcd_0/inst/TFTLCDctrl_U0/rgb_u0/is_grape_border4__11/P[47:0] is not pipelined (MREG=0). Pipelining the multiplier function will improve performance and will save significant power so it is suggested whenever possible to fully pipeline this function.  If this multiplier was inferred, it is suggested to describe an additional register stage after this function.  If there is no registered adder/accumulator following the multiply function, two pipeline stages are suggested to allow both the MREG and PREG registers to be used.  If the DSP48 was instantiated in the design, it is suggested to set both the MREG and PREG attributes to 1 when performing multiply functions.
Related violations: <none>

DPOP-2#15 Warning
MREG Output pipelining  
DSP system_i/tftlcd_0/inst/TFTLCDctrl_U0/rgb_u0/is_grape_border4__12 multiplier stage system_i/tftlcd_0/inst/TFTLCDctrl_U0/rgb_u0/is_grape_border4__12/P[47:0] is not pipelined (MREG=0). Pipelining the multiplier function will improve performance and will save significant power so it is suggested whenever possible to fully pipeline this function.  If this multiplier was inferred, it is suggested to describe an additional register stage after this function.  If there is no registered adder/accumulator following the multiply function, two pipeline stages are suggested to allow both the MREG and PREG registers to be used.  If the DSP48 was instantiated in the design, it is suggested to set both the MREG and PREG attributes to 1 when performing multiply functions.
Related violations: <none>

DPOP-2#16 Warning
MREG Output pipelining  
DSP system_i/tftlcd_0/inst/TFTLCDctrl_U0/rgb_u0/is_grape_border4__13 multiplier stage system_i/tftlcd_0/inst/TFTLCDctrl_U0/rgb_u0/is_grape_border4__13/P[47:0] is not pipelined (MREG=0). Pipelining the multiplier function will improve performance and will save significant power so it is suggested whenever possible to fully pipeline this function.  If this multiplier was inferred, it is suggested to describe an additional register stage after this function.  If there is no registered adder/accumulator following the multiply function, two pipeline stages are suggested to allow both the MREG and PREG registers to be used.  If the DSP48 was instantiated in the design, it is suggested to set both the MREG and PREG attributes to 1 when performing multiply functions.
Related violations: <none>

DPOP-2#17 Warning
MREG Output pipelining  
DSP system_i/tftlcd_0/inst/TFTLCDctrl_U0/rgb_u0/is_grape_border4__14 multiplier stage system_i/tftlcd_0/inst/TFTLCDctrl_U0/rgb_u0/is_grape_border4__14/P[47:0] is not pipelined (MREG=0). Pipelining the multiplier function will improve performance and will save significant power so it is suggested whenever possible to fully pipeline this function.  If this multiplier was inferred, it is suggested to describe an additional register stage after this function.  If there is no registered adder/accumulator following the multiply function, two pipeline stages are suggested to allow both the MREG and PREG registers to be used.  If the DSP48 was instantiated in the design, it is suggested to set both the MREG and PREG attributes to 1 when performing multiply functions.
Related violations: <none>

DPOP-2#18 Warning
MREG Output pipelining  
DSP system_i/tftlcd_0/inst/TFTLCDctrl_U0/rgb_u0/is_grape_border4__15 multiplier stage system_i/tftlcd_0/inst/TFTLCDctrl_U0/rgb_u0/is_grape_border4__15/P[47:0] is not pipelined (MREG=0). Pipelining the multiplier function will improve performance and will save significant power so it is suggested whenever possible to fully pipeline this function.  If this multiplier was inferred, it is suggested to describe an additional register stage after this function.  If there is no registered adder/accumulator following the multiply function, two pipeline stages are suggested to allow both the MREG and PREG registers to be used.  If the DSP48 was instantiated in the design, it is suggested to set both the MREG and PREG attributes to 1 when performing multiply functions.
Related violations: <none>

DPOP-2#19 Warning
MREG Output pipelining  
DSP system_i/tftlcd_0/inst/TFTLCDctrl_U0/rgb_u0/is_grape_border4__16 multiplier stage system_i/tftlcd_0/inst/TFTLCDctrl_U0/rgb_u0/is_grape_border4__16/P[47:0] is not pipelined (MREG=0). Pipelining the multiplier function will improve performance and will save significant power so it is suggested whenever possible to fully pipeline this function.  If this multiplier was inferred, it is suggested to describe an additional register stage after this function.  If there is no registered adder/accumulator following the multiply function, two pipeline stages are suggested to allow both the MREG and PREG registers to be used.  If the DSP48 was instantiated in the design, it is suggested to set both the MREG and PREG attributes to 1 when performing multiply functions.
Related violations: <none>

DPOP-2#20 Warning
MREG Output pipelining  
DSP system_i/tftlcd_0/inst/TFTLCDctrl_U0/rgb_u0/is_grape_border4__17 multiplier stage system_i/tftlcd_0/inst/TFTLCDctrl_U0/rgb_u0/is_grape_border4__17/P[47:0] is not pipelined (MREG=0). Pipelining the multiplier function will improve performance and will save significant power so it is suggested whenever possible to fully pipeline this function.  If this multiplier was inferred, it is suggested to describe an additional register stage after this function.  If there is no registered adder/accumulator following the multiply function, two pipeline stages are suggested to allow both the MREG and PREG registers to be used.  If the DSP48 was instantiated in the design, it is suggested to set both the MREG and PREG attributes to 1 when performing multiply functions.
Related violations: <none>

DPOP-2#21 Warning
MREG Output pipelining  
DSP system_i/tftlcd_0/inst/TFTLCDctrl_U0/rgb_u0/is_grape_border4__18 multiplier stage system_i/tftlcd_0/inst/TFTLCDctrl_U0/rgb_u0/is_grape_border4__18/P[47:0] is not pipelined (MREG=0). Pipelining the multiplier function will improve performance and will save significant power so it is suggested whenever possible to fully pipeline this function.  If this multiplier was inferred, it is suggested to describe an additional register stage after this function.  If there is no registered adder/accumulator following the multiply function, two pipeline stages are suggested to allow both the MREG and PREG registers to be used.  If the DSP48 was instantiated in the design, it is suggested to set both the MREG and PREG attributes to 1 when performing multiply functions.
Related violations: <none>

DPOP-2#22 Warning
MREG Output pipelining  
DSP system_i/tftlcd_0/inst/TFTLCDctrl_U0/rgb_u0/is_grape_border4__19 multiplier stage system_i/tftlcd_0/inst/TFTLCDctrl_U0/rgb_u0/is_grape_border4__19/P[47:0] is not pipelined (MREG=0). Pipelining the multiplier function will improve performance and will save significant power so it is suggested whenever possible to fully pipeline this function.  If this multiplier was inferred, it is suggested to describe an additional register stage after this function.  If there is no registered adder/accumulator following the multiply function, two pipeline stages are suggested to allow both the MREG and PREG registers to be used.  If the DSP48 was instantiated in the design, it is suggested to set both the MREG and PREG attributes to 1 when performing multiply functions.
Related violations: <none>

DPOP-2#23 Warning
MREG Output pipelining  
DSP system_i/tftlcd_0/inst/TFTLCDctrl_U0/rgb_u0/is_grape_border4__2 multiplier stage system_i/tftlcd_0/inst/TFTLCDctrl_U0/rgb_u0/is_grape_border4__2/P[47:0] is not pipelined (MREG=0). Pipelining the multiplier function will improve performance and will save significant power so it is suggested whenever possible to fully pipeline this function.  If this multiplier was inferred, it is suggested to describe an additional register stage after this function.  If there is no registered adder/accumulator following the multiply function, two pipeline stages are suggested to allow both the MREG and PREG registers to be used.  If the DSP48 was instantiated in the design, it is suggested to set both the MREG and PREG attributes to 1 when performing multiply functions.
Related violations: <none>

DPOP-2#24 Warning
MREG Output pipelining  
DSP system_i/tftlcd_0/inst/TFTLCDctrl_U0/rgb_u0/is_grape_border4__3 multiplier stage system_i/tftlcd_0/inst/TFTLCDctrl_U0/rgb_u0/is_grape_border4__3/P[47:0] is not pipelined (MREG=0). Pipelining the multiplier function will improve performance and will save significant power so it is suggested whenever possible to fully pipeline this function.  If this multiplier was inferred, it is suggested to describe an additional register stage after this function.  If there is no registered adder/accumulator following the multiply function, two pipeline stages are suggested to allow both the MREG and PREG registers to be used.  If the DSP48 was instantiated in the design, it is suggested to set both the MREG and PREG attributes to 1 when performing multiply functions.
Related violations: <none>

DPOP-2#25 Warning
MREG Output pipelining  
DSP system_i/tftlcd_0/inst/TFTLCDctrl_U0/rgb_u0/is_grape_border4__4 multiplier stage system_i/tftlcd_0/inst/TFTLCDctrl_U0/rgb_u0/is_grape_border4__4/P[47:0] is not pipelined (MREG=0). Pipelining the multiplier function will improve performance and will save significant power so it is suggested whenever possible to fully pipeline this function.  If this multiplier was inferred, it is suggested to describe an additional register stage after this function.  If there is no registered adder/accumulator following the multiply function, two pipeline stages are suggested to allow both the MREG and PREG registers to be used.  If the DSP48 was instantiated in the design, it is suggested to set both the MREG and PREG attributes to 1 when performing multiply functions.
Related violations: <none>

DPOP-2#26 Warning
MREG Output pipelining  
DSP system_i/tftlcd_0/inst/TFTLCDctrl_U0/rgb_u0/is_grape_border4__5 multiplier stage system_i/tftlcd_0/inst/TFTLCDctrl_U0/rgb_u0/is_grape_border4__5/P[47:0] is not pipelined (MREG=0). Pipelining the multiplier function will improve performance and will save significant power so it is suggested whenever possible to fully pipeline this function.  If this multiplier was inferred, it is suggested to describe an additional register stage after this function.  If there is no registered adder/accumulator following the multiply function, two pipeline stages are suggested to allow both the MREG and PREG registers to be used.  If the DSP48 was instantiated in the design, it is suggested to set both the MREG and PREG attributes to 1 when performing multiply functions.
Related violations: <none>

DPOP-2#27 Warning
MREG Output pipelining  
DSP system_i/tftlcd_0/inst/TFTLCDctrl_U0/rgb_u0/is_grape_border4__6 multiplier stage system_i/tftlcd_0/inst/TFTLCDctrl_U0/rgb_u0/is_grape_border4__6/P[47:0] is not pipelined (MREG=0). Pipelining the multiplier function will improve performance and will save significant power so it is suggested whenever possible to fully pipeline this function.  If this multiplier was inferred, it is suggested to describe an additional register stage after this function.  If there is no registered adder/accumulator following the multiply function, two pipeline stages are suggested to allow both the MREG and PREG registers to be used.  If the DSP48 was instantiated in the design, it is suggested to set both the MREG and PREG attributes to 1 when performing multiply functions.
Related violations: <none>

DPOP-2#28 Warning
MREG Output pipelining  
DSP system_i/tftlcd_0/inst/TFTLCDctrl_U0/rgb_u0/is_grape_border4__7 multiplier stage system_i/tftlcd_0/inst/TFTLCDctrl_U0/rgb_u0/is_grape_border4__7/P[47:0] is not pipelined (MREG=0). Pipelining the multiplier function will improve performance and will save significant power so it is suggested whenever possible to fully pipeline this function.  If this multiplier was inferred, it is suggested to describe an additional register stage after this function.  If there is no registered adder/accumulator following the multiply function, two pipeline stages are suggested to allow both the MREG and PREG registers to be used.  If the DSP48 was instantiated in the design, it is suggested to set both the MREG and PREG attributes to 1 when performing multiply functions.
Related violations: <none>

DPOP-2#29 Warning
MREG Output pipelining  
DSP system_i/tftlcd_0/inst/TFTLCDctrl_U0/rgb_u0/is_grape_border4__8 multiplier stage system_i/tftlcd_0/inst/TFTLCDctrl_U0/rgb_u0/is_grape_border4__8/P[47:0] is not pipelined (MREG=0). Pipelining the multiplier function will improve performance and will save significant power so it is suggested whenever possible to fully pipeline this function.  If this multiplier was inferred, it is suggested to describe an additional register stage after this function.  If there is no registered adder/accumulator following the multiply function, two pipeline stages are suggested to allow both the MREG and PREG registers to be used.  If the DSP48 was instantiated in the design, it is suggested to set both the MREG and PREG attributes to 1 when performing multiply functions.
Related violations: <none>

DPOP-2#30 Warning
MREG Output pipelining  
DSP system_i/tftlcd_0/inst/TFTLCDctrl_U0/rgb_u0/is_grape_border4__9 multiplier stage system_i/tftlcd_0/inst/TFTLCDctrl_U0/rgb_u0/is_grape_border4__9/P[47:0] is not pipelined (MREG=0). Pipelining the multiplier function will improve performance and will save significant power so it is suggested whenever possible to fully pipeline this function.  If this multiplier was inferred, it is suggested to describe an additional register stage after this function.  If there is no registered adder/accumulator following the multiply function, two pipeline stages are suggested to allow both the MREG and PREG registers to be used.  If the DSP48 was instantiated in the design, it is suggested to set both the MREG and PREG attributes to 1 when performing multiply functions.
Related violations: <none>

DPOP-2#31 Warning
MREG Output pipelining  
DSP system_i/tftlcd_0/inst/TFTLCDctrl_U0/rgb_u0/p_1_out multiplier stage system_i/tftlcd_0/inst/TFTLCDctrl_U0/rgb_u0/p_1_out/P[47:0] is not pipelined (MREG=0). Pipelining the multiplier function will improve performance and will save significant power so it is suggested whenever possible to fully pipeline this function.  If this multiplier was inferred, it is suggested to describe an additional register stage after this function.  If there is no registered adder/accumulator following the multiply function, two pipeline stages are suggested to allow both the MREG and PREG registers to be used.  If the DSP48 was instantiated in the design, it is suggested to set both the MREG and PREG attributes to 1 when performing multiply functions.
Related violations: <none>

DPOP-2#32 Warning
MREG Output pipelining  
DSP system_i/tftlcd_0/inst/TFTLCDctrl_U0/rgb_u0/p_1_out__0 multiplier stage system_i/tftlcd_0/inst/TFTLCDctrl_U0/rgb_u0/p_1_out__0/P[47:0] is not pipelined (MREG=0). Pipelining the multiplier function will improve performance and will save significant power so it is suggested whenever possible to fully pipeline this function.  If this multiplier was inferred, it is suggested to describe an additional register stage after this function.  If there is no registered adder/accumulator following the multiply function, two pipeline stages are suggested to allow both the MREG and PREG registers to be used.  If the DSP48 was instantiated in the design, it is suggested to set both the MREG and PREG attributes to 1 when performing multiply functions.
Related violations: <none>

DPOP-2#33 Warning
MREG Output pipelining  
DSP system_i/tftlcd_0/inst/TFTLCDctrl_U0/rgb_u0/p_1_out__1 multiplier stage system_i/tftlcd_0/inst/TFTLCDctrl_U0/rgb_u0/p_1_out__1/P[47:0] is not pipelined (MREG=0). Pipelining the multiplier function will improve performance and will save significant power so it is suggested whenever possible to fully pipeline this function.  If this multiplier was inferred, it is suggested to describe an additional register stage after this function.  If there is no registered adder/accumulator following the multiply function, two pipeline stages are suggested to allow both the MREG and PREG registers to be used.  If the DSP48 was instantiated in the design, it is suggested to set both the MREG and PREG attributes to 1 when performing multiply functions.
Related violations: <none>

DPOP-2#34 Warning
MREG Output pipelining  
DSP system_i/tftlcd_0/inst/TFTLCDctrl_U0/rgb_u0/p_1_out__10 multiplier stage system_i/tftlcd_0/inst/TFTLCDctrl_U0/rgb_u0/p_1_out__10/P[47:0] is not pipelined (MREG=0). Pipelining the multiplier function will improve performance and will save significant power so it is suggested whenever possible to fully pipeline this function.  If this multiplier was inferred, it is suggested to describe an additional register stage after this function.  If there is no registered adder/accumulator following the multiply function, two pipeline stages are suggested to allow both the MREG and PREG registers to be used.  If the DSP48 was instantiated in the design, it is suggested to set both the MREG and PREG attributes to 1 when performing multiply functions.
Related violations: <none>

DPOP-2#35 Warning
MREG Output pipelining  
DSP system_i/tftlcd_0/inst/TFTLCDctrl_U0/rgb_u0/p_1_out__11 multiplier stage system_i/tftlcd_0/inst/TFTLCDctrl_U0/rgb_u0/p_1_out__11/P[47:0] is not pipelined (MREG=0). Pipelining the multiplier function will improve performance and will save significant power so it is suggested whenever possible to fully pipeline this function.  If this multiplier was inferred, it is suggested to describe an additional register stage after this function.  If there is no registered adder/accumulator following the multiply function, two pipeline stages are suggested to allow both the MREG and PREG registers to be used.  If the DSP48 was instantiated in the design, it is suggested to set both the MREG and PREG attributes to 1 when performing multiply functions.
Related violations: <none>

DPOP-2#36 Warning
MREG Output pipelining  
DSP system_i/tftlcd_0/inst/TFTLCDctrl_U0/rgb_u0/p_1_out__12 multiplier stage system_i/tftlcd_0/inst/TFTLCDctrl_U0/rgb_u0/p_1_out__12/P[47:0] is not pipelined (MREG=0). Pipelining the multiplier function will improve performance and will save significant power so it is suggested whenever possible to fully pipeline this function.  If this multiplier was inferred, it is suggested to describe an additional register stage after this function.  If there is no registered adder/accumulator following the multiply function, two pipeline stages are suggested to allow both the MREG and PREG registers to be used.  If the DSP48 was instantiated in the design, it is suggested to set both the MREG and PREG attributes to 1 when performing multiply functions.
Related violations: <none>

DPOP-2#37 Warning
MREG Output pipelining  
DSP system_i/tftlcd_0/inst/TFTLCDctrl_U0/rgb_u0/p_1_out__13 multiplier stage system_i/tftlcd_0/inst/TFTLCDctrl_U0/rgb_u0/p_1_out__13/P[47:0] is not pipelined (MREG=0). Pipelining the multiplier function will improve performance and will save significant power so it is suggested whenever possible to fully pipeline this function.  If this multiplier was inferred, it is suggested to describe an additional register stage after this function.  If there is no registered adder/accumulator following the multiply function, two pipeline stages are suggested to allow both the MREG and PREG registers to be used.  If the DSP48 was instantiated in the design, it is suggested to set both the MREG and PREG attributes to 1 when performing multiply functions.
Related violations: <none>

DPOP-2#38 Warning
MREG Output pipelining  
DSP system_i/tftlcd_0/inst/TFTLCDctrl_U0/rgb_u0/p_1_out__14 multiplier stage system_i/tftlcd_0/inst/TFTLCDctrl_U0/rgb_u0/p_1_out__14/P[47:0] is not pipelined (MREG=0). Pipelining the multiplier function will improve performance and will save significant power so it is suggested whenever possible to fully pipeline this function.  If this multiplier was inferred, it is suggested to describe an additional register stage after this function.  If there is no registered adder/accumulator following the multiply function, two pipeline stages are suggested to allow both the MREG and PREG registers to be used.  If the DSP48 was instantiated in the design, it is suggested to set both the MREG and PREG attributes to 1 when performing multiply functions.
Related violations: <none>

DPOP-2#39 Warning
MREG Output pipelining  
DSP system_i/tftlcd_0/inst/TFTLCDctrl_U0/rgb_u0/p_1_out__15 multiplier stage system_i/tftlcd_0/inst/TFTLCDctrl_U0/rgb_u0/p_1_out__15/P[47:0] is not pipelined (MREG=0). Pipelining the multiplier function will improve performance and will save significant power so it is suggested whenever possible to fully pipeline this function.  If this multiplier was inferred, it is suggested to describe an additional register stage after this function.  If there is no registered adder/accumulator following the multiply function, two pipeline stages are suggested to allow both the MREG and PREG registers to be used.  If the DSP48 was instantiated in the design, it is suggested to set both the MREG and PREG attributes to 1 when performing multiply functions.
Related violations: <none>

DPOP-2#40 Warning
MREG Output pipelining  
DSP system_i/tftlcd_0/inst/TFTLCDctrl_U0/rgb_u0/p_1_out__16 multiplier stage system_i/tftlcd_0/inst/TFTLCDctrl_U0/rgb_u0/p_1_out__16/P[47:0] is not pipelined (MREG=0). Pipelining the multiplier function will improve performance and will save significant power so it is suggested whenever possible to fully pipeline this function.  If this multiplier was inferred, it is suggested to describe an additional register stage after this function.  If there is no registered adder/accumulator following the multiply function, two pipeline stages are suggested to allow both the MREG and PREG registers to be used.  If the DSP48 was instantiated in the design, it is suggested to set both the MREG and PREG attributes to 1 when performing multiply functions.
Related violations: <none>

DPOP-2#41 Warning
MREG Output pipelining  
DSP system_i/tftlcd_0/inst/TFTLCDctrl_U0/rgb_u0/p_1_out__17 multiplier stage system_i/tftlcd_0/inst/TFTLCDctrl_U0/rgb_u0/p_1_out__17/P[47:0] is not pipelined (MREG=0). Pipelining the multiplier function will improve performance and will save significant power so it is suggested whenever possible to fully pipeline this function.  If this multiplier was inferred, it is suggested to describe an additional register stage after this function.  If there is no registered adder/accumulator following the multiply function, two pipeline stages are suggested to allow both the MREG and PREG registers to be used.  If the DSP48 was instantiated in the design, it is suggested to set both the MREG and PREG attributes to 1 when performing multiply functions.
Related violations: <none>

DPOP-2#42 Warning
MREG Output pipelining  
DSP system_i/tftlcd_0/inst/TFTLCDctrl_U0/rgb_u0/p_1_out__18 multiplier stage system_i/tftlcd_0/inst/TFTLCDctrl_U0/rgb_u0/p_1_out__18/P[47:0] is not pipelined (MREG=0). Pipelining the multiplier function will improve performance and will save significant power so it is suggested whenever possible to fully pipeline this function.  If this multiplier was inferred, it is suggested to describe an additional register stage after this function.  If there is no registered adder/accumulator following the multiply function, two pipeline stages are suggested to allow both the MREG and PREG registers to be used.  If the DSP48 was instantiated in the design, it is suggested to set both the MREG and PREG attributes to 1 when performing multiply functions.
Related violations: <none>

DPOP-2#43 Warning
MREG Output pipelining  
DSP system_i/tftlcd_0/inst/TFTLCDctrl_U0/rgb_u0/p_1_out__19 multiplier stage system_i/tftlcd_0/inst/TFTLCDctrl_U0/rgb_u0/p_1_out__19/P[47:0] is not pipelined (MREG=0). Pipelining the multiplier function will improve performance and will save significant power so it is suggested whenever possible to fully pipeline this function.  If this multiplier was inferred, it is suggested to describe an additional register stage after this function.  If there is no registered adder/accumulator following the multiply function, two pipeline stages are suggested to allow both the MREG and PREG registers to be used.  If the DSP48 was instantiated in the design, it is suggested to set both the MREG and PREG attributes to 1 when performing multiply functions.
Related violations: <none>

DPOP-2#44 Warning
MREG Output pipelining  
DSP system_i/tftlcd_0/inst/TFTLCDctrl_U0/rgb_u0/p_1_out__2 multiplier stage system_i/tftlcd_0/inst/TFTLCDctrl_U0/rgb_u0/p_1_out__2/P[47:0] is not pipelined (MREG=0). Pipelining the multiplier function will improve performance and will save significant power so it is suggested whenever possible to fully pipeline this function.  If this multiplier was inferred, it is suggested to describe an additional register stage after this function.  If there is no registered adder/accumulator following the multiply function, two pipeline stages are suggested to allow both the MREG and PREG registers to be used.  If the DSP48 was instantiated in the design, it is suggested to set both the MREG and PREG attributes to 1 when performing multiply functions.
Related violations: <none>

DPOP-2#45 Warning
MREG Output pipelining  
DSP system_i/tftlcd_0/inst/TFTLCDctrl_U0/rgb_u0/p_1_out__20 multiplier stage system_i/tftlcd_0/inst/TFTLCDctrl_U0/rgb_u0/p_1_out__20/P[47:0] is not pipelined (MREG=0). Pipelining the multiplier function will improve performance and will save significant power so it is suggested whenever possible to fully pipeline this function.  If this multiplier was inferred, it is suggested to describe an additional register stage after this function.  If there is no registered adder/accumulator following the multiply function, two pipeline stages are suggested to allow both the MREG and PREG registers to be used.  If the DSP48 was instantiated in the design, it is suggested to set both the MREG and PREG attributes to 1 when performing multiply functions.
Related violations: <none>

DPOP-2#46 Warning
MREG Output pipelining  
DSP system_i/tftlcd_0/inst/TFTLCDctrl_U0/rgb_u0/p_1_out__21 multiplier stage system_i/tftlcd_0/inst/TFTLCDctrl_U0/rgb_u0/p_1_out__21/P[47:0] is not pipelined (MREG=0). Pipelining the multiplier function will improve performance and will save significant power so it is suggested whenever possible to fully pipeline this function.  If this multiplier was inferred, it is suggested to describe an additional register stage after this function.  If there is no registered adder/accumulator following the multiply function, two pipeline stages are suggested to allow both the MREG and PREG registers to be used.  If the DSP48 was instantiated in the design, it is suggested to set both the MREG and PREG attributes to 1 when performing multiply functions.
Related violations: <none>

DPOP-2#47 Warning
MREG Output pipelining  
DSP system_i/tftlcd_0/inst/TFTLCDctrl_U0/rgb_u0/p_1_out__22 multiplier stage system_i/tftlcd_0/inst/TFTLCDctrl_U0/rgb_u0/p_1_out__22/P[47:0] is not pipelined (MREG=0). Pipelining the multiplier function will improve performance and will save significant power so it is suggested whenever possible to fully pipeline this function.  If this multiplier was inferred, it is suggested to describe an additional register stage after this function.  If there is no registered adder/accumulator following the multiply function, two pipeline stages are suggested to allow both the MREG and PREG registers to be used.  If the DSP48 was instantiated in the design, it is suggested to set both the MREG and PREG attributes to 1 when performing multiply functions.
Related violations: <none>

DPOP-2#48 Warning
MREG Output pipelining  
DSP system_i/tftlcd_0/inst/TFTLCDctrl_U0/rgb_u0/p_1_out__23 multiplier stage system_i/tftlcd_0/inst/TFTLCDctrl_U0/rgb_u0/p_1_out__23/P[47:0] is not pipelined (MREG=0). Pipelining the multiplier function will improve performance and will save significant power so it is suggested whenever possible to fully pipeline this function.  If this multiplier was inferred, it is suggested to describe an additional register stage after this function.  If there is no registered adder/accumulator following the multiply function, two pipeline stages are suggested to allow both the MREG and PREG registers to be used.  If the DSP48 was instantiated in the design, it is suggested to set both the MREG and PREG attributes to 1 when performing multiply functions.
Related violations: <none>

DPOP-2#49 Warning
MREG Output pipelining  
DSP system_i/tftlcd_0/inst/TFTLCDctrl_U0/rgb_u0/p_1_out__24 multiplier stage system_i/tftlcd_0/inst/TFTLCDctrl_U0/rgb_u0/p_1_out__24/P[47:0] is not pipelined (MREG=0). Pipelining the multiplier function will improve performance and will save significant power so it is suggested whenever possible to fully pipeline this function.  If this multiplier was inferred, it is suggested to describe an additional register stage after this function.  If there is no registered adder/accumulator following the multiply function, two pipeline stages are suggested to allow both the MREG and PREG registers to be used.  If the DSP48 was instantiated in the design, it is suggested to set both the MREG and PREG attributes to 1 when performing multiply functions.
Related violations: <none>

DPOP-2#50 Warning
MREG Output pipelining  
DSP system_i/tftlcd_0/inst/TFTLCDctrl_U0/rgb_u0/p_1_out__25 multiplier stage system_i/tftlcd_0/inst/TFTLCDctrl_U0/rgb_u0/p_1_out__25/P[47:0] is not pipelined (MREG=0). Pipelining the multiplier function will improve performance and will save significant power so it is suggested whenever possible to fully pipeline this function.  If this multiplier was inferred, it is suggested to describe an additional register stage after this function.  If there is no registered adder/accumulator following the multiply function, two pipeline stages are suggested to allow both the MREG and PREG registers to be used.  If the DSP48 was instantiated in the design, it is suggested to set both the MREG and PREG attributes to 1 when performing multiply functions.
Related violations: <none>

DPOP-2#51 Warning
MREG Output pipelining  
DSP system_i/tftlcd_0/inst/TFTLCDctrl_U0/rgb_u0/p_1_out__26 multiplier stage system_i/tftlcd_0/inst/TFTLCDctrl_U0/rgb_u0/p_1_out__26/P[47:0] is not pipelined (MREG=0). Pipelining the multiplier function will improve performance and will save significant power so it is suggested whenever possible to fully pipeline this function.  If this multiplier was inferred, it is suggested to describe an additional register stage after this function.  If there is no registered adder/accumulator following the multiply function, two pipeline stages are suggested to allow both the MREG and PREG registers to be used.  If the DSP48 was instantiated in the design, it is suggested to set both the MREG and PREG attributes to 1 when performing multiply functions.
Related violations: <none>

DPOP-2#52 Warning
MREG Output pipelining  
DSP system_i/tftlcd_0/inst/TFTLCDctrl_U0/rgb_u0/p_1_out__27 multiplier stage system_i/tftlcd_0/inst/TFTLCDctrl_U0/rgb_u0/p_1_out__27/P[47:0] is not pipelined (MREG=0). Pipelining the multiplier function will improve performance and will save significant power so it is suggested whenever possible to fully pipeline this function.  If this multiplier was inferred, it is suggested to describe an additional register stage after this function.  If there is no registered adder/accumulator following the multiply function, two pipeline stages are suggested to allow both the MREG and PREG registers to be used.  If the DSP48 was instantiated in the design, it is suggested to set both the MREG and PREG attributes to 1 when performing multiply functions.
Related violations: <none>

DPOP-2#53 Warning
MREG Output pipelining  
DSP system_i/tftlcd_0/inst/TFTLCDctrl_U0/rgb_u0/p_1_out__28 multiplier stage system_i/tftlcd_0/inst/TFTLCDctrl_U0/rgb_u0/p_1_out__28/P[47:0] is not pipelined (MREG=0). Pipelining the multiplier function will improve performance and will save significant power so it is suggested whenever possible to fully pipeline this function.  If this multiplier was inferred, it is suggested to describe an additional register stage after this function.  If there is no registered adder/accumulator following the multiply function, two pipeline stages are suggested to allow both the MREG and PREG registers to be used.  If the DSP48 was instantiated in the design, it is suggested to set both the MREG and PREG attributes to 1 when performing multiply functions.
Related violations: <none>

DPOP-2#54 Warning
MREG Output pipelining  
DSP system_i/tftlcd_0/inst/TFTLCDctrl_U0/rgb_u0/p_1_out__3 multiplier stage system_i/tftlcd_0/inst/TFTLCDctrl_U0/rgb_u0/p_1_out__3/P[47:0] is not pipelined (MREG=0). Pipelining the multiplier function will improve performance and will save significant power so it is suggested whenever possible to fully pipeline this function.  If this multiplier was inferred, it is suggested to describe an additional register stage after this function.  If there is no registered adder/accumulator following the multiply function, two pipeline stages are suggested to allow both the MREG and PREG registers to be used.  If the DSP48 was instantiated in the design, it is suggested to set both the MREG and PREG attributes to 1 when performing multiply functions.
Related violations: <none>

DPOP-2#55 Warning
MREG Output pipelining  
DSP system_i/tftlcd_0/inst/TFTLCDctrl_U0/rgb_u0/p_1_out__4 multiplier stage system_i/tftlcd_0/inst/TFTLCDctrl_U0/rgb_u0/p_1_out__4/P[47:0] is not pipelined (MREG=0). Pipelining the multiplier function will improve performance and will save significant power so it is suggested whenever possible to fully pipeline this function.  If this multiplier was inferred, it is suggested to describe an additional register stage after this function.  If there is no registered adder/accumulator following the multiply function, two pipeline stages are suggested to allow both the MREG and PREG registers to be used.  If the DSP48 was instantiated in the design, it is suggested to set both the MREG and PREG attributes to 1 when performing multiply functions.
Related violations: <none>

DPOP-2#56 Warning
MREG Output pipelining  
DSP system_i/tftlcd_0/inst/TFTLCDctrl_U0/rgb_u0/p_1_out__5 multiplier stage system_i/tftlcd_0/inst/TFTLCDctrl_U0/rgb_u0/p_1_out__5/P[47:0] is not pipelined (MREG=0). Pipelining the multiplier function will improve performance and will save significant power so it is suggested whenever possible to fully pipeline this function.  If this multiplier was inferred, it is suggested to describe an additional register stage after this function.  If there is no registered adder/accumulator following the multiply function, two pipeline stages are suggested to allow both the MREG and PREG registers to be used.  If the DSP48 was instantiated in the design, it is suggested to set both the MREG and PREG attributes to 1 when performing multiply functions.
Related violations: <none>

DPOP-2#57 Warning
MREG Output pipelining  
DSP system_i/tftlcd_0/inst/TFTLCDctrl_U0/rgb_u0/p_1_out__6 multiplier stage system_i/tftlcd_0/inst/TFTLCDctrl_U0/rgb_u0/p_1_out__6/P[47:0] is not pipelined (MREG=0). Pipelining the multiplier function will improve performance and will save significant power so it is suggested whenever possible to fully pipeline this function.  If this multiplier was inferred, it is suggested to describe an additional register stage after this function.  If there is no registered adder/accumulator following the multiply function, two pipeline stages are suggested to allow both the MREG and PREG registers to be used.  If the DSP48 was instantiated in the design, it is suggested to set both the MREG and PREG attributes to 1 when performing multiply functions.
Related violations: <none>

DPOP-2#58 Warning
MREG Output pipelining  
DSP system_i/tftlcd_0/inst/TFTLCDctrl_U0/rgb_u0/p_1_out__7 multiplier stage system_i/tftlcd_0/inst/TFTLCDctrl_U0/rgb_u0/p_1_out__7/P[47:0] is not pipelined (MREG=0). Pipelining the multiplier function will improve performance and will save significant power so it is suggested whenever possible to fully pipeline this function.  If this multiplier was inferred, it is suggested to describe an additional register stage after this function.  If there is no registered adder/accumulator following the multiply function, two pipeline stages are suggested to allow both the MREG and PREG registers to be used.  If the DSP48 was instantiated in the design, it is suggested to set both the MREG and PREG attributes to 1 when performing multiply functions.
Related violations: <none>

DPOP-2#59 Warning
MREG Output pipelining  
DSP system_i/tftlcd_0/inst/TFTLCDctrl_U0/rgb_u0/p_1_out__8 multiplier stage system_i/tftlcd_0/inst/TFTLCDctrl_U0/rgb_u0/p_1_out__8/P[47:0] is not pipelined (MREG=0). Pipelining the multiplier function will improve performance and will save significant power so it is suggested whenever possible to fully pipeline this function.  If this multiplier was inferred, it is suggested to describe an additional register stage after this function.  If there is no registered adder/accumulator following the multiply function, two pipeline stages are suggested to allow both the MREG and PREG registers to be used.  If the DSP48 was instantiated in the design, it is suggested to set both the MREG and PREG attributes to 1 when performing multiply functions.
Related violations: <none>

DPOP-2#60 Warning
MREG Output pipelining  
DSP system_i/tftlcd_0/inst/TFTLCDctrl_U0/rgb_u0/p_1_out__9 multiplier stage system_i/tftlcd_0/inst/TFTLCDctrl_U0/rgb_u0/p_1_out__9/P[47:0] is not pipelined (MREG=0). Pipelining the multiplier function will improve performance and will save significant power so it is suggested whenever possible to fully pipeline this function.  If this multiplier was inferred, it is suggested to describe an additional register stage after this function.  If there is no registered adder/accumulator following the multiply function, two pipeline stages are suggested to allow both the MREG and PREG registers to be used.  If the DSP48 was instantiated in the design, it is suggested to set both the MREG and PREG attributes to 1 when performing multiply functions.
Related violations: <none>

REQP-1839#1 Warning
RAMB36 async control check  
The RAMB36E1 system_i/tftlcd_0/inst/tftlcd_v1_0_S00_AXI_inst/MEM_U0/U0/inst_blk_mem_gen/gnbram.gnativebmg.native_blk_mem_gen/valid.cstr/ramloop[0].ram.r/prim_noinit.ram/DEVICE_7SERIES.NO_BMM_INFO.SDP.SIMPLE_PRIM36.ram has an input control pin system_i/tftlcd_0/inst/tftlcd_v1_0_S00_AXI_inst/MEM_U0/U0/inst_blk_mem_gen/gnbram.gnativebmg.native_blk_mem_gen/valid.cstr/ramloop[0].ram.r/prim_noinit.ram/DEVICE_7SERIES.NO_BMM_INFO.SDP.SIMPLE_PRIM36.ram/ADDRBWRADDR[10] (net: system_i/tftlcd_0/inst/tftlcd_v1_0_S00_AXI_inst/MEM_U0/U0/inst_blk_mem_gen/gnbram.gnativebmg.native_blk_mem_gen/valid.cstr/ramloop[0].ram.r/prim_noinit.ram/addrb[7]) which is driven by a register (system_i/tftlcd_0/inst/tftlcd_v1_0_S00_AXI_inst/r_addr_reg[7]) that has an active asychronous set or reset. This may cause corruption of the memory contents and/or read values when the set/reset is asserted and is not analyzed by the default static timing analysis. It is suggested to eliminate the use of a set/reset to registers driving this RAMB pin or else use a synchronous reset in which the assertion of the reset is timed by default.
Related violations: <none>

REQP-1839#2 Warning
RAMB36 async control check  
The RAMB36E1 system_i/tftlcd_0/inst/tftlcd_v1_0_S00_AXI_inst/MEM_U0/U0/inst_blk_mem_gen/gnbram.gnativebmg.native_blk_mem_gen/valid.cstr/ramloop[0].ram.r/prim_noinit.ram/DEVICE_7SERIES.NO_BMM_INFO.SDP.SIMPLE_PRIM36.ram has an input control pin system_i/tftlcd_0/inst/tftlcd_v1_0_S00_AXI_inst/MEM_U0/U0/inst_blk_mem_gen/gnbram.gnativebmg.native_blk_mem_gen/valid.cstr/ramloop[0].ram.r/prim_noinit.ram/DEVICE_7SERIES.NO_BMM_INFO.SDP.SIMPLE_PRIM36.ram/ADDRBWRADDR[11] (net: system_i/tftlcd_0/inst/tftlcd_v1_0_S00_AXI_inst/MEM_U0/U0/inst_blk_mem_gen/gnbram.gnativebmg.native_blk_mem_gen/valid.cstr/ramloop[0].ram.r/prim_noinit.ram/addrb[8]) which is driven by a register (system_i/tftlcd_0/inst/tftlcd_v1_0_S00_AXI_inst/r_addr_reg[8]) that has an active asychronous set or reset. This may cause corruption of the memory contents and/or read values when the set/reset is asserted and is not analyzed by the default static timing analysis. It is suggested to eliminate the use of a set/reset to registers driving this RAMB pin or else use a synchronous reset in which the assertion of the reset is timed by default.
Related violations: <none>

REQP-1839#3 Warning
RAMB36 async control check  
The RAMB36E1 system_i/tftlcd_0/inst/tftlcd_v1_0_S00_AXI_inst/MEM_U0/U0/inst_blk_mem_gen/gnbram.gnativebmg.native_blk_mem_gen/valid.cstr/ramloop[0].ram.r/prim_noinit.ram/DEVICE_7SERIES.NO_BMM_INFO.SDP.SIMPLE_PRIM36.ram has an input control pin system_i/tftlcd_0/inst/tftlcd_v1_0_S00_AXI_inst/MEM_U0/U0/inst_blk_mem_gen/gnbram.gnativebmg.native_blk_mem_gen/valid.cstr/ramloop[0].ram.r/prim_noinit.ram/DEVICE_7SERIES.NO_BMM_INFO.SDP.SIMPLE_PRIM36.ram/ADDRBWRADDR[12] (net: system_i/tftlcd_0/inst/tftlcd_v1_0_S00_AXI_inst/MEM_U0/U0/inst_blk_mem_gen/gnbram.gnativebmg.native_blk_mem_gen/valid.cstr/ramloop[0].ram.r/prim_noinit.ram/addrb[9]) which is driven by a register (system_i/tftlcd_0/inst/tftlcd_v1_0_S00_AXI_inst/r_addr_reg[9]) that has an active asychronous set or reset. This may cause corruption of the memory contents and/or read values when the set/reset is asserted and is not analyzed by the default static timing analysis. It is suggested to eliminate the use of a set/reset to registers driving this RAMB pin or else use a synchronous reset in which the assertion of the reset is timed by default.
Related violations: <none>

REQP-1839#4 Warning
RAMB36 async control check  
The RAMB36E1 system_i/tftlcd_0/inst/tftlcd_v1_0_S00_AXI_inst/MEM_U0/U0/inst_blk_mem_gen/gnbram.gnativebmg.native_blk_mem_gen/valid.cstr/ramloop[0].ram.r/prim_noinit.ram/DEVICE_7SERIES.NO_BMM_INFO.SDP.SIMPLE_PRIM36.ram has an input control pin system_i/tftlcd_0/inst/tftlcd_v1_0_S00_AXI_inst/MEM_U0/U0/inst_blk_mem_gen/gnbram.gnativebmg.native_blk_mem_gen/valid.cstr/ramloop[0].ram.r/prim_noinit.ram/DEVICE_7SERIES.NO_BMM_INFO.SDP.SIMPLE_PRIM36.ram/ADDRBWRADDR[13] (net: system_i/tftlcd_0/inst/tftlcd_v1_0_S00_AXI_inst/MEM_U0/U0/inst_blk_mem_gen/gnbram.gnativebmg.native_blk_mem_gen/valid.cstr/ramloop[0].ram.r/prim_noinit.ram/addrb[10]) which is driven by a register (system_i/tftlcd_0/inst/tftlcd_v1_0_S00_AXI_inst/r_addr_reg[10]) that has an active asychronous set or reset. This may cause corruption of the memory contents and/or read values when the set/reset is asserted and is not analyzed by the default static timing analysis. It is suggested to eliminate the use of a set/reset to registers driving this RAMB pin or else use a synchronous reset in which the assertion of the reset is timed by default.
Related violations: <none>

REQP-1839#5 Warning
RAMB36 async control check  
The RAMB36E1 system_i/tftlcd_0/inst/tftlcd_v1_0_S00_AXI_inst/MEM_U0/U0/inst_blk_mem_gen/gnbram.gnativebmg.native_blk_mem_gen/valid.cstr/ramloop[0].ram.r/prim_noinit.ram/DEVICE_7SERIES.NO_BMM_INFO.SDP.SIMPLE_PRIM36.ram has an input control pin system_i/tftlcd_0/inst/tftlcd_v1_0_S00_AXI_inst/MEM_U0/U0/inst_blk_mem_gen/gnbram.gnativebmg.native_blk_mem_gen/valid.cstr/ramloop[0].ram.r/prim_noinit.ram/DEVICE_7SERIES.NO_BMM_INFO.SDP.SIMPLE_PRIM36.ram/ADDRBWRADDR[14] (net: system_i/tftlcd_0/inst/tftlcd_v1_0_S00_AXI_inst/MEM_U0/U0/inst_blk_mem_gen/gnbram.gnativebmg.native_blk_mem_gen/valid.cstr/ramloop[0].ram.r/prim_noinit.ram/addrb[11]) which is driven by a register (system_i/tftlcd_0/inst/tftlcd_v1_0_S00_AXI_inst/r_addr_reg[11]) that has an active asychronous set or reset. This may cause corruption of the memory contents and/or read values when the set/reset is asserted and is not analyzed by the default static timing analysis. It is suggested to eliminate the use of a set/reset to registers driving this RAMB pin or else use a synchronous reset in which the assertion of the reset is timed by default.
Related violations: <none>

REQP-1839#6 Warning
RAMB36 async control check  
The RAMB36E1 system_i/tftlcd_0/inst/tftlcd_v1_0_S00_AXI_inst/MEM_U0/U0/inst_blk_mem_gen/gnbram.gnativebmg.native_blk_mem_gen/valid.cstr/ramloop[0].ram.r/prim_noinit.ram/DEVICE_7SERIES.NO_BMM_INFO.SDP.SIMPLE_PRIM36.ram has an input control pin system_i/tftlcd_0/inst/tftlcd_v1_0_S00_AXI_inst/MEM_U0/U0/inst_blk_mem_gen/gnbram.gnativebmg.native_blk_mem_gen/valid.cstr/ramloop[0].ram.r/prim_noinit.ram/DEVICE_7SERIES.NO_BMM_INFO.SDP.SIMPLE_PRIM36.ram/ADDRBWRADDR[3] (net: system_i/tftlcd_0/inst/tftlcd_v1_0_S00_AXI_inst/MEM_U0/U0/inst_blk_mem_gen/gnbram.gnativebmg.native_blk_mem_gen/valid.cstr/ramloop[0].ram.r/prim_noinit.ram/addrb[0]) which is driven by a register (system_i/tftlcd_0/inst/tftlcd_v1_0_S00_AXI_inst/r_addr_reg[0]) that has an active asychronous set or reset. This may cause corruption of the memory contents and/or read values when the set/reset is asserted and is not analyzed by the default static timing analysis. It is suggested to eliminate the use of a set/reset to registers driving this RAMB pin or else use a synchronous reset in which the assertion of the reset is timed by default.
Related violations: <none>

REQP-1839#7 Warning
RAMB36 async control check  
The RAMB36E1 system_i/tftlcd_0/inst/tftlcd_v1_0_S00_AXI_inst/MEM_U0/U0/inst_blk_mem_gen/gnbram.gnativebmg.native_blk_mem_gen/valid.cstr/ramloop[0].ram.r/prim_noinit.ram/DEVICE_7SERIES.NO_BMM_INFO.SDP.SIMPLE_PRIM36.ram has an input control pin system_i/tftlcd_0/inst/tftlcd_v1_0_S00_AXI_inst/MEM_U0/U0/inst_blk_mem_gen/gnbram.gnativebmg.native_blk_mem_gen/valid.cstr/ramloop[0].ram.r/prim_noinit.ram/DEVICE_7SERIES.NO_BMM_INFO.SDP.SIMPLE_PRIM36.ram/ADDRBWRADDR[4] (net: system_i/tftlcd_0/inst/tftlcd_v1_0_S00_AXI_inst/MEM_U0/U0/inst_blk_mem_gen/gnbram.gnativebmg.native_blk_mem_gen/valid.cstr/ramloop[0].ram.r/prim_noinit.ram/addrb[1]) which is driven by a register (system_i/tftlcd_0/inst/tftlcd_v1_0_S00_AXI_inst/r_addr_reg[1]) that has an active asychronous set or reset. This may cause corruption of the memory contents and/or read values when the set/reset is asserted and is not analyzed by the default static timing analysis. It is suggested to eliminate the use of a set/reset to registers driving this RAMB pin or else use a synchronous reset in which the assertion of the reset is timed by default.
Related violations: <none>

REQP-1839#8 Warning
RAMB36 async control check  
The RAMB36E1 system_i/tftlcd_0/inst/tftlcd_v1_0_S00_AXI_inst/MEM_U0/U0/inst_blk_mem_gen/gnbram.gnativebmg.native_blk_mem_gen/valid.cstr/ramloop[0].ram.r/prim_noinit.ram/DEVICE_7SERIES.NO_BMM_INFO.SDP.SIMPLE_PRIM36.ram has an input control pin system_i/tftlcd_0/inst/tftlcd_v1_0_S00_AXI_inst/MEM_U0/U0/inst_blk_mem_gen/gnbram.gnativebmg.native_blk_mem_gen/valid.cstr/ramloop[0].ram.r/prim_noinit.ram/DEVICE_7SERIES.NO_BMM_INFO.SDP.SIMPLE_PRIM36.ram/ADDRBWRADDR[5] (net: system_i/tftlcd_0/inst/tftlcd_v1_0_S00_AXI_inst/MEM_U0/U0/inst_blk_mem_gen/gnbram.gnativebmg.native_blk_mem_gen/valid.cstr/ramloop[0].ram.r/prim_noinit.ram/addrb[2]) which is driven by a register (system_i/tftlcd_0/inst/tftlcd_v1_0_S00_AXI_inst/r_addr_reg[2]) that has an active asychronous set or reset. This may cause corruption of the memory contents and/or read values when the set/reset is asserted and is not analyzed by the default static timing analysis. It is suggested to eliminate the use of a set/reset to registers driving this RAMB pin or else use a synchronous reset in which the assertion of the reset is timed by default.
Related violations: <none>

REQP-1839#9 Warning
RAMB36 async control check  
The RAMB36E1 system_i/tftlcd_0/inst/tftlcd_v1_0_S00_AXI_inst/MEM_U0/U0/inst_blk_mem_gen/gnbram.gnativebmg.native_blk_mem_gen/valid.cstr/ramloop[0].ram.r/prim_noinit.ram/DEVICE_7SERIES.NO_BMM_INFO.SDP.SIMPLE_PRIM36.ram has an input control pin system_i/tftlcd_0/inst/tftlcd_v1_0_S00_AXI_inst/MEM_U0/U0/inst_blk_mem_gen/gnbram.gnativebmg.native_blk_mem_gen/valid.cstr/ramloop[0].ram.r/prim_noinit.ram/DEVICE_7SERIES.NO_BMM_INFO.SDP.SIMPLE_PRIM36.ram/ADDRBWRADDR[6] (net: system_i/tftlcd_0/inst/tftlcd_v1_0_S00_AXI_inst/MEM_U0/U0/inst_blk_mem_gen/gnbram.gnativebmg.native_blk_mem_gen/valid.cstr/ramloop[0].ram.r/prim_noinit.ram/addrb[3]) which is driven by a register (system_i/tftlcd_0/inst/tftlcd_v1_0_S00_AXI_inst/r_addr_reg[3]) that has an active asychronous set or reset. This may cause corruption of the memory contents and/or read values when the set/reset is asserted and is not analyzed by the default static timing analysis. It is suggested to eliminate the use of a set/reset to registers driving this RAMB pin or else use a synchronous reset in which the assertion of the reset is timed by default.
Related violations: <none>

REQP-1839#10 Warning
RAMB36 async control check  
The RAMB36E1 system_i/tftlcd_0/inst/tftlcd_v1_0_S00_AXI_inst/MEM_U0/U0/inst_blk_mem_gen/gnbram.gnativebmg.native_blk_mem_gen/valid.cstr/ramloop[0].ram.r/prim_noinit.ram/DEVICE_7SERIES.NO_BMM_INFO.SDP.SIMPLE_PRIM36.ram has an input control pin system_i/tftlcd_0/inst/tftlcd_v1_0_S00_AXI_inst/MEM_U0/U0/inst_blk_mem_gen/gnbram.gnativebmg.native_blk_mem_gen/valid.cstr/ramloop[0].ram.r/prim_noinit.ram/DEVICE_7SERIES.NO_BMM_INFO.SDP.SIMPLE_PRIM36.ram/ADDRBWRADDR[7] (net: system_i/tftlcd_0/inst/tftlcd_v1_0_S00_AXI_inst/MEM_U0/U0/inst_blk_mem_gen/gnbram.gnativebmg.native_blk_mem_gen/valid.cstr/ramloop[0].ram.r/prim_noinit.ram/addrb[4]) which is driven by a register (system_i/tftlcd_0/inst/tftlcd_v1_0_S00_AXI_inst/r_addr_reg[4]) that has an active asychronous set or reset. This may cause corruption of the memory contents and/or read values when the set/reset is asserted and is not analyzed by the default static timing analysis. It is suggested to eliminate the use of a set/reset to registers driving this RAMB pin or else use a synchronous reset in which the assertion of the reset is timed by default.
Related violations: <none>

REQP-1839#11 Warning
RAMB36 async control check  
The RAMB36E1 system_i/tftlcd_0/inst/tftlcd_v1_0_S00_AXI_inst/MEM_U0/U0/inst_blk_mem_gen/gnbram.gnativebmg.native_blk_mem_gen/valid.cstr/ramloop[0].ram.r/prim_noinit.ram/DEVICE_7SERIES.NO_BMM_INFO.SDP.SIMPLE_PRIM36.ram has an input control pin system_i/tftlcd_0/inst/tftlcd_v1_0_S00_AXI_inst/MEM_U0/U0/inst_blk_mem_gen/gnbram.gnativebmg.native_blk_mem_gen/valid.cstr/ramloop[0].ram.r/prim_noinit.ram/DEVICE_7SERIES.NO_BMM_INFO.SDP.SIMPLE_PRIM36.ram/ADDRBWRADDR[8] (net: system_i/tftlcd_0/inst/tftlcd_v1_0_S00_AXI_inst/MEM_U0/U0/inst_blk_mem_gen/gnbram.gnativebmg.native_blk_mem_gen/valid.cstr/ramloop[0].ram.r/prim_noinit.ram/addrb[5]) which is driven by a register (system_i/tftlcd_0/inst/tftlcd_v1_0_S00_AXI_inst/r_addr_reg[5]) that has an active asychronous set or reset. This may cause corruption of the memory contents and/or read values when the set/reset is asserted and is not analyzed by the default static timing analysis. It is suggested to eliminate the use of a set/reset to registers driving this RAMB pin or else use a synchronous reset in which the assertion of the reset is timed by default.
Related violations: <none>

REQP-1839#12 Warning
RAMB36 async control check  
The RAMB36E1 system_i/tftlcd_0/inst/tftlcd_v1_0_S00_AXI_inst/MEM_U0/U0/inst_blk_mem_gen/gnbram.gnativebmg.native_blk_mem_gen/valid.cstr/ramloop[0].ram.r/prim_noinit.ram/DEVICE_7SERIES.NO_BMM_INFO.SDP.SIMPLE_PRIM36.ram has an input control pin system_i/tftlcd_0/inst/tftlcd_v1_0_S00_AXI_inst/MEM_U0/U0/inst_blk_mem_gen/gnbram.gnativebmg.native_blk_mem_gen/valid.cstr/ramloop[0].ram.r/prim_noinit.ram/DEVICE_7SERIES.NO_BMM_INFO.SDP.SIMPLE_PRIM36.ram/ADDRBWRADDR[9] (net: system_i/tftlcd_0/inst/tftlcd_v1_0_S00_AXI_inst/MEM_U0/U0/inst_blk_mem_gen/gnbram.gnativebmg.native_blk_mem_gen/valid.cstr/ramloop[0].ram.r/prim_noinit.ram/addrb[6]) which is driven by a register (system_i/tftlcd_0/inst/tftlcd_v1_0_S00_AXI_inst/r_addr_reg[6]) that has an active asychronous set or reset. This may cause corruption of the memory contents and/or read values when the set/reset is asserted and is not analyzed by the default static timing analysis. It is suggested to eliminate the use of a set/reset to registers driving this RAMB pin or else use a synchronous reset in which the assertion of the reset is timed by default.
Related violations: <none>

REQP-1839#13 Warning
RAMB36 async control check  
The RAMB36E1 system_i/tftlcd_0/inst/tftlcd_v1_0_S00_AXI_inst/MEM_U0/U0/inst_blk_mem_gen/gnbram.gnativebmg.native_blk_mem_gen/valid.cstr/ramloop[0].ram.r/prim_noinit.ram/DEVICE_7SERIES.NO_BMM_INFO.SDP.SIMPLE_PRIM36.ram has an input control pin system_i/tftlcd_0/inst/tftlcd_v1_0_S00_AXI_inst/MEM_U0/U0/inst_blk_mem_gen/gnbram.gnativebmg.native_blk_mem_gen/valid.cstr/ramloop[0].ram.r/prim_noinit.ram/DEVICE_7SERIES.NO_BMM_INFO.SDP.SIMPLE_PRIM36.ram/ENBWREN (net: system_i/tftlcd_0/inst/tftlcd_v1_0_S00_AXI_inst/MEM_U0/U0/inst_blk_mem_gen/gnbram.gnativebmg.native_blk_mem_gen/valid.cstr/ramloop[0].ram.r/prim_noinit.ram/enb_array[0]) which is driven by a register (system_i/tftlcd_0/inst/tftlcd_v1_0_S00_AXI_inst/r_addr_reg[12]) that has an active asychronous set or reset. This may cause corruption of the memory contents and/or read values when the set/reset is asserted and is not analyzed by the default static timing analysis. It is suggested to eliminate the use of a set/reset to registers driving this RAMB pin or else use a synchronous reset in which the assertion of the reset is timed by default.
Related violations: <none>

REQP-1839#14 Warning
RAMB36 async control check  
The RAMB36E1 system_i/tftlcd_0/inst/tftlcd_v1_0_S00_AXI_inst/MEM_U0/U0/inst_blk_mem_gen/gnbram.gnativebmg.native_blk_mem_gen/valid.cstr/ramloop[0].ram.r/prim_noinit.ram/DEVICE_7SERIES.NO_BMM_INFO.SDP.SIMPLE_PRIM36.ram has an input control pin system_i/tftlcd_0/inst/tftlcd_v1_0_S00_AXI_inst/MEM_U0/U0/inst_blk_mem_gen/gnbram.gnativebmg.native_blk_mem_gen/valid.cstr/ramloop[0].ram.r/prim_noinit.ram/DEVICE_7SERIES.NO_BMM_INFO.SDP.SIMPLE_PRIM36.ram/ENBWREN (net: system_i/tftlcd_0/inst/tftlcd_v1_0_S00_AXI_inst/MEM_U0/U0/inst_blk_mem_gen/gnbram.gnativebmg.native_blk_mem_gen/valid.cstr/ramloop[0].ram.r/prim_noinit.ram/enb_array[0]) which is driven by a register (system_i/tftlcd_0/inst/tftlcd_v1_0_S00_AXI_inst/r_addr_reg[13]) that has an active asychronous set or reset. This may cause corruption of the memory contents and/or read values when the set/reset is asserted and is not analyzed by the default static timing analysis. It is suggested to eliminate the use of a set/reset to registers driving this RAMB pin or else use a synchronous reset in which the assertion of the reset is timed by default.
Related violations: <none>

REQP-1839#15 Warning
RAMB36 async control check  
The RAMB36E1 system_i/tftlcd_0/inst/tftlcd_v1_0_S00_AXI_inst/MEM_U0/U0/inst_blk_mem_gen/gnbram.gnativebmg.native_blk_mem_gen/valid.cstr/ramloop[0].ram.r/prim_noinit.ram/DEVICE_7SERIES.NO_BMM_INFO.SDP.SIMPLE_PRIM36.ram has an input control pin system_i/tftlcd_0/inst/tftlcd_v1_0_S00_AXI_inst/MEM_U0/U0/inst_blk_mem_gen/gnbram.gnativebmg.native_blk_mem_gen/valid.cstr/ramloop[0].ram.r/prim_noinit.ram/DEVICE_7SERIES.NO_BMM_INFO.SDP.SIMPLE_PRIM36.ram/ENBWREN (net: system_i/tftlcd_0/inst/tftlcd_v1_0_S00_AXI_inst/MEM_U0/U0/inst_blk_mem_gen/gnbram.gnativebmg.native_blk_mem_gen/valid.cstr/ramloop[0].ram.r/prim_noinit.ram/enb_array[0]) which is driven by a register (system_i/tftlcd_0/inst/tftlcd_v1_0_S00_AXI_inst/r_addr_reg[14]) that has an active asychronous set or reset. This may cause corruption of the memory contents and/or read values when the set/reset is asserted and is not analyzed by the default static timing analysis. It is suggested to eliminate the use of a set/reset to registers driving this RAMB pin or else use a synchronous reset in which the assertion of the reset is timed by default.
Related violations: <none>

REQP-1839#16 Warning
RAMB36 async control check  
The RAMB36E1 system_i/tftlcd_0/inst/tftlcd_v1_0_S00_AXI_inst/MEM_U0/U0/inst_blk_mem_gen/gnbram.gnativebmg.native_blk_mem_gen/valid.cstr/ramloop[0].ram.r/prim_noinit.ram/DEVICE_7SERIES.NO_BMM_INFO.SDP.SIMPLE_PRIM36.ram has an input control pin system_i/tftlcd_0/inst/tftlcd_v1_0_S00_AXI_inst/MEM_U0/U0/inst_blk_mem_gen/gnbram.gnativebmg.native_blk_mem_gen/valid.cstr/ramloop[0].ram.r/prim_noinit.ram/DEVICE_7SERIES.NO_BMM_INFO.SDP.SIMPLE_PRIM36.ram/ENBWREN (net: system_i/tftlcd_0/inst/tftlcd_v1_0_S00_AXI_inst/MEM_U0/U0/inst_blk_mem_gen/gnbram.gnativebmg.native_blk_mem_gen/valid.cstr/ramloop[0].ram.r/prim_noinit.ram/enb_array[0]) which is driven by a register (system_i/tftlcd_0/inst/tftlcd_v1_0_S00_AXI_inst/r_addr_reg[15]) that has an active asychronous set or reset. This may cause corruption of the memory contents and/or read values when the set/reset is asserted and is not analyzed by the default static timing analysis. It is suggested to eliminate the use of a set/reset to registers driving this RAMB pin or else use a synchronous reset in which the assertion of the reset is timed by default.
Related violations: <none>

REQP-1839#17 Warning
RAMB36 async control check  
The RAMB36E1 system_i/tftlcd_0/inst/tftlcd_v1_0_S00_AXI_inst/MEM_U0/U0/inst_blk_mem_gen/gnbram.gnativebmg.native_blk_mem_gen/valid.cstr/ramloop[0].ram.r/prim_noinit.ram/DEVICE_7SERIES.NO_BMM_INFO.SDP.SIMPLE_PRIM36.ram has an input control pin system_i/tftlcd_0/inst/tftlcd_v1_0_S00_AXI_inst/MEM_U0/U0/inst_blk_mem_gen/gnbram.gnativebmg.native_blk_mem_gen/valid.cstr/ramloop[0].ram.r/prim_noinit.ram/DEVICE_7SERIES.NO_BMM_INFO.SDP.SIMPLE_PRIM36.ram/ENBWREN (net: system_i/tftlcd_0/inst/tftlcd_v1_0_S00_AXI_inst/MEM_U0/U0/inst_blk_mem_gen/gnbram.gnativebmg.native_blk_mem_gen/valid.cstr/ramloop[0].ram.r/prim_noinit.ram/enb_array[0]) which is driven by a register (system_i/tftlcd_0/inst/tftlcd_v1_0_S00_AXI_inst/r_addr_reg[16]) that has an active asychronous set or reset. This may cause corruption of the memory contents and/or read values when the set/reset is asserted and is not analyzed by the default static timing analysis. It is suggested to eliminate the use of a set/reset to registers driving this RAMB pin or else use a synchronous reset in which the assertion of the reset is timed by default.
Related violations: <none>

REQP-1839#18 Warning
RAMB36 async control check  
The RAMB36E1 system_i/tftlcd_0/inst/tftlcd_v1_0_S00_AXI_inst/MEM_U0/U0/inst_blk_mem_gen/gnbram.gnativebmg.native_blk_mem_gen/valid.cstr/ramloop[10].ram.r/prim_noinit.ram/DEVICE_7SERIES.NO_BMM_INFO.SDP.SIMPLE_PRIM36.ram has an input control pin system_i/tftlcd_0/inst/tftlcd_v1_0_S00_AXI_inst/MEM_U0/U0/inst_blk_mem_gen/gnbram.gnativebmg.native_blk_mem_gen/valid.cstr/ramloop[10].ram.r/prim_noinit.ram/DEVICE_7SERIES.NO_BMM_INFO.SDP.SIMPLE_PRIM36.ram/ADDRBWRADDR[12] (net: system_i/tftlcd_0/inst/tftlcd_v1_0_S00_AXI_inst/MEM_U0/U0/inst_blk_mem_gen/gnbram.gnativebmg.native_blk_mem_gen/valid.cstr/ramloop[10].ram.r/prim_noinit.ram/addrb[9]) which is driven by a register (system_i/tftlcd_0/inst/tftlcd_v1_0_S00_AXI_inst/r_addr_reg[9]) that has an active asychronous set or reset. This may cause corruption of the memory contents and/or read values when the set/reset is asserted and is not analyzed by the default static timing analysis. It is suggested to eliminate the use of a set/reset to registers driving this RAMB pin or else use a synchronous reset in which the assertion of the reset is timed by default.
Related violations: <none>

REQP-1839#19 Warning
RAMB36 async control check  
The RAMB36E1 system_i/tftlcd_0/inst/tftlcd_v1_0_S00_AXI_inst/MEM_U0/U0/inst_blk_mem_gen/gnbram.gnativebmg.native_blk_mem_gen/valid.cstr/ramloop[10].ram.r/prim_noinit.ram/DEVICE_7SERIES.NO_BMM_INFO.SDP.SIMPLE_PRIM36.ram has an input control pin system_i/tftlcd_0/inst/tftlcd_v1_0_S00_AXI_inst/MEM_U0/U0/inst_blk_mem_gen/gnbram.gnativebmg.native_blk_mem_gen/valid.cstr/ramloop[10].ram.r/prim_noinit.ram/DEVICE_7SERIES.NO_BMM_INFO.SDP.SIMPLE_PRIM36.ram/ADDRBWRADDR[13] (net: system_i/tftlcd_0/inst/tftlcd_v1_0_S00_AXI_inst/MEM_U0/U0/inst_blk_mem_gen/gnbram.gnativebmg.native_blk_mem_gen/valid.cstr/ramloop[10].ram.r/prim_noinit.ram/addrb[10]) which is driven by a register (system_i/tftlcd_0/inst/tftlcd_v1_0_S00_AXI_inst/r_addr_reg[10]) that has an active asychronous set or reset. This may cause corruption of the memory contents and/or read values when the set/reset is asserted and is not analyzed by the default static timing analysis. It is suggested to eliminate the use of a set/reset to registers driving this RAMB pin or else use a synchronous reset in which the assertion of the reset is timed by default.
Related violations: <none>

REQP-1839#20 Warning
RAMB36 async control check  
The RAMB36E1 system_i/tftlcd_0/inst/tftlcd_v1_0_S00_AXI_inst/MEM_U0/U0/inst_blk_mem_gen/gnbram.gnativebmg.native_blk_mem_gen/valid.cstr/ramloop[10].ram.r/prim_noinit.ram/DEVICE_7SERIES.NO_BMM_INFO.SDP.SIMPLE_PRIM36.ram has an input control pin system_i/tftlcd_0/inst/tftlcd_v1_0_S00_AXI_inst/MEM_U0/U0/inst_blk_mem_gen/gnbram.gnativebmg.native_blk_mem_gen/valid.cstr/ramloop[10].ram.r/prim_noinit.ram/DEVICE_7SERIES.NO_BMM_INFO.SDP.SIMPLE_PRIM36.ram/ADDRBWRADDR[14] (net: system_i/tftlcd_0/inst/tftlcd_v1_0_S00_AXI_inst/MEM_U0/U0/inst_blk_mem_gen/gnbram.gnativebmg.native_blk_mem_gen/valid.cstr/ramloop[10].ram.r/prim_noinit.ram/addrb[11]) which is driven by a register (system_i/tftlcd_0/inst/tftlcd_v1_0_S00_AXI_inst/r_addr_reg[11]) that has an active asychronous set or reset. This may cause corruption of the memory contents and/or read values when the set/reset is asserted and is not analyzed by the default static timing analysis. It is suggested to eliminate the use of a set/reset to registers driving this RAMB pin or else use a synchronous reset in which the assertion of the reset is timed by default.
Related violations: <none>


