Copyright 1986-2019 Xilinx, Inc. All Rights Reserved.
-----------------------------------------------------------------------------------------------------------------------------------------------------------------------------------------------------------------
| Tool Version : Vivado v.2019.1 (win64) Build 2552052 Fri May 24 14:49:42 MDT 2019
| Date         : Sat Jun 21 17:59:51 2025
| Host         : hiyeon running 64-bit major release  (build 9200)
| Command      : report_timing_summary -max_paths 10 -file system_wrapper_timing_summary_routed.rpt -pb system_wrapper_timing_summary_routed.pb -rpx system_wrapper_timing_summary_routed.rpx -warn_on_violation
| Design       : system_wrapper
| Device       : 7z020-clg484
| Speed File   : -1  PRODUCTION 1.11 2014-09-11
-----------------------------------------------------------------------------------------------------------------------------------------------------------------------------------------------------------------

Timing Summary Report

------------------------------------------------------------------------------------------------
| Timer Settings
| --------------
------------------------------------------------------------------------------------------------

  Enable Multi Corner Analysis               :  Yes
  Enable Pessimism Removal                   :  Yes
  Pessimism Removal Resolution               :  Nearest Common Node
  Enable Input Delay Default Clock           :  No
  Enable Preset / Clear Arcs                 :  No
  Disable Flight Delays                      :  No
  Ignore I/O Paths                           :  No
  Timing Early Launch at Borrowing Latches   :  No
  Borrow Time for Max Delay Exceptions       :  Yes

  Corner  Analyze    Analyze    
  Name    Max Paths  Min Paths  
  ------  ---------  ---------  
  Slow    Yes        Yes        
  Fast    Yes        Yes        



check_timing report

Table of Contents
-----------------
1. checking no_clock
2. checking constant_clock
3. checking pulse_width_clock
4. checking unconstrained_internal_endpoints
5. checking no_input_delay
6. checking no_output_delay
7. checking multiple_clock
8. checking generated_clocks
9. checking loops
10. checking partial_input_delay
11. checking partial_output_delay
12. checking latch_loops

1. checking no_clock
--------------------
 There are 4886 register/latch pins with no clock driven by root clock pin: system_i/tftlcd_0/inst/TFTLCDctrl_U0/g2m_u0/opclk_reg/Q (HIGH)

 There are 108 register/latch pins with no clock driven by root clock pin: system_i/tftlcd_0/inst/tftlcd_v1_0_S00_AXI_inst/TFTLCDctrl_U0/g2m_u0/opclk_reg/Q (HIGH)


2. checking constant_clock
--------------------------
 There are 0 register/latch pins with constant_clock.


3. checking pulse_width_clock
-----------------------------
 There are 0 register/latch pins which need pulse_width check


4. checking unconstrained_internal_endpoints
--------------------------------------------
 There are 10875 pins that are not constrained for maximum delay. (HIGH)

 There are 0 pins that are not constrained for maximum delay due to constant clock.


5. checking no_input_delay
--------------------------
 There are 5 input ports with no input delay specified. (HIGH)

 There are 0 input ports with no input delay but user has a false path constraint.


6. checking no_output_delay
---------------------------
 There are 46 ports with no output delay specified. (HIGH)

 There are 0 ports with no output delay but user has a false path constraint

 There are 0 ports with no output delay but with a timing clock defined on it or propagating through it


7. checking multiple_clock
--------------------------
 There are 0 register/latch pins with multiple clocks.


8. checking generated_clocks
----------------------------
 There are 0 generated clocks that are not connected to a clock source.


9. checking loops
-----------------
 There are 0 combinational loops in the design.


10. checking partial_input_delay
--------------------------------
 There are 0 input ports with partial input delay specified.


11. checking partial_output_delay
---------------------------------
 There are 0 ports with partial output delay specified.


12. checking latch_loops
------------------------
 There are 0 combinational latch loops in the design through latch input



------------------------------------------------------------------------------------------------
| Design Timing Summary
| ---------------------
------------------------------------------------------------------------------------------------

    WNS(ns)      TNS(ns)  TNS Failing Endpoints  TNS Total Endpoints      WHS(ns)      THS(ns)  THS Failing Endpoints  THS Total Endpoints     WPWS(ns)     TPWS(ns)  TPWS Failing Endpoints  TPWS Total Endpoints  
    -------      -------  ---------------------  -------------------      -------      -------  ---------------------  -------------------     --------     --------  ----------------------  --------------------  
      5.916        0.000                      0                 4876        0.039        0.000                      0                 4876        9.020        0.000                       0                  1607  


All user specified timing constraints are met.


------------------------------------------------------------------------------------------------
| Clock Summary
| -------------
------------------------------------------------------------------------------------------------

Clock       Waveform(ns)       Period(ns)      Frequency(MHz)
-----       ------------       ----------      --------------
clk         {0.000 20.000}     40.000          25.000          
clk_fpga_0  {0.000 10.000}     20.000          50.000          


------------------------------------------------------------------------------------------------
| Intra Clock Table
| -----------------
------------------------------------------------------------------------------------------------

Clock             WNS(ns)      TNS(ns)  TNS Failing Endpoints  TNS Total Endpoints      WHS(ns)      THS(ns)  THS Failing Endpoints  THS Total Endpoints     WPWS(ns)     TPWS(ns)  TPWS Failing Endpoints  TPWS Total Endpoints  
-----             -------      -------  ---------------------  -------------------      -------      -------  ---------------------  -------------------     --------     --------  ----------------------  --------------------  
clk                34.449        0.000                      0                   81        0.170        0.000                      0                   81       19.500        0.000                       0                    56  
clk_fpga_0          5.916        0.000                      0                 4793        0.039        0.000                      0                 4793        9.020        0.000                       0                  1551  


------------------------------------------------------------------------------------------------
| Inter Clock Table
| -----------------
------------------------------------------------------------------------------------------------

From Clock    To Clock          WNS(ns)      TNS(ns)  TNS Failing Endpoints  TNS Total Endpoints      WHS(ns)      THS(ns)  THS Failing Endpoints  THS Total Endpoints  
----------    --------          -------      -------  ---------------------  -------------------      -------      -------  ---------------------  -------------------  


------------------------------------------------------------------------------------------------
| Other Path Groups Table
| -----------------------
------------------------------------------------------------------------------------------------

Path Group         From Clock         To Clock               WNS(ns)      TNS(ns)  TNS Failing Endpoints  TNS Total Endpoints      WHS(ns)      THS(ns)  THS Failing Endpoints  THS Total Endpoints  
----------         ----------         --------               -------      -------  ---------------------  -------------------      -------      -------  ---------------------  -------------------  
**async_default**  clk_fpga_0         clk                      6.275        0.000                      0                    2        2.877        0.000                      0                    2  


------------------------------------------------------------------------------------------------
| Timing Details
| --------------
------------------------------------------------------------------------------------------------


---------------------------------------------------------------------------------------------------
From Clock:  clk
  To Clock:  clk

Setup :            0  Failing Endpoints,  Worst Slack       34.449ns,  Total Violation        0.000ns
Hold  :            0  Failing Endpoints,  Worst Slack        0.170ns,  Total Violation        0.000ns
PW    :            0  Failing Endpoints,  Worst Slack       19.500ns,  Total Violation        0.000ns
---------------------------------------------------------------------------------------------------


Max Delay Paths
--------------------------------------------------------------------------------------
Slack (MET) :             34.449ns  (required time - arrival time)
  Source:                 system_i/textlcd_0/inst/textlcd_v1_0_S00_AXI_inst/textlcd_u0/count_lcdclk_reg[2]/C
                            (rising edge-triggered cell FDCE clocked by clk  {rise@0.000ns fall@20.000ns period=40.000ns})
  Destination:            system_i/textlcd_0/inst/textlcd_v1_0_S00_AXI_inst/textlcd_u0/count_mode_reg[0]/CE
                            (rising edge-triggered cell FDCE clocked by clk  {rise@0.000ns fall@20.000ns period=40.000ns})
  Path Group:             clk
  Path Type:              Setup (Max at Slow Process Corner)
  Requirement:            40.000ns  (clk rise@40.000ns - clk rise@0.000ns)
  Data Path Delay:        5.034ns  (logic 0.704ns (13.985%)  route 4.330ns (86.015%))
  Logic Levels:           2  (LUT6=2)
  Clock Path Skew:        -0.313ns (DCD - SCD + CPR)
    Destination Clock Delay (DCD):    5.042ns = ( 45.042 - 40.000 ) 
    Source Clock Delay      (SCD):    5.633ns
    Clock Pessimism Removal (CPR):    0.279ns
  Clock Uncertainty:      0.035ns  ((TSJ^2 + TIJ^2)^1/2 + DJ) / 2 + PE
    Total System Jitter     (TSJ):    0.071ns
    Total Input Jitter      (TIJ):    0.000ns
    Discrete Jitter          (DJ):    0.000ns
    Phase Error              (PE):    0.000ns

    Location             Delay type                Incr(ns)  Path(ns)    Netlist Resource(s)
  -------------------------------------------------------------------    -------------------
                         (clock clk rise edge)        0.000     0.000 r  
    M19                                               0.000     0.000 r  clk_0 (IN)
                         net (fo=0)                   0.000     0.000    clk_0
    M19                  IBUF (Prop_ibuf_I_O)         1.436     1.436 r  clk_0_IBUF_inst/O
                         net (fo=1, routed)           2.205     3.641    clk_0_IBUF
    BUFGCTRL_X0Y17       BUFG (Prop_bufg_I_O)         0.101     3.742 r  clk_0_IBUF_BUFG_inst/O
                         net (fo=55, routed)          1.891     5.633    system_i/textlcd_0/inst/textlcd_v1_0_S00_AXI_inst/textlcd_u0/lcdclk
    SLICE_X28Y104        FDCE                                         r  system_i/textlcd_0/inst/textlcd_v1_0_S00_AXI_inst/textlcd_u0/count_lcdclk_reg[2]/C
  -------------------------------------------------------------------    -------------------
    SLICE_X28Y104        FDCE (Prop_fdce_C_Q)         0.456     6.089 r  system_i/textlcd_0/inst/textlcd_v1_0_S00_AXI_inst/textlcd_u0/count_lcdclk_reg[2]/Q
                         net (fo=11, routed)          0.874     6.963    system_i/textlcd_0/inst/textlcd_v1_0_S00_AXI_inst/textlcd_u0/count_lcdclk_reg[2]
    SLICE_X27Y104        LUT6 (Prop_lut6_I1_O)        0.124     7.087 r  system_i/textlcd_0/inst/textlcd_v1_0_S00_AXI_inst/textlcd_u0/count_mode[5]_i_3/O
                         net (fo=1, routed)           0.306     7.393    system_i/textlcd_0/inst/textlcd_v1_0_S00_AXI_inst/textlcd_u0/count_mode[5]_i_3_n_0
    SLICE_X28Y104        LUT6 (Prop_lut6_I2_O)        0.124     7.517 r  system_i/textlcd_0/inst/textlcd_v1_0_S00_AXI_inst/textlcd_u0/count_mode[5]_i_1/O
                         net (fo=6, routed)           3.150    10.667    system_i/textlcd_0/inst/textlcd_v1_0_S00_AXI_inst/textlcd_u0/count_mode
    SLICE_X16Y39         FDCE                                         r  system_i/textlcd_0/inst/textlcd_v1_0_S00_AXI_inst/textlcd_u0/count_mode_reg[0]/CE
  -------------------------------------------------------------------    -------------------

                         (clock clk rise edge)       40.000    40.000 r  
    M19                                               0.000    40.000 r  clk_0 (IN)
                         net (fo=0)                   0.000    40.000    clk_0
    M19                  IBUF (Prop_ibuf_I_O)         1.366    41.366 r  clk_0_IBUF_inst/O
                         net (fo=1, routed)           2.006    43.372    clk_0_IBUF
    BUFGCTRL_X0Y17       BUFG (Prop_bufg_I_O)         0.091    43.463 r  clk_0_IBUF_BUFG_inst/O
                         net (fo=55, routed)          1.578    45.042    system_i/textlcd_0/inst/textlcd_v1_0_S00_AXI_inst/textlcd_u0/lcdclk
    SLICE_X16Y39         FDCE                                         r  system_i/textlcd_0/inst/textlcd_v1_0_S00_AXI_inst/textlcd_u0/count_mode_reg[0]/C
                         clock pessimism              0.279    45.321    
                         clock uncertainty           -0.035    45.285    
    SLICE_X16Y39         FDCE (Setup_fdce_C_CE)      -0.169    45.116    system_i/textlcd_0/inst/textlcd_v1_0_S00_AXI_inst/textlcd_u0/count_mode_reg[0]
  -------------------------------------------------------------------
                         required time                         45.116    
                         arrival time                         -10.667    
  -------------------------------------------------------------------
                         slack                                 34.449    

Slack (MET) :             34.449ns  (required time - arrival time)
  Source:                 system_i/textlcd_0/inst/textlcd_v1_0_S00_AXI_inst/textlcd_u0/count_lcdclk_reg[2]/C
                            (rising edge-triggered cell FDCE clocked by clk  {rise@0.000ns fall@20.000ns period=40.000ns})
  Destination:            system_i/textlcd_0/inst/textlcd_v1_0_S00_AXI_inst/textlcd_u0/count_mode_reg[1]/CE
                            (rising edge-triggered cell FDCE clocked by clk  {rise@0.000ns fall@20.000ns period=40.000ns})
  Path Group:             clk
  Path Type:              Setup (Max at Slow Process Corner)
  Requirement:            40.000ns  (clk rise@40.000ns - clk rise@0.000ns)
  Data Path Delay:        5.034ns  (logic 0.704ns (13.985%)  route 4.330ns (86.015%))
  Logic Levels:           2  (LUT6=2)
  Clock Path Skew:        -0.313ns (DCD - SCD + CPR)
    Destination Clock Delay (DCD):    5.042ns = ( 45.042 - 40.000 ) 
    Source Clock Delay      (SCD):    5.633ns
    Clock Pessimism Removal (CPR):    0.279ns
  Clock Uncertainty:      0.035ns  ((TSJ^2 + TIJ^2)^1/2 + DJ) / 2 + PE
    Total System Jitter     (TSJ):    0.071ns
    Total Input Jitter      (TIJ):    0.000ns
    Discrete Jitter          (DJ):    0.000ns
    Phase Error              (PE):    0.000ns

    Location             Delay type                Incr(ns)  Path(ns)    Netlist Resource(s)
  -------------------------------------------------------------------    -------------------
                         (clock clk rise edge)        0.000     0.000 r  
    M19                                               0.000     0.000 r  clk_0 (IN)
                         net (fo=0)                   0.000     0.000    clk_0
    M19                  IBUF (Prop_ibuf_I_O)         1.436     1.436 r  clk_0_IBUF_inst/O
                         net (fo=1, routed)           2.205     3.641    clk_0_IBUF
    BUFGCTRL_X0Y17       BUFG (Prop_bufg_I_O)         0.101     3.742 r  clk_0_IBUF_BUFG_inst/O
                         net (fo=55, routed)          1.891     5.633    system_i/textlcd_0/inst/textlcd_v1_0_S00_AXI_inst/textlcd_u0/lcdclk
    SLICE_X28Y104        FDCE                                         r  system_i/textlcd_0/inst/textlcd_v1_0_S00_AXI_inst/textlcd_u0/count_lcdclk_reg[2]/C
  -------------------------------------------------------------------    -------------------
    SLICE_X28Y104        FDCE (Prop_fdce_C_Q)         0.456     6.089 r  system_i/textlcd_0/inst/textlcd_v1_0_S00_AXI_inst/textlcd_u0/count_lcdclk_reg[2]/Q
                         net (fo=11, routed)          0.874     6.963    system_i/textlcd_0/inst/textlcd_v1_0_S00_AXI_inst/textlcd_u0/count_lcdclk_reg[2]
    SLICE_X27Y104        LUT6 (Prop_lut6_I1_O)        0.124     7.087 r  system_i/textlcd_0/inst/textlcd_v1_0_S00_AXI_inst/textlcd_u0/count_mode[5]_i_3/O
                         net (fo=1, routed)           0.306     7.393    system_i/textlcd_0/inst/textlcd_v1_0_S00_AXI_inst/textlcd_u0/count_mode[5]_i_3_n_0
    SLICE_X28Y104        LUT6 (Prop_lut6_I2_O)        0.124     7.517 r  system_i/textlcd_0/inst/textlcd_v1_0_S00_AXI_inst/textlcd_u0/count_mode[5]_i_1/O
                         net (fo=6, routed)           3.150    10.667    system_i/textlcd_0/inst/textlcd_v1_0_S00_AXI_inst/textlcd_u0/count_mode
    SLICE_X16Y39         FDCE                                         r  system_i/textlcd_0/inst/textlcd_v1_0_S00_AXI_inst/textlcd_u0/count_mode_reg[1]/CE
  -------------------------------------------------------------------    -------------------

                         (clock clk rise edge)       40.000    40.000 r  
    M19                                               0.000    40.000 r  clk_0 (IN)
                         net (fo=0)                   0.000    40.000    clk_0
    M19                  IBUF (Prop_ibuf_I_O)         1.366    41.366 r  clk_0_IBUF_inst/O
                         net (fo=1, routed)           2.006    43.372    clk_0_IBUF
    BUFGCTRL_X0Y17       BUFG (Prop_bufg_I_O)         0.091    43.463 r  clk_0_IBUF_BUFG_inst/O
                         net (fo=55, routed)          1.578    45.042    system_i/textlcd_0/inst/textlcd_v1_0_S00_AXI_inst/textlcd_u0/lcdclk
    SLICE_X16Y39         FDCE                                         r  system_i/textlcd_0/inst/textlcd_v1_0_S00_AXI_inst/textlcd_u0/count_mode_reg[1]/C
                         clock pessimism              0.279    45.321    
                         clock uncertainty           -0.035    45.285    
    SLICE_X16Y39         FDCE (Setup_fdce_C_CE)      -0.169    45.116    system_i/textlcd_0/inst/textlcd_v1_0_S00_AXI_inst/textlcd_u0/count_mode_reg[1]
  -------------------------------------------------------------------
                         required time                         45.116    
                         arrival time                         -10.667    
  -------------------------------------------------------------------
                         slack                                 34.449    

Slack (MET) :             34.454ns  (required time - arrival time)
  Source:                 system_i/textlcd_0/inst/textlcd_v1_0_S00_AXI_inst/textlcd_u0/count_lcdclk_reg[2]/C
                            (rising edge-triggered cell FDCE clocked by clk  {rise@0.000ns fall@20.000ns period=40.000ns})
  Destination:            system_i/textlcd_0/inst/textlcd_v1_0_S00_AXI_inst/textlcd_u0/count_mode_reg[2]/CE
                            (rising edge-triggered cell FDCE clocked by clk  {rise@0.000ns fall@20.000ns period=40.000ns})
  Path Group:             clk
  Path Type:              Setup (Max at Slow Process Corner)
  Requirement:            40.000ns  (clk rise@40.000ns - clk rise@0.000ns)
  Data Path Delay:        4.993ns  (logic 0.704ns (14.100%)  route 4.289ns (85.900%))
  Logic Levels:           2  (LUT6=2)
  Clock Path Skew:        -0.313ns (DCD - SCD + CPR)
    Destination Clock Delay (DCD):    5.042ns = ( 45.042 - 40.000 ) 
    Source Clock Delay      (SCD):    5.633ns
    Clock Pessimism Removal (CPR):    0.279ns
  Clock Uncertainty:      0.035ns  ((TSJ^2 + TIJ^2)^1/2 + DJ) / 2 + PE
    Total System Jitter     (TSJ):    0.071ns
    Total Input Jitter      (TIJ):    0.000ns
    Discrete Jitter          (DJ):    0.000ns
    Phase Error              (PE):    0.000ns

    Location             Delay type                Incr(ns)  Path(ns)    Netlist Resource(s)
  -------------------------------------------------------------------    -------------------
                         (clock clk rise edge)        0.000     0.000 r  
    M19                                               0.000     0.000 r  clk_0 (IN)
                         net (fo=0)                   0.000     0.000    clk_0
    M19                  IBUF (Prop_ibuf_I_O)         1.436     1.436 r  clk_0_IBUF_inst/O
                         net (fo=1, routed)           2.205     3.641    clk_0_IBUF
    BUFGCTRL_X0Y17       BUFG (Prop_bufg_I_O)         0.101     3.742 r  clk_0_IBUF_BUFG_inst/O
                         net (fo=55, routed)          1.891     5.633    system_i/textlcd_0/inst/textlcd_v1_0_S00_AXI_inst/textlcd_u0/lcdclk
    SLICE_X28Y104        FDCE                                         r  system_i/textlcd_0/inst/textlcd_v1_0_S00_AXI_inst/textlcd_u0/count_lcdclk_reg[2]/C
  -------------------------------------------------------------------    -------------------
    SLICE_X28Y104        FDCE (Prop_fdce_C_Q)         0.456     6.089 r  system_i/textlcd_0/inst/textlcd_v1_0_S00_AXI_inst/textlcd_u0/count_lcdclk_reg[2]/Q
                         net (fo=11, routed)          0.874     6.963    system_i/textlcd_0/inst/textlcd_v1_0_S00_AXI_inst/textlcd_u0/count_lcdclk_reg[2]
    SLICE_X27Y104        LUT6 (Prop_lut6_I1_O)        0.124     7.087 r  system_i/textlcd_0/inst/textlcd_v1_0_S00_AXI_inst/textlcd_u0/count_mode[5]_i_3/O
                         net (fo=1, routed)           0.306     7.393    system_i/textlcd_0/inst/textlcd_v1_0_S00_AXI_inst/textlcd_u0/count_mode[5]_i_3_n_0
    SLICE_X28Y104        LUT6 (Prop_lut6_I2_O)        0.124     7.517 r  system_i/textlcd_0/inst/textlcd_v1_0_S00_AXI_inst/textlcd_u0/count_mode[5]_i_1/O
                         net (fo=6, routed)           3.109    10.626    system_i/textlcd_0/inst/textlcd_v1_0_S00_AXI_inst/textlcd_u0/count_mode
    SLICE_X15Y39         FDCE                                         r  system_i/textlcd_0/inst/textlcd_v1_0_S00_AXI_inst/textlcd_u0/count_mode_reg[2]/CE
  -------------------------------------------------------------------    -------------------

                         (clock clk rise edge)       40.000    40.000 r  
    M19                                               0.000    40.000 r  clk_0 (IN)
                         net (fo=0)                   0.000    40.000    clk_0
    M19                  IBUF (Prop_ibuf_I_O)         1.366    41.366 r  clk_0_IBUF_inst/O
                         net (fo=1, routed)           2.006    43.372    clk_0_IBUF
    BUFGCTRL_X0Y17       BUFG (Prop_bufg_I_O)         0.091    43.463 r  clk_0_IBUF_BUFG_inst/O
                         net (fo=55, routed)          1.578    45.042    system_i/textlcd_0/inst/textlcd_v1_0_S00_AXI_inst/textlcd_u0/lcdclk
    SLICE_X15Y39         FDCE                                         r  system_i/textlcd_0/inst/textlcd_v1_0_S00_AXI_inst/textlcd_u0/count_mode_reg[2]/C
                         clock pessimism              0.279    45.321    
                         clock uncertainty           -0.035    45.285    
    SLICE_X15Y39         FDCE (Setup_fdce_C_CE)      -0.205    45.080    system_i/textlcd_0/inst/textlcd_v1_0_S00_AXI_inst/textlcd_u0/count_mode_reg[2]
  -------------------------------------------------------------------
                         required time                         45.080    
                         arrival time                         -10.626    
  -------------------------------------------------------------------
                         slack                                 34.454    

Slack (MET) :             34.454ns  (required time - arrival time)
  Source:                 system_i/textlcd_0/inst/textlcd_v1_0_S00_AXI_inst/textlcd_u0/count_lcdclk_reg[2]/C
                            (rising edge-triggered cell FDCE clocked by clk  {rise@0.000ns fall@20.000ns period=40.000ns})
  Destination:            system_i/textlcd_0/inst/textlcd_v1_0_S00_AXI_inst/textlcd_u0/count_mode_reg[3]/CE
                            (rising edge-triggered cell FDCE clocked by clk  {rise@0.000ns fall@20.000ns period=40.000ns})
  Path Group:             clk
  Path Type:              Setup (Max at Slow Process Corner)
  Requirement:            40.000ns  (clk rise@40.000ns - clk rise@0.000ns)
  Data Path Delay:        4.993ns  (logic 0.704ns (14.100%)  route 4.289ns (85.900%))
  Logic Levels:           2  (LUT6=2)
  Clock Path Skew:        -0.313ns (DCD - SCD + CPR)
    Destination Clock Delay (DCD):    5.042ns = ( 45.042 - 40.000 ) 
    Source Clock Delay      (SCD):    5.633ns
    Clock Pessimism Removal (CPR):    0.279ns
  Clock Uncertainty:      0.035ns  ((TSJ^2 + TIJ^2)^1/2 + DJ) / 2 + PE
    Total System Jitter     (TSJ):    0.071ns
    Total Input Jitter      (TIJ):    0.000ns
    Discrete Jitter          (DJ):    0.000ns
    Phase Error              (PE):    0.000ns

    Location             Delay type                Incr(ns)  Path(ns)    Netlist Resource(s)
  -------------------------------------------------------------------    -------------------
                         (clock clk rise edge)        0.000     0.000 r  
    M19                                               0.000     0.000 r  clk_0 (IN)
                         net (fo=0)                   0.000     0.000    clk_0
    M19                  IBUF (Prop_ibuf_I_O)         1.436     1.436 r  clk_0_IBUF_inst/O
                         net (fo=1, routed)           2.205     3.641    clk_0_IBUF
    BUFGCTRL_X0Y17       BUFG (Prop_bufg_I_O)         0.101     3.742 r  clk_0_IBUF_BUFG_inst/O
                         net (fo=55, routed)          1.891     5.633    system_i/textlcd_0/inst/textlcd_v1_0_S00_AXI_inst/textlcd_u0/lcdclk
    SLICE_X28Y104        FDCE                                         r  system_i/textlcd_0/inst/textlcd_v1_0_S00_AXI_inst/textlcd_u0/count_lcdclk_reg[2]/C
  -------------------------------------------------------------------    -------------------
    SLICE_X28Y104        FDCE (Prop_fdce_C_Q)         0.456     6.089 r  system_i/textlcd_0/inst/textlcd_v1_0_S00_AXI_inst/textlcd_u0/count_lcdclk_reg[2]/Q
                         net (fo=11, routed)          0.874     6.963    system_i/textlcd_0/inst/textlcd_v1_0_S00_AXI_inst/textlcd_u0/count_lcdclk_reg[2]
    SLICE_X27Y104        LUT6 (Prop_lut6_I1_O)        0.124     7.087 r  system_i/textlcd_0/inst/textlcd_v1_0_S00_AXI_inst/textlcd_u0/count_mode[5]_i_3/O
                         net (fo=1, routed)           0.306     7.393    system_i/textlcd_0/inst/textlcd_v1_0_S00_AXI_inst/textlcd_u0/count_mode[5]_i_3_n_0
    SLICE_X28Y104        LUT6 (Prop_lut6_I2_O)        0.124     7.517 r  system_i/textlcd_0/inst/textlcd_v1_0_S00_AXI_inst/textlcd_u0/count_mode[5]_i_1/O
                         net (fo=6, routed)           3.109    10.626    system_i/textlcd_0/inst/textlcd_v1_0_S00_AXI_inst/textlcd_u0/count_mode
    SLICE_X15Y39         FDCE                                         r  system_i/textlcd_0/inst/textlcd_v1_0_S00_AXI_inst/textlcd_u0/count_mode_reg[3]/CE
  -------------------------------------------------------------------    -------------------

                         (clock clk rise edge)       40.000    40.000 r  
    M19                                               0.000    40.000 r  clk_0 (IN)
                         net (fo=0)                   0.000    40.000    clk_0
    M19                  IBUF (Prop_ibuf_I_O)         1.366    41.366 r  clk_0_IBUF_inst/O
                         net (fo=1, routed)           2.006    43.372    clk_0_IBUF
    BUFGCTRL_X0Y17       BUFG (Prop_bufg_I_O)         0.091    43.463 r  clk_0_IBUF_BUFG_inst/O
                         net (fo=55, routed)          1.578    45.042    system_i/textlcd_0/inst/textlcd_v1_0_S00_AXI_inst/textlcd_u0/lcdclk
    SLICE_X15Y39         FDCE                                         r  system_i/textlcd_0/inst/textlcd_v1_0_S00_AXI_inst/textlcd_u0/count_mode_reg[3]/C
                         clock pessimism              0.279    45.321    
                         clock uncertainty           -0.035    45.285    
    SLICE_X15Y39         FDCE (Setup_fdce_C_CE)      -0.205    45.080    system_i/textlcd_0/inst/textlcd_v1_0_S00_AXI_inst/textlcd_u0/count_mode_reg[3]
  -------------------------------------------------------------------
                         required time                         45.080    
                         arrival time                         -10.626    
  -------------------------------------------------------------------
                         slack                                 34.454    

Slack (MET) :             34.454ns  (required time - arrival time)
  Source:                 system_i/textlcd_0/inst/textlcd_v1_0_S00_AXI_inst/textlcd_u0/count_lcdclk_reg[2]/C
                            (rising edge-triggered cell FDCE clocked by clk  {rise@0.000ns fall@20.000ns period=40.000ns})
  Destination:            system_i/textlcd_0/inst/textlcd_v1_0_S00_AXI_inst/textlcd_u0/count_mode_reg[4]/CE
                            (rising edge-triggered cell FDCE clocked by clk  {rise@0.000ns fall@20.000ns period=40.000ns})
  Path Group:             clk
  Path Type:              Setup (Max at Slow Process Corner)
  Requirement:            40.000ns  (clk rise@40.000ns - clk rise@0.000ns)
  Data Path Delay:        4.993ns  (logic 0.704ns (14.100%)  route 4.289ns (85.900%))
  Logic Levels:           2  (LUT6=2)
  Clock Path Skew:        -0.313ns (DCD - SCD + CPR)
    Destination Clock Delay (DCD):    5.042ns = ( 45.042 - 40.000 ) 
    Source Clock Delay      (SCD):    5.633ns
    Clock Pessimism Removal (CPR):    0.279ns
  Clock Uncertainty:      0.035ns  ((TSJ^2 + TIJ^2)^1/2 + DJ) / 2 + PE
    Total System Jitter     (TSJ):    0.071ns
    Total Input Jitter      (TIJ):    0.000ns
    Discrete Jitter          (DJ):    0.000ns
    Phase Error              (PE):    0.000ns

    Location             Delay type                Incr(ns)  Path(ns)    Netlist Resource(s)
  -------------------------------------------------------------------    -------------------
                         (clock clk rise edge)        0.000     0.000 r  
    M19                                               0.000     0.000 r  clk_0 (IN)
                         net (fo=0)                   0.000     0.000    clk_0
    M19                  IBUF (Prop_ibuf_I_O)         1.436     1.436 r  clk_0_IBUF_inst/O
                         net (fo=1, routed)           2.205     3.641    clk_0_IBUF
    BUFGCTRL_X0Y17       BUFG (Prop_bufg_I_O)         0.101     3.742 r  clk_0_IBUF_BUFG_inst/O
                         net (fo=55, routed)          1.891     5.633    system_i/textlcd_0/inst/textlcd_v1_0_S00_AXI_inst/textlcd_u0/lcdclk
    SLICE_X28Y104        FDCE                                         r  system_i/textlcd_0/inst/textlcd_v1_0_S00_AXI_inst/textlcd_u0/count_lcdclk_reg[2]/C
  -------------------------------------------------------------------    -------------------
    SLICE_X28Y104        FDCE (Prop_fdce_C_Q)         0.456     6.089 r  system_i/textlcd_0/inst/textlcd_v1_0_S00_AXI_inst/textlcd_u0/count_lcdclk_reg[2]/Q
                         net (fo=11, routed)          0.874     6.963    system_i/textlcd_0/inst/textlcd_v1_0_S00_AXI_inst/textlcd_u0/count_lcdclk_reg[2]
    SLICE_X27Y104        LUT6 (Prop_lut6_I1_O)        0.124     7.087 r  system_i/textlcd_0/inst/textlcd_v1_0_S00_AXI_inst/textlcd_u0/count_mode[5]_i_3/O
                         net (fo=1, routed)           0.306     7.393    system_i/textlcd_0/inst/textlcd_v1_0_S00_AXI_inst/textlcd_u0/count_mode[5]_i_3_n_0
    SLICE_X28Y104        LUT6 (Prop_lut6_I2_O)        0.124     7.517 r  system_i/textlcd_0/inst/textlcd_v1_0_S00_AXI_inst/textlcd_u0/count_mode[5]_i_1/O
                         net (fo=6, routed)           3.109    10.626    system_i/textlcd_0/inst/textlcd_v1_0_S00_AXI_inst/textlcd_u0/count_mode
    SLICE_X15Y39         FDCE                                         r  system_i/textlcd_0/inst/textlcd_v1_0_S00_AXI_inst/textlcd_u0/count_mode_reg[4]/CE
  -------------------------------------------------------------------    -------------------

                         (clock clk rise edge)       40.000    40.000 r  
    M19                                               0.000    40.000 r  clk_0 (IN)
                         net (fo=0)                   0.000    40.000    clk_0
    M19                  IBUF (Prop_ibuf_I_O)         1.366    41.366 r  clk_0_IBUF_inst/O
                         net (fo=1, routed)           2.006    43.372    clk_0_IBUF
    BUFGCTRL_X0Y17       BUFG (Prop_bufg_I_O)         0.091    43.463 r  clk_0_IBUF_BUFG_inst/O
                         net (fo=55, routed)          1.578    45.042    system_i/textlcd_0/inst/textlcd_v1_0_S00_AXI_inst/textlcd_u0/lcdclk
    SLICE_X15Y39         FDCE                                         r  system_i/textlcd_0/inst/textlcd_v1_0_S00_AXI_inst/textlcd_u0/count_mode_reg[4]/C
                         clock pessimism              0.279    45.321    
                         clock uncertainty           -0.035    45.285    
    SLICE_X15Y39         FDCE (Setup_fdce_C_CE)      -0.205    45.080    system_i/textlcd_0/inst/textlcd_v1_0_S00_AXI_inst/textlcd_u0/count_mode_reg[4]
  -------------------------------------------------------------------
                         required time                         45.080    
                         arrival time                         -10.626    
  -------------------------------------------------------------------
                         slack                                 34.454    

Slack (MET) :             34.454ns  (required time - arrival time)
  Source:                 system_i/textlcd_0/inst/textlcd_v1_0_S00_AXI_inst/textlcd_u0/count_lcdclk_reg[2]/C
                            (rising edge-triggered cell FDCE clocked by clk  {rise@0.000ns fall@20.000ns period=40.000ns})
  Destination:            system_i/textlcd_0/inst/textlcd_v1_0_S00_AXI_inst/textlcd_u0/count_mode_reg[5]/CE
                            (rising edge-triggered cell FDCE clocked by clk  {rise@0.000ns fall@20.000ns period=40.000ns})
  Path Group:             clk
  Path Type:              Setup (Max at Slow Process Corner)
  Requirement:            40.000ns  (clk rise@40.000ns - clk rise@0.000ns)
  Data Path Delay:        4.993ns  (logic 0.704ns (14.100%)  route 4.289ns (85.900%))
  Logic Levels:           2  (LUT6=2)
  Clock Path Skew:        -0.313ns (DCD - SCD + CPR)
    Destination Clock Delay (DCD):    5.042ns = ( 45.042 - 40.000 ) 
    Source Clock Delay      (SCD):    5.633ns
    Clock Pessimism Removal (CPR):    0.279ns
  Clock Uncertainty:      0.035ns  ((TSJ^2 + TIJ^2)^1/2 + DJ) / 2 + PE
    Total System Jitter     (TSJ):    0.071ns
    Total Input Jitter      (TIJ):    0.000ns
    Discrete Jitter          (DJ):    0.000ns
    Phase Error              (PE):    0.000ns

    Location             Delay type                Incr(ns)  Path(ns)    Netlist Resource(s)
  -------------------------------------------------------------------    -------------------
                         (clock clk rise edge)        0.000     0.000 r  
    M19                                               0.000     0.000 r  clk_0 (IN)
                         net (fo=0)                   0.000     0.000    clk_0
    M19                  IBUF (Prop_ibuf_I_O)         1.436     1.436 r  clk_0_IBUF_inst/O
                         net (fo=1, routed)           2.205     3.641    clk_0_IBUF
    BUFGCTRL_X0Y17       BUFG (Prop_bufg_I_O)         0.101     3.742 r  clk_0_IBUF_BUFG_inst/O
                         net (fo=55, routed)          1.891     5.633    system_i/textlcd_0/inst/textlcd_v1_0_S00_AXI_inst/textlcd_u0/lcdclk
    SLICE_X28Y104        FDCE                                         r  system_i/textlcd_0/inst/textlcd_v1_0_S00_AXI_inst/textlcd_u0/count_lcdclk_reg[2]/C
  -------------------------------------------------------------------    -------------------
    SLICE_X28Y104        FDCE (Prop_fdce_C_Q)         0.456     6.089 r  system_i/textlcd_0/inst/textlcd_v1_0_S00_AXI_inst/textlcd_u0/count_lcdclk_reg[2]/Q
                         net (fo=11, routed)          0.874     6.963    system_i/textlcd_0/inst/textlcd_v1_0_S00_AXI_inst/textlcd_u0/count_lcdclk_reg[2]
    SLICE_X27Y104        LUT6 (Prop_lut6_I1_O)        0.124     7.087 r  system_i/textlcd_0/inst/textlcd_v1_0_S00_AXI_inst/textlcd_u0/count_mode[5]_i_3/O
                         net (fo=1, routed)           0.306     7.393    system_i/textlcd_0/inst/textlcd_v1_0_S00_AXI_inst/textlcd_u0/count_mode[5]_i_3_n_0
    SLICE_X28Y104        LUT6 (Prop_lut6_I2_O)        0.124     7.517 r  system_i/textlcd_0/inst/textlcd_v1_0_S00_AXI_inst/textlcd_u0/count_mode[5]_i_1/O
                         net (fo=6, routed)           3.109    10.626    system_i/textlcd_0/inst/textlcd_v1_0_S00_AXI_inst/textlcd_u0/count_mode
    SLICE_X15Y39         FDCE                                         r  system_i/textlcd_0/inst/textlcd_v1_0_S00_AXI_inst/textlcd_u0/count_mode_reg[5]/CE
  -------------------------------------------------------------------    -------------------

                         (clock clk rise edge)       40.000    40.000 r  
    M19                                               0.000    40.000 r  clk_0 (IN)
                         net (fo=0)                   0.000    40.000    clk_0
    M19                  IBUF (Prop_ibuf_I_O)         1.366    41.366 r  clk_0_IBUF_inst/O
                         net (fo=1, routed)           2.006    43.372    clk_0_IBUF
    BUFGCTRL_X0Y17       BUFG (Prop_bufg_I_O)         0.091    43.463 r  clk_0_IBUF_BUFG_inst/O
                         net (fo=55, routed)          1.578    45.042    system_i/textlcd_0/inst/textlcd_v1_0_S00_AXI_inst/textlcd_u0/lcdclk
    SLICE_X15Y39         FDCE                                         r  system_i/textlcd_0/inst/textlcd_v1_0_S00_AXI_inst/textlcd_u0/count_mode_reg[5]/C
                         clock pessimism              0.279    45.321    
                         clock uncertainty           -0.035    45.285    
    SLICE_X15Y39         FDCE (Setup_fdce_C_CE)      -0.205    45.080    system_i/textlcd_0/inst/textlcd_v1_0_S00_AXI_inst/textlcd_u0/count_mode_reg[5]
  -------------------------------------------------------------------
                         required time                         45.080    
                         arrival time                         -10.626    
  -------------------------------------------------------------------
                         slack                                 34.454    

Slack (MET) :             35.004ns  (required time - arrival time)
  Source:                 system_i/seven_seg_0/inst/seven_seg_v1_0_S00_AXI_inst/seven_seg_u0/clk_cnt_reg[10]/C
                            (rising edge-triggered cell FDCE clocked by clk  {rise@0.000ns fall@20.000ns period=40.000ns})
  Destination:            system_i/seven_seg_0/inst/seven_seg_v1_0_S00_AXI_inst/seven_seg_u0/seg_en_reg[0]/CE
                            (rising edge-triggered cell FDPE clocked by clk  {rise@0.000ns fall@20.000ns period=40.000ns})
  Path Group:             clk
  Path Type:              Setup (Max at Slow Process Corner)
  Requirement:            40.000ns  (clk rise@40.000ns - clk rise@0.000ns)
  Data Path Delay:        4.696ns  (logic 0.766ns (16.312%)  route 3.930ns (83.688%))
  Logic Levels:           2  (LUT4=2)
  Clock Path Skew:        -0.060ns (DCD - SCD + CPR)
    Destination Clock Delay (DCD):    4.989ns = ( 44.989 - 40.000 ) 
    Source Clock Delay      (SCD):    5.442ns
    Clock Pessimism Removal (CPR):    0.393ns
  Clock Uncertainty:      0.035ns  ((TSJ^2 + TIJ^2)^1/2 + DJ) / 2 + PE
    Total System Jitter     (TSJ):    0.071ns
    Total Input Jitter      (TIJ):    0.000ns
    Discrete Jitter          (DJ):    0.000ns
    Phase Error              (PE):    0.000ns

    Location             Delay type                Incr(ns)  Path(ns)    Netlist Resource(s)
  -------------------------------------------------------------------    -------------------
                         (clock clk rise edge)        0.000     0.000 r  
    M19                                               0.000     0.000 r  clk_0 (IN)
                         net (fo=0)                   0.000     0.000    clk_0
    M19                  IBUF (Prop_ibuf_I_O)         1.436     1.436 r  clk_0_IBUF_inst/O
                         net (fo=1, routed)           2.205     3.641    clk_0_IBUF
    BUFGCTRL_X0Y17       BUFG (Prop_bufg_I_O)         0.101     3.742 r  clk_0_IBUF_BUFG_inst/O
                         net (fo=55, routed)          1.700     5.442    system_i/seven_seg_0/inst/seven_seg_v1_0_S00_AXI_inst/seven_seg_u0/clk
    SLICE_X30Y97         FDCE                                         r  system_i/seven_seg_0/inst/seven_seg_v1_0_S00_AXI_inst/seven_seg_u0/clk_cnt_reg[10]/C
  -------------------------------------------------------------------    -------------------
    SLICE_X30Y97         FDCE (Prop_fdce_C_Q)         0.518     5.960 f  system_i/seven_seg_0/inst/seven_seg_v1_0_S00_AXI_inst/seven_seg_u0/clk_cnt_reg[10]/Q
                         net (fo=2, routed)           0.890     6.850    system_i/seven_seg_0/inst/seven_seg_v1_0_S00_AXI_inst/seven_seg_u0/clk_cnt[10]
    SLICE_X30Y97         LUT4 (Prop_lut4_I2_O)        0.124     6.974 f  system_i/seven_seg_0/inst/seven_seg_v1_0_S00_AXI_inst/seven_seg_u0/seg_en[7]_i_5/O
                         net (fo=16, routed)          0.871     7.845    system_i/seven_seg_0/inst/seven_seg_v1_0_S00_AXI_inst/seven_seg_u0/seg_en[7]_i_5_n_0
    SLICE_X28Y97         LUT4 (Prop_lut4_I2_O)        0.124     7.969 r  system_i/seven_seg_0/inst/seven_seg_v1_0_S00_AXI_inst/seven_seg_u0/seg_en[7]_i_1/O
                         net (fo=16, routed)          2.170    10.138    system_i/seven_seg_0/inst/seven_seg_v1_0_S00_AXI_inst/seven_seg_u0/seg_en
    SLICE_X29Y52         FDPE                                         r  system_i/seven_seg_0/inst/seven_seg_v1_0_S00_AXI_inst/seven_seg_u0/seg_en_reg[0]/CE
  -------------------------------------------------------------------    -------------------

                         (clock clk rise edge)       40.000    40.000 r  
    M19                                               0.000    40.000 r  clk_0 (IN)
                         net (fo=0)                   0.000    40.000    clk_0
    M19                  IBUF (Prop_ibuf_I_O)         1.366    41.366 r  clk_0_IBUF_inst/O
                         net (fo=1, routed)           2.006    43.372    clk_0_IBUF
    BUFGCTRL_X0Y17       BUFG (Prop_bufg_I_O)         0.091    43.463 r  clk_0_IBUF_BUFG_inst/O
                         net (fo=55, routed)          1.526    44.989    system_i/seven_seg_0/inst/seven_seg_v1_0_S00_AXI_inst/seven_seg_u0/clk
    SLICE_X29Y52         FDPE                                         r  system_i/seven_seg_0/inst/seven_seg_v1_0_S00_AXI_inst/seven_seg_u0/seg_en_reg[0]/C
                         clock pessimism              0.393    45.382    
                         clock uncertainty           -0.035    45.347    
    SLICE_X29Y52         FDPE (Setup_fdpe_C_CE)      -0.205    45.142    system_i/seven_seg_0/inst/seven_seg_v1_0_S00_AXI_inst/seven_seg_u0/seg_en_reg[0]
  -------------------------------------------------------------------
                         required time                         45.142    
                         arrival time                         -10.138    
  -------------------------------------------------------------------
                         slack                                 35.004    

Slack (MET) :             35.004ns  (required time - arrival time)
  Source:                 system_i/seven_seg_0/inst/seven_seg_v1_0_S00_AXI_inst/seven_seg_u0/clk_cnt_reg[10]/C
                            (rising edge-triggered cell FDCE clocked by clk  {rise@0.000ns fall@20.000ns period=40.000ns})
  Destination:            system_i/seven_seg_0/inst/seven_seg_v1_0_S00_AXI_inst/seven_seg_u0/seg_en_reg[1]/CE
                            (rising edge-triggered cell FDCE clocked by clk  {rise@0.000ns fall@20.000ns period=40.000ns})
  Path Group:             clk
  Path Type:              Setup (Max at Slow Process Corner)
  Requirement:            40.000ns  (clk rise@40.000ns - clk rise@0.000ns)
  Data Path Delay:        4.696ns  (logic 0.766ns (16.312%)  route 3.930ns (83.688%))
  Logic Levels:           2  (LUT4=2)
  Clock Path Skew:        -0.060ns (DCD - SCD + CPR)
    Destination Clock Delay (DCD):    4.989ns = ( 44.989 - 40.000 ) 
    Source Clock Delay      (SCD):    5.442ns
    Clock Pessimism Removal (CPR):    0.393ns
  Clock Uncertainty:      0.035ns  ((TSJ^2 + TIJ^2)^1/2 + DJ) / 2 + PE
    Total System Jitter     (TSJ):    0.071ns
    Total Input Jitter      (TIJ):    0.000ns
    Discrete Jitter          (DJ):    0.000ns
    Phase Error              (PE):    0.000ns

    Location             Delay type                Incr(ns)  Path(ns)    Netlist Resource(s)
  -------------------------------------------------------------------    -------------------
                         (clock clk rise edge)        0.000     0.000 r  
    M19                                               0.000     0.000 r  clk_0 (IN)
                         net (fo=0)                   0.000     0.000    clk_0
    M19                  IBUF (Prop_ibuf_I_O)         1.436     1.436 r  clk_0_IBUF_inst/O
                         net (fo=1, routed)           2.205     3.641    clk_0_IBUF
    BUFGCTRL_X0Y17       BUFG (Prop_bufg_I_O)         0.101     3.742 r  clk_0_IBUF_BUFG_inst/O
                         net (fo=55, routed)          1.700     5.442    system_i/seven_seg_0/inst/seven_seg_v1_0_S00_AXI_inst/seven_seg_u0/clk
    SLICE_X30Y97         FDCE                                         r  system_i/seven_seg_0/inst/seven_seg_v1_0_S00_AXI_inst/seven_seg_u0/clk_cnt_reg[10]/C
  -------------------------------------------------------------------    -------------------
    SLICE_X30Y97         FDCE (Prop_fdce_C_Q)         0.518     5.960 f  system_i/seven_seg_0/inst/seven_seg_v1_0_S00_AXI_inst/seven_seg_u0/clk_cnt_reg[10]/Q
                         net (fo=2, routed)           0.890     6.850    system_i/seven_seg_0/inst/seven_seg_v1_0_S00_AXI_inst/seven_seg_u0/clk_cnt[10]
    SLICE_X30Y97         LUT4 (Prop_lut4_I2_O)        0.124     6.974 f  system_i/seven_seg_0/inst/seven_seg_v1_0_S00_AXI_inst/seven_seg_u0/seg_en[7]_i_5/O
                         net (fo=16, routed)          0.871     7.845    system_i/seven_seg_0/inst/seven_seg_v1_0_S00_AXI_inst/seven_seg_u0/seg_en[7]_i_5_n_0
    SLICE_X28Y97         LUT4 (Prop_lut4_I2_O)        0.124     7.969 r  system_i/seven_seg_0/inst/seven_seg_v1_0_S00_AXI_inst/seven_seg_u0/seg_en[7]_i_1/O
                         net (fo=16, routed)          2.170    10.138    system_i/seven_seg_0/inst/seven_seg_v1_0_S00_AXI_inst/seven_seg_u0/seg_en
    SLICE_X29Y52         FDCE                                         r  system_i/seven_seg_0/inst/seven_seg_v1_0_S00_AXI_inst/seven_seg_u0/seg_en_reg[1]/CE
  -------------------------------------------------------------------    -------------------

                         (clock clk rise edge)       40.000    40.000 r  
    M19                                               0.000    40.000 r  clk_0 (IN)
                         net (fo=0)                   0.000    40.000    clk_0
    M19                  IBUF (Prop_ibuf_I_O)         1.366    41.366 r  clk_0_IBUF_inst/O
                         net (fo=1, routed)           2.006    43.372    clk_0_IBUF
    BUFGCTRL_X0Y17       BUFG (Prop_bufg_I_O)         0.091    43.463 r  clk_0_IBUF_BUFG_inst/O
                         net (fo=55, routed)          1.526    44.989    system_i/seven_seg_0/inst/seven_seg_v1_0_S00_AXI_inst/seven_seg_u0/clk
    SLICE_X29Y52         FDCE                                         r  system_i/seven_seg_0/inst/seven_seg_v1_0_S00_AXI_inst/seven_seg_u0/seg_en_reg[1]/C
                         clock pessimism              0.393    45.382    
                         clock uncertainty           -0.035    45.347    
    SLICE_X29Y52         FDCE (Setup_fdce_C_CE)      -0.205    45.142    system_i/seven_seg_0/inst/seven_seg_v1_0_S00_AXI_inst/seven_seg_u0/seg_en_reg[1]
  -------------------------------------------------------------------
                         required time                         45.142    
                         arrival time                         -10.138    
  -------------------------------------------------------------------
                         slack                                 35.004    

Slack (MET) :             35.004ns  (required time - arrival time)
  Source:                 system_i/seven_seg_0/inst/seven_seg_v1_0_S00_AXI_inst/seven_seg_u0/clk_cnt_reg[10]/C
                            (rising edge-triggered cell FDCE clocked by clk  {rise@0.000ns fall@20.000ns period=40.000ns})
  Destination:            system_i/seven_seg_0/inst/seven_seg_v1_0_S00_AXI_inst/seven_seg_u0/seg_en_reg[1]_lopt_replica/CE
                            (rising edge-triggered cell FDCE clocked by clk  {rise@0.000ns fall@20.000ns period=40.000ns})
  Path Group:             clk
  Path Type:              Setup (Max at Slow Process Corner)
  Requirement:            40.000ns  (clk rise@40.000ns - clk rise@0.000ns)
  Data Path Delay:        4.696ns  (logic 0.766ns (16.312%)  route 3.930ns (83.688%))
  Logic Levels:           2  (LUT4=2)
  Clock Path Skew:        -0.060ns (DCD - SCD + CPR)
    Destination Clock Delay (DCD):    4.989ns = ( 44.989 - 40.000 ) 
    Source Clock Delay      (SCD):    5.442ns
    Clock Pessimism Removal (CPR):    0.393ns
  Clock Uncertainty:      0.035ns  ((TSJ^2 + TIJ^2)^1/2 + DJ) / 2 + PE
    Total System Jitter     (TSJ):    0.071ns
    Total Input Jitter      (TIJ):    0.000ns
    Discrete Jitter          (DJ):    0.000ns
    Phase Error              (PE):    0.000ns

    Location             Delay type                Incr(ns)  Path(ns)    Netlist Resource(s)
  -------------------------------------------------------------------    -------------------
                         (clock clk rise edge)        0.000     0.000 r  
    M19                                               0.000     0.000 r  clk_0 (IN)
                         net (fo=0)                   0.000     0.000    clk_0
    M19                  IBUF (Prop_ibuf_I_O)         1.436     1.436 r  clk_0_IBUF_inst/O
                         net (fo=1, routed)           2.205     3.641    clk_0_IBUF
    BUFGCTRL_X0Y17       BUFG (Prop_bufg_I_O)         0.101     3.742 r  clk_0_IBUF_BUFG_inst/O
                         net (fo=55, routed)          1.700     5.442    system_i/seven_seg_0/inst/seven_seg_v1_0_S00_AXI_inst/seven_seg_u0/clk
    SLICE_X30Y97         FDCE                                         r  system_i/seven_seg_0/inst/seven_seg_v1_0_S00_AXI_inst/seven_seg_u0/clk_cnt_reg[10]/C
  -------------------------------------------------------------------    -------------------
    SLICE_X30Y97         FDCE (Prop_fdce_C_Q)         0.518     5.960 f  system_i/seven_seg_0/inst/seven_seg_v1_0_S00_AXI_inst/seven_seg_u0/clk_cnt_reg[10]/Q
                         net (fo=2, routed)           0.890     6.850    system_i/seven_seg_0/inst/seven_seg_v1_0_S00_AXI_inst/seven_seg_u0/clk_cnt[10]
    SLICE_X30Y97         LUT4 (Prop_lut4_I2_O)        0.124     6.974 f  system_i/seven_seg_0/inst/seven_seg_v1_0_S00_AXI_inst/seven_seg_u0/seg_en[7]_i_5/O
                         net (fo=16, routed)          0.871     7.845    system_i/seven_seg_0/inst/seven_seg_v1_0_S00_AXI_inst/seven_seg_u0/seg_en[7]_i_5_n_0
    SLICE_X28Y97         LUT4 (Prop_lut4_I2_O)        0.124     7.969 r  system_i/seven_seg_0/inst/seven_seg_v1_0_S00_AXI_inst/seven_seg_u0/seg_en[7]_i_1/O
                         net (fo=16, routed)          2.170    10.138    system_i/seven_seg_0/inst/seven_seg_v1_0_S00_AXI_inst/seven_seg_u0/seg_en
    SLICE_X29Y52         FDCE                                         r  system_i/seven_seg_0/inst/seven_seg_v1_0_S00_AXI_inst/seven_seg_u0/seg_en_reg[1]_lopt_replica/CE
  -------------------------------------------------------------------    -------------------

                         (clock clk rise edge)       40.000    40.000 r  
    M19                                               0.000    40.000 r  clk_0 (IN)
                         net (fo=0)                   0.000    40.000    clk_0
    M19                  IBUF (Prop_ibuf_I_O)         1.366    41.366 r  clk_0_IBUF_inst/O
                         net (fo=1, routed)           2.006    43.372    clk_0_IBUF
    BUFGCTRL_X0Y17       BUFG (Prop_bufg_I_O)         0.091    43.463 r  clk_0_IBUF_BUFG_inst/O
                         net (fo=55, routed)          1.526    44.989    system_i/seven_seg_0/inst/seven_seg_v1_0_S00_AXI_inst/seven_seg_u0/clk
    SLICE_X29Y52         FDCE                                         r  system_i/seven_seg_0/inst/seven_seg_v1_0_S00_AXI_inst/seven_seg_u0/seg_en_reg[1]_lopt_replica/C
                         clock pessimism              0.393    45.382    
                         clock uncertainty           -0.035    45.347    
    SLICE_X29Y52         FDCE (Setup_fdce_C_CE)      -0.205    45.142    system_i/seven_seg_0/inst/seven_seg_v1_0_S00_AXI_inst/seven_seg_u0/seg_en_reg[1]_lopt_replica
  -------------------------------------------------------------------
                         required time                         45.142    
                         arrival time                         -10.138    
  -------------------------------------------------------------------
                         slack                                 35.004    

Slack (MET) :             35.004ns  (required time - arrival time)
  Source:                 system_i/seven_seg_0/inst/seven_seg_v1_0_S00_AXI_inst/seven_seg_u0/clk_cnt_reg[10]/C
                            (rising edge-triggered cell FDCE clocked by clk  {rise@0.000ns fall@20.000ns period=40.000ns})
  Destination:            system_i/seven_seg_0/inst/seven_seg_v1_0_S00_AXI_inst/seven_seg_u0/seg_en_reg[2]/CE
                            (rising edge-triggered cell FDCE clocked by clk  {rise@0.000ns fall@20.000ns period=40.000ns})
  Path Group:             clk
  Path Type:              Setup (Max at Slow Process Corner)
  Requirement:            40.000ns  (clk rise@40.000ns - clk rise@0.000ns)
  Data Path Delay:        4.696ns  (logic 0.766ns (16.312%)  route 3.930ns (83.688%))
  Logic Levels:           2  (LUT4=2)
  Clock Path Skew:        -0.060ns (DCD - SCD + CPR)
    Destination Clock Delay (DCD):    4.989ns = ( 44.989 - 40.000 ) 
    Source Clock Delay      (SCD):    5.442ns
    Clock Pessimism Removal (CPR):    0.393ns
  Clock Uncertainty:      0.035ns  ((TSJ^2 + TIJ^2)^1/2 + DJ) / 2 + PE
    Total System Jitter     (TSJ):    0.071ns
    Total Input Jitter      (TIJ):    0.000ns
    Discrete Jitter          (DJ):    0.000ns
    Phase Error              (PE):    0.000ns

    Location             Delay type                Incr(ns)  Path(ns)    Netlist Resource(s)
  -------------------------------------------------------------------    -------------------
                         (clock clk rise edge)        0.000     0.000 r  
    M19                                               0.000     0.000 r  clk_0 (IN)
                         net (fo=0)                   0.000     0.000    clk_0
    M19                  IBUF (Prop_ibuf_I_O)         1.436     1.436 r  clk_0_IBUF_inst/O
                         net (fo=1, routed)           2.205     3.641    clk_0_IBUF
    BUFGCTRL_X0Y17       BUFG (Prop_bufg_I_O)         0.101     3.742 r  clk_0_IBUF_BUFG_inst/O
                         net (fo=55, routed)          1.700     5.442    system_i/seven_seg_0/inst/seven_seg_v1_0_S00_AXI_inst/seven_seg_u0/clk
    SLICE_X30Y97         FDCE                                         r  system_i/seven_seg_0/inst/seven_seg_v1_0_S00_AXI_inst/seven_seg_u0/clk_cnt_reg[10]/C
  -------------------------------------------------------------------    -------------------
    SLICE_X30Y97         FDCE (Prop_fdce_C_Q)         0.518     5.960 f  system_i/seven_seg_0/inst/seven_seg_v1_0_S00_AXI_inst/seven_seg_u0/clk_cnt_reg[10]/Q
                         net (fo=2, routed)           0.890     6.850    system_i/seven_seg_0/inst/seven_seg_v1_0_S00_AXI_inst/seven_seg_u0/clk_cnt[10]
    SLICE_X30Y97         LUT4 (Prop_lut4_I2_O)        0.124     6.974 f  system_i/seven_seg_0/inst/seven_seg_v1_0_S00_AXI_inst/seven_seg_u0/seg_en[7]_i_5/O
                         net (fo=16, routed)          0.871     7.845    system_i/seven_seg_0/inst/seven_seg_v1_0_S00_AXI_inst/seven_seg_u0/seg_en[7]_i_5_n_0
    SLICE_X28Y97         LUT4 (Prop_lut4_I2_O)        0.124     7.969 r  system_i/seven_seg_0/inst/seven_seg_v1_0_S00_AXI_inst/seven_seg_u0/seg_en[7]_i_1/O
                         net (fo=16, routed)          2.170    10.138    system_i/seven_seg_0/inst/seven_seg_v1_0_S00_AXI_inst/seven_seg_u0/seg_en
    SLICE_X29Y52         FDCE                                         r  system_i/seven_seg_0/inst/seven_seg_v1_0_S00_AXI_inst/seven_seg_u0/seg_en_reg[2]/CE
  -------------------------------------------------------------------    -------------------

                         (clock clk rise edge)       40.000    40.000 r  
    M19                                               0.000    40.000 r  clk_0 (IN)
                         net (fo=0)                   0.000    40.000    clk_0
    M19                  IBUF (Prop_ibuf_I_O)         1.366    41.366 r  clk_0_IBUF_inst/O
                         net (fo=1, routed)           2.006    43.372    clk_0_IBUF
    BUFGCTRL_X0Y17       BUFG (Prop_bufg_I_O)         0.091    43.463 r  clk_0_IBUF_BUFG_inst/O
                         net (fo=55, routed)          1.526    44.989    system_i/seven_seg_0/inst/seven_seg_v1_0_S00_AXI_inst/seven_seg_u0/clk
    SLICE_X29Y52         FDCE                                         r  system_i/seven_seg_0/inst/seven_seg_v1_0_S00_AXI_inst/seven_seg_u0/seg_en_reg[2]/C
                         clock pessimism              0.393    45.382    
                         clock uncertainty           -0.035    45.347    
    SLICE_X29Y52         FDCE (Setup_fdce_C_CE)      -0.205    45.142    system_i/seven_seg_0/inst/seven_seg_v1_0_S00_AXI_inst/seven_seg_u0/seg_en_reg[2]
  -------------------------------------------------------------------
                         required time                         45.142    
                         arrival time                         -10.138    
  -------------------------------------------------------------------
                         slack                                 35.004    





Min Delay Paths
--------------------------------------------------------------------------------------
Slack (MET) :             0.170ns  (arrival time - required time)
  Source:                 system_i/seven_seg_0/inst/seven_seg_v1_0_S00_AXI_inst/seven_seg_u0/seg_en_reg[6]/C
                            (rising edge-triggered cell FDCE clocked by clk  {rise@0.000ns fall@20.000ns period=40.000ns})
  Destination:            system_i/seven_seg_0/inst/seven_seg_v1_0_S00_AXI_inst/seven_seg_u0/seg_en_reg[7]/D
                            (rising edge-triggered cell FDCE clocked by clk  {rise@0.000ns fall@20.000ns period=40.000ns})
  Path Group:             clk
  Path Type:              Hold (Min at Fast Process Corner)
  Requirement:            0.000ns  (clk rise@0.000ns - clk rise@0.000ns)
  Data Path Delay:        0.208ns  (logic 0.128ns (61.600%)  route 0.080ns (38.400%))
  Logic Levels:           0  
  Clock Path Skew:        0.013ns (DCD - SCD - CPR)
    Destination Clock Delay (DCD):    1.997ns
    Source Clock Delay      (SCD):    1.481ns
    Clock Pessimism Removal (CPR):    0.503ns

    Location             Delay type                Incr(ns)  Path(ns)    Netlist Resource(s)
  -------------------------------------------------------------------    -------------------
                         (clock clk rise edge)        0.000     0.000 r  
    M19                                               0.000     0.000 r  clk_0 (IN)
                         net (fo=0)                   0.000     0.000    clk_0
    M19                  IBUF (Prop_ibuf_I_O)         0.205     0.205 r  clk_0_IBUF_inst/O
                         net (fo=1, routed)           0.674     0.879    clk_0_IBUF
    BUFGCTRL_X0Y17       BUFG (Prop_bufg_I_O)         0.026     0.905 r  clk_0_IBUF_BUFG_inst/O
                         net (fo=55, routed)          0.577     1.481    system_i/seven_seg_0/inst/seven_seg_v1_0_S00_AXI_inst/seven_seg_u0/clk
    SLICE_X28Y52         FDCE                                         r  system_i/seven_seg_0/inst/seven_seg_v1_0_S00_AXI_inst/seven_seg_u0/seg_en_reg[6]/C
  -------------------------------------------------------------------    -------------------
    SLICE_X28Y52         FDCE (Prop_fdce_C_Q)         0.128     1.609 r  system_i/seven_seg_0/inst/seven_seg_v1_0_S00_AXI_inst/seven_seg_u0/seg_en_reg[6]/Q
                         net (fo=12, routed)          0.080     1.689    system_i/seven_seg_0/inst/seven_seg_v1_0_S00_AXI_inst/seven_seg_u0/Q[6]
    SLICE_X29Y52         FDCE                                         r  system_i/seven_seg_0/inst/seven_seg_v1_0_S00_AXI_inst/seven_seg_u0/seg_en_reg[7]/D
  -------------------------------------------------------------------    -------------------

                         (clock clk rise edge)        0.000     0.000 r  
    M19                                               0.000     0.000 r  clk_0 (IN)
                         net (fo=0)                   0.000     0.000    clk_0
    M19                  IBUF (Prop_ibuf_I_O)         0.392     0.392 r  clk_0_IBUF_inst/O
                         net (fo=1, routed)           0.731     1.123    clk_0_IBUF
    BUFGCTRL_X0Y17       BUFG (Prop_bufg_I_O)         0.029     1.152 r  clk_0_IBUF_BUFG_inst/O
                         net (fo=55, routed)          0.845     1.997    system_i/seven_seg_0/inst/seven_seg_v1_0_S00_AXI_inst/seven_seg_u0/clk
    SLICE_X29Y52         FDCE                                         r  system_i/seven_seg_0/inst/seven_seg_v1_0_S00_AXI_inst/seven_seg_u0/seg_en_reg[7]/C
                         clock pessimism             -0.503     1.494    
    SLICE_X29Y52         FDCE (Hold_fdce_C_D)         0.025     1.519    system_i/seven_seg_0/inst/seven_seg_v1_0_S00_AXI_inst/seven_seg_u0/seg_en_reg[7]
  -------------------------------------------------------------------
                         required time                         -1.519    
                         arrival time                           1.689    
  -------------------------------------------------------------------
                         slack                                  0.170    

Slack (MET) :             0.201ns  (arrival time - required time)
  Source:                 system_i/seven_seg_0/inst/seven_seg_v1_0_S00_AXI_inst/seven_seg_u0/seg_en_reg[5]/C
                            (rising edge-triggered cell FDCE clocked by clk  {rise@0.000ns fall@20.000ns period=40.000ns})
  Destination:            system_i/seven_seg_0/inst/seven_seg_v1_0_S00_AXI_inst/seven_seg_u0/seg_en_reg[6]/D
                            (rising edge-triggered cell FDCE clocked by clk  {rise@0.000ns fall@20.000ns period=40.000ns})
  Path Group:             clk
  Path Type:              Hold (Min at Fast Process Corner)
  Requirement:            0.000ns  (clk rise@0.000ns - clk rise@0.000ns)
  Data Path Delay:        0.272ns  (logic 0.141ns (51.910%)  route 0.131ns (48.090%))
  Logic Levels:           0  
  Clock Path Skew:        0.000ns (DCD - SCD - CPR)
    Destination Clock Delay (DCD):    1.997ns
    Source Clock Delay      (SCD):    1.481ns
    Clock Pessimism Removal (CPR):    0.516ns

    Location             Delay type                Incr(ns)  Path(ns)    Netlist Resource(s)
  -------------------------------------------------------------------    -------------------
                         (clock clk rise edge)        0.000     0.000 r  
    M19                                               0.000     0.000 r  clk_0 (IN)
                         net (fo=0)                   0.000     0.000    clk_0
    M19                  IBUF (Prop_ibuf_I_O)         0.205     0.205 r  clk_0_IBUF_inst/O
                         net (fo=1, routed)           0.674     0.879    clk_0_IBUF
    BUFGCTRL_X0Y17       BUFG (Prop_bufg_I_O)         0.026     0.905 r  clk_0_IBUF_BUFG_inst/O
                         net (fo=55, routed)          0.577     1.481    system_i/seven_seg_0/inst/seven_seg_v1_0_S00_AXI_inst/seven_seg_u0/clk
    SLICE_X28Y52         FDCE                                         r  system_i/seven_seg_0/inst/seven_seg_v1_0_S00_AXI_inst/seven_seg_u0/seg_en_reg[5]/C
  -------------------------------------------------------------------    -------------------
    SLICE_X28Y52         FDCE (Prop_fdce_C_Q)         0.141     1.622 r  system_i/seven_seg_0/inst/seven_seg_v1_0_S00_AXI_inst/seven_seg_u0/seg_en_reg[5]/Q
                         net (fo=12, routed)          0.131     1.753    system_i/seven_seg_0/inst/seven_seg_v1_0_S00_AXI_inst/seven_seg_u0/Q[5]
    SLICE_X28Y52         FDCE                                         r  system_i/seven_seg_0/inst/seven_seg_v1_0_S00_AXI_inst/seven_seg_u0/seg_en_reg[6]/D
  -------------------------------------------------------------------    -------------------

                         (clock clk rise edge)        0.000     0.000 r  
    M19                                               0.000     0.000 r  clk_0 (IN)
                         net (fo=0)                   0.000     0.000    clk_0
    M19                  IBUF (Prop_ibuf_I_O)         0.392     0.392 r  clk_0_IBUF_inst/O
                         net (fo=1, routed)           0.731     1.123    clk_0_IBUF
    BUFGCTRL_X0Y17       BUFG (Prop_bufg_I_O)         0.029     1.152 r  clk_0_IBUF_BUFG_inst/O
                         net (fo=55, routed)          0.845     1.997    system_i/seven_seg_0/inst/seven_seg_v1_0_S00_AXI_inst/seven_seg_u0/clk
    SLICE_X28Y52         FDCE                                         r  system_i/seven_seg_0/inst/seven_seg_v1_0_S00_AXI_inst/seven_seg_u0/seg_en_reg[6]/C
                         clock pessimism             -0.516     1.481    
    SLICE_X28Y52         FDCE (Hold_fdce_C_D)         0.071     1.552    system_i/seven_seg_0/inst/seven_seg_v1_0_S00_AXI_inst/seven_seg_u0/seg_en_reg[6]
  -------------------------------------------------------------------
                         required time                         -1.552    
                         arrival time                           1.753    
  -------------------------------------------------------------------
                         slack                                  0.201    

Slack (MET) :             0.208ns  (arrival time - required time)
  Source:                 system_i/seven_seg_0/inst/seven_seg_v1_0_S00_AXI_inst/seven_seg_u0/seg_en_reg[0]/C
                            (rising edge-triggered cell FDPE clocked by clk  {rise@0.000ns fall@20.000ns period=40.000ns})
  Destination:            system_i/seven_seg_0/inst/seven_seg_v1_0_S00_AXI_inst/seven_seg_u0/seg_en_reg[1]/D
                            (rising edge-triggered cell FDCE clocked by clk  {rise@0.000ns fall@20.000ns period=40.000ns})
  Path Group:             clk
  Path Type:              Hold (Min at Fast Process Corner)
  Requirement:            0.000ns  (clk rise@0.000ns - clk rise@0.000ns)
  Data Path Delay:        0.255ns  (logic 0.141ns (55.284%)  route 0.114ns (44.716%))
  Logic Levels:           0  
  Clock Path Skew:        0.000ns (DCD - SCD - CPR)
    Destination Clock Delay (DCD):    1.997ns
    Source Clock Delay      (SCD):    1.481ns
    Clock Pessimism Removal (CPR):    0.516ns

    Location             Delay type                Incr(ns)  Path(ns)    Netlist Resource(s)
  -------------------------------------------------------------------    -------------------
                         (clock clk rise edge)        0.000     0.000 r  
    M19                                               0.000     0.000 r  clk_0 (IN)
                         net (fo=0)                   0.000     0.000    clk_0
    M19                  IBUF (Prop_ibuf_I_O)         0.205     0.205 r  clk_0_IBUF_inst/O
                         net (fo=1, routed)           0.674     0.879    clk_0_IBUF
    BUFGCTRL_X0Y17       BUFG (Prop_bufg_I_O)         0.026     0.905 r  clk_0_IBUF_BUFG_inst/O
                         net (fo=55, routed)          0.577     1.481    system_i/seven_seg_0/inst/seven_seg_v1_0_S00_AXI_inst/seven_seg_u0/clk
    SLICE_X29Y52         FDPE                                         r  system_i/seven_seg_0/inst/seven_seg_v1_0_S00_AXI_inst/seven_seg_u0/seg_en_reg[0]/C
  -------------------------------------------------------------------    -------------------
    SLICE_X29Y52         FDPE (Prop_fdpe_C_Q)         0.141     1.622 r  system_i/seven_seg_0/inst/seven_seg_v1_0_S00_AXI_inst/seven_seg_u0/seg_en_reg[0]/Q
                         net (fo=12, routed)          0.114     1.737    system_i/seven_seg_0/inst/seven_seg_v1_0_S00_AXI_inst/seven_seg_u0/Q[0]
    SLICE_X29Y52         FDCE                                         r  system_i/seven_seg_0/inst/seven_seg_v1_0_S00_AXI_inst/seven_seg_u0/seg_en_reg[1]/D
  -------------------------------------------------------------------    -------------------

                         (clock clk rise edge)        0.000     0.000 r  
    M19                                               0.000     0.000 r  clk_0 (IN)
                         net (fo=0)                   0.000     0.000    clk_0
    M19                  IBUF (Prop_ibuf_I_O)         0.392     0.392 r  clk_0_IBUF_inst/O
                         net (fo=1, routed)           0.731     1.123    clk_0_IBUF
    BUFGCTRL_X0Y17       BUFG (Prop_bufg_I_O)         0.029     1.152 r  clk_0_IBUF_BUFG_inst/O
                         net (fo=55, routed)          0.845     1.997    system_i/seven_seg_0/inst/seven_seg_v1_0_S00_AXI_inst/seven_seg_u0/clk
    SLICE_X29Y52         FDCE                                         r  system_i/seven_seg_0/inst/seven_seg_v1_0_S00_AXI_inst/seven_seg_u0/seg_en_reg[1]/C
                         clock pessimism             -0.516     1.481    
    SLICE_X29Y52         FDCE (Hold_fdce_C_D)         0.047     1.528    system_i/seven_seg_0/inst/seven_seg_v1_0_S00_AXI_inst/seven_seg_u0/seg_en_reg[1]
  -------------------------------------------------------------------
                         required time                         -1.528    
                         arrival time                           1.737    
  -------------------------------------------------------------------
                         slack                                  0.208    

Slack (MET) :             0.217ns  (arrival time - required time)
  Source:                 system_i/seven_seg_0/inst/seven_seg_v1_0_S00_AXI_inst/seven_seg_u0/clk_cnt_reg[0]/C
                            (rising edge-triggered cell FDCE clocked by clk  {rise@0.000ns fall@20.000ns period=40.000ns})
  Destination:            system_i/seven_seg_0/inst/seven_seg_v1_0_S00_AXI_inst/seven_seg_u0/clk_cnt_reg[7]/D
                            (rising edge-triggered cell FDCE clocked by clk  {rise@0.000ns fall@20.000ns period=40.000ns})
  Path Group:             clk
  Path Type:              Hold (Min at Fast Process Corner)
  Requirement:            0.000ns  (clk rise@0.000ns - clk rise@0.000ns)
  Data Path Delay:        0.353ns  (logic 0.186ns (52.738%)  route 0.167ns (47.262%))
  Logic Levels:           1  (LUT5=1)
  Clock Path Skew:        0.015ns (DCD - SCD - CPR)
    Destination Clock Delay (DCD):    1.996ns
    Source Clock Delay      (SCD):    1.481ns
    Clock Pessimism Removal (CPR):    0.500ns

    Location             Delay type                Incr(ns)  Path(ns)    Netlist Resource(s)
  -------------------------------------------------------------------    -------------------
                         (clock clk rise edge)        0.000     0.000 r  
    M19                                               0.000     0.000 r  clk_0 (IN)
                         net (fo=0)                   0.000     0.000    clk_0
    M19                  IBUF (Prop_ibuf_I_O)         0.205     0.205 r  clk_0_IBUF_inst/O
                         net (fo=1, routed)           0.674     0.879    clk_0_IBUF
    BUFGCTRL_X0Y17       BUFG (Prop_bufg_I_O)         0.026     0.905 r  clk_0_IBUF_BUFG_inst/O
                         net (fo=55, routed)          0.577     1.481    system_i/seven_seg_0/inst/seven_seg_v1_0_S00_AXI_inst/seven_seg_u0/clk
    SLICE_X28Y97         FDCE                                         r  system_i/seven_seg_0/inst/seven_seg_v1_0_S00_AXI_inst/seven_seg_u0/clk_cnt_reg[0]/C
  -------------------------------------------------------------------    -------------------
    SLICE_X28Y97         FDCE (Prop_fdce_C_Q)         0.141     1.622 r  system_i/seven_seg_0/inst/seven_seg_v1_0_S00_AXI_inst/seven_seg_u0/clk_cnt_reg[0]/Q
                         net (fo=17, routed)          0.167     1.789    system_i/seven_seg_0/inst/seven_seg_v1_0_S00_AXI_inst/seven_seg_u0/clk_cnt[0]
    SLICE_X30Y96         LUT5 (Prop_lut5_I3_O)        0.045     1.834 r  system_i/seven_seg_0/inst/seven_seg_v1_0_S00_AXI_inst/seven_seg_u0/clk_cnt[7]_i_1/O
                         net (fo=1, routed)           0.000     1.834    system_i/seven_seg_0/inst/seven_seg_v1_0_S00_AXI_inst/seven_seg_u0/clk_cnt_0[7]
    SLICE_X30Y96         FDCE                                         r  system_i/seven_seg_0/inst/seven_seg_v1_0_S00_AXI_inst/seven_seg_u0/clk_cnt_reg[7]/D
  -------------------------------------------------------------------    -------------------

                         (clock clk rise edge)        0.000     0.000 r  
    M19                                               0.000     0.000 r  clk_0 (IN)
                         net (fo=0)                   0.000     0.000    clk_0
    M19                  IBUF (Prop_ibuf_I_O)         0.392     0.392 r  clk_0_IBUF_inst/O
                         net (fo=1, routed)           0.731     1.123    clk_0_IBUF
    BUFGCTRL_X0Y17       BUFG (Prop_bufg_I_O)         0.029     1.152 r  clk_0_IBUF_BUFG_inst/O
                         net (fo=55, routed)          0.844     1.996    system_i/seven_seg_0/inst/seven_seg_v1_0_S00_AXI_inst/seven_seg_u0/clk
    SLICE_X30Y96         FDCE                                         r  system_i/seven_seg_0/inst/seven_seg_v1_0_S00_AXI_inst/seven_seg_u0/clk_cnt_reg[7]/C
                         clock pessimism             -0.500     1.496    
    SLICE_X30Y96         FDCE (Hold_fdce_C_D)         0.121     1.617    system_i/seven_seg_0/inst/seven_seg_v1_0_S00_AXI_inst/seven_seg_u0/clk_cnt_reg[7]
  -------------------------------------------------------------------
                         required time                         -1.617    
                         arrival time                           1.834    
  -------------------------------------------------------------------
                         slack                                  0.217    

Slack (MET) :             0.227ns  (arrival time - required time)
  Source:                 system_i/textlcd_0/inst/textlcd_v1_0_S00_AXI_inst/textlcd_u0/count_lcdclk_reg[8]/C
                            (rising edge-triggered cell FDCE clocked by clk  {rise@0.000ns fall@20.000ns period=40.000ns})
  Destination:            system_i/textlcd_0/inst/textlcd_v1_0_S00_AXI_inst/textlcd_u0/count_lcdclk_reg[6]/D
                            (rising edge-triggered cell FDCE clocked by clk  {rise@0.000ns fall@20.000ns period=40.000ns})
  Path Group:             clk
  Path Type:              Hold (Min at Fast Process Corner)
  Requirement:            0.000ns  (clk rise@0.000ns - clk rise@0.000ns)
  Data Path Delay:        0.380ns  (logic 0.186ns (49.000%)  route 0.194ns (51.000%))
  Logic Levels:           1  (LUT6=1)
  Clock Path Skew:        0.033ns (DCD - SCD - CPR)
    Destination Clock Delay (DCD):    2.081ns
    Source Clock Delay      (SCD):    1.563ns
    Clock Pessimism Removal (CPR):    0.485ns

    Location             Delay type                Incr(ns)  Path(ns)    Netlist Resource(s)
  -------------------------------------------------------------------    -------------------
                         (clock clk rise edge)        0.000     0.000 r  
    M19                                               0.000     0.000 r  clk_0 (IN)
                         net (fo=0)                   0.000     0.000    clk_0
    M19                  IBUF (Prop_ibuf_I_O)         0.205     0.205 r  clk_0_IBUF_inst/O
                         net (fo=1, routed)           0.674     0.879    clk_0_IBUF
    BUFGCTRL_X0Y17       BUFG (Prop_bufg_I_O)         0.026     0.905 r  clk_0_IBUF_BUFG_inst/O
                         net (fo=55, routed)          0.658     1.563    system_i/textlcd_0/inst/textlcd_v1_0_S00_AXI_inst/textlcd_u0/lcdclk
    SLICE_X28Y106        FDCE                                         r  system_i/textlcd_0/inst/textlcd_v1_0_S00_AXI_inst/textlcd_u0/count_lcdclk_reg[8]/C
  -------------------------------------------------------------------    -------------------
    SLICE_X28Y106        FDCE (Prop_fdce_C_Q)         0.141     1.704 r  system_i/textlcd_0/inst/textlcd_v1_0_S00_AXI_inst/textlcd_u0/count_lcdclk_reg[8]/Q
                         net (fo=15, routed)          0.194     1.897    system_i/textlcd_0/inst/textlcd_v1_0_S00_AXI_inst/textlcd_u0/count_lcdclk_reg[8]
    SLICE_X26Y105        LUT6 (Prop_lut6_I2_O)        0.045     1.942 r  system_i/textlcd_0/inst/textlcd_v1_0_S00_AXI_inst/textlcd_u0/count_lcdclk[6]_i_1/O
                         net (fo=1, routed)           0.000     1.942    system_i/textlcd_0/inst/textlcd_v1_0_S00_AXI_inst/textlcd_u0/p_0_in__0[6]
    SLICE_X26Y105        FDCE                                         r  system_i/textlcd_0/inst/textlcd_v1_0_S00_AXI_inst/textlcd_u0/count_lcdclk_reg[6]/D
  -------------------------------------------------------------------    -------------------

                         (clock clk rise edge)        0.000     0.000 r  
    M19                                               0.000     0.000 r  clk_0 (IN)
                         net (fo=0)                   0.000     0.000    clk_0
    M19                  IBUF (Prop_ibuf_I_O)         0.392     0.392 r  clk_0_IBUF_inst/O
                         net (fo=1, routed)           0.731     1.123    clk_0_IBUF
    BUFGCTRL_X0Y17       BUFG (Prop_bufg_I_O)         0.029     1.152 r  clk_0_IBUF_BUFG_inst/O
                         net (fo=55, routed)          0.929     2.081    system_i/textlcd_0/inst/textlcd_v1_0_S00_AXI_inst/textlcd_u0/lcdclk
    SLICE_X26Y105        FDCE                                         r  system_i/textlcd_0/inst/textlcd_v1_0_S00_AXI_inst/textlcd_u0/count_lcdclk_reg[6]/C
                         clock pessimism             -0.485     1.596    
    SLICE_X26Y105        FDCE (Hold_fdce_C_D)         0.120     1.716    system_i/textlcd_0/inst/textlcd_v1_0_S00_AXI_inst/textlcd_u0/count_lcdclk_reg[6]
  -------------------------------------------------------------------
                         required time                         -1.716    
                         arrival time                           1.942    
  -------------------------------------------------------------------
                         slack                                  0.227    

Slack (MET) :             0.247ns  (arrival time - required time)
  Source:                 system_i/textlcd_0/inst/textlcd_v1_0_S00_AXI_inst/textlcd_u0/count_mode_reg[0]/C
                            (rising edge-triggered cell FDCE clocked by clk  {rise@0.000ns fall@20.000ns period=40.000ns})
  Destination:            system_i/textlcd_0/inst/textlcd_v1_0_S00_AXI_inst/textlcd_u0/lcd_mode_reg[0]/D
                            (rising edge-triggered cell FDPE clocked by clk  {rise@0.000ns fall@20.000ns period=40.000ns})
  Path Group:             clk
  Path Type:              Hold (Min at Fast Process Corner)
  Requirement:            0.000ns  (clk rise@0.000ns - clk rise@0.000ns)
  Data Path Delay:        0.351ns  (logic 0.209ns (59.566%)  route 0.142ns (40.434%))
  Logic Levels:           1  (LUT4=1)
  Clock Path Skew:        0.013ns (DCD - SCD - CPR)
    Destination Clock Delay (DCD):    2.015ns
    Source Clock Delay      (SCD):    1.497ns
    Clock Pessimism Removal (CPR):    0.505ns

    Location             Delay type                Incr(ns)  Path(ns)    Netlist Resource(s)
  -------------------------------------------------------------------    -------------------
                         (clock clk rise edge)        0.000     0.000 r  
    M19                                               0.000     0.000 r  clk_0 (IN)
                         net (fo=0)                   0.000     0.000    clk_0
    M19                  IBUF (Prop_ibuf_I_O)         0.205     0.205 r  clk_0_IBUF_inst/O
                         net (fo=1, routed)           0.674     0.879    clk_0_IBUF
    BUFGCTRL_X0Y17       BUFG (Prop_bufg_I_O)         0.026     0.905 r  clk_0_IBUF_BUFG_inst/O
                         net (fo=55, routed)          0.593     1.497    system_i/textlcd_0/inst/textlcd_v1_0_S00_AXI_inst/textlcd_u0/lcdclk
    SLICE_X16Y39         FDCE                                         r  system_i/textlcd_0/inst/textlcd_v1_0_S00_AXI_inst/textlcd_u0/count_mode_reg[0]/C
  -------------------------------------------------------------------    -------------------
    SLICE_X16Y39         FDCE (Prop_fdce_C_Q)         0.164     1.661 f  system_i/textlcd_0/inst/textlcd_v1_0_S00_AXI_inst/textlcd_u0/count_mode_reg[0]/Q
                         net (fo=83, routed)          0.142     1.803    system_i/textlcd_0/inst/textlcd_v1_0_S00_AXI_inst/textlcd_u0/count_mode_reg[0]
    SLICE_X17Y39         LUT4 (Prop_lut4_I2_O)        0.045     1.848 r  system_i/textlcd_0/inst/textlcd_v1_0_S00_AXI_inst/textlcd_u0/lcd_mode[0]_i_1/O
                         net (fo=1, routed)           0.000     1.848    system_i/textlcd_0/inst/textlcd_v1_0_S00_AXI_inst/textlcd_u0/lcd_mode_0[0]
    SLICE_X17Y39         FDPE                                         r  system_i/textlcd_0/inst/textlcd_v1_0_S00_AXI_inst/textlcd_u0/lcd_mode_reg[0]/D
  -------------------------------------------------------------------    -------------------

                         (clock clk rise edge)        0.000     0.000 r  
    M19                                               0.000     0.000 r  clk_0 (IN)
                         net (fo=0)                   0.000     0.000    clk_0
    M19                  IBUF (Prop_ibuf_I_O)         0.392     0.392 r  clk_0_IBUF_inst/O
                         net (fo=1, routed)           0.731     1.123    clk_0_IBUF
    BUFGCTRL_X0Y17       BUFG (Prop_bufg_I_O)         0.029     1.152 r  clk_0_IBUF_BUFG_inst/O
                         net (fo=55, routed)          0.863     2.015    system_i/textlcd_0/inst/textlcd_v1_0_S00_AXI_inst/textlcd_u0/lcdclk
    SLICE_X17Y39         FDPE                                         r  system_i/textlcd_0/inst/textlcd_v1_0_S00_AXI_inst/textlcd_u0/lcd_mode_reg[0]/C
                         clock pessimism             -0.505     1.510    
    SLICE_X17Y39         FDPE (Hold_fdpe_C_D)         0.091     1.601    system_i/textlcd_0/inst/textlcd_v1_0_S00_AXI_inst/textlcd_u0/lcd_mode_reg[0]
  -------------------------------------------------------------------
                         required time                         -1.601    
                         arrival time                           1.848    
  -------------------------------------------------------------------
                         slack                                  0.247    

Slack (MET) :             0.256ns  (arrival time - required time)
  Source:                 system_i/seven_seg_0/inst/seven_seg_v1_0_S00_AXI_inst/seven_seg_u0/seg_en_reg[5]/C
                            (rising edge-triggered cell FDCE clocked by clk  {rise@0.000ns fall@20.000ns period=40.000ns})
  Destination:            system_i/seven_seg_0/inst/seven_seg_v1_0_S00_AXI_inst/seven_seg_u0/seg_en_reg[6]_lopt_replica/D
                            (rising edge-triggered cell FDCE clocked by clk  {rise@0.000ns fall@20.000ns period=40.000ns})
  Path Group:             clk
  Path Type:              Hold (Min at Fast Process Corner)
  Requirement:            0.000ns  (clk rise@0.000ns - clk rise@0.000ns)
  Data Path Delay:        0.332ns  (logic 0.141ns (42.484%)  route 0.191ns (57.516%))
  Logic Levels:           0  
  Clock Path Skew:        0.000ns (DCD - SCD - CPR)
    Destination Clock Delay (DCD):    1.997ns
    Source Clock Delay      (SCD):    1.481ns
    Clock Pessimism Removal (CPR):    0.516ns

    Location             Delay type                Incr(ns)  Path(ns)    Netlist Resource(s)
  -------------------------------------------------------------------    -------------------
                         (clock clk rise edge)        0.000     0.000 r  
    M19                                               0.000     0.000 r  clk_0 (IN)
                         net (fo=0)                   0.000     0.000    clk_0
    M19                  IBUF (Prop_ibuf_I_O)         0.205     0.205 r  clk_0_IBUF_inst/O
                         net (fo=1, routed)           0.674     0.879    clk_0_IBUF
    BUFGCTRL_X0Y17       BUFG (Prop_bufg_I_O)         0.026     0.905 r  clk_0_IBUF_BUFG_inst/O
                         net (fo=55, routed)          0.577     1.481    system_i/seven_seg_0/inst/seven_seg_v1_0_S00_AXI_inst/seven_seg_u0/clk
    SLICE_X28Y52         FDCE                                         r  system_i/seven_seg_0/inst/seven_seg_v1_0_S00_AXI_inst/seven_seg_u0/seg_en_reg[5]/C
  -------------------------------------------------------------------    -------------------
    SLICE_X28Y52         FDCE (Prop_fdce_C_Q)         0.141     1.622 r  system_i/seven_seg_0/inst/seven_seg_v1_0_S00_AXI_inst/seven_seg_u0/seg_en_reg[5]/Q
                         net (fo=12, routed)          0.191     1.813    system_i/seven_seg_0/inst/seven_seg_v1_0_S00_AXI_inst/seven_seg_u0/Q[5]
    SLICE_X28Y52         FDCE                                         r  system_i/seven_seg_0/inst/seven_seg_v1_0_S00_AXI_inst/seven_seg_u0/seg_en_reg[6]_lopt_replica/D
  -------------------------------------------------------------------    -------------------

                         (clock clk rise edge)        0.000     0.000 r  
    M19                                               0.000     0.000 r  clk_0 (IN)
                         net (fo=0)                   0.000     0.000    clk_0
    M19                  IBUF (Prop_ibuf_I_O)         0.392     0.392 r  clk_0_IBUF_inst/O
                         net (fo=1, routed)           0.731     1.123    clk_0_IBUF
    BUFGCTRL_X0Y17       BUFG (Prop_bufg_I_O)         0.029     1.152 r  clk_0_IBUF_BUFG_inst/O
                         net (fo=55, routed)          0.845     1.997    system_i/seven_seg_0/inst/seven_seg_v1_0_S00_AXI_inst/seven_seg_u0/clk
    SLICE_X28Y52         FDCE                                         r  system_i/seven_seg_0/inst/seven_seg_v1_0_S00_AXI_inst/seven_seg_u0/seg_en_reg[6]_lopt_replica/C
                         clock pessimism             -0.516     1.481    
    SLICE_X28Y52         FDCE (Hold_fdce_C_D)         0.076     1.557    system_i/seven_seg_0/inst/seven_seg_v1_0_S00_AXI_inst/seven_seg_u0/seg_en_reg[6]_lopt_replica
  -------------------------------------------------------------------
                         required time                         -1.557    
                         arrival time                           1.813    
  -------------------------------------------------------------------
                         slack                                  0.256    

Slack (MET) :             0.265ns  (arrival time - required time)
  Source:                 system_i/textlcd_0/inst/textlcd_v1_0_S00_AXI_inst/textlcd_u0/lcd_en_reg/C
                            (rising edge-triggered cell FDCE clocked by clk  {rise@0.000ns fall@20.000ns period=40.000ns})
  Destination:            system_i/textlcd_0/inst/textlcd_v1_0_S00_AXI_inst/textlcd_u0/lcd_en_reg/D
                            (rising edge-triggered cell FDCE clocked by clk  {rise@0.000ns fall@20.000ns period=40.000ns})
  Path Group:             clk
  Path Type:              Hold (Min at Fast Process Corner)
  Requirement:            0.000ns  (clk rise@0.000ns - clk rise@0.000ns)
  Data Path Delay:        0.356ns  (logic 0.186ns (52.300%)  route 0.170ns (47.700%))
  Logic Levels:           1  (LUT4=1)
  Clock Path Skew:        0.000ns (DCD - SCD - CPR)
    Destination Clock Delay (DCD):    2.081ns
    Source Clock Delay      (SCD):    1.560ns
    Clock Pessimism Removal (CPR):    0.521ns

    Location             Delay type                Incr(ns)  Path(ns)    Netlist Resource(s)
  -------------------------------------------------------------------    -------------------
                         (clock clk rise edge)        0.000     0.000 r  
    M19                                               0.000     0.000 r  clk_0 (IN)
                         net (fo=0)                   0.000     0.000    clk_0
    M19                  IBUF (Prop_ibuf_I_O)         0.205     0.205 r  clk_0_IBUF_inst/O
                         net (fo=1, routed)           0.674     0.879    clk_0_IBUF
    BUFGCTRL_X0Y17       BUFG (Prop_bufg_I_O)         0.026     0.905 r  clk_0_IBUF_BUFG_inst/O
                         net (fo=55, routed)          0.655     1.560    system_i/textlcd_0/inst/textlcd_v1_0_S00_AXI_inst/textlcd_u0/lcdclk
    SLICE_X27Y105        FDCE                                         r  system_i/textlcd_0/inst/textlcd_v1_0_S00_AXI_inst/textlcd_u0/lcd_en_reg/C
  -------------------------------------------------------------------    -------------------
    SLICE_X27Y105        FDCE (Prop_fdce_C_Q)         0.141     1.701 r  system_i/textlcd_0/inst/textlcd_v1_0_S00_AXI_inst/textlcd_u0/lcd_en_reg/Q
                         net (fo=2, routed)           0.170     1.871    system_i/textlcd_0/inst/textlcd_v1_0_S00_AXI_inst/textlcd_u0/lcd_en
    SLICE_X27Y105        LUT4 (Prop_lut4_I3_O)        0.045     1.916 r  system_i/textlcd_0/inst/textlcd_v1_0_S00_AXI_inst/textlcd_u0/lcd_en_i_1/O
                         net (fo=1, routed)           0.000     1.916    system_i/textlcd_0/inst/textlcd_v1_0_S00_AXI_inst/textlcd_u0/lcd_en_i_1_n_0
    SLICE_X27Y105        FDCE                                         r  system_i/textlcd_0/inst/textlcd_v1_0_S00_AXI_inst/textlcd_u0/lcd_en_reg/D
  -------------------------------------------------------------------    -------------------

                         (clock clk rise edge)        0.000     0.000 r  
    M19                                               0.000     0.000 r  clk_0 (IN)
                         net (fo=0)                   0.000     0.000    clk_0
    M19                  IBUF (Prop_ibuf_I_O)         0.392     0.392 r  clk_0_IBUF_inst/O
                         net (fo=1, routed)           0.731     1.123    clk_0_IBUF
    BUFGCTRL_X0Y17       BUFG (Prop_bufg_I_O)         0.029     1.152 r  clk_0_IBUF_BUFG_inst/O
                         net (fo=55, routed)          0.929     2.081    system_i/textlcd_0/inst/textlcd_v1_0_S00_AXI_inst/textlcd_u0/lcdclk
    SLICE_X27Y105        FDCE                                         r  system_i/textlcd_0/inst/textlcd_v1_0_S00_AXI_inst/textlcd_u0/lcd_en_reg/C
                         clock pessimism             -0.521     1.560    
    SLICE_X27Y105        FDCE (Hold_fdce_C_D)         0.091     1.651    system_i/textlcd_0/inst/textlcd_v1_0_S00_AXI_inst/textlcd_u0/lcd_en_reg
  -------------------------------------------------------------------
                         required time                         -1.651    
                         arrival time                           1.916    
  -------------------------------------------------------------------
                         slack                                  0.265    

Slack (MET) :             0.272ns  (arrival time - required time)
  Source:                 system_i/seven_seg_0/inst/seven_seg_v1_0_S00_AXI_inst/seven_seg_u0/seg_en_reg[3]/C
                            (rising edge-triggered cell FDCE clocked by clk  {rise@0.000ns fall@20.000ns period=40.000ns})
  Destination:            system_i/seven_seg_0/inst/seven_seg_v1_0_S00_AXI_inst/seven_seg_u0/seg_en_reg[4]/D
                            (rising edge-triggered cell FDCE clocked by clk  {rise@0.000ns fall@20.000ns period=40.000ns})
  Path Group:             clk
  Path Type:              Hold (Min at Fast Process Corner)
  Requirement:            0.000ns  (clk rise@0.000ns - clk rise@0.000ns)
  Data Path Delay:        0.279ns  (logic 0.128ns (45.844%)  route 0.151ns (54.156%))
  Logic Levels:           0  
  Clock Path Skew:        0.013ns (DCD - SCD - CPR)
    Destination Clock Delay (DCD):    1.997ns
    Source Clock Delay      (SCD):    1.481ns
    Clock Pessimism Removal (CPR):    0.503ns

    Location             Delay type                Incr(ns)  Path(ns)    Netlist Resource(s)
  -------------------------------------------------------------------    -------------------
                         (clock clk rise edge)        0.000     0.000 r  
    M19                                               0.000     0.000 r  clk_0 (IN)
                         net (fo=0)                   0.000     0.000    clk_0
    M19                  IBUF (Prop_ibuf_I_O)         0.205     0.205 r  clk_0_IBUF_inst/O
                         net (fo=1, routed)           0.674     0.879    clk_0_IBUF
    BUFGCTRL_X0Y17       BUFG (Prop_bufg_I_O)         0.026     0.905 r  clk_0_IBUF_BUFG_inst/O
                         net (fo=55, routed)          0.577     1.481    system_i/seven_seg_0/inst/seven_seg_v1_0_S00_AXI_inst/seven_seg_u0/clk
    SLICE_X29Y52         FDCE                                         r  system_i/seven_seg_0/inst/seven_seg_v1_0_S00_AXI_inst/seven_seg_u0/seg_en_reg[3]/C
  -------------------------------------------------------------------    -------------------
    SLICE_X29Y52         FDCE (Prop_fdce_C_Q)         0.128     1.609 r  system_i/seven_seg_0/inst/seven_seg_v1_0_S00_AXI_inst/seven_seg_u0/seg_en_reg[3]/Q
                         net (fo=12, routed)          0.151     1.761    system_i/seven_seg_0/inst/seven_seg_v1_0_S00_AXI_inst/seven_seg_u0/Q[3]
    SLICE_X28Y52         FDCE                                         r  system_i/seven_seg_0/inst/seven_seg_v1_0_S00_AXI_inst/seven_seg_u0/seg_en_reg[4]/D
  -------------------------------------------------------------------    -------------------

                         (clock clk rise edge)        0.000     0.000 r  
    M19                                               0.000     0.000 r  clk_0 (IN)
                         net (fo=0)                   0.000     0.000    clk_0
    M19                  IBUF (Prop_ibuf_I_O)         0.392     0.392 r  clk_0_IBUF_inst/O
                         net (fo=1, routed)           0.731     1.123    clk_0_IBUF
    BUFGCTRL_X0Y17       BUFG (Prop_bufg_I_O)         0.029     1.152 r  clk_0_IBUF_BUFG_inst/O
                         net (fo=55, routed)          0.845     1.997    system_i/seven_seg_0/inst/seven_seg_v1_0_S00_AXI_inst/seven_seg_u0/clk
    SLICE_X28Y52         FDCE                                         r  system_i/seven_seg_0/inst/seven_seg_v1_0_S00_AXI_inst/seven_seg_u0/seg_en_reg[4]/C
                         clock pessimism             -0.503     1.494    
    SLICE_X28Y52         FDCE (Hold_fdce_C_D)        -0.006     1.488    system_i/seven_seg_0/inst/seven_seg_v1_0_S00_AXI_inst/seven_seg_u0/seg_en_reg[4]
  -------------------------------------------------------------------
                         required time                         -1.488    
                         arrival time                           1.761    
  -------------------------------------------------------------------
                         slack                                  0.272    

Slack (MET) :             0.273ns  (arrival time - required time)
  Source:                 system_i/seven_seg_0/inst/seven_seg_v1_0_S00_AXI_inst/seven_seg_u0/seg_en_reg[2]/C
                            (rising edge-triggered cell FDCE clocked by clk  {rise@0.000ns fall@20.000ns period=40.000ns})
  Destination:            system_i/seven_seg_0/inst/seven_seg_v1_0_S00_AXI_inst/seven_seg_u0/seg_en_reg[3]_lopt_replica/D
                            (rising edge-triggered cell FDCE clocked by clk  {rise@0.000ns fall@20.000ns period=40.000ns})
  Path Group:             clk
  Path Type:              Hold (Min at Fast Process Corner)
  Requirement:            0.000ns  (clk rise@0.000ns - clk rise@0.000ns)
  Data Path Delay:        0.349ns  (logic 0.141ns (40.408%)  route 0.208ns (59.592%))
  Logic Levels:           0  
  Clock Path Skew:        0.000ns (DCD - SCD - CPR)
    Destination Clock Delay (DCD):    1.997ns
    Source Clock Delay      (SCD):    1.481ns
    Clock Pessimism Removal (CPR):    0.516ns

    Location             Delay type                Incr(ns)  Path(ns)    Netlist Resource(s)
  -------------------------------------------------------------------    -------------------
                         (clock clk rise edge)        0.000     0.000 r  
    M19                                               0.000     0.000 r  clk_0 (IN)
                         net (fo=0)                   0.000     0.000    clk_0
    M19                  IBUF (Prop_ibuf_I_O)         0.205     0.205 r  clk_0_IBUF_inst/O
                         net (fo=1, routed)           0.674     0.879    clk_0_IBUF
    BUFGCTRL_X0Y17       BUFG (Prop_bufg_I_O)         0.026     0.905 r  clk_0_IBUF_BUFG_inst/O
                         net (fo=55, routed)          0.577     1.481    system_i/seven_seg_0/inst/seven_seg_v1_0_S00_AXI_inst/seven_seg_u0/clk
    SLICE_X29Y52         FDCE                                         r  system_i/seven_seg_0/inst/seven_seg_v1_0_S00_AXI_inst/seven_seg_u0/seg_en_reg[2]/C
  -------------------------------------------------------------------    -------------------
    SLICE_X29Y52         FDCE (Prop_fdce_C_Q)         0.141     1.622 r  system_i/seven_seg_0/inst/seven_seg_v1_0_S00_AXI_inst/seven_seg_u0/seg_en_reg[2]/Q
                         net (fo=12, routed)          0.208     1.830    system_i/seven_seg_0/inst/seven_seg_v1_0_S00_AXI_inst/seven_seg_u0/Q[2]
    SLICE_X29Y52         FDCE                                         r  system_i/seven_seg_0/inst/seven_seg_v1_0_S00_AXI_inst/seven_seg_u0/seg_en_reg[3]_lopt_replica/D
  -------------------------------------------------------------------    -------------------

                         (clock clk rise edge)        0.000     0.000 r  
    M19                                               0.000     0.000 r  clk_0 (IN)
                         net (fo=0)                   0.000     0.000    clk_0
    M19                  IBUF (Prop_ibuf_I_O)         0.392     0.392 r  clk_0_IBUF_inst/O
                         net (fo=1, routed)           0.731     1.123    clk_0_IBUF
    BUFGCTRL_X0Y17       BUFG (Prop_bufg_I_O)         0.029     1.152 r  clk_0_IBUF_BUFG_inst/O
                         net (fo=55, routed)          0.845     1.997    system_i/seven_seg_0/inst/seven_seg_v1_0_S00_AXI_inst/seven_seg_u0/clk
    SLICE_X29Y52         FDCE                                         r  system_i/seven_seg_0/inst/seven_seg_v1_0_S00_AXI_inst/seven_seg_u0/seg_en_reg[3]_lopt_replica/C
                         clock pessimism             -0.516     1.481    
    SLICE_X29Y52         FDCE (Hold_fdce_C_D)         0.076     1.557    system_i/seven_seg_0/inst/seven_seg_v1_0_S00_AXI_inst/seven_seg_u0/seg_en_reg[3]_lopt_replica
  -------------------------------------------------------------------
                         required time                         -1.557    
                         arrival time                           1.830    
  -------------------------------------------------------------------
                         slack                                  0.273    





Pulse Width Checks
--------------------------------------------------------------------------------------
Clock Name:         clk
Waveform(ns):       { 0.000 20.000 }
Period(ns):         40.000
Sources:            { clk_0 }

Check Type        Corner  Lib Pin  Reference Pin  Required(ns)  Actual(ns)  Slack(ns)  Location        Pin
Min Period        n/a     BUFG/I   n/a            2.155         40.000      37.845     BUFGCTRL_X0Y17  clk_0_IBUF_BUFG_inst/I
Min Period        n/a     FDCE/C   n/a            1.000         40.000      39.000     SLICE_X28Y97    system_i/seven_seg_0/inst/seven_seg_v1_0_S00_AXI_inst/seven_seg_u0/clk_cnt_reg[0]/C
Min Period        n/a     FDCE/C   n/a            1.000         40.000      39.000     SLICE_X30Y97    system_i/seven_seg_0/inst/seven_seg_v1_0_S00_AXI_inst/seven_seg_u0/clk_cnt_reg[10]/C
Min Period        n/a     FDCE/C   n/a            1.000         40.000      39.000     SLICE_X30Y98    system_i/seven_seg_0/inst/seven_seg_v1_0_S00_AXI_inst/seven_seg_u0/clk_cnt_reg[11]/C
Min Period        n/a     FDCE/C   n/a            1.000         40.000      39.000     SLICE_X31Y98    system_i/seven_seg_0/inst/seven_seg_v1_0_S00_AXI_inst/seven_seg_u0/clk_cnt_reg[12]/C
Min Period        n/a     FDCE/C   n/a            1.000         40.000      39.000     SLICE_X30Y98    system_i/seven_seg_0/inst/seven_seg_v1_0_S00_AXI_inst/seven_seg_u0/clk_cnt_reg[13]/C
Min Period        n/a     FDCE/C   n/a            1.000         40.000      39.000     SLICE_X30Y98    system_i/seven_seg_0/inst/seven_seg_v1_0_S00_AXI_inst/seven_seg_u0/clk_cnt_reg[14]/C
Min Period        n/a     FDCE/C   n/a            1.000         40.000      39.000     SLICE_X30Y96    system_i/seven_seg_0/inst/seven_seg_v1_0_S00_AXI_inst/seven_seg_u0/clk_cnt_reg[1]/C
Min Period        n/a     FDCE/C   n/a            1.000         40.000      39.000     SLICE_X30Y96    system_i/seven_seg_0/inst/seven_seg_v1_0_S00_AXI_inst/seven_seg_u0/clk_cnt_reg[2]/C
Min Period        n/a     FDCE/C   n/a            1.000         40.000      39.000     SLICE_X29Y97    system_i/seven_seg_0/inst/seven_seg_v1_0_S00_AXI_inst/seven_seg_u0/clk_cnt_reg[3]/C
Low Pulse Width   Slow    FDCE/C   n/a            0.500         20.000      19.500     SLICE_X28Y97    system_i/seven_seg_0/inst/seven_seg_v1_0_S00_AXI_inst/seven_seg_u0/clk_cnt_reg[0]/C
Low Pulse Width   Slow    FDCE/C   n/a            0.500         20.000      19.500     SLICE_X30Y97    system_i/seven_seg_0/inst/seven_seg_v1_0_S00_AXI_inst/seven_seg_u0/clk_cnt_reg[10]/C
Low Pulse Width   Slow    FDCE/C   n/a            0.500         20.000      19.500     SLICE_X30Y98    system_i/seven_seg_0/inst/seven_seg_v1_0_S00_AXI_inst/seven_seg_u0/clk_cnt_reg[11]/C
Low Pulse Width   Slow    FDCE/C   n/a            0.500         20.000      19.500     SLICE_X31Y98    system_i/seven_seg_0/inst/seven_seg_v1_0_S00_AXI_inst/seven_seg_u0/clk_cnt_reg[12]/C
Low Pulse Width   Slow    FDCE/C   n/a            0.500         20.000      19.500     SLICE_X30Y98    system_i/seven_seg_0/inst/seven_seg_v1_0_S00_AXI_inst/seven_seg_u0/clk_cnt_reg[13]/C
Low Pulse Width   Slow    FDCE/C   n/a            0.500         20.000      19.500     SLICE_X30Y98    system_i/seven_seg_0/inst/seven_seg_v1_0_S00_AXI_inst/seven_seg_u0/clk_cnt_reg[14]/C
Low Pulse Width   Fast    FDCE/C   n/a            0.500         20.000      19.500     SLICE_X30Y96    system_i/seven_seg_0/inst/seven_seg_v1_0_S00_AXI_inst/seven_seg_u0/clk_cnt_reg[1]/C
Low Pulse Width   Fast    FDCE/C   n/a            0.500         20.000      19.500     SLICE_X30Y96    system_i/seven_seg_0/inst/seven_seg_v1_0_S00_AXI_inst/seven_seg_u0/clk_cnt_reg[2]/C
Low Pulse Width   Slow    FDCE/C   n/a            0.500         20.000      19.500     SLICE_X29Y97    system_i/seven_seg_0/inst/seven_seg_v1_0_S00_AXI_inst/seven_seg_u0/clk_cnt_reg[3]/C
Low Pulse Width   Slow    FDCE/C   n/a            0.500         20.000      19.500     SLICE_X29Y97    system_i/seven_seg_0/inst/seven_seg_v1_0_S00_AXI_inst/seven_seg_u0/clk_cnt_reg[4]/C
High Pulse Width  Slow    FDCE/C   n/a            0.500         20.000      19.500     SLICE_X28Y105   system_i/textlcd_0/inst/textlcd_v1_0_S00_AXI_inst/textlcd_u0/count_lcdclk_reg[0]/C
High Pulse Width  Slow    FDCE/C   n/a            0.500         20.000      19.500     SLICE_X28Y106   system_i/textlcd_0/inst/textlcd_v1_0_S00_AXI_inst/textlcd_u0/count_lcdclk_reg[10]/C
High Pulse Width  Slow    FDCE/C   n/a            0.500         20.000      19.500     SLICE_X28Y104   system_i/textlcd_0/inst/textlcd_v1_0_S00_AXI_inst/textlcd_u0/count_lcdclk_reg[2]/C
High Pulse Width  Slow    FDCE/C   n/a            0.500         20.000      19.500     SLICE_X29Y104   system_i/textlcd_0/inst/textlcd_v1_0_S00_AXI_inst/textlcd_u0/count_lcdclk_reg[3]/C
High Pulse Width  Slow    FDCE/C   n/a            0.500         20.000      19.500     SLICE_X29Y104   system_i/textlcd_0/inst/textlcd_v1_0_S00_AXI_inst/textlcd_u0/count_lcdclk_reg[4]/C
High Pulse Width  Slow    FDCE/C   n/a            0.500         20.000      19.500     SLICE_X29Y105   system_i/textlcd_0/inst/textlcd_v1_0_S00_AXI_inst/textlcd_u0/count_lcdclk_reg[7]/C
High Pulse Width  Slow    FDCE/C   n/a            0.500         20.000      19.500     SLICE_X28Y106   system_i/textlcd_0/inst/textlcd_v1_0_S00_AXI_inst/textlcd_u0/count_lcdclk_reg[8]/C
High Pulse Width  Slow    FDCE/C   n/a            0.500         20.000      19.500     SLICE_X28Y106   system_i/textlcd_0/inst/textlcd_v1_0_S00_AXI_inst/textlcd_u0/count_lcdclk_reg[9]/C
High Pulse Width  Fast    FDCE/C   n/a            0.500         20.000      19.500     SLICE_X53Y48    system_i/tftlcd_0/inst/TFTLCDctrl_U0/g2m_u0/opclk_reg/C
High Pulse Width  Slow    FDCE/C   n/a            0.500         20.000      19.500     SLICE_X28Y97    system_i/seven_seg_0/inst/seven_seg_v1_0_S00_AXI_inst/seven_seg_u0/clk_cnt_reg[0]/C



---------------------------------------------------------------------------------------------------
From Clock:  clk_fpga_0
  To Clock:  clk_fpga_0

Setup :            0  Failing Endpoints,  Worst Slack        5.916ns,  Total Violation        0.000ns
Hold  :            0  Failing Endpoints,  Worst Slack        0.039ns,  Total Violation        0.000ns
PW    :            0  Failing Endpoints,  Worst Slack        9.020ns,  Total Violation        0.000ns
---------------------------------------------------------------------------------------------------


Max Delay Paths
--------------------------------------------------------------------------------------
Slack (MET) :             5.916ns  (required time - arrival time)
  Source:                 system_i/tftlcd_0/inst/tftlcd_v1_0_S00_AXI_inst/axi_awaddr_reg[17]/C
                            (rising edge-triggered cell FDRE clocked by clk_fpga_0  {rise@0.000ns fall@10.000ns period=20.000ns})
  Destination:            system_i/tftlcd_0/inst/tftlcd_v1_0_S00_AXI_inst/MEM_U0/U0/inst_blk_mem_gen/gnbram.gnativebmg.native_blk_mem_gen/valid.cstr/ramloop[31].ram.r/prim_noinit.ram/DEVICE_7SERIES.NO_BMM_INFO.SDP.SIMPLE_PRIM36.ram/ENARDEN
                            (rising edge-triggered cell RAMB36E1 clocked by clk_fpga_0  {rise@0.000ns fall@10.000ns period=20.000ns})
  Path Group:             clk_fpga_0
  Path Type:              Setup (Max at Slow Process Corner)
  Requirement:            20.000ns  (clk_fpga_0 rise@20.000ns - clk_fpga_0 rise@0.000ns)
  Data Path Delay:        13.309ns  (logic 0.642ns (4.824%)  route 12.667ns (95.176%))
  Logic Levels:           1  (LUT6=1)
  Clock Path Skew:        -0.029ns (DCD - SCD + CPR)
    Destination Clock Delay (DCD):    2.831ns = ( 22.831 - 20.000 ) 
    Source Clock Delay      (SCD):    2.975ns
    Clock Pessimism Removal (CPR):    0.115ns
  Clock Uncertainty:      0.302ns  ((TSJ^2 + TIJ^2)^1/2 + DJ) / 2 + PE
    Total System Jitter     (TSJ):    0.071ns
    Total Input Jitter      (TIJ):    0.600ns
    Discrete Jitter          (DJ):    0.000ns
    Phase Error              (PE):    0.000ns

    Location             Delay type                Incr(ns)  Path(ns)    Netlist Resource(s)
  -------------------------------------------------------------------    -------------------
                         (clock clk_fpga_0 rise edge)
                                                      0.000     0.000 r  
    PS7_X0Y0             PS7                          0.000     0.000 r  system_i/processing_system7_0/inst/PS7_i/FCLKCLK[0]
                         net (fo=1, routed)           1.193     1.193    system_i/processing_system7_0/inst/FCLK_CLK_unbuffered[0]
    BUFGCTRL_X0Y16       BUFG (Prop_bufg_I_O)         0.101     1.294 r  system_i/processing_system7_0/inst/buffer_fclk_clk_0.FCLK_CLK_0_BUFG/O
                         net (fo=1551, routed)        1.681     2.975    system_i/tftlcd_0/inst/tftlcd_v1_0_S00_AXI_inst/s00_axi_aclk
    SLICE_X26Y71         FDRE                                         r  system_i/tftlcd_0/inst/tftlcd_v1_0_S00_AXI_inst/axi_awaddr_reg[17]/C
  -------------------------------------------------------------------    -------------------
    SLICE_X26Y71         FDRE (Prop_fdre_C_Q)         0.518     3.493 r  system_i/tftlcd_0/inst/tftlcd_v1_0_S00_AXI_inst/axi_awaddr_reg[17]/Q
                         net (fo=89, routed)         12.116    15.609    system_i/tftlcd_0/inst/tftlcd_v1_0_S00_AXI_inst/MEM_U0/U0/inst_blk_mem_gen/gnbram.gnativebmg.native_blk_mem_gen/valid.cstr/bindec_a.bindec_inst_a/addra[3]
    SLICE_X104Y27        LUT6 (Prop_lut6_I4_O)        0.124    15.733 r  system_i/tftlcd_0/inst/tftlcd_v1_0_S00_AXI_inst/MEM_U0/U0/inst_blk_mem_gen/gnbram.gnativebmg.native_blk_mem_gen/valid.cstr/bindec_a.bindec_inst_a/ENOUT__30/O
                         net (fo=1, routed)           0.552    16.284    system_i/tftlcd_0/inst/tftlcd_v1_0_S00_AXI_inst/MEM_U0/U0/inst_blk_mem_gen/gnbram.gnativebmg.native_blk_mem_gen/valid.cstr/ramloop[31].ram.r/prim_noinit.ram/ena_array[0]
    RAMB36_X5Y5          RAMB36E1                                     r  system_i/tftlcd_0/inst/tftlcd_v1_0_S00_AXI_inst/MEM_U0/U0/inst_blk_mem_gen/gnbram.gnativebmg.native_blk_mem_gen/valid.cstr/ramloop[31].ram.r/prim_noinit.ram/DEVICE_7SERIES.NO_BMM_INFO.SDP.SIMPLE_PRIM36.ram/ENARDEN
  -------------------------------------------------------------------    -------------------

                         (clock clk_fpga_0 rise edge)
                                                     20.000    20.000 r  
    PS7_X0Y0             PS7                          0.000    20.000 r  system_i/processing_system7_0/inst/PS7_i/FCLKCLK[0]
                         net (fo=1, routed)           1.088    21.088    system_i/processing_system7_0/inst/FCLK_CLK_unbuffered[0]
    BUFGCTRL_X0Y16       BUFG (Prop_bufg_I_O)         0.091    21.179 r  system_i/processing_system7_0/inst/buffer_fclk_clk_0.FCLK_CLK_0_BUFG/O
                         net (fo=1551, routed)        1.652    22.831    system_i/tftlcd_0/inst/tftlcd_v1_0_S00_AXI_inst/MEM_U0/U0/inst_blk_mem_gen/gnbram.gnativebmg.native_blk_mem_gen/valid.cstr/ramloop[31].ram.r/prim_noinit.ram/clka
    RAMB36_X5Y5          RAMB36E1                                     r  system_i/tftlcd_0/inst/tftlcd_v1_0_S00_AXI_inst/MEM_U0/U0/inst_blk_mem_gen/gnbram.gnativebmg.native_blk_mem_gen/valid.cstr/ramloop[31].ram.r/prim_noinit.ram/DEVICE_7SERIES.NO_BMM_INFO.SDP.SIMPLE_PRIM36.ram/CLKARDCLK
                         clock pessimism              0.115    22.946    
                         clock uncertainty           -0.302    22.644    
    RAMB36_X5Y5          RAMB36E1 (Setup_ramb36e1_CLKARDCLK_ENARDEN)
                                                     -0.443    22.201    system_i/tftlcd_0/inst/tftlcd_v1_0_S00_AXI_inst/MEM_U0/U0/inst_blk_mem_gen/gnbram.gnativebmg.native_blk_mem_gen/valid.cstr/ramloop[31].ram.r/prim_noinit.ram/DEVICE_7SERIES.NO_BMM_INFO.SDP.SIMPLE_PRIM36.ram
  -------------------------------------------------------------------
                         required time                         22.201    
                         arrival time                         -16.284    
  -------------------------------------------------------------------
                         slack                                  5.916    

Slack (MET) :             6.302ns  (required time - arrival time)
  Source:                 system_i/tftlcd_0/inst/tftlcd_v1_0_S00_AXI_inst/axi_awaddr_reg[17]/C
                            (rising edge-triggered cell FDRE clocked by clk_fpga_0  {rise@0.000ns fall@10.000ns period=20.000ns})
  Destination:            system_i/tftlcd_0/inst/tftlcd_v1_0_S00_AXI_inst/MEM_U0/U0/inst_blk_mem_gen/gnbram.gnativebmg.native_blk_mem_gen/valid.cstr/ramloop[29].ram.r/prim_noinit.ram/DEVICE_7SERIES.NO_BMM_INFO.SDP.SIMPLE_PRIM36.ram/ENARDEN
                            (rising edge-triggered cell RAMB36E1 clocked by clk_fpga_0  {rise@0.000ns fall@10.000ns period=20.000ns})
  Path Group:             clk_fpga_0
  Path Type:              Setup (Max at Slow Process Corner)
  Requirement:            20.000ns  (clk_fpga_0 rise@20.000ns - clk_fpga_0 rise@0.000ns)
  Data Path Delay:        12.929ns  (logic 0.642ns (4.966%)  route 12.287ns (95.034%))
  Logic Levels:           1  (LUT6=1)
  Clock Path Skew:        -0.024ns (DCD - SCD + CPR)
    Destination Clock Delay (DCD):    2.836ns = ( 22.836 - 20.000 ) 
    Source Clock Delay      (SCD):    2.975ns
    Clock Pessimism Removal (CPR):    0.115ns
  Clock Uncertainty:      0.302ns  ((TSJ^2 + TIJ^2)^1/2 + DJ) / 2 + PE
    Total System Jitter     (TSJ):    0.071ns
    Total Input Jitter      (TIJ):    0.600ns
    Discrete Jitter          (DJ):    0.000ns
    Phase Error              (PE):    0.000ns

    Location             Delay type                Incr(ns)  Path(ns)    Netlist Resource(s)
  -------------------------------------------------------------------    -------------------
                         (clock clk_fpga_0 rise edge)
                                                      0.000     0.000 r  
    PS7_X0Y0             PS7                          0.000     0.000 r  system_i/processing_system7_0/inst/PS7_i/FCLKCLK[0]
                         net (fo=1, routed)           1.193     1.193    system_i/processing_system7_0/inst/FCLK_CLK_unbuffered[0]
    BUFGCTRL_X0Y16       BUFG (Prop_bufg_I_O)         0.101     1.294 r  system_i/processing_system7_0/inst/buffer_fclk_clk_0.FCLK_CLK_0_BUFG/O
                         net (fo=1551, routed)        1.681     2.975    system_i/tftlcd_0/inst/tftlcd_v1_0_S00_AXI_inst/s00_axi_aclk
    SLICE_X26Y71         FDRE                                         r  system_i/tftlcd_0/inst/tftlcd_v1_0_S00_AXI_inst/axi_awaddr_reg[17]/C
  -------------------------------------------------------------------    -------------------
    SLICE_X26Y71         FDRE (Prop_fdre_C_Q)         0.518     3.493 r  system_i/tftlcd_0/inst/tftlcd_v1_0_S00_AXI_inst/axi_awaddr_reg[17]/Q
                         net (fo=89, routed)         11.752    15.245    system_i/tftlcd_0/inst/tftlcd_v1_0_S00_AXI_inst/MEM_U0/U0/inst_blk_mem_gen/gnbram.gnativebmg.native_blk_mem_gen/valid.cstr/bindec_a.bindec_inst_a/addra[3]
    SLICE_X104Y32        LUT6 (Prop_lut6_I4_O)        0.124    15.369 r  system_i/tftlcd_0/inst/tftlcd_v1_0_S00_AXI_inst/MEM_U0/U0/inst_blk_mem_gen/gnbram.gnativebmg.native_blk_mem_gen/valid.cstr/bindec_a.bindec_inst_a/ENOUT__28/O
                         net (fo=1, routed)           0.534    15.904    system_i/tftlcd_0/inst/tftlcd_v1_0_S00_AXI_inst/MEM_U0/U0/inst_blk_mem_gen/gnbram.gnativebmg.native_blk_mem_gen/valid.cstr/ramloop[29].ram.r/prim_noinit.ram/ena_array[0]
    RAMB36_X5Y6          RAMB36E1                                     r  system_i/tftlcd_0/inst/tftlcd_v1_0_S00_AXI_inst/MEM_U0/U0/inst_blk_mem_gen/gnbram.gnativebmg.native_blk_mem_gen/valid.cstr/ramloop[29].ram.r/prim_noinit.ram/DEVICE_7SERIES.NO_BMM_INFO.SDP.SIMPLE_PRIM36.ram/ENARDEN
  -------------------------------------------------------------------    -------------------

                         (clock clk_fpga_0 rise edge)
                                                     20.000    20.000 r  
    PS7_X0Y0             PS7                          0.000    20.000 r  system_i/processing_system7_0/inst/PS7_i/FCLKCLK[0]
                         net (fo=1, routed)           1.088    21.088    system_i/processing_system7_0/inst/FCLK_CLK_unbuffered[0]
    BUFGCTRL_X0Y16       BUFG (Prop_bufg_I_O)         0.091    21.179 r  system_i/processing_system7_0/inst/buffer_fclk_clk_0.FCLK_CLK_0_BUFG/O
                         net (fo=1551, routed)        1.657    22.836    system_i/tftlcd_0/inst/tftlcd_v1_0_S00_AXI_inst/MEM_U0/U0/inst_blk_mem_gen/gnbram.gnativebmg.native_blk_mem_gen/valid.cstr/ramloop[29].ram.r/prim_noinit.ram/clka
    RAMB36_X5Y6          RAMB36E1                                     r  system_i/tftlcd_0/inst/tftlcd_v1_0_S00_AXI_inst/MEM_U0/U0/inst_blk_mem_gen/gnbram.gnativebmg.native_blk_mem_gen/valid.cstr/ramloop[29].ram.r/prim_noinit.ram/DEVICE_7SERIES.NO_BMM_INFO.SDP.SIMPLE_PRIM36.ram/CLKARDCLK
                         clock pessimism              0.115    22.951    
                         clock uncertainty           -0.302    22.649    
    RAMB36_X5Y6          RAMB36E1 (Setup_ramb36e1_CLKARDCLK_ENARDEN)
                                                     -0.443    22.206    system_i/tftlcd_0/inst/tftlcd_v1_0_S00_AXI_inst/MEM_U0/U0/inst_blk_mem_gen/gnbram.gnativebmg.native_blk_mem_gen/valid.cstr/ramloop[29].ram.r/prim_noinit.ram/DEVICE_7SERIES.NO_BMM_INFO.SDP.SIMPLE_PRIM36.ram
  -------------------------------------------------------------------
                         required time                         22.206    
                         arrival time                         -15.904    
  -------------------------------------------------------------------
                         slack                                  6.302    

Slack (MET) :             6.473ns  (required time - arrival time)
  Source:                 system_i/tftlcd_0/inst/tftlcd_v1_0_S00_AXI_inst/axi_awaddr_reg[17]/C
                            (rising edge-triggered cell FDRE clocked by clk_fpga_0  {rise@0.000ns fall@10.000ns period=20.000ns})
  Destination:            system_i/tftlcd_0/inst/tftlcd_v1_0_S00_AXI_inst/MEM_U0/U0/inst_blk_mem_gen/gnbram.gnativebmg.native_blk_mem_gen/valid.cstr/ramloop[18].ram.r/prim_noinit.ram/DEVICE_7SERIES.NO_BMM_INFO.SDP.SIMPLE_PRIM36.ram/ENARDEN
                            (rising edge-triggered cell RAMB36E1 clocked by clk_fpga_0  {rise@0.000ns fall@10.000ns period=20.000ns})
  Path Group:             clk_fpga_0
  Path Type:              Setup (Max at Slow Process Corner)
  Requirement:            20.000ns  (clk_fpga_0 rise@20.000ns - clk_fpga_0 rise@0.000ns)
  Data Path Delay:        12.762ns  (logic 0.642ns (5.031%)  route 12.120ns (94.969%))
  Logic Levels:           1  (LUT6=1)
  Clock Path Skew:        -0.020ns (DCD - SCD + CPR)
    Destination Clock Delay (DCD):    2.840ns = ( 22.840 - 20.000 ) 
    Source Clock Delay      (SCD):    2.975ns
    Clock Pessimism Removal (CPR):    0.115ns
  Clock Uncertainty:      0.302ns  ((TSJ^2 + TIJ^2)^1/2 + DJ) / 2 + PE
    Total System Jitter     (TSJ):    0.071ns
    Total Input Jitter      (TIJ):    0.600ns
    Discrete Jitter          (DJ):    0.000ns
    Phase Error              (PE):    0.000ns

    Location             Delay type                Incr(ns)  Path(ns)    Netlist Resource(s)
  -------------------------------------------------------------------    -------------------
                         (clock clk_fpga_0 rise edge)
                                                      0.000     0.000 r  
    PS7_X0Y0             PS7                          0.000     0.000 r  system_i/processing_system7_0/inst/PS7_i/FCLKCLK[0]
                         net (fo=1, routed)           1.193     1.193    system_i/processing_system7_0/inst/FCLK_CLK_unbuffered[0]
    BUFGCTRL_X0Y16       BUFG (Prop_bufg_I_O)         0.101     1.294 r  system_i/processing_system7_0/inst/buffer_fclk_clk_0.FCLK_CLK_0_BUFG/O
                         net (fo=1551, routed)        1.681     2.975    system_i/tftlcd_0/inst/tftlcd_v1_0_S00_AXI_inst/s00_axi_aclk
    SLICE_X26Y71         FDRE                                         r  system_i/tftlcd_0/inst/tftlcd_v1_0_S00_AXI_inst/axi_awaddr_reg[17]/C
  -------------------------------------------------------------------    -------------------
    SLICE_X26Y71         FDRE (Prop_fdre_C_Q)         0.518     3.493 f  system_i/tftlcd_0/inst/tftlcd_v1_0_S00_AXI_inst/axi_awaddr_reg[17]/Q
                         net (fo=89, routed)         11.568    15.061    system_i/tftlcd_0/inst/tftlcd_v1_0_S00_AXI_inst/MEM_U0/U0/inst_blk_mem_gen/gnbram.gnativebmg.native_blk_mem_gen/valid.cstr/bindec_a.bindec_inst_a/addra[3]
    SLICE_X104Y7         LUT6 (Prop_lut6_I4_O)        0.124    15.185 r  system_i/tftlcd_0/inst/tftlcd_v1_0_S00_AXI_inst/MEM_U0/U0/inst_blk_mem_gen/gnbram.gnativebmg.native_blk_mem_gen/valid.cstr/bindec_a.bindec_inst_a/ENOUT__17/O
                         net (fo=1, routed)           0.552    15.737    system_i/tftlcd_0/inst/tftlcd_v1_0_S00_AXI_inst/MEM_U0/U0/inst_blk_mem_gen/gnbram.gnativebmg.native_blk_mem_gen/valid.cstr/ramloop[18].ram.r/prim_noinit.ram/ena_array[0]
    RAMB36_X5Y1          RAMB36E1                                     r  system_i/tftlcd_0/inst/tftlcd_v1_0_S00_AXI_inst/MEM_U0/U0/inst_blk_mem_gen/gnbram.gnativebmg.native_blk_mem_gen/valid.cstr/ramloop[18].ram.r/prim_noinit.ram/DEVICE_7SERIES.NO_BMM_INFO.SDP.SIMPLE_PRIM36.ram/ENARDEN
  -------------------------------------------------------------------    -------------------

                         (clock clk_fpga_0 rise edge)
                                                     20.000    20.000 r  
    PS7_X0Y0             PS7                          0.000    20.000 r  system_i/processing_system7_0/inst/PS7_i/FCLKCLK[0]
                         net (fo=1, routed)           1.088    21.088    system_i/processing_system7_0/inst/FCLK_CLK_unbuffered[0]
    BUFGCTRL_X0Y16       BUFG (Prop_bufg_I_O)         0.091    21.179 r  system_i/processing_system7_0/inst/buffer_fclk_clk_0.FCLK_CLK_0_BUFG/O
                         net (fo=1551, routed)        1.661    22.840    system_i/tftlcd_0/inst/tftlcd_v1_0_S00_AXI_inst/MEM_U0/U0/inst_blk_mem_gen/gnbram.gnativebmg.native_blk_mem_gen/valid.cstr/ramloop[18].ram.r/prim_noinit.ram/clka
    RAMB36_X5Y1          RAMB36E1                                     r  system_i/tftlcd_0/inst/tftlcd_v1_0_S00_AXI_inst/MEM_U0/U0/inst_blk_mem_gen/gnbram.gnativebmg.native_blk_mem_gen/valid.cstr/ramloop[18].ram.r/prim_noinit.ram/DEVICE_7SERIES.NO_BMM_INFO.SDP.SIMPLE_PRIM36.ram/CLKARDCLK
                         clock pessimism              0.115    22.955    
                         clock uncertainty           -0.302    22.653    
    RAMB36_X5Y1          RAMB36E1 (Setup_ramb36e1_CLKARDCLK_ENARDEN)
                                                     -0.443    22.210    system_i/tftlcd_0/inst/tftlcd_v1_0_S00_AXI_inst/MEM_U0/U0/inst_blk_mem_gen/gnbram.gnativebmg.native_blk_mem_gen/valid.cstr/ramloop[18].ram.r/prim_noinit.ram/DEVICE_7SERIES.NO_BMM_INFO.SDP.SIMPLE_PRIM36.ram
  -------------------------------------------------------------------
                         required time                         22.210    
                         arrival time                         -15.737    
  -------------------------------------------------------------------
                         slack                                  6.473    

Slack (MET) :             6.862ns  (required time - arrival time)
  Source:                 system_i/tftlcd_0/inst/tftlcd_v1_0_S00_AXI_inst/axi_awaddr_reg[17]/C
                            (rising edge-triggered cell FDRE clocked by clk_fpga_0  {rise@0.000ns fall@10.000ns period=20.000ns})
  Destination:            system_i/tftlcd_0/inst/tftlcd_v1_0_S00_AXI_inst/MEM_U0/U0/inst_blk_mem_gen/gnbram.gnativebmg.native_blk_mem_gen/valid.cstr/ramloop[23].ram.r/prim_noinit.ram/DEVICE_7SERIES.NO_BMM_INFO.SDP.SIMPLE_PRIM36.ram/ENARDEN
                            (rising edge-triggered cell RAMB36E1 clocked by clk_fpga_0  {rise@0.000ns fall@10.000ns period=20.000ns})
  Path Group:             clk_fpga_0
  Path Type:              Setup (Max at Slow Process Corner)
  Requirement:            20.000ns  (clk_fpga_0 rise@20.000ns - clk_fpga_0 rise@0.000ns)
  Data Path Delay:        12.370ns  (logic 0.642ns (5.190%)  route 11.728ns (94.810%))
  Logic Levels:           1  (LUT6=1)
  Clock Path Skew:        -0.023ns (DCD - SCD + CPR)
    Destination Clock Delay (DCD):    2.837ns = ( 22.837 - 20.000 ) 
    Source Clock Delay      (SCD):    2.975ns
    Clock Pessimism Removal (CPR):    0.115ns
  Clock Uncertainty:      0.302ns  ((TSJ^2 + TIJ^2)^1/2 + DJ) / 2 + PE
    Total System Jitter     (TSJ):    0.071ns
    Total Input Jitter      (TIJ):    0.600ns
    Discrete Jitter          (DJ):    0.000ns
    Phase Error              (PE):    0.000ns

    Location             Delay type                Incr(ns)  Path(ns)    Netlist Resource(s)
  -------------------------------------------------------------------    -------------------
                         (clock clk_fpga_0 rise edge)
                                                      0.000     0.000 r  
    PS7_X0Y0             PS7                          0.000     0.000 r  system_i/processing_system7_0/inst/PS7_i/FCLKCLK[0]
                         net (fo=1, routed)           1.193     1.193    system_i/processing_system7_0/inst/FCLK_CLK_unbuffered[0]
    BUFGCTRL_X0Y16       BUFG (Prop_bufg_I_O)         0.101     1.294 r  system_i/processing_system7_0/inst/buffer_fclk_clk_0.FCLK_CLK_0_BUFG/O
                         net (fo=1551, routed)        1.681     2.975    system_i/tftlcd_0/inst/tftlcd_v1_0_S00_AXI_inst/s00_axi_aclk
    SLICE_X26Y71         FDRE                                         r  system_i/tftlcd_0/inst/tftlcd_v1_0_S00_AXI_inst/axi_awaddr_reg[17]/C
  -------------------------------------------------------------------    -------------------
    SLICE_X26Y71         FDRE (Prop_fdre_C_Q)         0.518     3.493 f  system_i/tftlcd_0/inst/tftlcd_v1_0_S00_AXI_inst/axi_awaddr_reg[17]/Q
                         net (fo=89, routed)         11.176    14.669    system_i/tftlcd_0/inst/tftlcd_v1_0_S00_AXI_inst/MEM_U0/U0/inst_blk_mem_gen/gnbram.gnativebmg.native_blk_mem_gen/valid.cstr/bindec_a.bindec_inst_a/addra[3]
    SLICE_X104Y12        LUT6 (Prop_lut6_I1_O)        0.124    14.793 r  system_i/tftlcd_0/inst/tftlcd_v1_0_S00_AXI_inst/MEM_U0/U0/inst_blk_mem_gen/gnbram.gnativebmg.native_blk_mem_gen/valid.cstr/bindec_a.bindec_inst_a/ENOUT__22/O
                         net (fo=1, routed)           0.552    15.345    system_i/tftlcd_0/inst/tftlcd_v1_0_S00_AXI_inst/MEM_U0/U0/inst_blk_mem_gen/gnbram.gnativebmg.native_blk_mem_gen/valid.cstr/ramloop[23].ram.r/prim_noinit.ram/ena_array[0]
    RAMB36_X5Y2          RAMB36E1                                     r  system_i/tftlcd_0/inst/tftlcd_v1_0_S00_AXI_inst/MEM_U0/U0/inst_blk_mem_gen/gnbram.gnativebmg.native_blk_mem_gen/valid.cstr/ramloop[23].ram.r/prim_noinit.ram/DEVICE_7SERIES.NO_BMM_INFO.SDP.SIMPLE_PRIM36.ram/ENARDEN
  -------------------------------------------------------------------    -------------------

                         (clock clk_fpga_0 rise edge)
                                                     20.000    20.000 r  
    PS7_X0Y0             PS7                          0.000    20.000 r  system_i/processing_system7_0/inst/PS7_i/FCLKCLK[0]
                         net (fo=1, routed)           1.088    21.088    system_i/processing_system7_0/inst/FCLK_CLK_unbuffered[0]
    BUFGCTRL_X0Y16       BUFG (Prop_bufg_I_O)         0.091    21.179 r  system_i/processing_system7_0/inst/buffer_fclk_clk_0.FCLK_CLK_0_BUFG/O
                         net (fo=1551, routed)        1.658    22.837    system_i/tftlcd_0/inst/tftlcd_v1_0_S00_AXI_inst/MEM_U0/U0/inst_blk_mem_gen/gnbram.gnativebmg.native_blk_mem_gen/valid.cstr/ramloop[23].ram.r/prim_noinit.ram/clka
    RAMB36_X5Y2          RAMB36E1                                     r  system_i/tftlcd_0/inst/tftlcd_v1_0_S00_AXI_inst/MEM_U0/U0/inst_blk_mem_gen/gnbram.gnativebmg.native_blk_mem_gen/valid.cstr/ramloop[23].ram.r/prim_noinit.ram/DEVICE_7SERIES.NO_BMM_INFO.SDP.SIMPLE_PRIM36.ram/CLKARDCLK
                         clock pessimism              0.115    22.952    
                         clock uncertainty           -0.302    22.650    
    RAMB36_X5Y2          RAMB36E1 (Setup_ramb36e1_CLKARDCLK_ENARDEN)
                                                     -0.443    22.207    system_i/tftlcd_0/inst/tftlcd_v1_0_S00_AXI_inst/MEM_U0/U0/inst_blk_mem_gen/gnbram.gnativebmg.native_blk_mem_gen/valid.cstr/ramloop[23].ram.r/prim_noinit.ram/DEVICE_7SERIES.NO_BMM_INFO.SDP.SIMPLE_PRIM36.ram
  -------------------------------------------------------------------
                         required time                         22.207    
                         arrival time                         -15.345    
  -------------------------------------------------------------------
                         slack                                  6.862    

Slack (MET) :             6.967ns  (required time - arrival time)
  Source:                 system_i/tftlcd_0/inst/tftlcd_v1_0_S00_AXI_inst/axi_awaddr_reg[17]/C
                            (rising edge-triggered cell FDRE clocked by clk_fpga_0  {rise@0.000ns fall@10.000ns period=20.000ns})
  Destination:            system_i/tftlcd_0/inst/tftlcd_v1_0_S00_AXI_inst/MEM_U0/U0/inst_blk_mem_gen/gnbram.gnativebmg.native_blk_mem_gen/valid.cstr/ramloop[38].ram.r/prim_noinit.ram/DEVICE_7SERIES.NO_BMM_INFO.SDP.CASCADED_PRIM36.ram_B/ENARDEN
                            (rising edge-triggered cell RAMB36E1 clocked by clk_fpga_0  {rise@0.000ns fall@10.000ns period=20.000ns})
  Path Group:             clk_fpga_0
  Path Type:              Setup (Max at Slow Process Corner)
  Requirement:            20.000ns  (clk_fpga_0 rise@20.000ns - clk_fpga_0 rise@0.000ns)
  Data Path Delay:        12.259ns  (logic 0.642ns (5.237%)  route 11.617ns (94.763%))
  Logic Levels:           1  (LUT3=1)
  Clock Path Skew:        -0.029ns (DCD - SCD + CPR)
    Destination Clock Delay (DCD):    2.831ns = ( 22.831 - 20.000 ) 
    Source Clock Delay      (SCD):    2.975ns
    Clock Pessimism Removal (CPR):    0.115ns
  Clock Uncertainty:      0.302ns  ((TSJ^2 + TIJ^2)^1/2 + DJ) / 2 + PE
    Total System Jitter     (TSJ):    0.071ns
    Total Input Jitter      (TIJ):    0.600ns
    Discrete Jitter          (DJ):    0.000ns
    Phase Error              (PE):    0.000ns

    Location             Delay type                Incr(ns)  Path(ns)    Netlist Resource(s)
  -------------------------------------------------------------------    -------------------
                         (clock clk_fpga_0 rise edge)
                                                      0.000     0.000 r  
    PS7_X0Y0             PS7                          0.000     0.000 r  system_i/processing_system7_0/inst/PS7_i/FCLKCLK[0]
                         net (fo=1, routed)           1.193     1.193    system_i/processing_system7_0/inst/FCLK_CLK_unbuffered[0]
    BUFGCTRL_X0Y16       BUFG (Prop_bufg_I_O)         0.101     1.294 r  system_i/processing_system7_0/inst/buffer_fclk_clk_0.FCLK_CLK_0_BUFG/O
                         net (fo=1551, routed)        1.681     2.975    system_i/tftlcd_0/inst/tftlcd_v1_0_S00_AXI_inst/s00_axi_aclk
    SLICE_X26Y71         FDRE                                         r  system_i/tftlcd_0/inst/tftlcd_v1_0_S00_AXI_inst/axi_awaddr_reg[17]/C
  -------------------------------------------------------------------    -------------------
    SLICE_X26Y71         FDRE (Prop_fdre_C_Q)         0.518     3.493 f  system_i/tftlcd_0/inst/tftlcd_v1_0_S00_AXI_inst/axi_awaddr_reg[17]/Q
                         net (fo=89, routed)         11.065    14.558    system_i/tftlcd_0/inst/tftlcd_v1_0_S00_AXI_inst/MEM_U0/U0/inst_blk_mem_gen/gnbram.gnativebmg.native_blk_mem_gen/valid.cstr/ramloop[38].ram.r/prim_noinit.ram/addra[15]
    SLICE_X104Y17        LUT3 (Prop_lut3_I2_O)        0.124    14.682 r  system_i/tftlcd_0/inst/tftlcd_v1_0_S00_AXI_inst/MEM_U0/U0/inst_blk_mem_gen/gnbram.gnativebmg.native_blk_mem_gen/valid.cstr/ramloop[38].ram.r/prim_noinit.ram/DEVICE_7SERIES.NO_BMM_INFO.SDP.CASCADED_PRIM36.ram_B_ENARDEN_cooolgate_en_gate_95_LOPT_REMAP/O
                         net (fo=1, routed)           0.552    15.234    system_i/tftlcd_0/inst/tftlcd_v1_0_S00_AXI_inst/MEM_U0/U0/inst_blk_mem_gen/gnbram.gnativebmg.native_blk_mem_gen/valid.cstr/ramloop[38].ram.r/prim_noinit.ram/DEVICE_7SERIES.NO_BMM_INFO.SDP.CASCADED_PRIM36.ram_B_ENARDEN_cooolgate_en_sig_78
    RAMB36_X5Y3          RAMB36E1                                     r  system_i/tftlcd_0/inst/tftlcd_v1_0_S00_AXI_inst/MEM_U0/U0/inst_blk_mem_gen/gnbram.gnativebmg.native_blk_mem_gen/valid.cstr/ramloop[38].ram.r/prim_noinit.ram/DEVICE_7SERIES.NO_BMM_INFO.SDP.CASCADED_PRIM36.ram_B/ENARDEN
  -------------------------------------------------------------------    -------------------

                         (clock clk_fpga_0 rise edge)
                                                     20.000    20.000 r  
    PS7_X0Y0             PS7                          0.000    20.000 r  system_i/processing_system7_0/inst/PS7_i/FCLKCLK[0]
                         net (fo=1, routed)           1.088    21.088    system_i/processing_system7_0/inst/FCLK_CLK_unbuffered[0]
    BUFGCTRL_X0Y16       BUFG (Prop_bufg_I_O)         0.091    21.179 r  system_i/processing_system7_0/inst/buffer_fclk_clk_0.FCLK_CLK_0_BUFG/O
                         net (fo=1551, routed)        1.652    22.831    system_i/tftlcd_0/inst/tftlcd_v1_0_S00_AXI_inst/MEM_U0/U0/inst_blk_mem_gen/gnbram.gnativebmg.native_blk_mem_gen/valid.cstr/ramloop[38].ram.r/prim_noinit.ram/clka
    RAMB36_X5Y3          RAMB36E1                                     r  system_i/tftlcd_0/inst/tftlcd_v1_0_S00_AXI_inst/MEM_U0/U0/inst_blk_mem_gen/gnbram.gnativebmg.native_blk_mem_gen/valid.cstr/ramloop[38].ram.r/prim_noinit.ram/DEVICE_7SERIES.NO_BMM_INFO.SDP.CASCADED_PRIM36.ram_B/CLKARDCLK
                         clock pessimism              0.115    22.946    
                         clock uncertainty           -0.302    22.644    
    RAMB36_X5Y3          RAMB36E1 (Setup_ramb36e1_CLKARDCLK_ENARDEN)
                                                     -0.443    22.201    system_i/tftlcd_0/inst/tftlcd_v1_0_S00_AXI_inst/MEM_U0/U0/inst_blk_mem_gen/gnbram.gnativebmg.native_blk_mem_gen/valid.cstr/ramloop[38].ram.r/prim_noinit.ram/DEVICE_7SERIES.NO_BMM_INFO.SDP.CASCADED_PRIM36.ram_B
  -------------------------------------------------------------------
                         required time                         22.201    
                         arrival time                         -15.234    
  -------------------------------------------------------------------
                         slack                                  6.967    

Slack (MET) :             7.027ns  (required time - arrival time)
  Source:                 system_i/tftlcd_0/inst/tftlcd_v1_0_S00_AXI_inst/axi_awaddr_reg[17]/C
                            (rising edge-triggered cell FDRE clocked by clk_fpga_0  {rise@0.000ns fall@10.000ns period=20.000ns})
  Destination:            system_i/tftlcd_0/inst/tftlcd_v1_0_S00_AXI_inst/MEM_U0/U0/inst_blk_mem_gen/gnbram.gnativebmg.native_blk_mem_gen/valid.cstr/ramloop[38].ram.r/prim_noinit.ram/DEVICE_7SERIES.NO_BMM_INFO.SDP.CASCADED_PRIM36.ram_T/ENARDEN
                            (rising edge-triggered cell RAMB36E1 clocked by clk_fpga_0  {rise@0.000ns fall@10.000ns period=20.000ns})
  Path Group:             clk_fpga_0
  Path Type:              Setup (Max at Slow Process Corner)
  Requirement:            20.000ns  (clk_fpga_0 rise@20.000ns - clk_fpga_0 rise@0.000ns)
  Data Path Delay:        12.193ns  (logic 0.642ns (5.265%)  route 11.551ns (94.735%))
  Logic Levels:           1  (LUT3=1)
  Clock Path Skew:        -0.035ns (DCD - SCD + CPR)
    Destination Clock Delay (DCD):    2.825ns = ( 22.825 - 20.000 ) 
    Source Clock Delay      (SCD):    2.975ns
    Clock Pessimism Removal (CPR):    0.115ns
  Clock Uncertainty:      0.302ns  ((TSJ^2 + TIJ^2)^1/2 + DJ) / 2 + PE
    Total System Jitter     (TSJ):    0.071ns
    Total Input Jitter      (TIJ):    0.600ns
    Discrete Jitter          (DJ):    0.000ns
    Phase Error              (PE):    0.000ns

    Location             Delay type                Incr(ns)  Path(ns)    Netlist Resource(s)
  -------------------------------------------------------------------    -------------------
                         (clock clk_fpga_0 rise edge)
                                                      0.000     0.000 r  
    PS7_X0Y0             PS7                          0.000     0.000 r  system_i/processing_system7_0/inst/PS7_i/FCLKCLK[0]
                         net (fo=1, routed)           1.193     1.193    system_i/processing_system7_0/inst/FCLK_CLK_unbuffered[0]
    BUFGCTRL_X0Y16       BUFG (Prop_bufg_I_O)         0.101     1.294 r  system_i/processing_system7_0/inst/buffer_fclk_clk_0.FCLK_CLK_0_BUFG/O
                         net (fo=1551, routed)        1.681     2.975    system_i/tftlcd_0/inst/tftlcd_v1_0_S00_AXI_inst/s00_axi_aclk
    SLICE_X26Y71         FDRE                                         r  system_i/tftlcd_0/inst/tftlcd_v1_0_S00_AXI_inst/axi_awaddr_reg[17]/C
  -------------------------------------------------------------------    -------------------
    SLICE_X26Y71         FDRE (Prop_fdre_C_Q)         0.518     3.493 r  system_i/tftlcd_0/inst/tftlcd_v1_0_S00_AXI_inst/axi_awaddr_reg[17]/Q
                         net (fo=89, routed)         10.999    14.492    system_i/tftlcd_0/inst/tftlcd_v1_0_S00_AXI_inst/MEM_U0/U0/inst_blk_mem_gen/gnbram.gnativebmg.native_blk_mem_gen/valid.cstr/ramloop[38].ram.r/prim_noinit.ram/addra[15]
    SLICE_X104Y22        LUT3 (Prop_lut3_I2_O)        0.124    14.616 r  system_i/tftlcd_0/inst/tftlcd_v1_0_S00_AXI_inst/MEM_U0/U0/inst_blk_mem_gen/gnbram.gnativebmg.native_blk_mem_gen/valid.cstr/ramloop[38].ram.r/prim_noinit.ram/DEVICE_7SERIES.NO_BMM_INFO.SDP.CASCADED_PRIM36.ram_T_ENARDEN_cooolgate_en_gate_67_LOPT_REMAP/O
                         net (fo=1, routed)           0.552    15.168    system_i/tftlcd_0/inst/tftlcd_v1_0_S00_AXI_inst/MEM_U0/U0/inst_blk_mem_gen/gnbram.gnativebmg.native_blk_mem_gen/valid.cstr/ramloop[38].ram.r/prim_noinit.ram/DEVICE_7SERIES.NO_BMM_INFO.SDP.CASCADED_PRIM36.ram_T_ENARDEN_cooolgate_en_sig_64
    RAMB36_X5Y4          RAMB36E1                                     r  system_i/tftlcd_0/inst/tftlcd_v1_0_S00_AXI_inst/MEM_U0/U0/inst_blk_mem_gen/gnbram.gnativebmg.native_blk_mem_gen/valid.cstr/ramloop[38].ram.r/prim_noinit.ram/DEVICE_7SERIES.NO_BMM_INFO.SDP.CASCADED_PRIM36.ram_T/ENARDEN
  -------------------------------------------------------------------    -------------------

                         (clock clk_fpga_0 rise edge)
                                                     20.000    20.000 r  
    PS7_X0Y0             PS7                          0.000    20.000 r  system_i/processing_system7_0/inst/PS7_i/FCLKCLK[0]
                         net (fo=1, routed)           1.088    21.088    system_i/processing_system7_0/inst/FCLK_CLK_unbuffered[0]
    BUFGCTRL_X0Y16       BUFG (Prop_bufg_I_O)         0.091    21.179 r  system_i/processing_system7_0/inst/buffer_fclk_clk_0.FCLK_CLK_0_BUFG/O
                         net (fo=1551, routed)        1.646    22.825    system_i/tftlcd_0/inst/tftlcd_v1_0_S00_AXI_inst/MEM_U0/U0/inst_blk_mem_gen/gnbram.gnativebmg.native_blk_mem_gen/valid.cstr/ramloop[38].ram.r/prim_noinit.ram/clka
    RAMB36_X5Y4          RAMB36E1                                     r  system_i/tftlcd_0/inst/tftlcd_v1_0_S00_AXI_inst/MEM_U0/U0/inst_blk_mem_gen/gnbram.gnativebmg.native_blk_mem_gen/valid.cstr/ramloop[38].ram.r/prim_noinit.ram/DEVICE_7SERIES.NO_BMM_INFO.SDP.CASCADED_PRIM36.ram_T/CLKARDCLK
                         clock pessimism              0.115    22.940    
                         clock uncertainty           -0.302    22.638    
    RAMB36_X5Y4          RAMB36E1 (Setup_ramb36e1_CLKARDCLK_ENARDEN)
                                                     -0.443    22.195    system_i/tftlcd_0/inst/tftlcd_v1_0_S00_AXI_inst/MEM_U0/U0/inst_blk_mem_gen/gnbram.gnativebmg.native_blk_mem_gen/valid.cstr/ramloop[38].ram.r/prim_noinit.ram/DEVICE_7SERIES.NO_BMM_INFO.SDP.CASCADED_PRIM36.ram_T
  -------------------------------------------------------------------
                         required time                         22.195    
                         arrival time                         -15.168    
  -------------------------------------------------------------------
                         slack                                  7.027    

Slack (MET) :             7.153ns  (required time - arrival time)
  Source:                 system_i/tftlcd_0/inst/tftlcd_v1_0_S00_AXI_inst/axi_awaddr_reg[17]/C
                            (rising edge-triggered cell FDRE clocked by clk_fpga_0  {rise@0.000ns fall@10.000ns period=20.000ns})
  Destination:            system_i/tftlcd_0/inst/tftlcd_v1_0_S00_AXI_inst/MEM_U0/U0/inst_blk_mem_gen/gnbram.gnativebmg.native_blk_mem_gen/valid.cstr/ramloop[20].ram.r/prim_noinit.ram/DEVICE_7SERIES.NO_BMM_INFO.SDP.SIMPLE_PRIM36.ram/ENARDEN
                            (rising edge-triggered cell RAMB36E1 clocked by clk_fpga_0  {rise@0.000ns fall@10.000ns period=20.000ns})
  Path Group:             clk_fpga_0
  Path Type:              Setup (Max at Slow Process Corner)
  Requirement:            20.000ns  (clk_fpga_0 rise@20.000ns - clk_fpga_0 rise@0.000ns)
  Data Path Delay:        12.080ns  (logic 0.642ns (5.315%)  route 11.438ns (94.685%))
  Logic Levels:           1  (LUT6=1)
  Clock Path Skew:        -0.022ns (DCD - SCD + CPR)
    Destination Clock Delay (DCD):    2.838ns = ( 22.838 - 20.000 ) 
    Source Clock Delay      (SCD):    2.975ns
    Clock Pessimism Removal (CPR):    0.115ns
  Clock Uncertainty:      0.302ns  ((TSJ^2 + TIJ^2)^1/2 + DJ) / 2 + PE
    Total System Jitter     (TSJ):    0.071ns
    Total Input Jitter      (TIJ):    0.600ns
    Discrete Jitter          (DJ):    0.000ns
    Phase Error              (PE):    0.000ns

    Location             Delay type                Incr(ns)  Path(ns)    Netlist Resource(s)
  -------------------------------------------------------------------    -------------------
                         (clock clk_fpga_0 rise edge)
                                                      0.000     0.000 r  
    PS7_X0Y0             PS7                          0.000     0.000 r  system_i/processing_system7_0/inst/PS7_i/FCLKCLK[0]
                         net (fo=1, routed)           1.193     1.193    system_i/processing_system7_0/inst/FCLK_CLK_unbuffered[0]
    BUFGCTRL_X0Y16       BUFG (Prop_bufg_I_O)         0.101     1.294 r  system_i/processing_system7_0/inst/buffer_fclk_clk_0.FCLK_CLK_0_BUFG/O
                         net (fo=1551, routed)        1.681     2.975    system_i/tftlcd_0/inst/tftlcd_v1_0_S00_AXI_inst/s00_axi_aclk
    SLICE_X26Y71         FDRE                                         r  system_i/tftlcd_0/inst/tftlcd_v1_0_S00_AXI_inst/axi_awaddr_reg[17]/C
  -------------------------------------------------------------------    -------------------
    SLICE_X26Y71         FDRE (Prop_fdre_C_Q)         0.518     3.493 f  system_i/tftlcd_0/inst/tftlcd_v1_0_S00_AXI_inst/axi_awaddr_reg[17]/Q
                         net (fo=89, routed)         10.937    14.430    system_i/tftlcd_0/inst/tftlcd_v1_0_S00_AXI_inst/MEM_U0/U0/inst_blk_mem_gen/gnbram.gnativebmg.native_blk_mem_gen/valid.cstr/bindec_a.bindec_inst_a/addra[3]
    SLICE_X90Y5          LUT6 (Prop_lut6_I4_O)        0.124    14.554 r  system_i/tftlcd_0/inst/tftlcd_v1_0_S00_AXI_inst/MEM_U0/U0/inst_blk_mem_gen/gnbram.gnativebmg.native_blk_mem_gen/valid.cstr/bindec_a.bindec_inst_a/ENOUT__19/O
                         net (fo=1, routed)           0.500    15.055    system_i/tftlcd_0/inst/tftlcd_v1_0_S00_AXI_inst/MEM_U0/U0/inst_blk_mem_gen/gnbram.gnativebmg.native_blk_mem_gen/valid.cstr/ramloop[20].ram.r/prim_noinit.ram/ena_array[0]
    RAMB36_X4Y0          RAMB36E1                                     r  system_i/tftlcd_0/inst/tftlcd_v1_0_S00_AXI_inst/MEM_U0/U0/inst_blk_mem_gen/gnbram.gnativebmg.native_blk_mem_gen/valid.cstr/ramloop[20].ram.r/prim_noinit.ram/DEVICE_7SERIES.NO_BMM_INFO.SDP.SIMPLE_PRIM36.ram/ENARDEN
  -------------------------------------------------------------------    -------------------

                         (clock clk_fpga_0 rise edge)
                                                     20.000    20.000 r  
    PS7_X0Y0             PS7                          0.000    20.000 r  system_i/processing_system7_0/inst/PS7_i/FCLKCLK[0]
                         net (fo=1, routed)           1.088    21.088    system_i/processing_system7_0/inst/FCLK_CLK_unbuffered[0]
    BUFGCTRL_X0Y16       BUFG (Prop_bufg_I_O)         0.091    21.179 r  system_i/processing_system7_0/inst/buffer_fclk_clk_0.FCLK_CLK_0_BUFG/O
                         net (fo=1551, routed)        1.659    22.838    system_i/tftlcd_0/inst/tftlcd_v1_0_S00_AXI_inst/MEM_U0/U0/inst_blk_mem_gen/gnbram.gnativebmg.native_blk_mem_gen/valid.cstr/ramloop[20].ram.r/prim_noinit.ram/clka
    RAMB36_X4Y0          RAMB36E1                                     r  system_i/tftlcd_0/inst/tftlcd_v1_0_S00_AXI_inst/MEM_U0/U0/inst_blk_mem_gen/gnbram.gnativebmg.native_blk_mem_gen/valid.cstr/ramloop[20].ram.r/prim_noinit.ram/DEVICE_7SERIES.NO_BMM_INFO.SDP.SIMPLE_PRIM36.ram/CLKARDCLK
                         clock pessimism              0.115    22.953    
                         clock uncertainty           -0.302    22.651    
    RAMB36_X4Y0          RAMB36E1 (Setup_ramb36e1_CLKARDCLK_ENARDEN)
                                                     -0.443    22.208    system_i/tftlcd_0/inst/tftlcd_v1_0_S00_AXI_inst/MEM_U0/U0/inst_blk_mem_gen/gnbram.gnativebmg.native_blk_mem_gen/valid.cstr/ramloop[20].ram.r/prim_noinit.ram/DEVICE_7SERIES.NO_BMM_INFO.SDP.SIMPLE_PRIM36.ram
  -------------------------------------------------------------------
                         required time                         22.208    
                         arrival time                         -15.055    
  -------------------------------------------------------------------
                         slack                                  7.153    

Slack (MET) :             7.181ns  (required time - arrival time)
  Source:                 system_i/tftlcd_0/inst/tftlcd_v1_0_S00_AXI_inst/axi_awaddr_reg[17]/C
                            (rising edge-triggered cell FDRE clocked by clk_fpga_0  {rise@0.000ns fall@10.000ns period=20.000ns})
  Destination:            system_i/tftlcd_0/inst/tftlcd_v1_0_S00_AXI_inst/MEM_U0/U0/inst_blk_mem_gen/gnbram.gnativebmg.native_blk_mem_gen/valid.cstr/ramloop[38].ram.r/prim_noinit.ram/DEVICE_7SERIES.NO_BMM_INFO.SDP.CASCADED_PRIM36.ram_T/ADDRARDADDR[15]
                            (rising edge-triggered cell RAMB36E1 clocked by clk_fpga_0  {rise@0.000ns fall@10.000ns period=20.000ns})
  Path Group:             clk_fpga_0
  Path Type:              Setup (Max at Slow Process Corner)
  Requirement:            20.000ns  (clk_fpga_0 rise@20.000ns - clk_fpga_0 rise@0.000ns)
  Data Path Delay:        11.967ns  (logic 0.518ns (4.329%)  route 11.449ns (95.671%))
  Logic Levels:           0  
  Clock Path Skew:        -0.035ns (DCD - SCD + CPR)
    Destination Clock Delay (DCD):    2.825ns = ( 22.825 - 20.000 ) 
    Source Clock Delay      (SCD):    2.975ns
    Clock Pessimism Removal (CPR):    0.115ns
  Clock Uncertainty:      0.302ns  ((TSJ^2 + TIJ^2)^1/2 + DJ) / 2 + PE
    Total System Jitter     (TSJ):    0.071ns
    Total Input Jitter      (TIJ):    0.600ns
    Discrete Jitter          (DJ):    0.000ns
    Phase Error              (PE):    0.000ns

    Location             Delay type                Incr(ns)  Path(ns)    Netlist Resource(s)
  -------------------------------------------------------------------    -------------------
                         (clock clk_fpga_0 rise edge)
                                                      0.000     0.000 r  
    PS7_X0Y0             PS7                          0.000     0.000 r  system_i/processing_system7_0/inst/PS7_i/FCLKCLK[0]
                         net (fo=1, routed)           1.193     1.193    system_i/processing_system7_0/inst/FCLK_CLK_unbuffered[0]
    BUFGCTRL_X0Y16       BUFG (Prop_bufg_I_O)         0.101     1.294 r  system_i/processing_system7_0/inst/buffer_fclk_clk_0.FCLK_CLK_0_BUFG/O
                         net (fo=1551, routed)        1.681     2.975    system_i/tftlcd_0/inst/tftlcd_v1_0_S00_AXI_inst/s00_axi_aclk
    SLICE_X26Y71         FDRE                                         r  system_i/tftlcd_0/inst/tftlcd_v1_0_S00_AXI_inst/axi_awaddr_reg[17]/C
  -------------------------------------------------------------------    -------------------
    SLICE_X26Y71         FDRE (Prop_fdre_C_Q)         0.518     3.493 r  system_i/tftlcd_0/inst/tftlcd_v1_0_S00_AXI_inst/axi_awaddr_reg[17]/Q
                         net (fo=89, routed)         11.449    14.942    system_i/tftlcd_0/inst/tftlcd_v1_0_S00_AXI_inst/MEM_U0/U0/inst_blk_mem_gen/gnbram.gnativebmg.native_blk_mem_gen/valid.cstr/ramloop[38].ram.r/prim_noinit.ram/addra[15]
    RAMB36_X5Y4          RAMB36E1                                     r  system_i/tftlcd_0/inst/tftlcd_v1_0_S00_AXI_inst/MEM_U0/U0/inst_blk_mem_gen/gnbram.gnativebmg.native_blk_mem_gen/valid.cstr/ramloop[38].ram.r/prim_noinit.ram/DEVICE_7SERIES.NO_BMM_INFO.SDP.CASCADED_PRIM36.ram_T/ADDRARDADDR[15]
  -------------------------------------------------------------------    -------------------

                         (clock clk_fpga_0 rise edge)
                                                     20.000    20.000 r  
    PS7_X0Y0             PS7                          0.000    20.000 r  system_i/processing_system7_0/inst/PS7_i/FCLKCLK[0]
                         net (fo=1, routed)           1.088    21.088    system_i/processing_system7_0/inst/FCLK_CLK_unbuffered[0]
    BUFGCTRL_X0Y16       BUFG (Prop_bufg_I_O)         0.091    21.179 r  system_i/processing_system7_0/inst/buffer_fclk_clk_0.FCLK_CLK_0_BUFG/O
                         net (fo=1551, routed)        1.646    22.825    system_i/tftlcd_0/inst/tftlcd_v1_0_S00_AXI_inst/MEM_U0/U0/inst_blk_mem_gen/gnbram.gnativebmg.native_blk_mem_gen/valid.cstr/ramloop[38].ram.r/prim_noinit.ram/clka
    RAMB36_X5Y4          RAMB36E1                                     r  system_i/tftlcd_0/inst/tftlcd_v1_0_S00_AXI_inst/MEM_U0/U0/inst_blk_mem_gen/gnbram.gnativebmg.native_blk_mem_gen/valid.cstr/ramloop[38].ram.r/prim_noinit.ram/DEVICE_7SERIES.NO_BMM_INFO.SDP.CASCADED_PRIM36.ram_T/CLKARDCLK
                         clock pessimism              0.115    22.940    
                         clock uncertainty           -0.302    22.638    
    RAMB36_X5Y4          RAMB36E1 (Setup_ramb36e1_CLKARDCLK_ADDRARDADDR[15])
                                                     -0.515    22.123    system_i/tftlcd_0/inst/tftlcd_v1_0_S00_AXI_inst/MEM_U0/U0/inst_blk_mem_gen/gnbram.gnativebmg.native_blk_mem_gen/valid.cstr/ramloop[38].ram.r/prim_noinit.ram/DEVICE_7SERIES.NO_BMM_INFO.SDP.CASCADED_PRIM36.ram_T
  -------------------------------------------------------------------
                         required time                         22.123    
                         arrival time                         -14.942    
  -------------------------------------------------------------------
                         slack                                  7.181    

Slack (MET) :             7.240ns  (required time - arrival time)
  Source:                 system_i/tftlcd_0/inst/tftlcd_v1_0_S00_AXI_inst/axi_awaddr_reg[17]/C
                            (rising edge-triggered cell FDRE clocked by clk_fpga_0  {rise@0.000ns fall@10.000ns period=20.000ns})
  Destination:            system_i/tftlcd_0/inst/tftlcd_v1_0_S00_AXI_inst/MEM_U0/U0/inst_blk_mem_gen/gnbram.gnativebmg.native_blk_mem_gen/valid.cstr/ramloop[17].ram.r/prim_noinit.ram/DEVICE_7SERIES.NO_BMM_INFO.SDP.SIMPLE_PRIM36.ram/ENARDEN
                            (rising edge-triggered cell RAMB36E1 clocked by clk_fpga_0  {rise@0.000ns fall@10.000ns period=20.000ns})
  Path Group:             clk_fpga_0
  Path Type:              Setup (Max at Slow Process Corner)
  Requirement:            20.000ns  (clk_fpga_0 rise@20.000ns - clk_fpga_0 rise@0.000ns)
  Data Path Delay:        11.991ns  (logic 0.642ns (5.354%)  route 11.349ns (94.646%))
  Logic Levels:           1  (LUT6=1)
  Clock Path Skew:        -0.024ns (DCD - SCD + CPR)
    Destination Clock Delay (DCD):    2.836ns = ( 22.836 - 20.000 ) 
    Source Clock Delay      (SCD):    2.975ns
    Clock Pessimism Removal (CPR):    0.115ns
  Clock Uncertainty:      0.302ns  ((TSJ^2 + TIJ^2)^1/2 + DJ) / 2 + PE
    Total System Jitter     (TSJ):    0.071ns
    Total Input Jitter      (TIJ):    0.600ns
    Discrete Jitter          (DJ):    0.000ns
    Phase Error              (PE):    0.000ns

    Location             Delay type                Incr(ns)  Path(ns)    Netlist Resource(s)
  -------------------------------------------------------------------    -------------------
                         (clock clk_fpga_0 rise edge)
                                                      0.000     0.000 r  
    PS7_X0Y0             PS7                          0.000     0.000 r  system_i/processing_system7_0/inst/PS7_i/FCLKCLK[0]
                         net (fo=1, routed)           1.193     1.193    system_i/processing_system7_0/inst/FCLK_CLK_unbuffered[0]
    BUFGCTRL_X0Y16       BUFG (Prop_bufg_I_O)         0.101     1.294 r  system_i/processing_system7_0/inst/buffer_fclk_clk_0.FCLK_CLK_0_BUFG/O
                         net (fo=1551, routed)        1.681     2.975    system_i/tftlcd_0/inst/tftlcd_v1_0_S00_AXI_inst/s00_axi_aclk
    SLICE_X26Y71         FDRE                                         r  system_i/tftlcd_0/inst/tftlcd_v1_0_S00_AXI_inst/axi_awaddr_reg[17]/C
  -------------------------------------------------------------------    -------------------
    SLICE_X26Y71         FDRE (Prop_fdre_C_Q)         0.518     3.493 f  system_i/tftlcd_0/inst/tftlcd_v1_0_S00_AXI_inst/axi_awaddr_reg[17]/Q
                         net (fo=89, routed)         11.006    14.499    system_i/tftlcd_0/inst/tftlcd_v1_0_S00_AXI_inst/MEM_U0/U0/inst_blk_mem_gen/gnbram.gnativebmg.native_blk_mem_gen/valid.cstr/bindec_a.bindec_inst_a/addra[3]
    SLICE_X90Y7          LUT6 (Prop_lut6_I4_O)        0.124    14.623 r  system_i/tftlcd_0/inst/tftlcd_v1_0_S00_AXI_inst/MEM_U0/U0/inst_blk_mem_gen/gnbram.gnativebmg.native_blk_mem_gen/valid.cstr/bindec_a.bindec_inst_a/ENOUT__16/O
                         net (fo=1, routed)           0.343    14.966    system_i/tftlcd_0/inst/tftlcd_v1_0_S00_AXI_inst/MEM_U0/U0/inst_blk_mem_gen/gnbram.gnativebmg.native_blk_mem_gen/valid.cstr/ramloop[17].ram.r/prim_noinit.ram/ena_array[0]
    RAMB36_X4Y1          RAMB36E1                                     r  system_i/tftlcd_0/inst/tftlcd_v1_0_S00_AXI_inst/MEM_U0/U0/inst_blk_mem_gen/gnbram.gnativebmg.native_blk_mem_gen/valid.cstr/ramloop[17].ram.r/prim_noinit.ram/DEVICE_7SERIES.NO_BMM_INFO.SDP.SIMPLE_PRIM36.ram/ENARDEN
  -------------------------------------------------------------------    -------------------

                         (clock clk_fpga_0 rise edge)
                                                     20.000    20.000 r  
    PS7_X0Y0             PS7                          0.000    20.000 r  system_i/processing_system7_0/inst/PS7_i/FCLKCLK[0]
                         net (fo=1, routed)           1.088    21.088    system_i/processing_system7_0/inst/FCLK_CLK_unbuffered[0]
    BUFGCTRL_X0Y16       BUFG (Prop_bufg_I_O)         0.091    21.179 r  system_i/processing_system7_0/inst/buffer_fclk_clk_0.FCLK_CLK_0_BUFG/O
                         net (fo=1551, routed)        1.657    22.836    system_i/tftlcd_0/inst/tftlcd_v1_0_S00_AXI_inst/MEM_U0/U0/inst_blk_mem_gen/gnbram.gnativebmg.native_blk_mem_gen/valid.cstr/ramloop[17].ram.r/prim_noinit.ram/clka
    RAMB36_X4Y1          RAMB36E1                                     r  system_i/tftlcd_0/inst/tftlcd_v1_0_S00_AXI_inst/MEM_U0/U0/inst_blk_mem_gen/gnbram.gnativebmg.native_blk_mem_gen/valid.cstr/ramloop[17].ram.r/prim_noinit.ram/DEVICE_7SERIES.NO_BMM_INFO.SDP.SIMPLE_PRIM36.ram/CLKARDCLK
                         clock pessimism              0.115    22.951    
                         clock uncertainty           -0.302    22.649    
    RAMB36_X4Y1          RAMB36E1 (Setup_ramb36e1_CLKARDCLK_ENARDEN)
                                                     -0.443    22.206    system_i/tftlcd_0/inst/tftlcd_v1_0_S00_AXI_inst/MEM_U0/U0/inst_blk_mem_gen/gnbram.gnativebmg.native_blk_mem_gen/valid.cstr/ramloop[17].ram.r/prim_noinit.ram/DEVICE_7SERIES.NO_BMM_INFO.SDP.SIMPLE_PRIM36.ram
  -------------------------------------------------------------------
                         required time                         22.206    
                         arrival time                         -14.966    
  -------------------------------------------------------------------
                         slack                                  7.240    

Slack (MET) :             7.377ns  (required time - arrival time)
  Source:                 system_i/tftlcd_0/inst/tftlcd_v1_0_S00_AXI_inst/axi_awaddr_reg[17]/C
                            (rising edge-triggered cell FDRE clocked by clk_fpga_0  {rise@0.000ns fall@10.000ns period=20.000ns})
  Destination:            system_i/tftlcd_0/inst/tftlcd_v1_0_S00_AXI_inst/MEM_U0/U0/inst_blk_mem_gen/gnbram.gnativebmg.native_blk_mem_gen/valid.cstr/ramloop[38].ram.r/prim_noinit.ram/DEVICE_7SERIES.NO_BMM_INFO.SDP.CASCADED_PRIM36.ram_B/ADDRARDADDR[15]
                            (rising edge-triggered cell RAMB36E1 clocked by clk_fpga_0  {rise@0.000ns fall@10.000ns period=20.000ns})
  Path Group:             clk_fpga_0
  Path Type:              Setup (Max at Slow Process Corner)
  Requirement:            20.000ns  (clk_fpga_0 rise@20.000ns - clk_fpga_0 rise@0.000ns)
  Data Path Delay:        11.777ns  (logic 0.518ns (4.398%)  route 11.259ns (95.602%))
  Logic Levels:           0  
  Clock Path Skew:        -0.029ns (DCD - SCD + CPR)
    Destination Clock Delay (DCD):    2.831ns = ( 22.831 - 20.000 ) 
    Source Clock Delay      (SCD):    2.975ns
    Clock Pessimism Removal (CPR):    0.115ns
  Clock Uncertainty:      0.302ns  ((TSJ^2 + TIJ^2)^1/2 + DJ) / 2 + PE
    Total System Jitter     (TSJ):    0.071ns
    Total Input Jitter      (TIJ):    0.600ns
    Discrete Jitter          (DJ):    0.000ns
    Phase Error              (PE):    0.000ns

    Location             Delay type                Incr(ns)  Path(ns)    Netlist Resource(s)
  -------------------------------------------------------------------    -------------------
                         (clock clk_fpga_0 rise edge)
                                                      0.000     0.000 r  
    PS7_X0Y0             PS7                          0.000     0.000 r  system_i/processing_system7_0/inst/PS7_i/FCLKCLK[0]
                         net (fo=1, routed)           1.193     1.193    system_i/processing_system7_0/inst/FCLK_CLK_unbuffered[0]
    BUFGCTRL_X0Y16       BUFG (Prop_bufg_I_O)         0.101     1.294 r  system_i/processing_system7_0/inst/buffer_fclk_clk_0.FCLK_CLK_0_BUFG/O
                         net (fo=1551, routed)        1.681     2.975    system_i/tftlcd_0/inst/tftlcd_v1_0_S00_AXI_inst/s00_axi_aclk
    SLICE_X26Y71         FDRE                                         r  system_i/tftlcd_0/inst/tftlcd_v1_0_S00_AXI_inst/axi_awaddr_reg[17]/C
  -------------------------------------------------------------------    -------------------
    SLICE_X26Y71         FDRE (Prop_fdre_C_Q)         0.518     3.493 r  system_i/tftlcd_0/inst/tftlcd_v1_0_S00_AXI_inst/axi_awaddr_reg[17]/Q
                         net (fo=89, routed)         11.259    14.752    system_i/tftlcd_0/inst/tftlcd_v1_0_S00_AXI_inst/MEM_U0/U0/inst_blk_mem_gen/gnbram.gnativebmg.native_blk_mem_gen/valid.cstr/ramloop[38].ram.r/prim_noinit.ram/addra[15]
    RAMB36_X5Y3          RAMB36E1                                     r  system_i/tftlcd_0/inst/tftlcd_v1_0_S00_AXI_inst/MEM_U0/U0/inst_blk_mem_gen/gnbram.gnativebmg.native_blk_mem_gen/valid.cstr/ramloop[38].ram.r/prim_noinit.ram/DEVICE_7SERIES.NO_BMM_INFO.SDP.CASCADED_PRIM36.ram_B/ADDRARDADDR[15]
  -------------------------------------------------------------------    -------------------

                         (clock clk_fpga_0 rise edge)
                                                     20.000    20.000 r  
    PS7_X0Y0             PS7                          0.000    20.000 r  system_i/processing_system7_0/inst/PS7_i/FCLKCLK[0]
                         net (fo=1, routed)           1.088    21.088    system_i/processing_system7_0/inst/FCLK_CLK_unbuffered[0]
    BUFGCTRL_X0Y16       BUFG (Prop_bufg_I_O)         0.091    21.179 r  system_i/processing_system7_0/inst/buffer_fclk_clk_0.FCLK_CLK_0_BUFG/O
                         net (fo=1551, routed)        1.652    22.831    system_i/tftlcd_0/inst/tftlcd_v1_0_S00_AXI_inst/MEM_U0/U0/inst_blk_mem_gen/gnbram.gnativebmg.native_blk_mem_gen/valid.cstr/ramloop[38].ram.r/prim_noinit.ram/clka
    RAMB36_X5Y3          RAMB36E1                                     r  system_i/tftlcd_0/inst/tftlcd_v1_0_S00_AXI_inst/MEM_U0/U0/inst_blk_mem_gen/gnbram.gnativebmg.native_blk_mem_gen/valid.cstr/ramloop[38].ram.r/prim_noinit.ram/DEVICE_7SERIES.NO_BMM_INFO.SDP.CASCADED_PRIM36.ram_B/CLKARDCLK
                         clock pessimism              0.115    22.946    
                         clock uncertainty           -0.302    22.644    
    RAMB36_X5Y3          RAMB36E1 (Setup_ramb36e1_CLKARDCLK_ADDRARDADDR[15])
                                                     -0.515    22.129    system_i/tftlcd_0/inst/tftlcd_v1_0_S00_AXI_inst/MEM_U0/U0/inst_blk_mem_gen/gnbram.gnativebmg.native_blk_mem_gen/valid.cstr/ramloop[38].ram.r/prim_noinit.ram/DEVICE_7SERIES.NO_BMM_INFO.SDP.CASCADED_PRIM36.ram_B
  -------------------------------------------------------------------
                         required time                         22.129    
                         arrival time                         -14.752    
  -------------------------------------------------------------------
                         slack                                  7.377    





Min Delay Paths
--------------------------------------------------------------------------------------
Slack (MET) :             0.039ns  (arrival time - required time)
  Source:                 system_i/ps7_0_axi_periph/s00_couplers/auto_pc/inst/gen_axilite.gen_b2s_conv.axilite_b2s/RD.r_channel_0/r_arid_r_reg[6]/C
                            (rising edge-triggered cell FDRE clocked by clk_fpga_0  {rise@0.000ns fall@10.000ns period=20.000ns})
  Destination:            system_i/ps7_0_axi_periph/s00_couplers/auto_pc/inst/gen_axilite.gen_b2s_conv.axilite_b2s/RD.r_channel_0/transaction_fifo_0/memory_reg[31][7]_srl32/D
                            (rising edge-triggered cell SRLC32E clocked by clk_fpga_0  {rise@0.000ns fall@10.000ns period=20.000ns})
  Path Group:             clk_fpga_0
  Path Type:              Hold (Min at Fast Process Corner)
  Requirement:            0.000ns  (clk_fpga_0 rise@0.000ns - clk_fpga_0 rise@0.000ns)
  Data Path Delay:        0.256ns  (logic 0.141ns (55.018%)  route 0.115ns (44.982%))
  Logic Levels:           0  
  Clock Path Skew:        0.034ns (DCD - SCD - CPR)
    Destination Clock Delay (DCD):    1.191ns
    Source Clock Delay      (SCD):    0.893ns
    Clock Pessimism Removal (CPR):    0.264ns

    Location             Delay type                Incr(ns)  Path(ns)    Netlist Resource(s)
  -------------------------------------------------------------------    -------------------
                         (clock clk_fpga_0 rise edge)
                                                      0.000     0.000 r  
    PS7_X0Y0             PS7                          0.000     0.000 r  system_i/processing_system7_0/inst/PS7_i/FCLKCLK[0]
                         net (fo=1, routed)           0.310     0.310    system_i/processing_system7_0/inst/FCLK_CLK_unbuffered[0]
    BUFGCTRL_X0Y16       BUFG (Prop_bufg_I_O)         0.026     0.336 r  system_i/processing_system7_0/inst/buffer_fclk_clk_0.FCLK_CLK_0_BUFG/O
                         net (fo=1551, routed)        0.557     0.893    system_i/ps7_0_axi_periph/s00_couplers/auto_pc/inst/gen_axilite.gen_b2s_conv.axilite_b2s/RD.r_channel_0/aclk
    SLICE_X33Y92         FDRE                                         r  system_i/ps7_0_axi_periph/s00_couplers/auto_pc/inst/gen_axilite.gen_b2s_conv.axilite_b2s/RD.r_channel_0/r_arid_r_reg[6]/C
  -------------------------------------------------------------------    -------------------
    SLICE_X33Y92         FDRE (Prop_fdre_C_Q)         0.141     1.034 r  system_i/ps7_0_axi_periph/s00_couplers/auto_pc/inst/gen_axilite.gen_b2s_conv.axilite_b2s/RD.r_channel_0/r_arid_r_reg[6]/Q
                         net (fo=1, routed)           0.115     1.149    system_i/ps7_0_axi_periph/s00_couplers/auto_pc/inst/gen_axilite.gen_b2s_conv.axilite_b2s/RD.r_channel_0/transaction_fifo_0/in[7]
    SLICE_X34Y93         SRLC32E                                      r  system_i/ps7_0_axi_periph/s00_couplers/auto_pc/inst/gen_axilite.gen_b2s_conv.axilite_b2s/RD.r_channel_0/transaction_fifo_0/memory_reg[31][7]_srl32/D
  -------------------------------------------------------------------    -------------------

                         (clock clk_fpga_0 rise edge)
                                                      0.000     0.000 r  
    PS7_X0Y0             PS7                          0.000     0.000 r  system_i/processing_system7_0/inst/PS7_i/FCLKCLK[0]
                         net (fo=1, routed)           0.337     0.337    system_i/processing_system7_0/inst/FCLK_CLK_unbuffered[0]
    BUFGCTRL_X0Y16       BUFG (Prop_bufg_I_O)         0.029     0.366 r  system_i/processing_system7_0/inst/buffer_fclk_clk_0.FCLK_CLK_0_BUFG/O
                         net (fo=1551, routed)        0.825     1.191    system_i/ps7_0_axi_periph/s00_couplers/auto_pc/inst/gen_axilite.gen_b2s_conv.axilite_b2s/RD.r_channel_0/transaction_fifo_0/aclk
    SLICE_X34Y93         SRLC32E                                      r  system_i/ps7_0_axi_periph/s00_couplers/auto_pc/inst/gen_axilite.gen_b2s_conv.axilite_b2s/RD.r_channel_0/transaction_fifo_0/memory_reg[31][7]_srl32/CLK
                         clock pessimism             -0.264     0.927    
    SLICE_X34Y93         SRLC32E (Hold_srlc32e_CLK_D)
                                                      0.183     1.110    system_i/ps7_0_axi_periph/s00_couplers/auto_pc/inst/gen_axilite.gen_b2s_conv.axilite_b2s/RD.r_channel_0/transaction_fifo_0/memory_reg[31][7]_srl32
  -------------------------------------------------------------------
                         required time                         -1.110    
                         arrival time                           1.149    
  -------------------------------------------------------------------
                         slack                                  0.039    

Slack (MET) :             0.066ns  (arrival time - required time)
  Source:                 system_i/ps7_0_axi_periph/s00_couplers/auto_pc/inst/gen_axilite.gen_b2s_conv.axilite_b2s/SI_REG/b.b_pipe/skid_buffer_reg[10]/C
                            (rising edge-triggered cell FDRE clocked by clk_fpga_0  {rise@0.000ns fall@10.000ns period=20.000ns})
  Destination:            system_i/ps7_0_axi_periph/s00_couplers/auto_pc/inst/gen_axilite.gen_b2s_conv.axilite_b2s/SI_REG/b.b_pipe/m_payload_i_reg[10]/D
                            (rising edge-triggered cell FDRE clocked by clk_fpga_0  {rise@0.000ns fall@10.000ns period=20.000ns})
  Path Group:             clk_fpga_0
  Path Type:              Hold (Min at Fast Process Corner)
  Requirement:            0.000ns  (clk_fpga_0 rise@0.000ns - clk_fpga_0 rise@0.000ns)
  Data Path Delay:        0.341ns  (logic 0.186ns (54.513%)  route 0.155ns (45.487%))
  Logic Levels:           1  (LUT3=1)
  Clock Path Skew:        0.184ns (DCD - SCD - CPR)
    Destination Clock Delay (DCD):    1.211ns
    Source Clock Delay      (SCD):    0.992ns
    Clock Pessimism Removal (CPR):    0.035ns

    Location             Delay type                Incr(ns)  Path(ns)    Netlist Resource(s)
  -------------------------------------------------------------------    -------------------
                         (clock clk_fpga_0 rise edge)
                                                      0.000     0.000 r  
    PS7_X0Y0             PS7                          0.000     0.000 r  system_i/processing_system7_0/inst/PS7_i/FCLKCLK[0]
                         net (fo=1, routed)           0.310     0.310    system_i/processing_system7_0/inst/FCLK_CLK_unbuffered[0]
    BUFGCTRL_X0Y16       BUFG (Prop_bufg_I_O)         0.026     0.336 r  system_i/processing_system7_0/inst/buffer_fclk_clk_0.FCLK_CLK_0_BUFG/O
                         net (fo=1551, routed)        0.656     0.992    system_i/ps7_0_axi_periph/s00_couplers/auto_pc/inst/gen_axilite.gen_b2s_conv.axilite_b2s/SI_REG/b.b_pipe/aclk
    SLICE_X27Y100        FDRE                                         r  system_i/ps7_0_axi_periph/s00_couplers/auto_pc/inst/gen_axilite.gen_b2s_conv.axilite_b2s/SI_REG/b.b_pipe/skid_buffer_reg[10]/C
  -------------------------------------------------------------------    -------------------
    SLICE_X27Y100        FDRE (Prop_fdre_C_Q)         0.141     1.133 r  system_i/ps7_0_axi_periph/s00_couplers/auto_pc/inst/gen_axilite.gen_b2s_conv.axilite_b2s/SI_REG/b.b_pipe/skid_buffer_reg[10]/Q
                         net (fo=1, routed)           0.155     1.288    system_i/ps7_0_axi_periph/s00_couplers/auto_pc/inst/gen_axilite.gen_b2s_conv.axilite_b2s/SI_REG/b.b_pipe/skid_buffer_reg_n_0_[10]
    SLICE_X28Y99         LUT3 (Prop_lut3_I2_O)        0.045     1.333 r  system_i/ps7_0_axi_periph/s00_couplers/auto_pc/inst/gen_axilite.gen_b2s_conv.axilite_b2s/SI_REG/b.b_pipe/m_payload_i[10]_i_1__1/O
                         net (fo=1, routed)           0.000     1.333    system_i/ps7_0_axi_periph/s00_couplers/auto_pc/inst/gen_axilite.gen_b2s_conv.axilite_b2s/SI_REG/b.b_pipe/m_payload_i[10]_i_1__1_n_0
    SLICE_X28Y99         FDRE                                         r  system_i/ps7_0_axi_periph/s00_couplers/auto_pc/inst/gen_axilite.gen_b2s_conv.axilite_b2s/SI_REG/b.b_pipe/m_payload_i_reg[10]/D
  -------------------------------------------------------------------    -------------------

                         (clock clk_fpga_0 rise edge)
                                                      0.000     0.000 r  
    PS7_X0Y0             PS7                          0.000     0.000 r  system_i/processing_system7_0/inst/PS7_i/FCLKCLK[0]
                         net (fo=1, routed)           0.337     0.337    system_i/processing_system7_0/inst/FCLK_CLK_unbuffered[0]
    BUFGCTRL_X0Y16       BUFG (Prop_bufg_I_O)         0.029     0.366 r  system_i/processing_system7_0/inst/buffer_fclk_clk_0.FCLK_CLK_0_BUFG/O
                         net (fo=1551, routed)        0.845     1.211    system_i/ps7_0_axi_periph/s00_couplers/auto_pc/inst/gen_axilite.gen_b2s_conv.axilite_b2s/SI_REG/b.b_pipe/aclk
    SLICE_X28Y99         FDRE                                         r  system_i/ps7_0_axi_periph/s00_couplers/auto_pc/inst/gen_axilite.gen_b2s_conv.axilite_b2s/SI_REG/b.b_pipe/m_payload_i_reg[10]/C
                         clock pessimism             -0.035     1.176    
    SLICE_X28Y99         FDRE (Hold_fdre_C_D)         0.091     1.267    system_i/ps7_0_axi_periph/s00_couplers/auto_pc/inst/gen_axilite.gen_b2s_conv.axilite_b2s/SI_REG/b.b_pipe/m_payload_i_reg[10]
  -------------------------------------------------------------------
                         required time                         -1.267    
                         arrival time                           1.333    
  -------------------------------------------------------------------
                         slack                                  0.066    

Slack (MET) :             0.078ns  (arrival time - required time)
  Source:                 system_i/ps7_0_axi_periph/s00_couplers/auto_pc/inst/gen_axilite.gen_b2s_conv.axilite_b2s/WR.aw_channel_0/s_awid_r_reg[11]/C
                            (rising edge-triggered cell FDRE clocked by clk_fpga_0  {rise@0.000ns fall@10.000ns period=20.000ns})
  Destination:            system_i/ps7_0_axi_periph/s00_couplers/auto_pc/inst/gen_axilite.gen_b2s_conv.axilite_b2s/WR.b_channel_0/bid_fifo_0/memory_reg[3][19]_srl4/D
                            (rising edge-triggered cell SRL16E clocked by clk_fpga_0  {rise@0.000ns fall@10.000ns period=20.000ns})
  Path Group:             clk_fpga_0
  Path Type:              Hold (Min at Fast Process Corner)
  Requirement:            0.000ns  (clk_fpga_0 rise@0.000ns - clk_fpga_0 rise@0.000ns)
  Data Path Delay:        0.365ns  (logic 0.141ns (38.582%)  route 0.224ns (61.418%))
  Logic Levels:           0  
  Clock Path Skew:        0.180ns (DCD - SCD - CPR)
    Destination Clock Delay (DCD):    1.210ns
    Source Clock Delay      (SCD):    0.995ns
    Clock Pessimism Removal (CPR):    0.035ns

    Location             Delay type                Incr(ns)  Path(ns)    Netlist Resource(s)
  -------------------------------------------------------------------    -------------------
                         (clock clk_fpga_0 rise edge)
                                                      0.000     0.000 r  
    PS7_X0Y0             PS7                          0.000     0.000 r  system_i/processing_system7_0/inst/PS7_i/FCLKCLK[0]
                         net (fo=1, routed)           0.310     0.310    system_i/processing_system7_0/inst/FCLK_CLK_unbuffered[0]
    BUFGCTRL_X0Y16       BUFG (Prop_bufg_I_O)         0.026     0.336 r  system_i/processing_system7_0/inst/buffer_fclk_clk_0.FCLK_CLK_0_BUFG/O
                         net (fo=1551, routed)        0.659     0.995    system_i/ps7_0_axi_periph/s00_couplers/auto_pc/inst/gen_axilite.gen_b2s_conv.axilite_b2s/WR.aw_channel_0/aclk
    SLICE_X29Y101        FDRE                                         r  system_i/ps7_0_axi_periph/s00_couplers/auto_pc/inst/gen_axilite.gen_b2s_conv.axilite_b2s/WR.aw_channel_0/s_awid_r_reg[11]/C
  -------------------------------------------------------------------    -------------------
    SLICE_X29Y101        FDRE (Prop_fdre_C_Q)         0.141     1.136 r  system_i/ps7_0_axi_periph/s00_couplers/auto_pc/inst/gen_axilite.gen_b2s_conv.axilite_b2s/WR.aw_channel_0/s_awid_r_reg[11]/Q
                         net (fo=1, routed)           0.224     1.360    system_i/ps7_0_axi_periph/s00_couplers/auto_pc/inst/gen_axilite.gen_b2s_conv.axilite_b2s/WR.b_channel_0/bid_fifo_0/in[15]
    SLICE_X26Y99         SRL16E                                       r  system_i/ps7_0_axi_periph/s00_couplers/auto_pc/inst/gen_axilite.gen_b2s_conv.axilite_b2s/WR.b_channel_0/bid_fifo_0/memory_reg[3][19]_srl4/D
  -------------------------------------------------------------------    -------------------

                         (clock clk_fpga_0 rise edge)
                                                      0.000     0.000 r  
    PS7_X0Y0             PS7                          0.000     0.000 r  system_i/processing_system7_0/inst/PS7_i/FCLKCLK[0]
                         net (fo=1, routed)           0.337     0.337    system_i/processing_system7_0/inst/FCLK_CLK_unbuffered[0]
    BUFGCTRL_X0Y16       BUFG (Prop_bufg_I_O)         0.029     0.366 r  system_i/processing_system7_0/inst/buffer_fclk_clk_0.FCLK_CLK_0_BUFG/O
                         net (fo=1551, routed)        0.844     1.210    system_i/ps7_0_axi_periph/s00_couplers/auto_pc/inst/gen_axilite.gen_b2s_conv.axilite_b2s/WR.b_channel_0/bid_fifo_0/aclk
    SLICE_X26Y99         SRL16E                                       r  system_i/ps7_0_axi_periph/s00_couplers/auto_pc/inst/gen_axilite.gen_b2s_conv.axilite_b2s/WR.b_channel_0/bid_fifo_0/memory_reg[3][19]_srl4/CLK
                         clock pessimism             -0.035     1.175    
    SLICE_X26Y99         SRL16E (Hold_srl16e_CLK_D)
                                                      0.108     1.283    system_i/ps7_0_axi_periph/s00_couplers/auto_pc/inst/gen_axilite.gen_b2s_conv.axilite_b2s/WR.b_channel_0/bid_fifo_0/memory_reg[3][19]_srl4
  -------------------------------------------------------------------
                         required time                         -1.283    
                         arrival time                           1.360    
  -------------------------------------------------------------------
                         slack                                  0.078    

Slack (MET) :             0.080ns  (arrival time - required time)
  Source:                 system_i/ps7_0_axi_periph/s00_couplers/auto_pc/inst/gen_axilite.gen_b2s_conv.axilite_b2s/SI_REG/aw.aw_pipe/m_payload_i_reg[51]/C
                            (rising edge-triggered cell FDRE clocked by clk_fpga_0  {rise@0.000ns fall@10.000ns period=20.000ns})
  Destination:            system_i/ps7_0_axi_periph/s00_couplers/auto_pc/inst/gen_axilite.gen_b2s_conv.axilite_b2s/WR.aw_channel_0/s_awid_r_reg[1]/D
                            (rising edge-triggered cell FDRE clocked by clk_fpga_0  {rise@0.000ns fall@10.000ns period=20.000ns})
  Path Group:             clk_fpga_0
  Path Type:              Hold (Min at Fast Process Corner)
  Requirement:            0.000ns  (clk_fpga_0 rise@0.000ns - clk_fpga_0 rise@0.000ns)
  Data Path Delay:        0.279ns  (logic 0.128ns (45.850%)  route 0.151ns (54.150%))
  Logic Levels:           0  
  Clock Path Skew:        0.181ns (DCD - SCD - CPR)
    Destination Clock Delay (DCD):    1.211ns
    Source Clock Delay      (SCD):    0.995ns
    Clock Pessimism Removal (CPR):    0.035ns

    Location             Delay type                Incr(ns)  Path(ns)    Netlist Resource(s)
  -------------------------------------------------------------------    -------------------
                         (clock clk_fpga_0 rise edge)
                                                      0.000     0.000 r  
    PS7_X0Y0             PS7                          0.000     0.000 r  system_i/processing_system7_0/inst/PS7_i/FCLKCLK[0]
                         net (fo=1, routed)           0.310     0.310    system_i/processing_system7_0/inst/FCLK_CLK_unbuffered[0]
    BUFGCTRL_X0Y16       BUFG (Prop_bufg_I_O)         0.026     0.336 r  system_i/processing_system7_0/inst/buffer_fclk_clk_0.FCLK_CLK_0_BUFG/O
                         net (fo=1551, routed)        0.659     0.995    system_i/ps7_0_axi_periph/s00_couplers/auto_pc/inst/gen_axilite.gen_b2s_conv.axilite_b2s/SI_REG/aw.aw_pipe/aclk
    SLICE_X31Y100        FDRE                                         r  system_i/ps7_0_axi_periph/s00_couplers/auto_pc/inst/gen_axilite.gen_b2s_conv.axilite_b2s/SI_REG/aw.aw_pipe/m_payload_i_reg[51]/C
  -------------------------------------------------------------------    -------------------
    SLICE_X31Y100        FDRE (Prop_fdre_C_Q)         0.128     1.123 r  system_i/ps7_0_axi_periph/s00_couplers/auto_pc/inst/gen_axilite.gen_b2s_conv.axilite_b2s/SI_REG/aw.aw_pipe/m_payload_i_reg[51]/Q
                         net (fo=1, routed)           0.151     1.274    system_i/ps7_0_axi_periph/s00_couplers/auto_pc/inst/gen_axilite.gen_b2s_conv.axilite_b2s/WR.aw_channel_0/s_awid_r_reg[11]_0[21]
    SLICE_X31Y99         FDRE                                         r  system_i/ps7_0_axi_periph/s00_couplers/auto_pc/inst/gen_axilite.gen_b2s_conv.axilite_b2s/WR.aw_channel_0/s_awid_r_reg[1]/D
  -------------------------------------------------------------------    -------------------

                         (clock clk_fpga_0 rise edge)
                                                      0.000     0.000 r  
    PS7_X0Y0             PS7                          0.000     0.000 r  system_i/processing_system7_0/inst/PS7_i/FCLKCLK[0]
                         net (fo=1, routed)           0.337     0.337    system_i/processing_system7_0/inst/FCLK_CLK_unbuffered[0]
    BUFGCTRL_X0Y16       BUFG (Prop_bufg_I_O)         0.029     0.366 r  system_i/processing_system7_0/inst/buffer_fclk_clk_0.FCLK_CLK_0_BUFG/O
                         net (fo=1551, routed)        0.845     1.211    system_i/ps7_0_axi_periph/s00_couplers/auto_pc/inst/gen_axilite.gen_b2s_conv.axilite_b2s/WR.aw_channel_0/aclk
    SLICE_X31Y99         FDRE                                         r  system_i/ps7_0_axi_periph/s00_couplers/auto_pc/inst/gen_axilite.gen_b2s_conv.axilite_b2s/WR.aw_channel_0/s_awid_r_reg[1]/C
                         clock pessimism             -0.035     1.176    
    SLICE_X31Y99         FDRE (Hold_fdre_C_D)         0.018     1.194    system_i/ps7_0_axi_periph/s00_couplers/auto_pc/inst/gen_axilite.gen_b2s_conv.axilite_b2s/WR.aw_channel_0/s_awid_r_reg[1]
  -------------------------------------------------------------------
                         required time                         -1.194    
                         arrival time                           1.274    
  -------------------------------------------------------------------
                         slack                                  0.080    

Slack (MET) :             0.091ns  (arrival time - required time)
  Source:                 system_i/ps7_0_axi_periph/s00_couplers/auto_pc/inst/gen_axilite.gen_b2s_conv.axilite_b2s/WR.aw_channel_0/s_awid_r_reg[8]/C
                            (rising edge-triggered cell FDRE clocked by clk_fpga_0  {rise@0.000ns fall@10.000ns period=20.000ns})
  Destination:            system_i/ps7_0_axi_periph/s00_couplers/auto_pc/inst/gen_axilite.gen_b2s_conv.axilite_b2s/WR.b_channel_0/bid_fifo_0/memory_reg[3][16]_srl4/D
                            (rising edge-triggered cell SRL16E clocked by clk_fpga_0  {rise@0.000ns fall@10.000ns period=20.000ns})
  Path Group:             clk_fpga_0
  Path Type:              Hold (Min at Fast Process Corner)
  Requirement:            0.000ns  (clk_fpga_0 rise@0.000ns - clk_fpga_0 rise@0.000ns)
  Data Path Delay:        0.373ns  (logic 0.141ns (37.810%)  route 0.232ns (62.190%))
  Logic Levels:           0  
  Clock Path Skew:        0.180ns (DCD - SCD - CPR)
    Destination Clock Delay (DCD):    1.210ns
    Source Clock Delay      (SCD):    0.995ns
    Clock Pessimism Removal (CPR):    0.035ns

    Location             Delay type                Incr(ns)  Path(ns)    Netlist Resource(s)
  -------------------------------------------------------------------    -------------------
                         (clock clk_fpga_0 rise edge)
                                                      0.000     0.000 r  
    PS7_X0Y0             PS7                          0.000     0.000 r  system_i/processing_system7_0/inst/PS7_i/FCLKCLK[0]
                         net (fo=1, routed)           0.310     0.310    system_i/processing_system7_0/inst/FCLK_CLK_unbuffered[0]
    BUFGCTRL_X0Y16       BUFG (Prop_bufg_I_O)         0.026     0.336 r  system_i/processing_system7_0/inst/buffer_fclk_clk_0.FCLK_CLK_0_BUFG/O
                         net (fo=1551, routed)        0.659     0.995    system_i/ps7_0_axi_periph/s00_couplers/auto_pc/inst/gen_axilite.gen_b2s_conv.axilite_b2s/WR.aw_channel_0/aclk
    SLICE_X28Y101        FDRE                                         r  system_i/ps7_0_axi_periph/s00_couplers/auto_pc/inst/gen_axilite.gen_b2s_conv.axilite_b2s/WR.aw_channel_0/s_awid_r_reg[8]/C
  -------------------------------------------------------------------    -------------------
    SLICE_X28Y101        FDRE (Prop_fdre_C_Q)         0.141     1.136 r  system_i/ps7_0_axi_periph/s00_couplers/auto_pc/inst/gen_axilite.gen_b2s_conv.axilite_b2s/WR.aw_channel_0/s_awid_r_reg[8]/Q
                         net (fo=1, routed)           0.232     1.368    system_i/ps7_0_axi_periph/s00_couplers/auto_pc/inst/gen_axilite.gen_b2s_conv.axilite_b2s/WR.b_channel_0/bid_fifo_0/in[12]
    SLICE_X26Y99         SRL16E                                       r  system_i/ps7_0_axi_periph/s00_couplers/auto_pc/inst/gen_axilite.gen_b2s_conv.axilite_b2s/WR.b_channel_0/bid_fifo_0/memory_reg[3][16]_srl4/D
  -------------------------------------------------------------------    -------------------

                         (clock clk_fpga_0 rise edge)
                                                      0.000     0.000 r  
    PS7_X0Y0             PS7                          0.000     0.000 r  system_i/processing_system7_0/inst/PS7_i/FCLKCLK[0]
                         net (fo=1, routed)           0.337     0.337    system_i/processing_system7_0/inst/FCLK_CLK_unbuffered[0]
    BUFGCTRL_X0Y16       BUFG (Prop_bufg_I_O)         0.029     0.366 r  system_i/processing_system7_0/inst/buffer_fclk_clk_0.FCLK_CLK_0_BUFG/O
                         net (fo=1551, routed)        0.844     1.210    system_i/ps7_0_axi_periph/s00_couplers/auto_pc/inst/gen_axilite.gen_b2s_conv.axilite_b2s/WR.b_channel_0/bid_fifo_0/aclk
    SLICE_X26Y99         SRL16E                                       r  system_i/ps7_0_axi_periph/s00_couplers/auto_pc/inst/gen_axilite.gen_b2s_conv.axilite_b2s/WR.b_channel_0/bid_fifo_0/memory_reg[3][16]_srl4/CLK
                         clock pessimism             -0.035     1.175    
    SLICE_X26Y99         SRL16E (Hold_srl16e_CLK_D)
                                                      0.102     1.277    system_i/ps7_0_axi_periph/s00_couplers/auto_pc/inst/gen_axilite.gen_b2s_conv.axilite_b2s/WR.b_channel_0/bid_fifo_0/memory_reg[3][16]_srl4
  -------------------------------------------------------------------
                         required time                         -1.277    
                         arrival time                           1.368    
  -------------------------------------------------------------------
                         slack                                  0.091    

Slack (MET) :             0.098ns  (arrival time - required time)
  Source:                 system_i/ps7_0_axi_periph/s00_couplers/auto_pc/inst/gen_axilite.gen_b2s_conv.axilite_b2s/WR.aw_channel_0/s_awid_r_reg[10]/C
                            (rising edge-triggered cell FDRE clocked by clk_fpga_0  {rise@0.000ns fall@10.000ns period=20.000ns})
  Destination:            system_i/ps7_0_axi_periph/s00_couplers/auto_pc/inst/gen_axilite.gen_b2s_conv.axilite_b2s/WR.b_channel_0/bid_fifo_0/memory_reg[3][18]_srl4/D
                            (rising edge-triggered cell SRL16E clocked by clk_fpga_0  {rise@0.000ns fall@10.000ns period=20.000ns})
  Path Group:             clk_fpga_0
  Path Type:              Hold (Min at Fast Process Corner)
  Requirement:            0.000ns  (clk_fpga_0 rise@0.000ns - clk_fpga_0 rise@0.000ns)
  Data Path Delay:        0.372ns  (logic 0.141ns (37.929%)  route 0.231ns (62.071%))
  Logic Levels:           0  
  Clock Path Skew:        0.180ns (DCD - SCD - CPR)
    Destination Clock Delay (DCD):    1.210ns
    Source Clock Delay      (SCD):    0.995ns
    Clock Pessimism Removal (CPR):    0.035ns

    Location             Delay type                Incr(ns)  Path(ns)    Netlist Resource(s)
  -------------------------------------------------------------------    -------------------
                         (clock clk_fpga_0 rise edge)
                                                      0.000     0.000 r  
    PS7_X0Y0             PS7                          0.000     0.000 r  system_i/processing_system7_0/inst/PS7_i/FCLKCLK[0]
                         net (fo=1, routed)           0.310     0.310    system_i/processing_system7_0/inst/FCLK_CLK_unbuffered[0]
    BUFGCTRL_X0Y16       BUFG (Prop_bufg_I_O)         0.026     0.336 r  system_i/processing_system7_0/inst/buffer_fclk_clk_0.FCLK_CLK_0_BUFG/O
                         net (fo=1551, routed)        0.659     0.995    system_i/ps7_0_axi_periph/s00_couplers/auto_pc/inst/gen_axilite.gen_b2s_conv.axilite_b2s/WR.aw_channel_0/aclk
    SLICE_X29Y101        FDRE                                         r  system_i/ps7_0_axi_periph/s00_couplers/auto_pc/inst/gen_axilite.gen_b2s_conv.axilite_b2s/WR.aw_channel_0/s_awid_r_reg[10]/C
  -------------------------------------------------------------------    -------------------
    SLICE_X29Y101        FDRE (Prop_fdre_C_Q)         0.141     1.136 r  system_i/ps7_0_axi_periph/s00_couplers/auto_pc/inst/gen_axilite.gen_b2s_conv.axilite_b2s/WR.aw_channel_0/s_awid_r_reg[10]/Q
                         net (fo=1, routed)           0.231     1.367    system_i/ps7_0_axi_periph/s00_couplers/auto_pc/inst/gen_axilite.gen_b2s_conv.axilite_b2s/WR.b_channel_0/bid_fifo_0/in[14]
    SLICE_X26Y99         SRL16E                                       r  system_i/ps7_0_axi_periph/s00_couplers/auto_pc/inst/gen_axilite.gen_b2s_conv.axilite_b2s/WR.b_channel_0/bid_fifo_0/memory_reg[3][18]_srl4/D
  -------------------------------------------------------------------    -------------------

                         (clock clk_fpga_0 rise edge)
                                                      0.000     0.000 r  
    PS7_X0Y0             PS7                          0.000     0.000 r  system_i/processing_system7_0/inst/PS7_i/FCLKCLK[0]
                         net (fo=1, routed)           0.337     0.337    system_i/processing_system7_0/inst/FCLK_CLK_unbuffered[0]
    BUFGCTRL_X0Y16       BUFG (Prop_bufg_I_O)         0.029     0.366 r  system_i/processing_system7_0/inst/buffer_fclk_clk_0.FCLK_CLK_0_BUFG/O
                         net (fo=1551, routed)        0.844     1.210    system_i/ps7_0_axi_periph/s00_couplers/auto_pc/inst/gen_axilite.gen_b2s_conv.axilite_b2s/WR.b_channel_0/bid_fifo_0/aclk
    SLICE_X26Y99         SRL16E                                       r  system_i/ps7_0_axi_periph/s00_couplers/auto_pc/inst/gen_axilite.gen_b2s_conv.axilite_b2s/WR.b_channel_0/bid_fifo_0/memory_reg[3][18]_srl4/CLK
                         clock pessimism             -0.035     1.175    
    SLICE_X26Y99         SRL16E (Hold_srl16e_CLK_D)
                                                      0.094     1.269    system_i/ps7_0_axi_periph/s00_couplers/auto_pc/inst/gen_axilite.gen_b2s_conv.axilite_b2s/WR.b_channel_0/bid_fifo_0/memory_reg[3][18]_srl4
  -------------------------------------------------------------------
                         required time                         -1.269    
                         arrival time                           1.367    
  -------------------------------------------------------------------
                         slack                                  0.098    

Slack (MET) :             0.104ns  (arrival time - required time)
  Source:                 system_i/axi_gpio_0/U0/gpio_core_1/Not_Dual.ALLIN1_ND.READ_REG_GEN[0].reg1_reg[31]/C
                            (rising edge-triggered cell FDRE clocked by clk_fpga_0  {rise@0.000ns fall@10.000ns period=20.000ns})
  Destination:            system_i/axi_gpio_0/U0/ip2bus_data_i_D1_reg[31]/D
                            (rising edge-triggered cell FDRE clocked by clk_fpga_0  {rise@0.000ns fall@10.000ns period=20.000ns})
  Path Group:             clk_fpga_0
  Path Type:              Hold (Min at Fast Process Corner)
  Requirement:            0.000ns  (clk_fpga_0 rise@0.000ns - clk_fpga_0 rise@0.000ns)
  Data Path Delay:        0.238ns  (logic 0.186ns (78.117%)  route 0.052ns (21.883%))
  Logic Levels:           1  (LUT6=1)
  Clock Path Skew:        0.013ns (DCD - SCD - CPR)
    Destination Clock Delay (DCD):    1.232ns
    Source Clock Delay      (SCD):    0.933ns
    Clock Pessimism Removal (CPR):    0.286ns

    Location             Delay type                Incr(ns)  Path(ns)    Netlist Resource(s)
  -------------------------------------------------------------------    -------------------
                         (clock clk_fpga_0 rise edge)
                                                      0.000     0.000 r  
    PS7_X0Y0             PS7                          0.000     0.000 r  system_i/processing_system7_0/inst/PS7_i/FCLKCLK[0]
                         net (fo=1, routed)           0.310     0.310    system_i/processing_system7_0/inst/FCLK_CLK_unbuffered[0]
    BUFGCTRL_X0Y16       BUFG (Prop_bufg_I_O)         0.026     0.336 r  system_i/processing_system7_0/inst/buffer_fclk_clk_0.FCLK_CLK_0_BUFG/O
                         net (fo=1551, routed)        0.597     0.933    system_i/axi_gpio_0/U0/gpio_core_1/s_axi_aclk
    SLICE_X15Y48         FDRE                                         r  system_i/axi_gpio_0/U0/gpio_core_1/Not_Dual.ALLIN1_ND.READ_REG_GEN[0].reg1_reg[31]/C
  -------------------------------------------------------------------    -------------------
    SLICE_X15Y48         FDRE (Prop_fdre_C_Q)         0.141     1.074 r  system_i/axi_gpio_0/U0/gpio_core_1/Not_Dual.ALLIN1_ND.READ_REG_GEN[0].reg1_reg[31]/Q
                         net (fo=1, routed)           0.052     1.126    system_i/axi_gpio_0/U0/gpio_core_1/reg1[31]
    SLICE_X14Y48         LUT6 (Prop_lut6_I2_O)        0.045     1.171 r  system_i/axi_gpio_0/U0/gpio_core_1/ip2bus_data_i_D1[31]_i_1/O
                         net (fo=1, routed)           0.000     1.171    system_i/axi_gpio_0/U0/ip2bus_data[31]
    SLICE_X14Y48         FDRE                                         r  system_i/axi_gpio_0/U0/ip2bus_data_i_D1_reg[31]/D
  -------------------------------------------------------------------    -------------------

                         (clock clk_fpga_0 rise edge)
                                                      0.000     0.000 r  
    PS7_X0Y0             PS7                          0.000     0.000 r  system_i/processing_system7_0/inst/PS7_i/FCLKCLK[0]
                         net (fo=1, routed)           0.337     0.337    system_i/processing_system7_0/inst/FCLK_CLK_unbuffered[0]
    BUFGCTRL_X0Y16       BUFG (Prop_bufg_I_O)         0.029     0.366 r  system_i/processing_system7_0/inst/buffer_fclk_clk_0.FCLK_CLK_0_BUFG/O
                         net (fo=1551, routed)        0.866     1.232    system_i/axi_gpio_0/U0/s_axi_aclk
    SLICE_X14Y48         FDRE                                         r  system_i/axi_gpio_0/U0/ip2bus_data_i_D1_reg[31]/C
                         clock pessimism             -0.286     0.946    
    SLICE_X14Y48         FDRE (Hold_fdre_C_D)         0.121     1.067    system_i/axi_gpio_0/U0/ip2bus_data_i_D1_reg[31]
  -------------------------------------------------------------------
                         required time                         -1.067    
                         arrival time                           1.171    
  -------------------------------------------------------------------
                         slack                                  0.104    

Slack (MET) :             0.112ns  (arrival time - required time)
  Source:                 system_i/ps7_0_axi_periph/s00_couplers/auto_pc/inst/gen_axilite.gen_b2s_conv.axilite_b2s/SI_REG/aw.aw_pipe/m_payload_i_reg[29]/C
                            (rising edge-triggered cell FDRE clocked by clk_fpga_0  {rise@0.000ns fall@10.000ns period=20.000ns})
  Destination:            system_i/ps7_0_axi_periph/xbar/inst/gen_sasd.crossbar_sasd_0/addr_arbiter_inst/gen_no_arbiter.m_amesg_i_reg[30]/D
                            (rising edge-triggered cell FDRE clocked by clk_fpga_0  {rise@0.000ns fall@10.000ns period=20.000ns})
  Path Group:             clk_fpga_0
  Path Type:              Hold (Min at Fast Process Corner)
  Requirement:            0.000ns  (clk_fpga_0 rise@0.000ns - clk_fpga_0 rise@0.000ns)
  Data Path Delay:        0.388ns  (logic 0.186ns (47.988%)  route 0.202ns (52.012%))
  Logic Levels:           1  (LUT4=1)
  Clock Path Skew:        0.184ns (DCD - SCD - CPR)
    Destination Clock Delay (DCD):    1.211ns
    Source Clock Delay      (SCD):    0.992ns
    Clock Pessimism Removal (CPR):    0.035ns

    Location             Delay type                Incr(ns)  Path(ns)    Netlist Resource(s)
  -------------------------------------------------------------------    -------------------
                         (clock clk_fpga_0 rise edge)
                                                      0.000     0.000 r  
    PS7_X0Y0             PS7                          0.000     0.000 r  system_i/processing_system7_0/inst/PS7_i/FCLKCLK[0]
                         net (fo=1, routed)           0.310     0.310    system_i/processing_system7_0/inst/FCLK_CLK_unbuffered[0]
    BUFGCTRL_X0Y16       BUFG (Prop_bufg_I_O)         0.026     0.336 r  system_i/processing_system7_0/inst/buffer_fclk_clk_0.FCLK_CLK_0_BUFG/O
                         net (fo=1551, routed)        0.656     0.992    system_i/ps7_0_axi_periph/s00_couplers/auto_pc/inst/gen_axilite.gen_b2s_conv.axilite_b2s/SI_REG/aw.aw_pipe/aclk
    SLICE_X27Y101        FDRE                                         r  system_i/ps7_0_axi_periph/s00_couplers/auto_pc/inst/gen_axilite.gen_b2s_conv.axilite_b2s/SI_REG/aw.aw_pipe/m_payload_i_reg[29]/C
  -------------------------------------------------------------------    -------------------
    SLICE_X27Y101        FDRE (Prop_fdre_C_Q)         0.141     1.133 r  system_i/ps7_0_axi_periph/s00_couplers/auto_pc/inst/gen_axilite.gen_b2s_conv.axilite_b2s/SI_REG/aw.aw_pipe/m_payload_i_reg[29]/Q
                         net (fo=1, routed)           0.202     1.335    system_i/ps7_0_axi_periph/xbar/inst/gen_sasd.crossbar_sasd_0/addr_arbiter_inst/s_axi_awaddr[29]
    SLICE_X29Y98         LUT4 (Prop_lut4_I3_O)        0.045     1.380 r  system_i/ps7_0_axi_periph/xbar/inst/gen_sasd.crossbar_sasd_0/addr_arbiter_inst/gen_no_arbiter.m_amesg_i[30]_i_1/O
                         net (fo=1, routed)           0.000     1.380    system_i/ps7_0_axi_periph/xbar/inst/gen_sasd.crossbar_sasd_0/addr_arbiter_inst/s_amesg[30]
    SLICE_X29Y98         FDRE                                         r  system_i/ps7_0_axi_periph/xbar/inst/gen_sasd.crossbar_sasd_0/addr_arbiter_inst/gen_no_arbiter.m_amesg_i_reg[30]/D
  -------------------------------------------------------------------    -------------------

                         (clock clk_fpga_0 rise edge)
                                                      0.000     0.000 r  
    PS7_X0Y0             PS7                          0.000     0.000 r  system_i/processing_system7_0/inst/PS7_i/FCLKCLK[0]
                         net (fo=1, routed)           0.337     0.337    system_i/processing_system7_0/inst/FCLK_CLK_unbuffered[0]
    BUFGCTRL_X0Y16       BUFG (Prop_bufg_I_O)         0.029     0.366 r  system_i/processing_system7_0/inst/buffer_fclk_clk_0.FCLK_CLK_0_BUFG/O
                         net (fo=1551, routed)        0.845     1.211    system_i/ps7_0_axi_periph/xbar/inst/gen_sasd.crossbar_sasd_0/addr_arbiter_inst/aclk
    SLICE_X29Y98         FDRE                                         r  system_i/ps7_0_axi_periph/xbar/inst/gen_sasd.crossbar_sasd_0/addr_arbiter_inst/gen_no_arbiter.m_amesg_i_reg[30]/C
                         clock pessimism             -0.035     1.176    
    SLICE_X29Y98         FDRE (Hold_fdre_C_D)         0.092     1.268    system_i/ps7_0_axi_periph/xbar/inst/gen_sasd.crossbar_sasd_0/addr_arbiter_inst/gen_no_arbiter.m_amesg_i_reg[30]
  -------------------------------------------------------------------
                         required time                         -1.268    
                         arrival time                           1.380    
  -------------------------------------------------------------------
                         slack                                  0.112    

Slack (MET) :             0.113ns  (arrival time - required time)
  Source:                 system_i/ps7_0_axi_periph/s00_couplers/auto_pc/inst/gen_axilite.gen_b2s_conv.axilite_b2s/RD.r_channel_0/r_arid_r_reg[0]/C
                            (rising edge-triggered cell FDRE clocked by clk_fpga_0  {rise@0.000ns fall@10.000ns period=20.000ns})
  Destination:            system_i/ps7_0_axi_periph/s00_couplers/auto_pc/inst/gen_axilite.gen_b2s_conv.axilite_b2s/RD.r_channel_0/transaction_fifo_0/memory_reg[31][1]_srl32/D
                            (rising edge-triggered cell SRLC32E clocked by clk_fpga_0  {rise@0.000ns fall@10.000ns period=20.000ns})
  Path Group:             clk_fpga_0
  Path Type:              Hold (Min at Fast Process Corner)
  Requirement:            0.000ns  (clk_fpga_0 rise@0.000ns - clk_fpga_0 rise@0.000ns)
  Data Path Delay:        0.256ns  (logic 0.141ns (55.018%)  route 0.115ns (44.982%))
  Logic Levels:           0  
  Clock Path Skew:        0.034ns (DCD - SCD - CPR)
    Destination Clock Delay (DCD):    1.191ns
    Source Clock Delay      (SCD):    0.893ns
    Clock Pessimism Removal (CPR):    0.264ns

    Location             Delay type                Incr(ns)  Path(ns)    Netlist Resource(s)
  -------------------------------------------------------------------    -------------------
                         (clock clk_fpga_0 rise edge)
                                                      0.000     0.000 r  
    PS7_X0Y0             PS7                          0.000     0.000 r  system_i/processing_system7_0/inst/PS7_i/FCLKCLK[0]
                         net (fo=1, routed)           0.310     0.310    system_i/processing_system7_0/inst/FCLK_CLK_unbuffered[0]
    BUFGCTRL_X0Y16       BUFG (Prop_bufg_I_O)         0.026     0.336 r  system_i/processing_system7_0/inst/buffer_fclk_clk_0.FCLK_CLK_0_BUFG/O
                         net (fo=1551, routed)        0.557     0.893    system_i/ps7_0_axi_periph/s00_couplers/auto_pc/inst/gen_axilite.gen_b2s_conv.axilite_b2s/RD.r_channel_0/aclk
    SLICE_X33Y92         FDRE                                         r  system_i/ps7_0_axi_periph/s00_couplers/auto_pc/inst/gen_axilite.gen_b2s_conv.axilite_b2s/RD.r_channel_0/r_arid_r_reg[0]/C
  -------------------------------------------------------------------    -------------------
    SLICE_X33Y92         FDRE (Prop_fdre_C_Q)         0.141     1.034 r  system_i/ps7_0_axi_periph/s00_couplers/auto_pc/inst/gen_axilite.gen_b2s_conv.axilite_b2s/RD.r_channel_0/r_arid_r_reg[0]/Q
                         net (fo=1, routed)           0.115     1.149    system_i/ps7_0_axi_periph/s00_couplers/auto_pc/inst/gen_axilite.gen_b2s_conv.axilite_b2s/RD.r_channel_0/transaction_fifo_0/in[1]
    SLICE_X34Y93         SRLC32E                                      r  system_i/ps7_0_axi_periph/s00_couplers/auto_pc/inst/gen_axilite.gen_b2s_conv.axilite_b2s/RD.r_channel_0/transaction_fifo_0/memory_reg[31][1]_srl32/D
  -------------------------------------------------------------------    -------------------

                         (clock clk_fpga_0 rise edge)
                                                      0.000     0.000 r  
    PS7_X0Y0             PS7                          0.000     0.000 r  system_i/processing_system7_0/inst/PS7_i/FCLKCLK[0]
                         net (fo=1, routed)           0.337     0.337    system_i/processing_system7_0/inst/FCLK_CLK_unbuffered[0]
    BUFGCTRL_X0Y16       BUFG (Prop_bufg_I_O)         0.029     0.366 r  system_i/processing_system7_0/inst/buffer_fclk_clk_0.FCLK_CLK_0_BUFG/O
                         net (fo=1551, routed)        0.825     1.191    system_i/ps7_0_axi_periph/s00_couplers/auto_pc/inst/gen_axilite.gen_b2s_conv.axilite_b2s/RD.r_channel_0/transaction_fifo_0/aclk
    SLICE_X34Y93         SRLC32E                                      r  system_i/ps7_0_axi_periph/s00_couplers/auto_pc/inst/gen_axilite.gen_b2s_conv.axilite_b2s/RD.r_channel_0/transaction_fifo_0/memory_reg[31][1]_srl32/CLK
                         clock pessimism             -0.264     0.927    
    SLICE_X34Y93         SRLC32E (Hold_srlc32e_CLK_D)
                                                      0.109     1.036    system_i/ps7_0_axi_periph/s00_couplers/auto_pc/inst/gen_axilite.gen_b2s_conv.axilite_b2s/RD.r_channel_0/transaction_fifo_0/memory_reg[31][1]_srl32
  -------------------------------------------------------------------
                         required time                         -1.036    
                         arrival time                           1.149    
  -------------------------------------------------------------------
                         slack                                  0.113    

Slack (MET) :             0.118ns  (arrival time - required time)
  Source:                 system_i/rst_ps7_0_50M/U0/EXT_LPF/AUX_LPF[2].asr_lpf_reg[2]/C
                            (rising edge-triggered cell FDRE clocked by clk_fpga_0  {rise@0.000ns fall@10.000ns period=20.000ns})
  Destination:            system_i/rst_ps7_0_50M/U0/EXT_LPF/lpf_asr_reg/D
                            (rising edge-triggered cell FDRE clocked by clk_fpga_0  {rise@0.000ns fall@10.000ns period=20.000ns})
  Path Group:             clk_fpga_0
  Path Type:              Hold (Min at Fast Process Corner)
  Requirement:            0.000ns  (clk_fpga_0 rise@0.000ns - clk_fpga_0 rise@0.000ns)
  Data Path Delay:        0.252ns  (logic 0.186ns (73.721%)  route 0.066ns (26.279%))
  Logic Levels:           1  (LUT5=1)
  Clock Path Skew:        0.013ns (DCD - SCD - CPR)
    Destination Clock Delay (DCD):    1.277ns
    Source Clock Delay      (SCD):    0.976ns
    Clock Pessimism Removal (CPR):    0.288ns

    Location             Delay type                Incr(ns)  Path(ns)    Netlist Resource(s)
  -------------------------------------------------------------------    -------------------
                         (clock clk_fpga_0 rise edge)
                                                      0.000     0.000 r  
    PS7_X0Y0             PS7                          0.000     0.000 r  system_i/processing_system7_0/inst/PS7_i/FCLKCLK[0]
                         net (fo=1, routed)           0.310     0.310    system_i/processing_system7_0/inst/FCLK_CLK_unbuffered[0]
    BUFGCTRL_X0Y16       BUFG (Prop_bufg_I_O)         0.026     0.336 r  system_i/processing_system7_0/inst/buffer_fclk_clk_0.FCLK_CLK_0_BUFG/O
                         net (fo=1551, routed)        0.640     0.976    system_i/rst_ps7_0_50M/U0/EXT_LPF/slowest_sync_clk
    SLICE_X33Y106        FDRE                                         r  system_i/rst_ps7_0_50M/U0/EXT_LPF/AUX_LPF[2].asr_lpf_reg[2]/C
  -------------------------------------------------------------------    -------------------
    SLICE_X33Y106        FDRE (Prop_fdre_C_Q)         0.141     1.117 r  system_i/rst_ps7_0_50M/U0/EXT_LPF/AUX_LPF[2].asr_lpf_reg[2]/Q
                         net (fo=2, routed)           0.066     1.183    system_i/rst_ps7_0_50M/U0/EXT_LPF/ACTIVE_LOW_AUX.ACT_LO_AUX/p_1_in
    SLICE_X32Y106        LUT5 (Prop_lut5_I1_O)        0.045     1.228 r  system_i/rst_ps7_0_50M/U0/EXT_LPF/ACTIVE_LOW_AUX.ACT_LO_AUX/lpf_asr_i_1/O
                         net (fo=1, routed)           0.000     1.228    system_i/rst_ps7_0_50M/U0/EXT_LPF/ACTIVE_LOW_AUX.ACT_LO_AUX_n_0
    SLICE_X32Y106        FDRE                                         r  system_i/rst_ps7_0_50M/U0/EXT_LPF/lpf_asr_reg/D
  -------------------------------------------------------------------    -------------------

                         (clock clk_fpga_0 rise edge)
                                                      0.000     0.000 r  
    PS7_X0Y0             PS7                          0.000     0.000 r  system_i/processing_system7_0/inst/PS7_i/FCLKCLK[0]
                         net (fo=1, routed)           0.337     0.337    system_i/processing_system7_0/inst/FCLK_CLK_unbuffered[0]
    BUFGCTRL_X0Y16       BUFG (Prop_bufg_I_O)         0.029     0.366 r  system_i/processing_system7_0/inst/buffer_fclk_clk_0.FCLK_CLK_0_BUFG/O
                         net (fo=1551, routed)        0.911     1.277    system_i/rst_ps7_0_50M/U0/EXT_LPF/slowest_sync_clk
    SLICE_X32Y106        FDRE                                         r  system_i/rst_ps7_0_50M/U0/EXT_LPF/lpf_asr_reg/C
                         clock pessimism             -0.288     0.989    
    SLICE_X32Y106        FDRE (Hold_fdre_C_D)         0.121     1.110    system_i/rst_ps7_0_50M/U0/EXT_LPF/lpf_asr_reg
  -------------------------------------------------------------------
                         required time                         -1.110    
                         arrival time                           1.228    
  -------------------------------------------------------------------
                         slack                                  0.118    





Pulse Width Checks
--------------------------------------------------------------------------------------
Clock Name:         clk_fpga_0
Waveform(ns):       { 0.000 10.000 }
Period(ns):         20.000
Sources:            { system_i/processing_system7_0/inst/PS7_i/FCLKCLK[0] }

Check Type        Corner  Lib Pin             Reference Pin  Required(ns)  Actual(ns)  Slack(ns)  Location      Pin
Min Period        n/a     RAMB36E1/CLKARDCLK  n/a            2.892         20.000      17.108     RAMB36_X2Y11  system_i/tftlcd_0/inst/tftlcd_v1_0_S00_AXI_inst/MEM_U0/U0/inst_blk_mem_gen/gnbram.gnativebmg.native_blk_mem_gen/valid.cstr/ramloop[32].ram.r/prim_noinit.ram/DEVICE_7SERIES.NO_BMM_INFO.SDP.CASCADED_PRIM36.ram_B/CLKARDCLK
Min Period        n/a     RAMB36E1/CLKARDCLK  n/a            2.892         20.000      17.108     RAMB36_X2Y12  system_i/tftlcd_0/inst/tftlcd_v1_0_S00_AXI_inst/MEM_U0/U0/inst_blk_mem_gen/gnbram.gnativebmg.native_blk_mem_gen/valid.cstr/ramloop[32].ram.r/prim_noinit.ram/DEVICE_7SERIES.NO_BMM_INFO.SDP.CASCADED_PRIM36.ram_T/CLKARDCLK
Min Period        n/a     RAMB36E1/CLKARDCLK  n/a            2.892         20.000      17.108     RAMB36_X3Y0   system_i/tftlcd_0/inst/tftlcd_v1_0_S00_AXI_inst/MEM_U0/U0/inst_blk_mem_gen/gnbram.gnativebmg.native_blk_mem_gen/valid.cstr/ramloop[33].ram.r/prim_noinit.ram/DEVICE_7SERIES.NO_BMM_INFO.SDP.CASCADED_PRIM36.ram_B/CLKARDCLK
Min Period        n/a     RAMB36E1/CLKARDCLK  n/a            2.892         20.000      17.108     RAMB36_X3Y1   system_i/tftlcd_0/inst/tftlcd_v1_0_S00_AXI_inst/MEM_U0/U0/inst_blk_mem_gen/gnbram.gnativebmg.native_blk_mem_gen/valid.cstr/ramloop[33].ram.r/prim_noinit.ram/DEVICE_7SERIES.NO_BMM_INFO.SDP.CASCADED_PRIM36.ram_T/CLKARDCLK
Min Period        n/a     RAMB36E1/CLKARDCLK  n/a            2.892         20.000      17.108     RAMB36_X0Y8   system_i/tftlcd_0/inst/tftlcd_v1_0_S00_AXI_inst/MEM_U0/U0/inst_blk_mem_gen/gnbram.gnativebmg.native_blk_mem_gen/valid.cstr/ramloop[34].ram.r/prim_noinit.ram/DEVICE_7SERIES.NO_BMM_INFO.SDP.CASCADED_PRIM36.ram_B/CLKARDCLK
Min Period        n/a     RAMB36E1/CLKARDCLK  n/a            2.892         20.000      17.108     RAMB36_X0Y9   system_i/tftlcd_0/inst/tftlcd_v1_0_S00_AXI_inst/MEM_U0/U0/inst_blk_mem_gen/gnbram.gnativebmg.native_blk_mem_gen/valid.cstr/ramloop[34].ram.r/prim_noinit.ram/DEVICE_7SERIES.NO_BMM_INFO.SDP.CASCADED_PRIM36.ram_T/CLKARDCLK
Min Period        n/a     RAMB36E1/CLKARDCLK  n/a            2.892         20.000      17.108     RAMB36_X2Y0   system_i/tftlcd_0/inst/tftlcd_v1_0_S00_AXI_inst/MEM_U0/U0/inst_blk_mem_gen/gnbram.gnativebmg.native_blk_mem_gen/valid.cstr/ramloop[35].ram.r/prim_noinit.ram/DEVICE_7SERIES.NO_BMM_INFO.SDP.CASCADED_PRIM36.ram_B/CLKARDCLK
Min Period        n/a     RAMB36E1/CLKARDCLK  n/a            2.892         20.000      17.108     RAMB36_X2Y1   system_i/tftlcd_0/inst/tftlcd_v1_0_S00_AXI_inst/MEM_U0/U0/inst_blk_mem_gen/gnbram.gnativebmg.native_blk_mem_gen/valid.cstr/ramloop[35].ram.r/prim_noinit.ram/DEVICE_7SERIES.NO_BMM_INFO.SDP.CASCADED_PRIM36.ram_T/CLKARDCLK
Min Period        n/a     RAMB36E1/CLKARDCLK  n/a            2.892         20.000      17.108     RAMB36_X3Y10  system_i/tftlcd_0/inst/tftlcd_v1_0_S00_AXI_inst/MEM_U0/U0/inst_blk_mem_gen/gnbram.gnativebmg.native_blk_mem_gen/valid.cstr/ramloop[36].ram.r/prim_noinit.ram/DEVICE_7SERIES.NO_BMM_INFO.SDP.CASCADED_PRIM36.ram_B/CLKARDCLK
Min Period        n/a     RAMB36E1/CLKARDCLK  n/a            2.892         20.000      17.108     RAMB36_X3Y11  system_i/tftlcd_0/inst/tftlcd_v1_0_S00_AXI_inst/MEM_U0/U0/inst_blk_mem_gen/gnbram.gnativebmg.native_blk_mem_gen/valid.cstr/ramloop[36].ram.r/prim_noinit.ram/DEVICE_7SERIES.NO_BMM_INFO.SDP.CASCADED_PRIM36.ram_T/CLKARDCLK
Low Pulse Width   Slow    SRLC32E/CLK         n/a            0.980         10.000      9.020      SLICE_X26Y87  system_i/ps7_0_axi_periph/s00_couplers/auto_pc/inst/gen_axilite.gen_b2s_conv.axilite_b2s/RD.r_channel_0/rd_data_fifo_0/memory_reg[31][11]_srl32/CLK
Low Pulse Width   Slow    SRLC32E/CLK         n/a            0.980         10.000      9.020      SLICE_X26Y87  system_i/ps7_0_axi_periph/s00_couplers/auto_pc/inst/gen_axilite.gen_b2s_conv.axilite_b2s/RD.r_channel_0/rd_data_fifo_0/memory_reg[31][17]_srl32/CLK
Low Pulse Width   Slow    SRLC32E/CLK         n/a            0.980         10.000      9.020      SLICE_X26Y87  system_i/ps7_0_axi_periph/s00_couplers/auto_pc/inst/gen_axilite.gen_b2s_conv.axilite_b2s/RD.r_channel_0/rd_data_fifo_0/memory_reg[31][27]_srl32/CLK
Low Pulse Width   Slow    SRLC32E/CLK         n/a            0.980         10.000      9.020      SLICE_X26Y87  system_i/ps7_0_axi_periph/s00_couplers/auto_pc/inst/gen_axilite.gen_b2s_conv.axilite_b2s/RD.r_channel_0/rd_data_fifo_0/memory_reg[31][8]_srl32/CLK
Low Pulse Width   Slow    SRLC32E/CLK         n/a            0.980         10.000      9.020      SLICE_X30Y80  system_i/ps7_0_axi_periph/s00_couplers/auto_pc/inst/gen_axilite.gen_b2s_conv.axilite_b2s/RD.r_channel_0/rd_data_fifo_0/memory_reg[31][0]_srl32/CLK
Low Pulse Width   Slow    SRLC32E/CLK         n/a            0.980         10.000      9.020      SLICE_X26Y80  system_i/ps7_0_axi_periph/s00_couplers/auto_pc/inst/gen_axilite.gen_b2s_conv.axilite_b2s/RD.r_channel_0/rd_data_fifo_0/memory_reg[31][10]_srl32/CLK
Low Pulse Width   Fast    SRLC32E/CLK         n/a            0.980         10.000      9.020      SLICE_X26Y87  system_i/ps7_0_axi_periph/s00_couplers/auto_pc/inst/gen_axilite.gen_b2s_conv.axilite_b2s/RD.r_channel_0/rd_data_fifo_0/memory_reg[31][11]_srl32/CLK
Low Pulse Width   Slow    SRLC32E/CLK         n/a            0.980         10.000      9.020      SLICE_X30Y80  system_i/ps7_0_axi_periph/s00_couplers/auto_pc/inst/gen_axilite.gen_b2s_conv.axilite_b2s/RD.r_channel_0/rd_data_fifo_0/memory_reg[31][12]_srl32/CLK
Low Pulse Width   Slow    SRLC32E/CLK         n/a            0.980         10.000      9.020      SLICE_X30Y84  system_i/ps7_0_axi_periph/s00_couplers/auto_pc/inst/gen_axilite.gen_b2s_conv.axilite_b2s/RD.r_channel_0/rd_data_fifo_0/memory_reg[31][13]_srl32/CLK
Low Pulse Width   Slow    SRLC32E/CLK         n/a            0.980         10.000      9.020      SLICE_X26Y80  system_i/ps7_0_axi_periph/s00_couplers/auto_pc/inst/gen_axilite.gen_b2s_conv.axilite_b2s/RD.r_channel_0/rd_data_fifo_0/memory_reg[31][14]_srl32/CLK
High Pulse Width  Fast    SRLC32E/CLK         n/a            0.980         10.000      9.020      SLICE_X30Y80  system_i/ps7_0_axi_periph/s00_couplers/auto_pc/inst/gen_axilite.gen_b2s_conv.axilite_b2s/RD.r_channel_0/rd_data_fifo_0/memory_reg[31][0]_srl32/CLK
High Pulse Width  Fast    SRLC32E/CLK         n/a            0.980         10.000      9.020      SLICE_X30Y80  system_i/ps7_0_axi_periph/s00_couplers/auto_pc/inst/gen_axilite.gen_b2s_conv.axilite_b2s/RD.r_channel_0/rd_data_fifo_0/memory_reg[31][12]_srl32/CLK
High Pulse Width  Fast    SRLC32E/CLK         n/a            0.980         10.000      9.020      SLICE_X30Y80  system_i/ps7_0_axi_periph/s00_couplers/auto_pc/inst/gen_axilite.gen_b2s_conv.axilite_b2s/RD.r_channel_0/rd_data_fifo_0/memory_reg[31][18]_srl32/CLK
High Pulse Width  Fast    SRLC32E/CLK         n/a            0.980         10.000      9.020      SLICE_X30Y81  system_i/ps7_0_axi_periph/s00_couplers/auto_pc/inst/gen_axilite.gen_b2s_conv.axilite_b2s/RD.r_channel_0/rd_data_fifo_0/memory_reg[31][21]_srl32/CLK
High Pulse Width  Fast    SRLC32E/CLK         n/a            0.980         10.000      9.020      SLICE_X30Y81  system_i/ps7_0_axi_periph/s00_couplers/auto_pc/inst/gen_axilite.gen_b2s_conv.axilite_b2s/RD.r_channel_0/rd_data_fifo_0/memory_reg[31][22]_srl32/CLK
High Pulse Width  Fast    SRLC32E/CLK         n/a            0.980         10.000      9.020      SLICE_X26Y83  system_i/ps7_0_axi_periph/s00_couplers/auto_pc/inst/gen_axilite.gen_b2s_conv.axilite_b2s/RD.r_channel_0/rd_data_fifo_0/memory_reg[31][26]_srl32/CLK
High Pulse Width  Fast    SRLC32E/CLK         n/a            0.980         10.000      9.020      SLICE_X30Y80  system_i/ps7_0_axi_periph/s00_couplers/auto_pc/inst/gen_axilite.gen_b2s_conv.axilite_b2s/RD.r_channel_0/rd_data_fifo_0/memory_reg[31][2]_srl32/CLK
High Pulse Width  Fast    SRLC32E/CLK         n/a            0.980         10.000      9.020      SLICE_X26Y83  system_i/ps7_0_axi_periph/s00_couplers/auto_pc/inst/gen_axilite.gen_b2s_conv.axilite_b2s/RD.r_channel_0/rd_data_fifo_0/memory_reg[31][30]_srl32/CLK
High Pulse Width  Fast    SRLC32E/CLK         n/a            0.980         10.000      9.020      SLICE_X30Y81  system_i/ps7_0_axi_periph/s00_couplers/auto_pc/inst/gen_axilite.gen_b2s_conv.axilite_b2s/RD.r_channel_0/rd_data_fifo_0/memory_reg[31][32]_srl32/CLK
High Pulse Width  Fast    SRLC32E/CLK         n/a            0.980         10.000      9.020      SLICE_X30Y81  system_i/ps7_0_axi_periph/s00_couplers/auto_pc/inst/gen_axilite.gen_b2s_conv.axilite_b2s/RD.r_channel_0/rd_data_fifo_0/memory_reg[31][4]_srl32/CLK



---------------------------------------------------------------------------------------------------
Path Group:  **async_default**
From Clock:  clk_fpga_0
  To Clock:  clk

Setup :            0  Failing Endpoints,  Worst Slack        6.275ns,  Total Violation        0.000ns
Hold  :            0  Failing Endpoints,  Worst Slack        2.877ns,  Total Violation        0.000ns
---------------------------------------------------------------------------------------------------


Max Delay Paths
--------------------------------------------------------------------------------------
Slack (MET) :             6.275ns  (required time - arrival time)
  Source:                 system_i/rst_ps7_0_50M/U0/ACTIVE_LOW_PR_OUT_DFF[0].FDRE_PER_N/C
                            (rising edge-triggered cell FDRE clocked by clk_fpga_0  {rise@0.000ns fall@10.000ns period=20.000ns})
  Destination:            system_i/tftlcd_0/inst/TFTLCDctrl_U0/g2m_u0/opclk_reg/CLR
                            (recovery check against rising-edge clock clk  {rise@0.000ns fall@20.000ns period=40.000ns})
  Path Group:             **async_default**
  Path Type:              Recovery (Max at Slow Process Corner)
  Requirement:            20.000ns  (clk fall@20.000ns - clk_fpga_0 rise@0.000ns)
  Data Path Delay:        14.830ns  (logic 0.642ns (4.329%)  route 14.188ns (95.671%))
  Logic Levels:           1  (LUT1=1)
  Clock Path Skew:        1.809ns (DCD - SCD + CPR)
    Destination Clock Delay (DCD):    4.947ns = ( 24.947 - 20.000 ) 
    Source Clock Delay      (SCD):    3.138ns
    Clock Pessimism Removal (CPR):    0.000ns
  Clock Uncertainty:      0.302ns  ((TSJ^2 + TIJ^2)^1/2 + DJ) / 2 + PE
    Total System Jitter     (TSJ):    0.071ns
    Total Input Jitter      (TIJ):    0.600ns
    Discrete Jitter          (DJ):    0.000ns
    Phase Error              (PE):    0.000ns
  Clock Domain Crossing:  Inter clock paths are considered valid unless explicitly excluded by timing constraints such as set_clock_groups or set_false_path.

    Location             Delay type                Incr(ns)  Path(ns)    Netlist Resource(s)
  -------------------------------------------------------------------    -------------------
                         (clock clk_fpga_0 rise edge)
                                                      0.000     0.000 r  
    PS7_X0Y0             PS7                          0.000     0.000 r  system_i/processing_system7_0/inst/PS7_i/FCLKCLK[0]
                         net (fo=1, routed)           1.193     1.193    system_i/processing_system7_0/inst/FCLK_CLK_unbuffered[0]
    BUFGCTRL_X0Y16       BUFG (Prop_bufg_I_O)         0.101     1.294 r  system_i/processing_system7_0/inst/buffer_fclk_clk_0.FCLK_CLK_0_BUFG/O
                         net (fo=1551, routed)        1.844     3.138    system_i/rst_ps7_0_50M/U0/slowest_sync_clk
    SLICE_X32Y103        FDRE                                         r  system_i/rst_ps7_0_50M/U0/ACTIVE_LOW_PR_OUT_DFF[0].FDRE_PER_N/C
  -------------------------------------------------------------------    -------------------
    SLICE_X32Y103        FDRE (Prop_fdre_C_Q)         0.518     3.656 r  system_i/rst_ps7_0_50M/U0/ACTIVE_LOW_PR_OUT_DFF[0].FDRE_PER_N/Q
                         net (fo=12, routed)          0.918     4.574    system_i/tftlcd_0/inst/TFTLCDctrl_U0/rgb_u0/s00_axi_aresetn
    SLICE_X35Y97         LUT1 (Prop_lut1_I0_O)        0.124     4.698 f  system_i/tftlcd_0/inst/TFTLCDctrl_U0/rgb_u0/opclk_i_2/O
                         net (fo=5124, routed)       13.270    17.968    system_i/tftlcd_0/inst/TFTLCDctrl_U0/g2m_u0/opclk_reg_1
    SLICE_X53Y48         FDCE                                         f  system_i/tftlcd_0/inst/TFTLCDctrl_U0/g2m_u0/opclk_reg/CLR
  -------------------------------------------------------------------    -------------------

                         (clock clk fall edge)       20.000    20.000 f  
    M19                                               0.000    20.000 f  clk_0 (IN)
                         net (fo=0)                   0.000    20.000    clk_0
    M19                  IBUF (Prop_ibuf_I_O)         1.366    21.366 f  clk_0_IBUF_inst/O
                         net (fo=1, routed)           2.006    23.372    clk_0_IBUF
    BUFGCTRL_X0Y17       BUFG (Prop_bufg_I_O)         0.091    23.463 f  clk_0_IBUF_BUFG_inst/O
                         net (fo=55, routed)          1.483    24.947    system_i/tftlcd_0/inst/TFTLCDctrl_U0/g2m_u0/clk
    SLICE_X53Y48         FDCE                                         r  system_i/tftlcd_0/inst/TFTLCDctrl_U0/g2m_u0/opclk_reg/C  (IS_INVERTED)
                         clock pessimism              0.000    24.947    
                         clock uncertainty           -0.302    24.645    
    SLICE_X53Y48         FDCE (Recov_fdce_C_CLR)     -0.402    24.243    system_i/tftlcd_0/inst/TFTLCDctrl_U0/g2m_u0/opclk_reg
  -------------------------------------------------------------------
                         required time                         24.243    
                         arrival time                         -17.968    
  -------------------------------------------------------------------
                         slack                                  6.275    

Slack (MET) :             11.583ns  (required time - arrival time)
  Source:                 system_i/rst_ps7_0_50M/U0/ACTIVE_LOW_PR_OUT_DFF[0].FDRE_PER_N/C
                            (rising edge-triggered cell FDRE clocked by clk_fpga_0  {rise@0.000ns fall@10.000ns period=20.000ns})
  Destination:            system_i/tftlcd_0/inst/tftlcd_v1_0_S00_AXI_inst/TFTLCDctrl_U0/g2m_u0/opclk_reg/CLR
                            (recovery check against rising-edge clock clk  {rise@0.000ns fall@20.000ns period=40.000ns})
  Path Group:             **async_default**
  Path Type:              Recovery (Max at Slow Process Corner)
  Requirement:            20.000ns  (clk fall@20.000ns - clk_fpga_0 rise@0.000ns)
  Data Path Delay:        9.522ns  (logic 0.642ns (6.742%)  route 8.880ns (93.258%))
  Logic Levels:           1  (LUT1=1)
  Clock Path Skew:        1.809ns (DCD - SCD + CPR)
    Destination Clock Delay (DCD):    4.947ns = ( 24.947 - 20.000 ) 
    Source Clock Delay      (SCD):    3.138ns
    Clock Pessimism Removal (CPR):    0.000ns
  Clock Uncertainty:      0.302ns  ((TSJ^2 + TIJ^2)^1/2 + DJ) / 2 + PE
    Total System Jitter     (TSJ):    0.071ns
    Total Input Jitter      (TIJ):    0.600ns
    Discrete Jitter          (DJ):    0.000ns
    Phase Error              (PE):    0.000ns
  Clock Domain Crossing:  Inter clock paths are considered valid unless explicitly excluded by timing constraints such as set_clock_groups or set_false_path.

    Location             Delay type                Incr(ns)  Path(ns)    Netlist Resource(s)
  -------------------------------------------------------------------    -------------------
                         (clock clk_fpga_0 rise edge)
                                                      0.000     0.000 r  
    PS7_X0Y0             PS7                          0.000     0.000 r  system_i/processing_system7_0/inst/PS7_i/FCLKCLK[0]
                         net (fo=1, routed)           1.193     1.193    system_i/processing_system7_0/inst/FCLK_CLK_unbuffered[0]
    BUFGCTRL_X0Y16       BUFG (Prop_bufg_I_O)         0.101     1.294 r  system_i/processing_system7_0/inst/buffer_fclk_clk_0.FCLK_CLK_0_BUFG/O
                         net (fo=1551, routed)        1.844     3.138    system_i/rst_ps7_0_50M/U0/slowest_sync_clk
    SLICE_X32Y103        FDRE                                         r  system_i/rst_ps7_0_50M/U0/ACTIVE_LOW_PR_OUT_DFF[0].FDRE_PER_N/C
  -------------------------------------------------------------------    -------------------
    SLICE_X32Y103        FDRE (Prop_fdre_C_Q)         0.518     3.656 r  system_i/rst_ps7_0_50M/U0/ACTIVE_LOW_PR_OUT_DFF[0].FDRE_PER_N/Q
                         net (fo=12, routed)          0.918     4.574    system_i/tftlcd_0/inst/TFTLCDctrl_U0/rgb_u0/s00_axi_aresetn
    SLICE_X35Y97         LUT1 (Prop_lut1_I0_O)        0.124     4.698 f  system_i/tftlcd_0/inst/TFTLCDctrl_U0/rgb_u0/opclk_i_2/O
                         net (fo=5124, routed)        7.962    12.660    system_i/tftlcd_0/inst/tftlcd_v1_0_S00_AXI_inst/TFTLCDctrl_U0/g2m_u0/p_0_in__0
    SLICE_X37Y21         FDCE                                         f  system_i/tftlcd_0/inst/tftlcd_v1_0_S00_AXI_inst/TFTLCDctrl_U0/g2m_u0/opclk_reg/CLR
  -------------------------------------------------------------------    -------------------

                         (clock clk fall edge)       20.000    20.000 f  
    M19                                               0.000    20.000 f  clk_0 (IN)
                         net (fo=0)                   0.000    20.000    clk_0
    M19                  IBUF (Prop_ibuf_I_O)         1.366    21.366 f  clk_0_IBUF_inst/O
                         net (fo=1, routed)           2.006    23.372    clk_0_IBUF
    BUFGCTRL_X0Y17       BUFG (Prop_bufg_I_O)         0.091    23.463 f  clk_0_IBUF_BUFG_inst/O
                         net (fo=55, routed)          1.483    24.947    system_i/tftlcd_0/inst/tftlcd_v1_0_S00_AXI_inst/TFTLCDctrl_U0/g2m_u0/clk
    SLICE_X37Y21         FDCE                                         r  system_i/tftlcd_0/inst/tftlcd_v1_0_S00_AXI_inst/TFTLCDctrl_U0/g2m_u0/opclk_reg/C  (IS_INVERTED)
                         clock pessimism              0.000    24.947    
                         clock uncertainty           -0.302    24.645    
    SLICE_X37Y21         FDCE (Recov_fdce_C_CLR)     -0.402    24.243    system_i/tftlcd_0/inst/tftlcd_v1_0_S00_AXI_inst/TFTLCDctrl_U0/g2m_u0/opclk_reg
  -------------------------------------------------------------------
                         required time                         24.243    
                         arrival time                         -12.660    
  -------------------------------------------------------------------
                         slack                                 11.583    





Min Delay Paths
--------------------------------------------------------------------------------------
Slack (MET) :             2.877ns  (arrival time - required time)
  Source:                 system_i/rst_ps7_0_50M/U0/ACTIVE_LOW_PR_OUT_DFF[0].FDRE_PER_N/C
                            (rising edge-triggered cell FDRE clocked by clk_fpga_0  {rise@0.000ns fall@10.000ns period=20.000ns})
  Destination:            system_i/tftlcd_0/inst/tftlcd_v1_0_S00_AXI_inst/TFTLCDctrl_U0/g2m_u0/opclk_reg/CLR
                            (removal check against rising-edge clock clk  {rise@0.000ns fall@20.000ns period=40.000ns})
  Path Group:             **async_default**
  Path Type:              Removal (Min at Fast Process Corner)
  Requirement:            0.000ns  (clk fall@20.000ns - clk_fpga_0 rise@20.000ns)
  Data Path Delay:        4.087ns  (logic 0.209ns (5.114%)  route 3.878ns (94.886%))
  Logic Levels:           1  (LUT1=1)
  Clock Path Skew:        0.993ns (DCD - SCD - CPR)
    Destination Clock Delay (DCD):    1.969ns = ( 21.969 - 20.000 ) 
    Source Clock Delay      (SCD):    0.976ns = ( 20.976 - 20.000 ) 
    Clock Pessimism Removal (CPR):    -0.000ns
  Clock Uncertainty:      0.302ns  ((TSJ^2 + TIJ^2)^1/2 + DJ) / 2 + PE
    Total System Jitter     (TSJ):    0.071ns
    Total Input Jitter      (TIJ):    0.600ns
    Discrete Jitter          (DJ):    0.000ns
    Phase Error              (PE):    0.000ns
  Clock Domain Crossing:  Inter clock paths are considered valid unless explicitly excluded by timing constraints such as set_clock_groups or set_false_path.

    Location             Delay type                Incr(ns)  Path(ns)    Netlist Resource(s)
  -------------------------------------------------------------------    -------------------
                         (clock clk_fpga_0 rise edge)
                                                     20.000    20.000 r  
    PS7_X0Y0             PS7                          0.000    20.000 r  system_i/processing_system7_0/inst/PS7_i/FCLKCLK[0]
                         net (fo=1, routed)           0.310    20.310    system_i/processing_system7_0/inst/FCLK_CLK_unbuffered[0]
    BUFGCTRL_X0Y16       BUFG (Prop_bufg_I_O)         0.026    20.336 r  system_i/processing_system7_0/inst/buffer_fclk_clk_0.FCLK_CLK_0_BUFG/O
                         net (fo=1551, routed)        0.640    20.976    system_i/rst_ps7_0_50M/U0/slowest_sync_clk
    SLICE_X32Y103        FDRE                                         r  system_i/rst_ps7_0_50M/U0/ACTIVE_LOW_PR_OUT_DFF[0].FDRE_PER_N/C
  -------------------------------------------------------------------    -------------------
    SLICE_X32Y103        FDRE (Prop_fdre_C_Q)         0.164    21.140 r  system_i/rst_ps7_0_50M/U0/ACTIVE_LOW_PR_OUT_DFF[0].FDRE_PER_N/Q
                         net (fo=12, routed)          0.361    21.501    system_i/tftlcd_0/inst/TFTLCDctrl_U0/rgb_u0/s00_axi_aresetn
    SLICE_X35Y97         LUT1 (Prop_lut1_I0_O)        0.045    21.546 f  system_i/tftlcd_0/inst/TFTLCDctrl_U0/rgb_u0/opclk_i_2/O
                         net (fo=5124, routed)        3.517    25.063    system_i/tftlcd_0/inst/tftlcd_v1_0_S00_AXI_inst/TFTLCDctrl_U0/g2m_u0/p_0_in__0
    SLICE_X37Y21         FDCE                                         f  system_i/tftlcd_0/inst/tftlcd_v1_0_S00_AXI_inst/TFTLCDctrl_U0/g2m_u0/opclk_reg/CLR
  -------------------------------------------------------------------    -------------------

                         (clock clk fall edge)       20.000    20.000 f  
    M19                                               0.000    20.000 f  clk_0 (IN)
                         net (fo=0)                   0.000    20.000    clk_0
    M19                  IBUF (Prop_ibuf_I_O)         0.392    20.392 f  clk_0_IBUF_inst/O
                         net (fo=1, routed)           0.731    21.123    clk_0_IBUF
    BUFGCTRL_X0Y17       BUFG (Prop_bufg_I_O)         0.029    21.152 f  clk_0_IBUF_BUFG_inst/O
                         net (fo=55, routed)          0.817    21.969    system_i/tftlcd_0/inst/tftlcd_v1_0_S00_AXI_inst/TFTLCDctrl_U0/g2m_u0/clk
    SLICE_X37Y21         FDCE                                         r  system_i/tftlcd_0/inst/tftlcd_v1_0_S00_AXI_inst/TFTLCDctrl_U0/g2m_u0/opclk_reg/C  (IS_INVERTED)
                         clock pessimism              0.000    21.969    
                         clock uncertainty            0.302    22.271    
    SLICE_X37Y21         FDCE (Remov_fdce_C_CLR)     -0.085    22.186    system_i/tftlcd_0/inst/tftlcd_v1_0_S00_AXI_inst/TFTLCDctrl_U0/g2m_u0/opclk_reg
  -------------------------------------------------------------------
                         required time                        -22.186    
                         arrival time                          25.063    
  -------------------------------------------------------------------
                         slack                                  2.877    

Slack (MET) :             5.324ns  (arrival time - required time)
  Source:                 system_i/rst_ps7_0_50M/U0/ACTIVE_LOW_PR_OUT_DFF[0].FDRE_PER_N/C
                            (rising edge-triggered cell FDRE clocked by clk_fpga_0  {rise@0.000ns fall@10.000ns period=20.000ns})
  Destination:            system_i/tftlcd_0/inst/TFTLCDctrl_U0/g2m_u0/opclk_reg/CLR
                            (removal check against rising-edge clock clk  {rise@0.000ns fall@20.000ns period=40.000ns})
  Path Group:             **async_default**
  Path Type:              Removal (Min at Fast Process Corner)
  Requirement:            0.000ns  (clk fall@20.000ns - clk_fpga_0 rise@20.000ns)
  Data Path Delay:        6.543ns  (logic 0.209ns (3.194%)  route 6.334ns (96.806%))
  Logic Levels:           1  (LUT1=1)
  Clock Path Skew:        1.002ns (DCD - SCD - CPR)
    Destination Clock Delay (DCD):    1.978ns = ( 21.978 - 20.000 ) 
    Source Clock Delay      (SCD):    0.976ns = ( 20.976 - 20.000 ) 
    Clock Pessimism Removal (CPR):    -0.000ns
  Clock Uncertainty:      0.302ns  ((TSJ^2 + TIJ^2)^1/2 + DJ) / 2 + PE
    Total System Jitter     (TSJ):    0.071ns
    Total Input Jitter      (TIJ):    0.600ns
    Discrete Jitter          (DJ):    0.000ns
    Phase Error              (PE):    0.000ns
  Clock Domain Crossing:  Inter clock paths are considered valid unless explicitly excluded by timing constraints such as set_clock_groups or set_false_path.

    Location             Delay type                Incr(ns)  Path(ns)    Netlist Resource(s)
  -------------------------------------------------------------------    -------------------
                         (clock clk_fpga_0 rise edge)
                                                     20.000    20.000 r  
    PS7_X0Y0             PS7                          0.000    20.000 r  system_i/processing_system7_0/inst/PS7_i/FCLKCLK[0]
                         net (fo=1, routed)           0.310    20.310    system_i/processing_system7_0/inst/FCLK_CLK_unbuffered[0]
    BUFGCTRL_X0Y16       BUFG (Prop_bufg_I_O)         0.026    20.336 r  system_i/processing_system7_0/inst/buffer_fclk_clk_0.FCLK_CLK_0_BUFG/O
                         net (fo=1551, routed)        0.640    20.976    system_i/rst_ps7_0_50M/U0/slowest_sync_clk
    SLICE_X32Y103        FDRE                                         r  system_i/rst_ps7_0_50M/U0/ACTIVE_LOW_PR_OUT_DFF[0].FDRE_PER_N/C
  -------------------------------------------------------------------    -------------------
    SLICE_X32Y103        FDRE (Prop_fdre_C_Q)         0.164    21.140 r  system_i/rst_ps7_0_50M/U0/ACTIVE_LOW_PR_OUT_DFF[0].FDRE_PER_N/Q
                         net (fo=12, routed)          0.361    21.501    system_i/tftlcd_0/inst/TFTLCDctrl_U0/rgb_u0/s00_axi_aresetn
    SLICE_X35Y97         LUT1 (Prop_lut1_I0_O)        0.045    21.546 f  system_i/tftlcd_0/inst/TFTLCDctrl_U0/rgb_u0/opclk_i_2/O
                         net (fo=5124, routed)        5.973    27.519    system_i/tftlcd_0/inst/TFTLCDctrl_U0/g2m_u0/opclk_reg_1
    SLICE_X53Y48         FDCE                                         f  system_i/tftlcd_0/inst/TFTLCDctrl_U0/g2m_u0/opclk_reg/CLR
  -------------------------------------------------------------------    -------------------

                         (clock clk fall edge)       20.000    20.000 f  
    M19                                               0.000    20.000 f  clk_0 (IN)
                         net (fo=0)                   0.000    20.000    clk_0
    M19                  IBUF (Prop_ibuf_I_O)         0.392    20.392 f  clk_0_IBUF_inst/O
                         net (fo=1, routed)           0.731    21.123    clk_0_IBUF
    BUFGCTRL_X0Y17       BUFG (Prop_bufg_I_O)         0.029    21.152 f  clk_0_IBUF_BUFG_inst/O
                         net (fo=55, routed)          0.826    21.978    system_i/tftlcd_0/inst/TFTLCDctrl_U0/g2m_u0/clk
    SLICE_X53Y48         FDCE                                         r  system_i/tftlcd_0/inst/TFTLCDctrl_U0/g2m_u0/opclk_reg/C  (IS_INVERTED)
                         clock pessimism              0.000    21.978    
                         clock uncertainty            0.302    22.280    
    SLICE_X53Y48         FDCE (Remov_fdce_C_CLR)     -0.085    22.195    system_i/tftlcd_0/inst/TFTLCDctrl_U0/g2m_u0/opclk_reg
  -------------------------------------------------------------------
                         required time                        -22.195    
                         arrival time                          27.519    
  -------------------------------------------------------------------
                         slack                                  5.324    





